source_name,author,title,description,url,keyword,language,published_date,collected_at,year,month,day,weekday,entities,entity_count
GNews,Unknown,india throws monthlong birthday bash for narendra modi  financial times,india throws monthlong birthday bash for narendra modi  financial times,https://news.google.com/rss/articles/CBMihAFBVV95cUxONHBWcUg5aU5VeE5ScEw5RmZDdWNpbGNNeG11eWY4TnF1TUZ0Ul8zRTVkcm9BOEJhX3JBd0Zrb1FkNUlydEE3dUlCQXQ3VHZjYmh5cnRnWVBqVE1SNHdHRkU4Qjg4Yjl3bVZ0Wk1jcnktSGtMeTZzdjViNDZnTEtXbnlOTXY?oc=5&hl=en-US&gl=US&ceid=US:en,"india, throws, month",en,2026-10-03 05:44:55,2026-10-03 05:44:55,2026,10,3,Saturday,"india (GPE), narendra modi  financial times india (PERSON), narendra modi  financial times (PERSON)",3
GNews,Unknown,asian games 2026 india medal tally and winners list  full table  olympicscom,asian games 2026 india medal tally and winners list  full table  olympicscom,https://news.google.com/rss/articles/CBMijwFBVV95cUxOVXlVcmQ3dDlCaEs2VGxzYmJpajRXal95UmhwQmU3cjB4LWh5Z1hSQk5ZTXMyU2RsTjBrSXlxZWFkWE9RNzVLcm0xMXdvVGoxQjNWQ1lXeUU3ank5Vld0OUFydnAxT0VQMFpTcHlxR2VLdlk3cnBFblNyLU1VYkFCMlp5SDFkTjRsb0l1N1ZoRQ?oc=5&hl=en-US&gl=US&ceid=US:en,"asian, games, india",en,2026-10-03 05:44:55,2026-10-03 05:44:55,2026,10,3,Saturday,"asian (NORP), asian (NORP), 2026 (DATE)",3
GNews,Unknown,pakistan vs india gold medal match asian games 2026 live cricket stream live scores ballbyball commentary highlights videos news and more in usa  canada  cricbuzz,pakistan vs india gold medal match asian games 2026 live cricket stream live scores ballbyball commentary highlights videos news and more in usa  canada  cricbuzz,https://news.google.com/rss/articles/CBMinAFBVV95cUxOQ2pVdk5kZkxlWXJoWnR0dkJ4NkZpVmp0RDh6R3NDYXlFZkRRc2dRM1hxa2tPcXVFai1qUEw0WjB1eXoyZ3pJVUUtVUZERVZXNmVKOFZiS1hyTFFDSzVtdjdST05vcVJoSHAyUWcwVVFhVU0xZzRNZm1vczZ4WTROYXp4QTdFSmU3aGN2clV5SHpTcHBWU0lmV1h0VVk?oc=5&hl=en-US&gl=US&ceid=US:en,"live, ball, pakistan",en,2026-10-03 05:44:55,2026-10-03 05:44:55,2026,10,3,Saturday,"pakistan (GPE), india (GPE), asian (NORP), 2026 (DATE), canada (GPE), cricbuzz pakistan vs (ORG), india (GPE), asian (NORP), 2026 (DATE), canada (GPE)",10
GNews,Unknown,indian womens hockey team dethrones china to become asian games champion again after a 44year wait  hockey india,indian womens hockey team dethrones china to become asian games champion again after a 44year wait  hockey india,https://news.google.com/rss/articles/CBMizAFBVV95cUxPZUxaODdOajd2c01kZ0VBRk80N25YRlZ0a0pRbmNwS0pwcUJxZEdiTUFyTmNCb2N1YkloVVE0TFpTZXFDY0x6Smd3SzRTcFQ1VWVfTE5HRllvbXE4TGZnUE02SnRoYXMtcy1yQkdZOE0yZ0hoQjNRVm5HVmxSWW5MSVRSTjhWS3RzN00tNVozd3NVejA2OVNDSjVMMWMyWnpyMjdtWUhXTFdDQk5LUEhTc204akJnaWhybmw0MHR1ODQybng4OU02YXhnMFI?oc=5&hl=en-US&gl=US&ceid=US:en,"hockey, indian, womens",en,2026-10-03 05:44:55,2026-10-03 05:44:55,2026,10,3,Saturday,"indian (NORP), china (GPE), asian (NORP), 44year (CARDINAL), india indian (NORP), china (GPE), asian (NORP), 44year (CARDINAL), india (GPE)",9
GNews,Unknown,india has always been a hard state under gandhian cover nehru to modi leaders have reinforced it  theprint,india has always been a hard state under gandhian cover nehru to modi leaders have reinforced it  theprint,https://news.google.com/rss/articles/CBMihgFBVV95cUxQQXVTU20wc295Z2VuVnNrLU5CQVoxd3BQZHZZV21mOFk5aXBiS1hLLWlLdkMxRGRwNi1WZzJycEFVQnp0VExrY09mOGtjSS1tcVhUQUxCSC1hVEF3MmhsM1M1bEZrSmhCbWV2ZjVkVjdWMGJETHE4NzNrWnRDTnM0bnFNWVpid9IBiwFBVV95cUxOcUMwSWNCOEtramdIZ1Y4WDBMQjFBQ1QwNGZTRkFBdDNaS3M4d3R3LWNOd0RGc0J4bHVhOXhJMTNNVWE3SGxNSWNWLURVczJHTS1KdjNRUmt4Vld1bE5fRkJOcW5VZ1ZHanNpYWZQN1AwMFJjRDhQaENvOUNUWVl5QzU4N2RBQmpWMk9J?oc=5&hl=en-US&gl=US&ceid=US:en,"india, always, been",en,2026-10-03 05:44:55,2026-10-03 05:44:55,2026,10,3,Saturday,"india (GPE), india (GPE)",2
GNews,Unknown,best buys global capability center in india to transition to tcs  tata consultancy services,best buys global capability center in india to transition to tcs  tata consultancy services,https://news.google.com/rss/articles/CBMirgFBVV95cUxQUDFheXBmM2NpaXpIY1lsemtlNGlZbVAxSVRzRV9Ic0ZmanJYTzlRSHNmSlRCMkxrTUhZTk5sU2NoejFuUVljTVdwVGhrM0ExRWlZbFN5clhPUTVMX25FRUNiczB1NHg3ZVUtZHRSRnd1ckNxMFJmdTMyUE1IVkhTRk5DM2daLUdEc1hmVlMzM0JEXzQyZlZxT1gtblVPeU5Gb1ZvMXgyd1lQdUJpQlE?oc=5&hl=en-US&gl=US&ceid=US:en,"best, buys, global",en,2026-10-03 05:44:55,2026-10-03 05:44:55,2026,10,3,Saturday,"india (GPE), india (GPE)",2
GNews,Unknown,turkey deports drug kingpin navpreet singh centre hails major crackdown  india today  india today,turkey deports drug kingpin navpreet singh centre hails major crackdown  india today  india today,https://news.google.com/rss/articles/CBMizgFBVV95cUxQeTVSXzZqd1hyOHZEY1o3alRZbC1KYWRoczF4aEh3cURFalh2MkZmVExKQTVkQloxWUNvRzZYSWwyUE1mNHdxOWVOZXFGUkUtVWpFLWphczgwM25WU0w0SkpPVDJRU2YwMzJwTkNfb2ktdThORm9IbXBrcGd5dHlhTXFGREMtc3NlNHdSSnJWNm9Ca293eVFfYVFET01seFMyV3gwOFQyaU02UWNVdE1sanMxcEJmZ2hhMldMel9YMzRxeFU5b25oY3RKeVJrQdIB0wFBVV95cUxOZ19yYWJ3T2s0a0RrSnV6Qk1WSlNoVWFBalRVdnl2MGtMWVpjLVZIVmktMGIxcm05Vk1Eby1oei1GQzBLUEpzcFU2dGtLakxhb205LWVoMHhuNWVCbHozRm5adDFFY091SkJqRHhwaDVidEZ4eWhDaDFfVjBCNW9qaHU5YVFXQjhaUmhEWl94SDNlaDBKaWdTNTdGaFAyeDZqUUxJQlVRNG54RlZmQVA4bG1SSGVqM2pib2lnX2NidlRtdENZWjI3eHcyZE5BejZmMU5v?oc=5&hl=en-US&gl=US&ceid=US:en,"india, today, turkey",en,2026-10-03 05:44:55,2026-10-03 05:44:55,2026,10,3,Saturday,"turkey deports drug (ORG), singh (GPE), india (GPE), today (DATE), india (GPE), today (DATE), singh (GPE), india (GPE), today (DATE), india (GPE), today (DATE)",11
GNews,Unknown,narco kingpin navpreet singh deported from trkiye to india  the times of india,narco kingpin navpreet singh deported from trkiye to india  the times of india,https://news.google.com/rss/articles/CBMixAFBVV95cUxPV1NSa0owWTNVS3Y1aFFrZndBQnpmM2tsZEdxZkMxMEk4RmdIWFpMaTVlbWVuRzhaNXpnVElHd2lZUHlWdFMtOEk5T3owZWlPQV80MVJVRjZVX2wzVlZIRHBhTy1PdVFrTldTM0ZYOUJVa2t6Y2dWdnpzSU5nTGNoSm92RG1mTjZCa185VFkycHFoNU83aktGRk1XYU5XLS1TTFZIbHZwRHptUkxWTkZLRWtsel9nbEduZkVhM3c1eWhDblp40gHKAUFVX3lxTE1sMDM5bEYyME5FdFJZT3lRdzFqRmFvR0pGMk9OTGJ1TFZhQ3paQXhNSGNpLVlhRzNLLW05X3U5OFluM1d2cEd3Wm1RWk5wclhYSDNWMTVBQ1RXYWZYWGlXX3kzeFQ5SXhYZlVUeXFOSDhmQ1pWRm1zT2F6cUQ5WmRPZnBlYmJrWDBUXzRtNTV6RHctMzU4TkhSc2t2TlM1c2V1NkhGaENfMVRsRDFDQTdwc0pqWS1fZkhWRWFvZXl0ZDVjUGpVakg1clE?oc=5&hl=en-US&gl=US&ceid=US:en,"india, narco, kingpin",en,2026-10-03 05:44:55,2026-10-03 05:44:55,2026,10,3,Saturday,"narco (ORG), singh (GPE), india (GPE), india narco (ORG), singh (GPE), india (GPE), india (GPE)",7
GNews,Unknown,india secures narcotrafficking kingpin navpreet singhs deportation from turkey  india news  hindustantimescom,india secures narcotrafficking kingpin navpreet singhs deportation from turkey  india news  hindustantimescom,https://news.google.com/rss/articles/CBMi_gFBVV95cUxNTlNGUTVncTBodlA1NnZfSnE3VVNZUnVrRXpDUzNUalBPQVdXa2JSaU1QR3FnR0MzVnltRmpJRXNjNnd3NVgxRGFQNm1EbVJhVVl1ZFRmTURTdjc0T3pzWmYtdGkzaU83aTBwbm5wOUNIZUZUT1JqQmFSN3VOY3NhemtNaWRYRmhyTzc1Y2hvQk4yWkh3VWV3a2l0S2xtdTdQY1dWd0lZMmJROWpGU29id0UwN2dMRzVsLXVsTWlTeTdNS1BvNUNPUXdNZFNvS21yTFpQOC00Uzh6NHlqWDRvVjRpYW4zZWxITWRFMVVwTVd4N2VfNHhCNmx6Smx4d9IBgwJBVV95cUxNRXFlRW4xeUtZZWhRZGh6X0k4NmljcURqVjBRY3JDZldXdUM2TjAtX3BoMmhQWExRVi11b1hrRGJqQjYwWEgxbk9EU0dpNWJONzJINHozTkVXTVA2U2N5X1otcGZfeDZBOW9tZkIyc05FdnpQb0NZVDRSd040VGxiaGI3ajVtb3lmLWxtcVoyNjg1VTJNS1NUM25TMDJVUVNjSzJmYWVuR2JVbHdxQ2sxMU1SWlhzSVNSRDVkZTI1Mnp5T2RONnQyM3BLMGFGQ2hZVk9ibW1IMHV3dFB4R1Ywai1CQzFhS3FCajNJTTBncUR1TjVSWXlxUXlZMmotNHU2dnNV?oc=5&hl=en-US&gl=US&ceid=US:en,"india, secures, narco",en,2026-10-03 05:44:55,2026-10-03 05:44:55,2026,10,3,Saturday,"india (GPE), turkey (GPE), india news  hindustantimescom india (ORG), turkey (GPE), india news   (ORG)",5
GNews,Unknown,shubman gill hits double hundred as india beat west indies in odi runfest  bbccom,shubman gill hits double hundred as india beat west indies in odi runfest  bbccom,https://news.google.com/rss/articles/CBMiZ0FVX3lxTFBxSVdOdlJNYWpnSktBcmVVNGV6Y2JfSFZXSDNQcFNwLWpsa050ck1UM3FQV2MyVkZlWkxTZ3JBdS1jU0NOeUZoRENnWkkyV1NYWENqV05FUTFJZVdhTGhDRGh2VGVKSTQ?oc=5&hl=en-US&gl=US&ceid=US:en,"shubman, gill, hits",en,2026-10-03 05:44:55,2026-10-03 05:44:55,2026,10,3,Saturday,"hundred (CARDINAL), india (GPE), hundred (CARDINAL), india (GPE)",4
GNews,Unknown,can west indies quell indias batting might in new chandigarhs odi debut  cricinfo,can west indies quell indias batting might in new chandigarhs odi debut  cricinfo,https://news.google.com/rss/articles/CBMiuwFBVV95cUxNemFkMHEyODhRenhqUEtLOG9sdm9OcTFSYnVaRjdxb1F3TUZheGxId2xRTDVMZlpzUW9MTU9sOXJEN2JNVjRtQjVkeE9QcmJla0Vzdk1yZExNWWJ0X29YQThoX2RXRk0wd1ZkYXNlOWVSaGdUNTE1NW1SUTlvNUJFVEpLMXBoV3lMeDVCd3lUV3ItcVo4S0pnVHo3ZVFJbi02T3lydDJ0d1U2aTJpWnpDMlJIclhldEowcnE0?oc=5&hl=en-US&gl=US&ceid=US:en,"west, indies, quell",en,2026-10-03 05:44:55,2026-10-03 05:44:55,2026,10,3,Saturday,west indies quell (ORG),1
GNews,Unknown,india eye experimentation west indies eye reprieve in mullanpurs first mens odi  cricbuzz,india eye experimentation west indies eye reprieve in mullanpurs first mens odi  cricbuzz,https://news.google.com/rss/articles/CBMivwFBVV95cUxQdXpQMDlmdjNZRURmVWI2SDhwRkJlRW8xdDFXaUtCcFNzZzZUZmp6VEtKOUQxOWNnZVNndDdxS19DNXZOTVFvSVpjblNfNjNCOG10RmpEcEFXRWdFQXhDOHdaYWQ4YXBHaGdWT3BSN2VQX05KX0x3bmpIMVgxLTVicDhDQVhPc2NTRV95bzUzYzRGSjVPaUJ1VlJQUkpfU0FJcXNLLXBRb01fcmpaYVB0a0J2YkNhSHM4NzcyQnF1Yw?oc=5&hl=en-US&gl=US&ceid=US:en,"india, experimentation, west",en,2026-10-03 05:44:55,2026-10-03 05:44:55,2026,10,3,Saturday,"india (GPE), first (ORDINAL), india (GPE), first (ORDINAL)",4
GNews,Unknown,cockroaches to march to delhi on october 10 if gyanesh kumar doesnt resign cjps abhijeet dipke annou  the times of india,cockroaches to march to delhi on october 10 if gyanesh kumar doesnt resign cjps abhijeet dipke annou  the times of india,https://news.google.com/rss/articles/CBMirAJBVV95cUxNQlJBZUlSWjJPV3pJM19HZDctZWNxOU1lOUpleVV6YTB3Q0ZvTU5ES0VnZWZSMnZmLTNGRDQtSUlQaU1Eamg3WHBQdVA0MWxUY1dlR2FSalgxbkZYSXhxa1ZXNkZuMTlKc0NXUzh0dG9iODFSb2RiLS1DTmoyRTFDQm5GOHF3dXFCRlhKWURxbXVBTlR0eFkwVkV3WU44WW0yQ3dSbzBTNXNkc2diaWUtWlhJd0ttdFBaVXZfMVVIQXl2S3pDTmxGMEpVbW12V004bmNrRVotdGJnbzdXb0hzR3c3Mkg1WVhWT3BHend0Rk1ZUFpWTjl0N3JKOGJmQlN2dHEtd0Ewc2ZPdVYxVDJmMVdvUURXR3BxbnRISlpidTUxbnZkZlVkUXFRR03SAbICQVVfeXFMT0JodzkydFZQZVFObngzTUlIcElqR2FiRVpEeDRJWWpsRTFiTW5vSm9laV8yUVdOTDdzWFVyTldMLUNlQk05UGhOUmVoWk56MzZMX05pOEstY2xVX3JKUk5LMHFoYmpVa3ZPZXExQ0ZibjhEak5qbjE4SlNqekprYjQ0TERDQ3ZlT1VhTkp4WENSZG1aZnZCZzJmb1oyMG5JUzhLUnlKU0JCaGh6cU85LTdmeFZXUVoxVjNPaTZGbUc0czQxVGJyV2Z4MnZ3U09IQWtwd0VDay1QR3lYcnFacXV5N2h3cGViR245bDAwbzR1NmVPYnFSSVg4VkE1ellqYXhGZDY4S25DdlR2VW02eW5qMG5LM2NXSUpGWU1ZVnd5dUkxREIxYkw3ZGFvRF9nWmR3?oc=5&hl=en-US&gl=US&ceid=US:en,"cockroaches, march, delhi",en,2026-10-03 05:44:55,2026-10-03 05:44:55,2026,10,3,Saturday,"october 10 (DATE), india (GPE), october 10 (DATE), india (GPE)",4
GNews,Unknown,can indias cockroach movement oust modis election chief  al jazeera,can indias cockroach movement oust modis election chief  al jazeera,https://news.google.com/rss/articles/CBMiogFBVV95cUxQVmxMRkR2REV5SFBqNjdkWmpKRUNxTk9qMFlDekxxMWllQ01JMGIwN3hIQ21DdnZ3T3RZdTB1d1N1OUE2cTNhYjdzRVBuWFc2VmlUN19tWnV6WFlDdDNPRjRGNmU2Tkd6aE5yODRJS0Y4bFJDR0lYSW12WTFwVlBaS3VNWHMtRWR6akYxc2d0TFJMRnVqdzg0OWdfMVBCMnRvOGfSAacBQVVfeXFMUGc5dVhNc3lDR3dmQUtHNUVMRTdjWUxVYVE2cUpXdWxrNEpWWml2dGF3eHNDRnZvMjdueVFvTk9kbnNmTXNiNTNKQXQ4WXRqNG8wTFRaRlhPZzlOcmFuNTRoM1VpblFSR1o2R0Q2aWlwaU1TOV9rV2xRN2VXM2t6anFUOEt3aWpaRHJ4dkQzbHRXUWw4VlU5YkVrUmRCd1lsdEVxTU9zTEk?oc=5&hl=en-US&gl=US&ceid=US:en,"indias, cockroach, movement",en,2026-10-03 05:44:55,2026-10-03 05:44:55,2026,10,3,Saturday,"al jazeera (ORG), al jazeera (ORG)",2
GNews,Unknown,indias cockroach movement launches new protests over changes to voter roll  the guardian,indias cockroach movement launches new protests over changes to voter roll  the guardian,https://news.google.com/rss/articles/CBMiqAFBVV95cUxOck1xSU5vMGJCWVdEMHZMM21vZ3dmZVBFV1lHcjJkUVJnMlZKczBBWU5zRDRWa0NpU01qRHk4NFlibkJuVnJWNU5pOTdxU0R3bEVZRzVnNFVyVUhYSlhqMHEwYXl2eTlSMmJLaFBxc3VNNEZsWVUydXVWdWJEWV8yeXRaaExzOWlYcW9oS3QzTjgzejBLSjZmVHFNWG1ya1U3YUpWcmhZYUw?oc=5&hl=en-US&gl=US&ceid=US:en,"indias, cockroach, movement",en,2026-10-03 05:44:55,2026-10-03 05:44:55,2026,10,3,Saturday,,0
GNews,Unknown,asian games 2026 live updates day 15 archer kumkum golfer pranavi bag gold wrestler antim enters final  the indian express,asian games 2026 live updates day 15 archer kumkum golfer pranavi bag gold wrestler antim enters final  the indian express,https://news.google.com/rss/articles/CBMiygFBVV95cUxOWHVocU5xTmgzMWRjQUZqQW5veWhvdUc4cTQ3UDRpM1ZfeWtWUE81NXdHd0Y4blloZWsxNWZDVGNBT01uZ2dNUXdhdkVyeEJuSXZuM0lqQXQ3bExvR0VyTjBweVkxTVd3SEZSOTh3LWZDQkd3b0RnbktibGFoSjlnMDJkZUhvQkJOemxJYVl6VW84djQ1bFJFeVRrUjVoN0tHbXM0ZjhGWk9PUWc3SG5jYnJ0RHFsM2FDc1EzNVc1MjNWcm00Qnc0U3ZB0gHQAUFVX3lxTE9BOW42VFJpR1h3Uk91Y0FVc1c4V0JBdnpGS3ZQbUc0eU0wX05JcDRydndQMWlmNGVqV0I5VExoQ1JncDYybGNyTy00bVBCTnhpYWhDOU9pbFRkVHE0UTZOcGlvajRmSGN4ZHRyTGRESlc2aEQ4XzNKaC14TjRwa0l0TFh3N1o3TzBnNGdwRVhlUnIzeVp1TmpmSmZTZWlWdnhNbHlzYUhjcDhKbmJubTVKM1AwWURNLW9RMER1RzFkZVhUQkp0Ylh1NHBmQ1RiMUs?oc=5&hl=en-US&gl=US&ceid=US:en,"asian, games, live",en,2026-10-03 05:44:55,2026-10-03 05:44:55,2026,10,3,Saturday,"asian (NORP), 2026 (DATE), 15 (CARDINAL), archer kumkum (PERSON), indian (NORP), asian (NORP), 2026 (DATE), 15 (CARDINAL), archer kumkum (PERSON), indian (NORP)",10
GNews,Unknown,asian games 2026 day 13 highlights india win first womens hockey gold since 1982 medal haul reaches 76  the times of india,asian games 2026 day 13 highlights india win first womens hockey gold since 1982 medal haul reaches 76  the times of india,https://news.google.com/rss/articles/CBMi-gFBVV95cUxPZUtmd0ZFLTllTW5Zc2JlbjVyamNLemdoVVBjU194SEUyZ2RQeFJaZGlNWXpCS3VxZXM3d0Q3TXZIUVlRcG9TZ0ExNGdIdmNYQ3JxRlFyZHdaQUx6R0tuX3Z5cG11UUFVblJOaHo0ZUR6QlJNcm5UenNWdjlaUU1Sc1UwSDZ2SFZ3UFYxY095bDM2WGIwRjU0MXdxeHFkeWtBT01PR2pCdWo0b0taQk5iUlJKbWM1a0hDc0Q1NmhaRTFMMTlqRDR2LWtZOUFQMGdfa3V0amdnZERDbDUwYTlGbEhSdHRFTHRpeVZrSFV4OWxHdHdsdkE3eC1R?oc=5&hl=en-US&gl=US&ceid=US:en,"india, asian, games",en,2026-10-03 05:44:55,2026-10-03 05:44:55,2026,10,3,Saturday,"asian (NORP), 2026 (DATE), 13 (CARDINAL), first (ORDINAL), 1982 (DATE), 76 (CARDINAL), 2026 (DATE), 13 (CARDINAL), first (ORDINAL), 1982 (DATE), 76 (CARDINAL), india (GPE)",12
GNews,Unknown,india at asian games 2026 full schedule of medal events and fixtures on october 3 saturday  espnin,india at asian games 2026 full schedule of medal events and fixtures on october 3 saturday  espnin,https://news.google.com/rss/articles/CBMi0AFBVV95cUxPMGVHaEdwTWRnUEpoVmpaaktLY21TNDB1OVFfemQ0TGVlNE44TXBibVQwWWIyTFJVRkliQ0I0UnN3aXBiUEQyaFZDTVpFM2dDZUhlUGZ2NkdEajJITGZXZVV5N1dsQWZFYl9ZcnVTbUFFRGJETGxScHZVdzVrQW9RbHdydzkyeXVkVGJ5dE5MV3BiOVJXTVZlSVRXYzI3cm5KdWhkZGlvWmdFRURnVS1vMy1ZMFJnTzdmbTN3cjVCMmw1MHVZb1lHT1FQdjhNMTJf?oc=5&hl=en-US&gl=US&ceid=US:en,"india, asian, games",en,2026-10-03 05:44:55,2026-10-03 05:44:55,2026,10,3,Saturday,"india (GPE), asian (NORP), 2026 (DATE), october 3 saturday (DATE), india (GPE), asian (NORP), 2026 (DATE), october 3 saturday (DATE)",8
GNews,Unknown,from badals to captain how pargat singhs dissent may have scored it for him  ndtv,from badals to captain how pargat singhs dissent may have scored it for him  ndtv,https://news.google.com/rss/articles/CBMi2AFBVV95cUxQRVl0RGFmcjVieFBuVi12eWVmRExGMlVXbDlDdVVXRHRnQlotVkpoaHZPT19wVEc2ekhXdGItbzF4QXg2NEU0Q3ExdkQzQkJuQTJFWkFJZExmcG1BVTE5VGJmQ2RaY0NLbW5VZEJPQVdmNUNQMjMxbDdWZXY0a0xvanRiT0F4TjRCR0ZSdVlzM0ZscVhsb0pPcUE3MHdwbWMxeldwWS1Cb2JIaEJOdkp5eldjNDV2WFZMSTZRdjVHaFpaTGpBMUdjMTd2ZnNad2I1d01EYmp4aTjSAeABQVVfeXFMTzZrdk1lWG13LUFLQ1NnaXdBSmdzbDVvVWVKT3otYVAwdFJvZVZwMkRjdG5uMUZLajJoNjJEOUtyaEpvUjNFUU9oaHR3dFhoZTlFSk54a0VDVnFqQnAtTmpxXzBSUDlfcERaWF9za05tanRIN1A4and6NmFJVFJrM3BmZ2dzOHcyODdkTGZobVA2aTUxOG1NZ2x2SjI0SjBvdVQ4SjVqVExuWlRMOTVEZkp4TVZXUWhvc0lDeWxiQkhiaExyVE02dXdtRUFLTFlOOGxieUxBQUQyZ1Z2VDR6NzA?oc=5&hl=en-US&gl=US&ceid=US:en,"badals, captain, pargat",en,2026-10-03 05:44:55,2026-10-03 05:44:55,2026,10,3,Saturday,,0
GNews,Unknown,india vs pakistan live score asian games cricket final india win toss opt to bat first against pakistan in gold medal clash  the times of india,india vs pakistan live score asian games cricket final india win toss opt to bat first against pakistan in gold medal clash  the times of india,https://news.google.com/rss/articles/CBMijgJBVV95cUxQbGJmVFJEY1dhUDdYX25CbEVBOFdFOTVtV2J5T3IzQjZQM1I3ZHQ4SFY1NlVRaklTdlJPMUl3WEpCR05vbnVZYkNwVllUWXltV2I0Q29IdS1uUlJ0a09nREdIcnJwamxsd3NJUWQ2MXNkcWNZQ3dnZHZmY3lHaHFUR21iZDFubk5uWmFpMTNYMmFIbjdtSzJteTc2YXM5bHNuYXFydy1YbXFiLW1meGNWcFZxdzZQQnRmTWtpUVFLQndES2RZSmNpVGlzb2lGSVZpZUp1RGlGenVMQ1BCaGN5amIxdng2aE9pbm16RVk4UzVfMFNkcWd2Zks5allncFEwYlpXNVpzdXBrclZXUnfSAZMCQVVfeXFMTTR3M0MxMmlvb1BQZy1zU09PcmQzRzZNNkJzaTZjc1ZTNGtZLVdjXzFidm81YXN0aFYwUlQ1VTZpYWU3RktfTDlqU3p6TURYZGFVSkRKY3BHZ2oxVFhIMGQ4a3lsRnc4VjVqOE1PYWU0Vzhic1BVTTFTNVl3RFV0WURXNTFRSHgzeXZrSnhRMXpzLVk5SzNVQkdfODFycnBoV1Z0SmpBVGw4YVlzZk9XMjBsaUQzX3FsZERfekI3Yk9qQVhVQXluQXpYRE11U2FfS0ZVNF9CQ1hfdTlvLWQ2TGhZemxiWHBPTUxjSkltT1lmZHZlY0UxNXVhVk9ta1RQMUluYWQ3dFI3NVgyc3dob0tUVkU?oc=5&hl=en-US&gl=US&ceid=US:en,"india, pakistan, live",en,2026-10-03 05:44:55,2026-10-03 05:44:55,2026,10,3,Saturday,"india (GPE), pakistan (GPE), asian (NORP), india (GPE), first (ORDINAL), pakistan (GPE), india (GPE), india (GPE), pakistan (GPE), asian (NORP), india (GPE), first (ORDINAL), pakistan (GPE), india (GPE)",14
GNews,Unknown,want to stream india vs pakistan these are the apps and channels youll need for the asian games final  business insider,want to stream india vs pakistan these are the apps and channels youll need for the asian games final  business insider,https://news.google.com/rss/articles/CBMipwFBVV95cUxPTEpVQXdDQXhJUGQzN0cxMVJlbU5ZWHJDeXNINjRzYjFiTkNsdFBoZGxEclpfV0tySHVxWEZaYjBFd3BJRlJoVWlrWlRJZmt6dmpDeXZHUE9aU04tMkZjUmVrUjRqYXI5RWJKc3diM0VhZmpPVktvYzFuX2F6XzgwdnFhQmMwY0JtV1I2NzA5TzV1b1hval9BUGUwbUJIY3Yxc29DMGdwRQ?oc=5&hl=en-US&gl=US&ceid=US:en,"want, stream, india",en,2026-10-03 05:44:55,2026-10-03 05:44:55,2026,10,3,Saturday,"india (GPE), pakistan (GPE), asian (NORP), india (GPE), pakistan (GPE), asian (NORP)",6
GNews,Unknown,india vs pakistan live asian games cricket final  al jazeera,india vs pakistan live asian games cricket final  al jazeera,https://news.google.com/rss/articles/CBMiogFBVV95cUxQWl9MQXM3VGtLUEFycW9sOGRwdlV4amxrVzluNjZkMjFfUy1OQTJYSlRNVy1udGJMVHZhTjk0Z0o4MkFselk0UnBDaDVSS0VIUXA0MWMxOVpkakVadENDbUFGd0tJd3d3TlFQYXBBVUdaUHBNM3oyY3FwR3V5VlhTaDdHbkhWaDQ4UlZEcFVKX2hFWFJwcC1MSkJjRkhLSDVFRXfSAacBQVVfeXFMTzBWZ3gyM0dsaDFjRjZoQW9uekVOSXJqR0FPVl9ZUW5MVFVYYTFncEZyOGRHYnJZNzFfaE9jVnp6RkFvdXBmbjRjS2xJNkE2SFI2MTFnS2lxTC1PTjJ0bWtjWGNRSndfMGNXbVp4c28yemR6SlpLcTFOb3RuNVpFZk5ubEdIdUVTaUt0MEhoR1RmRlNrcVFrbU1CNDBRVF9BNWpIdGEwM2M?oc=5&hl=en-US&gl=US&ceid=US:en,"india, pakistan, live",en,2026-10-03 05:44:55,2026-10-03 05:44:55,2026,10,3,Saturday,"india (GPE), pakistan (GPE), asian (NORP), al jazeera (ORG), india (GPE), pakistan (GPE), asian (NORP), al jazeera (ORG)",8
GNews,Unknown,good foundation on indias strong industrial growth performance  the hindu,good foundation on indias strong industrial growth performance  the hindu,https://news.google.com/rss/articles/CBMiwwFBVV95cUxQTkhPV1FkUGhZdDFBYWZrblZrMzdqaTZycGlRMVFGU1pfVGswRlM0bHdHeENwNFlhZFVoYldKdWprMkUtUzRlR01ZUlJKd0pwUy1YcFpBN01DRld1SWFYVkJOUmJPZUdUYW8wNWFHQWpCM29iekZXQzEyNzhNaVlEdUxVYVNuUmdfb3FQN2FJemppZlRXNGRzM0gxcGgyQUVqVTFoQ29XM3lfUlNZV2tUTk5PTGdBS1p6X3dYOGhqMlFqUGvSAcoBQVVfeXFMT2xzRWRZSWJxR2lGQjR6TE82VnBWcHA3aFlFQTNmVjRvcHNxTFZzRUp1SG1wQ0dJaG1DeTItM256R0p6cHIzbHd5a0FVOU81RUJUUjhMbVB5RXFmTE9YQ2V6dGZFcEZTUnNfbF9SS0k2aHJOdFBYOFBJd2FnU29TTVRScGJMamtLSnFtTFlkUlhteTZkVmwzNXROSWNiVHpjU3BmcHV3ak02Zmd4NGFlaEMwR1VwSHFhaUNQUWZ3VzY1NzlfOHgtOFdSZw?oc=5&hl=en-US&gl=US&ceid=US:en,"good, foundation, indias",en,2026-10-03 05:44:55,2026-10-03 05:44:55,2026,10,3,Saturday,,0
GNews,Unknown,trouble in auroville indias city of dawn  financial times,trouble in auroville indias city of dawn  financial times,https://news.google.com/rss/articles/CBMihAFBVV95cUxNa2lwSUxQSkQ0Rlo2WXpSRDZvNU9mTG5uYW1lUmlOczQyNEtwLU83MHhRZ0lEUTE0R1JqMXRwNVFRZkpjVERsMHhOUG9TUWtsNzYtbXNtVVI2bk9MNzJRc3NBOTY0UWtqcDJwNlM1Z0RGR0g5NUNIWDlXalBwZDYwNEp4cnA?oc=5&hl=en-US&gl=US&ceid=US:en,"trouble, auroville, indias",en,2026-10-03 05:44:55,2026-10-03 05:44:55,2026,10,3,Saturday,"auroville (GPE), auroville (GPE)",2
GNews,Unknown,india calls for wto compliant measures to address trade distortions dumping  predatory pricing  news on air,india calls for wto compliant measures to address trade distortions dumping  predatory pricing  news on air,https://news.google.com/rss/articles/CBMiywFBVV95cUxPUl9USWs3RG1WRHV1LXY4VFZkd053Y3JGSWtsblk0aFM0azNvcmRrZmVSUmtMUUgtTW5PemM4TjNYcjhYOHZiQ09LXzViakZLM2dHU25FMzdWQkhycVExYXZSWnRGM3JvdW1zeWN0dnNPaFNFa09YdmRrbTFYQnNiQnNjU2dZMVdxaGxid3g2RXFCdzg4TGNQZmJVWjlPZl9xYzlkUkhxMVoydkgzdjVnV3B2dmN3aDBDNldFLUk3ZlQ3Y0pEaTZ5ekFuYw?oc=5&hl=en-US&gl=US&ceid=US:en,"india, calls, compliant",en,2026-10-03 05:44:55,2026-10-03 05:44:55,2026,10,3,Saturday,india (GPE),1
GNews,Unknown,indian authorities clamp down as cockroach movement launches new protests  al jazeera,indian authorities clamp down as cockroach movement launches new protests  al jazeera,https://news.google.com/rss/articles/CBMitAFBVV95cUxNODk0TEdEa3p4WjB5UXoySkdoN3JOSXIxeE1VSnFjeVNaYVh6ekVZV212R2tjT3ZSRVV5bE0xcXcxZ2Q1WWMtVUFsOFFUMWVmR2xVaXpTakptclhzWjRQRGJOQTh2VlJZYmE3RXFaSk5kZkVfRTZjVHhTcWZ5d0M0N0FJaTBxSF9BdlFERmpPSkJ1ZGdXempYZm9UQTF6WXBIejgwenNSOF95TTYybGd2amJzSmbSAboBQVVfeXFMT3lMSWVDSUFSMGY3QlZwT2lzeG9hVFJ5NjE0QzZVTk4xaThQZTZheEFxbVZIZVRYcFo3MGtwUnpZUzNWXzQ5a0s2LXdkT1RnX0xiV0psTVpQUXlyazdROUhSeGV1MlBxaFZqalJBc09ISGluV2dvbmtPMVJwM1JaanhhVHJYOEpXWnpIczBFd2ZydzduVnFsQ2hWZXRKY09XWmxyMGcta0RKdmZZM3ZoeTVuYlR4WGN3by1B?oc=5&hl=en-US&gl=US&ceid=US:en,"indian, authorities, clamp",en,2026-10-03 05:44:55,2026-10-03 05:44:55,2026,10,3,Saturday,"indian (NORP), al jazeera indian (ORG), al jazeera (ORG)",3
GNews,Unknown,for the final time at asian games 2026 heres indias schedule for october 3   mens hockey final  mens cricket final  archery  wrestling medal events  potential gold in golf  facebookcom,for the final time at asian games 2026 heres indias schedule for october 3   mens hockey final  mens cricket final  archery  wrestling medal events  potential gold in golf  facebookcom,https://news.google.com/rss/articles/CBMi0wFBVV95cUxPaV9BQ1dsYW9vN2FGYWlDM0tiZkhoTEdpQnZYeC05UWNvY0puanNLVkNVcmUyS0xBNnNZcFVpREV5eS0xVjRza1N3elFqaHBiNk5kSE50Z2xQLTIwZVZqOHc2Nnlsd0czcWNDcnZSTkdHdlh5cXd3SWxDRWMzU2h2VVNDeFZjY3F5bnN1YmJKSVNzT2pRcXpPSXRPTW8xcDFwekJMdkFwUHhYajFwOFV4YkhGdzlMV2MzZGpGQWRhN19TN0wtaU9yTGpUaVVfaTVUTkhV?oc=5&hl=en-US&gl=US&ceid=US:en,"final, time, asian",en,2026-10-03 05:44:55,2026-10-03 05:44:55,2026,10,3,Saturday,"asian (NORP), 2026 (DATE), october 3 (DATE), asian (NORP), 2026 (DATE), october 3 (DATE)",6
GNews,Unknown,no handshake at toss as india opt to bat in asian games final against pakistan  the indian express,no handshake at toss as india opt to bat in asian games final against pakistan  the indian express,https://news.google.com/rss/articles/CBMi2gFBVV95cUxQaHVkWkFYUzlUMVBSWl9qMXdoRmVBOVFRWmJUVkpYWUY3RHFCNUFRLWhmTDFPek9sZ2dIMms1bEstS3RDcXF6Xzd1YXFXeHR0YzNjYVRDNGtuQmF0Qko4VHFhQ0Jjb3lNRXJfMDJrR0ZkaFctVThWMUNPdWZpREFXOHVwaFZQWFAySFM2VjhWSTJRS3hZSUFRdDNGR2FyQkRtbXBfZWhDaW1VcGUyNEh0alpKTEk0WVQ5Qkh5cmtrQlNubGJQcy05ejUteDREUzVoVUFrc2lXXzcyQdIB4AFBVV95cUxPYUFJbndCTVhrM28xS2Z0VXJpS2hlcFJMZ0RBanpZODZ4dGpqcnVSQ3ZQVlh4RXR3SlI4dFlaVTkxem1nbk9ReTB4eGFUYjZPcV80RXAxQUlJMG1PYi1Cd1NHQU02M0NveGdiUHZLMXJ1aFctMUFndHhlV2UzY2dRa29hNTlPY0JndDhvTUxUQnV3QVF0REVOTURCVlhwcWcyc29fbkVodTdfTENTUFVRNElMMDB6VW01WkZuU21KclFaNjdoZHZlZHI3UkdPV2pSVURPRDVPNkw5TzlvRXE2ZQ?oc=5&hl=en-US&gl=US&ceid=US:en,"handshake, toss, india",en,2026-10-03 05:44:55,2026-10-03 05:44:55,2026,10,3,Saturday,"india (GPE), asian (NORP), pakistan (GPE), indian (NORP), india (GPE), asian (NORP), pakistan (GPE), indian (NORP)",8
GNews,Unknown,asian games 2026 sepaktakraw india finish campaign with bronze medal in mens quadrant  olympicscom,asian games 2026 sepaktakraw india finish campaign with bronze medal in mens quadrant  olympicscom,https://news.google.com/rss/articles/CBMinAFBVV95cUxOcTdkZ21vX1NuWkNkdmNxajEwaXBJS0h4bS1wVGVMdnh2Yy0yQy0tTmFDdnNubDYyYnlmRDExS044S21PRXE4ZmpjOGd4YTRPNFVrM2U2NGVTVkIzWjJianZWUTVSRl9QUlNocW5jVG9fc1JRM1BSS2tRbEFJbEJHSjNIRGViYzF0aHdZb2ZEbDBJd21rLTNhYmJrTnY?oc=5&hl=en-US&gl=US&ceid=US:en,"asian, games, sepaktakraw",en,2026-10-03 05:44:55,2026-10-03 05:44:55,2026,10,3,Saturday,"asian (NORP), 2026 (DATE), india (GPE), asian (NORP), 2026 (DATE), india (GPE)",6
GNews,Unknown,asian games 2026 medal tally live day 15 indias gold silver bronze winners list overall standings  the indian express,asian games 2026 medal tally live day 15 indias gold silver bronze winners list overall standings  the indian express,https://news.google.com/rss/articles/CBMizAFBVV95cUxQenhrX0FYMjNHRWlzSzBHczdjUGtEb1dJSXpiTW1XWFM1QUVvbkFYSDdaV2FPMXA3Zm9KVEkwcXZUUEptZVVxNlk4ZzZKZGZuWlNBRHNiUy1Ud0Z2VGRxd0ctNU1fdllPX0l1MEpyVTBVYmRZaHhyZEE2aTdCb3JLVklwR1ZFZWdiZWV1Sl9jYnp1VU02OHBaVnAtUnIxTFYtVVdVM0tiSTZRWWNKR0hZVlNkT2YwLTlCbGltZXpvYjVzVnU5QnJ0Q1A2TmvSAdMBQVVfeXFMTk1Ga0JHM01HblYxZjE0Q2NnMzFQb2ZlVmlEWDhnWk1yTGhvMUR2dTFaeFRGTVdtT3pkX081cjM2SHhtdTVFbjlFTy1FMUtMQTZlaGp1Mzh0S0lQOUhPY0Q0eHJaVGRWVER6SUFtb09jcFB4LVFhT05yd25obDlNMGtyY3RxZXhYZHdBdWpMTFR5bERJR3NSMGEtSHRVZzUtZlpOYjJaWk1PRHBWRnRNVzhZTTlWQ3Z2ZnFtVTBfUzEwbHJGcDQwbmJQU1RFemNwT0JaNA?oc=5&hl=en-US&gl=US&ceid=US:en,"asian, games, medal",en,2026-10-03 05:44:55,2026-10-03 05:44:55,2026,10,3,Saturday,"asian (NORP), 2026 (DATE), live day 15 (DATE), indian (NORP), asian (NORP), 2026 (DATE), live day 15 (DATE), indian (NORP)",8
GNews,Unknown,flydubai pilot recounts cockpit stabbing in call with indian pm modi  al jazeera,flydubai pilot recounts cockpit stabbing in call with indian pm modi  al jazeera,https://news.google.com/rss/articles/CBMirgFBVV95cUxPZWdMMzVDeC0wdGJuMFBVRzUtbkVpRUVESFVvVEpSZGtwdnUzeXRZbmVCdzJLdEkySHNxZERXbkNSN2dpSjhVcVJfMHNXc0hncjI2UUt0a05ORFVQcDc5YWFPRm1NTkVwMC1ZWDFydkxsaU9OdlNLazI5WHdkM2U0cURyZ2tXYUF0VGFYRFdOUHpmdG02MmFKT1FVc0E4cVdaZGp1Y1AtaFl5WkxCM0HSAbMBQVVfeXFMTUV0ZzctbWItWWFROVVMVnNvM2pqWVY0T3FhVXluSkZsc0lGQWV3ZnlxVFk5TThzZDAyOGZQcDBrbUtLUXBOR2JlRmkzdlZWcjI5bjNCZWpXTlhFQXdoVDkwbmZweDJpbXk2QXhncEFFbndYeUNxZzZVTjJZbWhVQjVKdnQ0Mm05M0o2aGlocHFaSmRMekdNcFkxX0l4ZDh1UjFUUVZYTmoyQks4WVVqUmZUSUk?oc=5&hl=en-US&gl=US&ceid=US:en,"flydubai, pilot, recounts",en,2026-10-03 05:44:55,2026-10-03 05:44:55,2026,10,3,Saturday,"indian (NORP), al jazeera (ORG), indian (NORP), al jazeera (ORG)",4
GNews,Unknown,boxing to wrestling archery to hockey 6 gold medals power india to table top 5  the indian express,boxing to wrestling archery to hockey 6 gold medals power india to table top 5  the indian express,https://news.google.com/rss/articles/CBMivgFBVV95cUxPSVotdnFtem1uSDRyOVBoNzB2SzNsVGdHVmhwdXpwcUd1aEp6X1QtVlhRMEtYbGFYQTVBNXlvbFItQzBsa25pRlUzc0FKV2lQLTl6bm9TMEw5M0pmanYtMWU5Z1NURnpkMTlIY0JubkNjS1pwVUpHVzJfUkcwUy1ZRmRmaUN2SzYzbDRmRVN0bTlKbEtDQ2owclpoS1ZOVkJBR1MyaVRJQ29CZWRMZDR2Z0s5RnFFRnRWajdrQkdB0gHEAUFVX3lxTE1FVGszWGpmV284OTFLOXhlNks2THliQkl5MEN5S1NscmlsczhjYUIxckVhX0VkcVpWVUluRUNCcDV2b0hWQTlJNTN3d0JTb0NzQUVGUWhMRm9GYURvd2FzeUwxb1ZoU0d1d0VkY3AxSjBoUGpyc09tZEVmbXRudWxHd3pLbFdobDVWYnpycnRXWFBCdFpkUllLa2J0SVBJTVpPRXdfR0dUelMzU092cWJORVdXZ0w2Q2xnME1uNXhtX3ZxbW8?oc=5&hl=en-US&gl=US&ceid=US:en,"boxing, wrestling, archery",en,2026-10-03 05:44:55,2026-10-03 05:44:55,2026,10,3,Saturday,"6 (CARDINAL), india (GPE), 5 (CARDINAL), indian (NORP), 6 (CARDINAL), india (GPE), 5 (CARDINAL), indian (NORP)",8
GNews,Unknown,asian games 2026 track cycling ronaldo singh david beckham draw blank as india finish without a medal  olympicscom,asian games 2026 track cycling ronaldo singh david beckham draw blank as india finish without a medal  olympicscom,https://news.google.com/rss/articles/CBMiqAFBVV95cUxPcEhhZkp5ZFFuNUpCaFlQSWNFdVNTR2hpZW1ZQnNfanRBNE5hdWttYVB4QzBRN0pCOE84RUxvWUVXVnJQTF90dWxvWmVMTDJaalh6dXZEd29BbkpvZXgtVm8yTFFaNmt5d1NHNWNteGk3REw2Vjg0U1BIMW8xR2VqOFZjQzZ1c0ozaXQxUlhmX0E4YUZzM3hXaTBqMm9RSWdMdkZkOFZDZm0?oc=5&hl=en-US&gl=US&ceid=US:en,"asian, games, track",en,2026-10-03 05:44:55,2026-10-03 05:44:55,2026,10,3,Saturday,"asian (NORP), 2026 (DATE), singh david beckham (PERSON), india (GPE), asian (NORP), 2026 (DATE), singh david beckham (PERSON), india (GPE)",8
GNews,Unknown,india vs pakistan cricket asian games gold medal final  all to know  al jazeera,india vs pakistan cricket asian games gold medal final  all to know  al jazeera,https://news.google.com/rss/articles/CBMipAFBVV95cUxOVXU1ZklOeVlJZVNYNmpXQ3pwYXhaVnZhSzcyNHczUHlMdVNlOEFjeFY2VXR3ZVFXdEg1VGI0enFWNmJlYVBfejNzd0JmeldMTjhNejBMWnRfLXAyOFFxTTZISmZ1R1J4WTk5UDUyNEIzUHBnTm1GUmVjblhuVkhzWkxWOTFwVnJjbVZhRUdEbXBiQVdYd2xQY1hmMHhfOXJzcFJZRtIBqgFBVV95cUxONEhlV2JCRXRqY19wTUFfY2lrbnJweWpSYjU4WlZSTkZneUtuNVF6dGppRS1wZUwtcnBwRXNiVl8tSTJQNXlEUWxoQXdvLVFiYnhRdUZKd0E1RGdvUU5zRTlGVTZrd0VRdzVPYll6amhNUkozWDlPQWN5eGZCQllJcm9HdWhDVzh6cDJyZW04WW8wUF8zWXBHOVc4dUU1N0ozY2IxRnFodzQtUQ?oc=5&hl=en-US&gl=US&ceid=US:en,"india, pakistan, cricket",en,2026-10-03 05:44:55,2026-10-03 05:44:55,2026,10,3,Saturday,"india (GPE), pakistan (GPE), asian (NORP), al jazeera (ORG), india (GPE), pakistan (GPE), asian (NORP), al jazeera (ORG)",8
GNews,Unknown,34 years of entertaining india  and the journey is only getting started yours truly z 34yearsofz yourstrulyz attentioneconomy content technology  facebookcom,34 years of entertaining india  and the journey is only getting started yours truly z 34yearsofz yourstrulyz attentioneconomy content technology  facebookcom,https://news.google.com/rss/articles/CBMi3AFBVV95cUxPc2JiTE91eEU3MVNfRWNEVTh4aS1hTklSZ2Fzamcta240akY5Q2xPUUgzZEtuUlhYbkpZSFJiTkRkbmRGQ2NEVVBHX2tFdGlKSW5TcjBEYmJJckxTbGxGR3lBZTdQWWQxcEZkQmxadmc1T3NCZXRvTDBRN3NYVXBpR19hQ3RrZk9pSkJXZ3Y3amJjbS0tZE1QT1M4WTN2ZFk5c1ZRRjUxajUtMGU4VHFaR09UdlJTeGlpVndteXJrNDVDd2dQcDB0WFJoNlozSW1JS3BqWVFFS2E2UGd4?oc=5&hl=en-US&gl=US&ceid=US:en,"years, entertaining, india",en,2026-10-03 05:44:55,2026-10-03 05:44:55,2026,10,3,Saturday,"34 years (DATE), india (GPE), 34yearsofz (CARDINAL), 34 years (DATE), india (GPE), 34yearsofz (CARDINAL)",6
GNews,Unknown,india climbs to fifth position in overall medal standings with tally rising to 76 including 16 gold  news on air,india climbs to fifth position in overall medal standings with tally rising to 76 including 16 gold  news on air,https://news.google.com/rss/articles/CBMiwwFBVV95cUxOX1NoMXFyQTZOak9oTjAtUGZ4aWtuY0FSc0RKM0hOMEE1akVHUWF6dEVUWWd6d3Utb2t2YTEtMmVoemZUWF80clpXQUszOFNHc3VWeFB1eUFISTNsZlNlQllWT0lOTmloaXNNSmNKZHlkdFlDdkg3cDNuOWdQUlNacmhjbUhNN0hzeXg4OG9zeDZrV0ZwLV9zOHVIek9fbTFpTTJqSHpyQzd0WDVNcWZRVlU2MmNhQUNPYUcyMnBYWjhRbWc?oc=5&hl=en-US&gl=US&ceid=US:en,"india, climbs, fifth",en,2026-10-03 05:44:55,2026-10-03 05:44:55,2026,10,3,Saturday,"india (GPE), fifth (ORDINAL), 76 (CARDINAL), 16 (CARDINAL), fifth (ORDINAL), 76 (CARDINAL), 16 (CARDINAL)",7
GNews,Unknown,india ready for mens asian games goldmedal clash  icc,india ready for mens asian games goldmedal clash  icc,https://news.google.com/rss/articles/CBMiiwFBVV95cUxQY3pSQ1BlbURkbENOTy1WaFJxUTdQWEVBNDFpOTlGMFVoNlRwNkdFVWdnTmx4Zk9FYjdWMXI2QkNRYjFhT3Z6RFVORE9tYVZLX21BcDZJQzRRUUFlc1E5NUJsblk4MkhLdFdGVHU1WTNEell5cmRUUHlHN2xod3BpX0VrLVNuX01DWm93?oc=5&hl=en-US&gl=US&ceid=US:en,"india, ready, asian",en,2026-10-03 05:44:55,2026-10-03 05:44:55,2026,10,3,Saturday,"india (GPE), asian (NORP), india (GPE), asian (NORP)",4
GNews,Unknown,indians in action at asian games 2026 day 15 october 3 full schedule venue fixtures  time  the indian express,indians in action at asian games 2026 day 15 october 3 full schedule venue fixtures  time  the indian express,https://news.google.com/rss/articles/CBMivAFBVV95cUxNdzRhUjdWUVpfRGxzaHpuUThLcC1aZ0ZRSzhoVjNsNW9JOG5pWHpVRHFVUUw0ZWpIUFUzal9XN05NMk43OHlfcHgtaVlCSV9nQ3QtbFlwUlBNLUxJNF85VG5hNjJCNVB1VGxwX3p5MGt5U0ZwN2dQQ1FZdWJFOURNdHZ0b3pnalVQbnFTdERaSmlIUmkyWUwxUWtLQW5nUHlJZExzUzg5T0VXMWQxT3Q3LVNBcEduYVlka0JHOdIBwwFBVV95cUxQcmpIZGdmTkVFa1E1STFVdkQ3TmxncmF1Vk5BakJmSTJ5RUhYY1dQOFZ3TUx5XzRENVcySWY4R0trT1lhVTRaYmpvUTBLbDM5WEl2Tk1FU043a2lUb2RKSTQ1X3FEOW95N3hMTXpuRjZCNnRCM25od1RwaXZPM0RvSHJiYzVHUHdLZjZtOUVEeVpocEpGWkJoT01OdU9qMFlEaldQY21xdG5lNzI4ckdFTnlFX3RwRnVvUnJuR242dGU5Wkk?oc=5&hl=en-US&gl=US&ceid=US:en,"indians, action, asian",en,2026-10-03 05:44:55,2026-10-03 05:44:55,2026,10,3,Saturday,"indians (NORP), asian (NORP), 2026 (DATE), 15 (CARDINAL), 3 (CARDINAL), indian (NORP), indians (NORP), asian (NORP), 2026 (DATE), 15 (CARDINAL), 3 (CARDINAL), indian (NORP)",12
GNews,Unknown,preview indian mens hockey team eyes historic backtoback asian games gold in the final against malaysia  hockey india,preview indian mens hockey team eyes historic backtoback asian games gold in the final against malaysia  hockey india,https://news.google.com/rss/articles/CBMi1AFBVV95cUxQVlJ0RUVTQllnZV9HeTYzOU5rVVhlLWRXTDNpODlRbVhhSEIzbkFJYk80RUNReXlXUGRhbDkyeVFyNmZ2QWdJUGhEZmlOYk1PZEhKSXd0OEdFTkN3eHNtSVNqcWlCbjdvYmo1VUhIZVJSWm1pRlk1UTRjVVpvT0I3QldpY2pJRWVDVUxLa0pqeXp2STY3a2xlZHRLeU1GbXRuN0lHblRDbUhhbUtJNnBPZkV0cHRxcEVaNlJQbnNCTmxMbmVjbzAwc2Yybko2endqRlZzaA?oc=5&hl=en-US&gl=US&ceid=US:en,"hockey, back, preview",en,2026-10-03 05:44:55,2026-10-03 05:44:55,2026,10,3,Saturday,"indian (NORP), asian (NORP), malaysia (GPE), india (GPE), indian (NORP), asian (NORP), malaysia (GPE), india (GPE)",8
GNews,Unknown,asian games 2026 womens hockey lalremsiami goal helps india beat china to secure gold and olympic berth  olympicscom,asian games 2026 womens hockey lalremsiami goal helps india beat china to secure gold and olympic berth  olympicscom,https://news.google.com/rss/articles/CBMinAFBVV95cUxOX0NGanhKYzBvUFZRejV0WXVkVS1XbTNXZ29PcFV5NEdOa0YxcjRlSlhSNFFlSXlHNHJsNmhrNC1CZXBEeE9CY2tuSlFOVlVaMTFJV2tHYVhrTE5sbUdCcFZhQTZDSlEtMy03Sng4Um1XdVBSeDQ3aVJaUHh2Wm1WdWlyeTlKTGxFWTdNWGE3Y1VrQ2I3cURkNkVBOWY?oc=5&hl=en-US&gl=US&ceid=US:en,"asian, games, women",en,2026-10-03 05:44:55,2026-10-03 05:44:55,2026,10,3,Saturday,"asian (NORP), 2026 (DATE), india (GPE), china (GPE), asian (NORP), 2026 (DATE), india (GPE), china (GPE)",8
GNews,Unknown,indias medals at asian games 2026 live tracker  espnin,indias medals at asian games 2026 live tracker  espnin,https://news.google.com/rss/articles/CBMikAFBVV95cUxPeXV6cjZYYlUyRzN1RzIwWlQzS25ncm9hTHFCbjBwYU94SFNzYW9UWlo3SWhTQ3hab1Rpbk5FNjlKb2RnU3dpamxhbWtpZG5JU0ExNmRFSmw5RHM1dlF5c1pqM2Jqd01DUnpfTTFYNGRMTzN4eklvOGptaktXU1k0QWlmZENnU3QzSE5ELTI3UE4?oc=5&hl=en-US&gl=US&ceid=US:en,"india, medals, asian",en,2026-10-03 05:44:55,2026-10-03 05:44:55,2026,10,3,Saturday,"asian (NORP), 2026 (DATE), asian (NORP), 2026 (DATE)",4
GNews,Unknown,asian games 2026 medal tally day 14 indias gold silver bronze winners list overall standings  the indian express,asian games 2026 medal tally day 14 indias gold silver bronze winners list overall standings  the indian express,https://news.google.com/rss/articles/CBMizAFBVV95cUxNOEdlRzUtYmpGRWdpVG55Z3RGMElZSEhnSndFRFZJWjdBeGt5dzFQXzI1UGJEVDMyTy1FUWZzcm11bFhkX1Fxa1dHaXp4M2ZFYVprbTFSYnkyWDNFb1FiazdnOVMxVVhnM2hKQVdaeG9BZnI5dG1hRm0tOWZBNFlTb1Bfd0JJOWJCZ2x3aGNGQkNkbEEyeHh6X0dadXBQakFUaHgyWUM1QjU3YllxLW1LbUl0NWRNNlZSczh2Z29aNFlrcWVzMXVDWWljVXbSAdMBQVVfeXFMTi1pd2hHbVNrRk5IVDZra05tZFE2eG5hSHVsNUt4WV96a0xmUWxKTDJocmlLLWx5QldvMktCRzZQTVVCWW02b0d2eWRsOVZXZnJpOE5zUVkyMVZpVWwxdGlzNTdUREdSTDl1QU53MlREWERrQVIzT3NSZVgwOEpGRUgtTVFrSWF3MVNSWllHREp1U2VjeFZnSEJGUjYyVFJoTDJaMzlITzJWcE81S0cxTERFTExmcXdibGlVVVFLVVpMVkV1VWpRRnkzOEdYZ1RISHU1dw?oc=5&hl=en-US&gl=US&ceid=US:en,"asian, games, medal",en,2026-10-03 05:44:55,2026-10-03 05:44:55,2026,10,3,Saturday,"asian (NORP), 2026 (DATE), day 14 (DATE), indian (NORP), asian (NORP), 2026 (DATE), day 14 (DATE), indian (NORP)",8
GNews,Unknown,india vs brazil football 2026 know where to watch ind vs bra friendly match live streaming and telecast  olympicscom,india vs brazil football 2026 know where to watch ind vs bra friendly match live streaming and telecast  olympicscom,https://news.google.com/rss/articles/CBMisgFBVV95cUxPWHVBdF84OHlkODNORG85NGJYRFF2emUydlZ4YjZ3Y0Vjd2lFaFBlN0pxam5nbXZ3azIzMTEyUUl1Smg1Ty1EWDRzREp2SGc5U25mMVJnYWJCSkVfUHNIQ0Z0VGsyOGREeHBOVVdRQmRrRlYtNlBoVVBWNG9YTnhmU0tWTzJyZHl6OUo5VS1NZXhVY2RSNlhiSmZxOGRLZWhxelBaT1l0RjkySEVjcXd3TXFn?oc=5&hl=en-US&gl=US&ceid=US:en,"india, brazil, football",en,2026-10-03 05:44:55,2026-10-03 05:44:55,2026,10,3,Saturday,"india (GPE), brazil (GPE), 2026 (DATE), india (GPE), brazil (GPE), 2026 (DATE)",6
GNews,Unknown,india news delhi protesters turn up heat on election chief police tightens security  dwcom,india news delhi protesters turn up heat on election chief police tightens security  dwcom,https://news.google.com/rss/articles/CBMiuwFBVV95cUxPS2YzZkZZSUlnbTk1ajVkaEtXXzFyLTExRkIyVV9MU2x4eFpCUWxrRHVValdWd3lDR2plLXdpNTJLbVFKNG1kSDFxRjZDWHZyQ1JuYkhtSF9va3B6SEcwSnhFOFRaVDRGeFhRTldETFR1Ry14OUNWNW81YTRIMGVfTWZnU045REhCUWtuZXlYNzN3LTU2Rmk5am5NTEZqLUdoX0VIYl9qSVpzMkYxMklGemQwZlZMUlpyUEhJ?oc=5&hl=en-US&gl=US&ceid=US:en,"india, news, delhi",en,2026-10-03 05:44:55,2026-10-03 05:44:55,2026,10,3,Saturday,"india (GPE), delhi (GPE), india (GPE), delhi (GPE)",4
GNews,Unknown,asian games 2026 india schedule today october 3 cricket final olympic quotas up for grabs in hockey archery  olympicscom,asian games 2026 india schedule today october 3 cricket final olympic quotas up for grabs in hockey archery  olympicscom,https://news.google.com/rss/articles/CBMikwFBVV95cUxQellGdENxeHpyT2FXX0tISTRYQnNlZEt4NXVGcnZ2Wmp6bmJzR0NOeVFUejFsSGNtdU8zS1pBOVF4bDJ1U2VGWnlsVWlBbzl3ZE14LTdEekFEQ2RXLTlBVXJ2TE9DbTJaRkltdXphUWo0M3oyTVhsQWR0YzhzZzcwRU5FWktqcHRnQm1nZFhYRWQ5UUE?oc=5&hl=en-US&gl=US&ceid=US:en,"asian, games, india",en,2026-10-03 05:44:55,2026-10-03 05:44:55,2026,10,3,Saturday,"asian (NORP), 2026 (DATE), india (GPE), today october 3 (DATE), asian (NORP), 2026 (DATE), india (GPE), today october 3 (DATE)",8
GNews,Unknown,asian games final india favourites to strike gold against pakistan  cricinfo,asian games final india favourites to strike gold against pakistan  cricinfo,https://news.google.com/rss/articles/CBMixwFBVV95cUxPNDRacVF4YXhtQnVCdmVoaGl3TnlXbG1nNXJjVUM0dmpEeTNuOElNS3FhRVZGOTRZNHNKRzE1aG5jMGpnQlU0dzJjZ1NWMmRzTVZ4WmpaR2FKb2l0UzRkZXRaeWxaWHdqMDV2ZERLc2lyek1wZlNKRmpwSU5scEhrN3ZWaDhWUkFFR2JXWG9adjIxeUdhNktHS3lGTEFyQjRBN3ZsbGhhRlk5ZjJRU3kyY2ZOdDZfTnFHQ2NESEpBbTdJSGRkd0sw?oc=5&hl=en-US&gl=US&ceid=US:en,"asian, games, final",en,2026-10-03 05:44:55,2026-10-03 05:44:55,2026,10,3,Saturday,"asian (NORP), india (GPE), pakistan (GPE), asian (NORP), india (GPE), pakistan (GPE)",6
GNews,Unknown,india vs pakistan asian games 2026 final live streaming when and where to watch  the indian express,india vs pakistan asian games 2026 final live streaming when and where to watch  the indian express,https://news.google.com/rss/articles/CBMi1AFBVV95cUxNV3Bhakx0cnRkbkh4WEFZMFN2eFpXaU9QWkpkOElaWWZGMVlNWlROSW5IdmtvaGZWTDlpc3hZUkFlWkMzSFRqX0hGV2VJU25Xd0VpUmZxV05mX2NjNFRXYzVvVkJ2TkNXRExXYjVKb1VhUHJ1cjBPLURhUUZWX045X3hvZk5BMnp1Y1hfdFltb0pZZ3p1VnliemJVUVNTN0JUbkphN1RZUDNiaEx2Ujg0LW1pWEo4RjBuUzBKSFphVU1JSmhac212N0FSTi1QbmxHMXZVWdIB2wFBVV95cUxOUUs0cGZyaF8zeGg4UWp0YVBDbTBIMXF5REJ6ZHlfTzBsU2M5WDBHclpnNVhRUTJwWmJzcl9KM0dxR2tJbUcxZnJHdEdxa1Y3eENQdW8xQ3N4eFp6N1c4NVlDcXYyRHdDVnJaSXlXc3MyZDJUdGdWSjg0TUd1Q3hBdzlYMFFhU0RtX3FETHRVRmJZOGtpOTY3UzVPNjlEZzI2aHB4TmQ5NkZyeVhTZDNBazFHTjhGdDJrSE5RVWJKQk1kVzJ5cWttX0duSUtVVDU5WG81VDlOQ0Myc1k?oc=5&hl=en-US&gl=US&ceid=US:en,"india, pakistan, asian",en,2026-10-03 05:44:55,2026-10-03 05:44:55,2026,10,3,Saturday,"india (GPE), pakistan (GPE), asian (NORP), 2026 (DATE), indian (NORP), india (GPE), pakistan (GPE), asian (NORP), 2026 (DATE), indian (NORP)",10
GNews,Unknown,india standardises names of 28 places in ladakh  the hindu,india standardises names of 28 places in ladakh  the hindu,https://news.google.com/rss/articles/CBMiswFBVV95cUxPV29NUlhOM2xhTXlMNW11MkZ5SnM3V2hGV1dPRUV2bW9ELXFmN0ZoaF9BUmJvTC1vZDliX2piRjl5ZFVIYnBrNkx3dWtkbExoQkZuWDg2WW00Q0E5Vk9IQ25lMkFYa0lBemZXem5NSWpBUmtqcEtYZ3B1dkhOU0loTnF1R0RyZ0VaeDhCWEN1bko0NERabGN1SjZkeWotSFlJZkV2VTRlX1pOY3QwR0t5WlNHSdIBugFBVV95cUxQNVgxT1BDdmoxaGx4Mm4wZnJlRDNvVHVxMXVxZlN3UXNDbkdma3h5RXlJQW9uRU9qdmYtck43RlZUWVEyRmtlVzJKaVJ1RTlHWml5eC1UajNoVkl2cUVkR25ubXdYT2hRNkdPa3Z4bU55d1NIaWJSZVlkRDE1TjdQUFljdTFaT0tJY0stdGQ5R3RfQVlqMldveC1FajJ3a0t6c3l4M0daQzBybndoUGdzVTNrRWRvLW5GR0E?oc=5&hl=en-US&gl=US&ceid=US:en,"india, standardises, names",en,2026-10-03 05:44:55,2026-10-03 05:44:55,2026,10,3,Saturday,"india (GPE), 28 (CARDINAL), india (GPE), 28 (CARDINAL)",4
India Today,Unknown,meta says muse spark helped solve 6 major math problems releases opensource project for ai hardware,meta says muse spark helped solve  major math problems releases opensource project for ai hardware,https://www.indiatoday.in/technology/news/story/meta-says-muse-spark-helped-solve-6-major-math-problems-releases-open-source-project-for-ai-hardware-3008599-2026-10-03?utm_source=rss,"meta, says, muse",en,2026-10-03 05:43:03,2026-10-03 05:44:45,2026,10,3,Saturday,"meta (ORG), 6 (CARDINAL)",2
India Today,Unknown,bihar beyond katta culture chhath and the vvaan mark its mainstream cinema moment,bihar beyond katta culture chhath and the vvaan mark its mainstream cinema moment,https://www.indiatoday.in/movies/bollywood/story/bihar-beyond-katta-culture-chhath-and-the-vvaan-mark-its-mainstream-cinema-moment-3008580-2026-10-03?utm_source=rss,"bihar, beyond, katta",en,2026-10-03 05:40:32,2026-10-03 05:44:45,2026,10,3,Saturday,bihar beyond (PERSON),1
India Today,Unknown,iphone 16 available at old price details here,iphone  available at old price details here,https://www.indiatoday.in/visualstories/technology/iphone-16-available-at-old-price-details-here-286283-02-10-2026?utm_source=rss,"iphone, available, price",en,2026-10-03 05:40:04,2026-10-03 05:44:45,2026,10,3,Saturday,16 (CARDINAL),1
India Today,Unknown,india vs pakistan gold medal match live score           100,india vs pakistan gold medal match live score,https://www.aajtak.in/sports/cricket/story/india-vs-pakistan-live-score-asian-games-2026-gold-medal-ind-pak-match-tspok-tspoa-dskc-2659762-2026-10-03?utm_source=rss,"india, pakistan, gold",en,2026-10-03 05:39:02,2026-10-03 05:44:45,2026,10,3,Saturday,"india (GPE), pakistan (GPE), 100 (CARDINAL), india (GPE), pakistan (GPE)",5
Hindustan Times,Unknown,at least five workers killed in boiler explosion at pharma unit in andhra pradeshs sri city sez,five workers were reportedly killed in the explosion while more than 10 others sustained severe injuries,https://www.hindustantimes.com/india-news/at-least-five-workers-killed-in-boiler-explosion-at-pharma-unit-in-andhra-pradeshs-sri-city-sez-tirupati-district-101791004160025.html,"five, workers, killed",en,2026-10-03 05:19:29,2026-10-03 05:44:44,2026,10,3,Saturday,"at least five (CARDINAL), sri city (GPE), five (CARDINAL), more than 10 (CARDINAL)",4
Hindustan Times,Unknown,wont force you to say jai shri ram suvendu adhikari reaches out to nandigram minorities,suvendu adhikari said he would be present in nandigram on counting day and urged minority voters to join hands with his government,https://www.hindustantimes.com/india-news/wont-force-you-to-say-jai-shri-ram-suvendu-adhikari-reaches-out-to-west-bengal-nandigram-minorities-101790998341567.html,"suvendu, adhikari, nandigram",en,2026-10-03 05:15:44,2026-10-03 05:44:44,2026,10,3,Saturday,"adhikari reaches (WORK_OF_ART), adhikari (PERSON)",2
India Today,Unknown,alqaida leaders pic syrian mother what we know on flydubai omani copilot,alqaida leaders pic syrian mother what we know on flydubai omani copilot,https://www.indiatoday.in/world/story/flydubai-omani-co-pilot-who-is-al-hammami-terrorist-al-qaida-images-3008584-2026-10-03?utm_source=rss,"syrian, mother, know",en,2026-10-03 05:13:04,2026-10-03 05:44:45,2026,10,3,Saturday,"syrian (NORP), syrian (NORP)",2
India Today,Unknown,the flydubai incident every bit of it happened,the flydubai incident every bit of it happened,https://www.indiatoday.in/opinion/story/flydubai-incident-conspiracy-theories-deepfake-video-iran-israel-false-flag-charge-3008572-2026-10-03?utm_source=rss,"flydubai, incident, every",en,2026-10-03 05:09:23,2026-10-03 05:44:45,2026,10,3,Saturday,,0
Times of India,G S DHANUSH,jantar mantar protest hundreds detained students walk several km to reach site,a large crowd of demonstrators assembled at jantar mantar to voice their discontent against chief election commissioner gyanesh kumar alleging irregularities in electoral rolls in response police detained approximately 550 people for not obtaining the necessary permits for the protest security was intensified with mobile internet services cut off and metro stations locked,https://timesofindia.indiatimes.com/city/delhi/hundreds-detained-in-jantar-mantar-for-stir-against-ec/articleshow/134652217.cms,"jantar, mantar, protest",en,2026-10-03 05:00:19,2026-10-03 05:44:43,2026,10,3,Saturday,"jantar mantar (ORG), hundreds (CARDINAL), jantar mantar (ORG), gyanesh kumar (PERSON), approximately 550 (CARDINAL), metro (FAC)",6
Times of India,PRISHA PATNAIK,how an omani flagged for extremism ended up piloting a tel avivbound flydubai jet,news article about how an omani flagged for extremism ended up piloting a tel avivbound flydubai jet,https://timesofindia.indiatimes.com/world/middle-east/the-vetting-gap-how-an-omani-flagged-for-extremism-ended-up-piloting-a-tel-aviv-bound-flydubai-jet/articleshow/134652110.cms,"omani, flagged, extremism",en,2026-10-03 04:55:01,2026-10-03 05:44:44,2026,10,3,Saturday,,0
India Today,Unknown,us man shows how indian wife left hotel room after checkout one detail stands out,us man shows how indian wife left hotel room after checkout one detail stands out,https://www.indiatoday.in/trending-news/story/us-man-shows-how-indian-wife-left-hotel-room-after-checkout-one-detail-stands-out-3008578-2026-10-03?utm_source=rss,"shows, indian, wife",en,2026-10-03 04:51:09,2026-10-03 05:44:45,2026,10,3,Saturday,"indian (NORP), one (CARDINAL), indian (NORP), one (CARDINAL)",4
Times of India,ARYAN SINGH,watch russias drone war machine on show as putin watches massive military drills,russia conducted its center 2026 military exercise to bolster its defense strategies against potential threats this extensive operation saw participation from approximately 47000 troops deployed across diverse terrains including the caspian sea the drills showcased over 600 drones 700 units of military equipment and 60 advanced robotic systems with allied nations like china belarus and pakistan joining the efforts,https://timesofindia.indiatimes.com/defence/international/watch-russias-drone-war-machine-on-show-as-putin-watches-massive-military-drills/articleshow/134651760.cms,"military, drills, watch",en,2026-10-03 04:46:23,2026-10-03 05:44:44,2026,10,3,Saturday,"putin (PERSON), russia (GPE), 2026 (DATE), approximately 47000 (CARDINAL), over 600 (CARDINAL), 700 (CARDINAL), 60 (CARDINAL), china (GPE), pakistan (GPE)",9
Hindustan Times,Unknown,india secures narcotrafficking kingpin navpreet singhs deportation from turkey,in a post on x union home minister amit shah said that navpreet singh obtained turkish citizenship under the fake identity of navab virk,https://www.hindustantimes.com/india-news/india-secures-narco-trafficking-kingpin-navpreet-singh-deportation-from-turkey-heroin-navab-virk-amit-shah-101791002660648.html,"navpreet, singh, india",en,2026-10-03 04:45:43,2026-10-03 05:44:44,2026,10,3,Saturday,"india (GPE), singh (GPE)",2
Times of India,RAJEEV SINGH,god made trump inside white houses 20 million ad campaign ahead of midterms,three of the advertisements have so far appeared on television networks including cbs cnn ms now fox news and fox it remains unclear whether every advertisement will be broadcast on television released digitally or both although the videos have different themes many feature trump alongside audio containing favourable comments about him from news reports,https://timesofindia.indiatimes.com/world/us/god-made-trump-inside-white-houses-20-million-ad-campaign-ahead-of-midterms/articleshow/134651469.cms,"trump, have, television",en,2026-10-03 04:41:41,2026-10-03 05:44:43,2026,10,3,Saturday,"god (PERSON), 20 million (CARDINAL), three (CARDINAL), cbs (ORG), cnn (ORG)",5
India Today,Unknown,wayanad sets november 1 deadline to become indias first ewastefree district,wayanad sets november  deadline to become indias first ewastefree district,https://www.indiatoday.in/cities/other-cities/story/kerala-wayanad-indias-first-e-waste-free-district-november-1-ptag-3008570-2026-10-03?utm_source=rss,"wayanad, sets, november",en,2026-10-03 04:40:09,2026-10-03 05:44:45,2026,10,3,Saturday,"november 1 (DATE), first (ORDINAL), november (DATE), first (ORDINAL)",4
India Today,Unknown,du relaxes 28credit promotion rule for 202526 batch teachers raise concerns,du relaxes credit promotion rule for  batch teachers raise concerns,https://www.indiatoday.in/education-today/news/story/delhi-university-relaxes-passing-criteria-for-2025-26-batch-teachers-question-timing-3008579-2026-10-03?utm_source=rss,"relaxes, credit, promotion",en,2026-10-03 04:37:54,2026-10-03 05:44:45,2026,10,3,Saturday,202526 (DATE),1
NDTV,Unknown,flydubais omani copilot intended to crash plane in israel report,the copilot has been identified as hamam alhamami,https://www.ndtv.com/world-news/flydubai-co-pilot-hamam-alhamami-was-banned-by-oman-from-flying-over-extremist-views-report-flydubai-dubai-tel-aviv-flight-captain-smit-machchhar-atta-12132217#publisher=newsstand,"pilot, flydubai, omani",en,2026-10-03 04:35:05,2026-10-03 05:44:44,2026,10,3,Saturday,israel (GPE),1
Hindustan Times,Unknown,almost akin to civil death delhi hc slams ssc over 3year exam ban,the delhi hc said cancelling candidature and barring a candidate from exams without a chance to respond can cause lasting stigma and be almost akin to civil death,https://www.hindustantimes.com/india-news/almost-akin-to-civil-death-delhi-hc-slams-ssc-over-3-year-exam-ban-101791002085369.html,"almost, akin, civil",en,2026-10-03 04:34:45,2026-10-03 05:44:44,2026,10,3,Saturday,3year (CARDINAL),1
Times of India,SHIVANGHI PAYAL,upi transactions rise 27 to 145 billion in h1 fy27 ahead of new mdr,upi has recorded significant transaction growth processing 145 billion transactions in the first half of the financial year the value of these transactions increased to rs 177 lakh crore reflecting a notable rise a new merchant discount rate will be introduced on october 15 applying to highvalue upi transactions most everyday merchant transactions will remain free with certain services facing a flat fee structure,https://timesofindia.indiatimes.com/business/india-business/upi-transactions-rise-27-to-145-billion-in-h1-fy27-ahead-of-new-mdr/articleshow/134651885.cms,"transactions, rise, billion",en,2026-10-03 04:34:01,2026-10-03 05:44:44,2026,10,3,Saturday,"upi transactions rise (ORG), 27 (CARDINAL), 145 billion (CARDINAL), fy27 (PRODUCT), 145 billion (CARDINAL), the first half of the financial year (DATE), 177 (CARDINAL), october 15 (DATE)",8
Hindustan Times,Unknown,jantar mantar 20 on october 10 if dipkes fresh cjp protest warning against cec gyanesh kumar amid sir row,cjp founder abhijeet dipke said the planned demonstration would remain peaceful and urged citizens who support free and fair elections to take part,https://www.hindustantimes.com/india-news/jantar-mantar-protest-on-october-10-if-cec-gyanesh-kumar-does-not-resign-cjp-abhijeet-dipke-fresh-delhi-protest-warning-after-mumbai-stir-101790999925108.html,"dipke, jantar, mantar",en,2026-10-03 04:27:53,2026-10-03 05:44:44,2026,10,3,Saturday,"jantar mantar (ORG), 20 (CARDINAL), october 10 (DATE), cjp (ORG)",4
NDTV,Unknown,russia to cut education funds to boost defence spending amid ukraine war,russias state debt is set to rise above 20 percent of gdp in 2027,https://www.ndtv.com/world-news/russia-budget-2027-to-cut-education-funds-boost-defence-spending-ukraine-war-12132459#publisher=newsstand,"russia, education, funds",en,2026-10-03 04:26:29,2026-10-03 05:44:44,2026,10,3,Saturday,"russia (GPE), above 20 percent (PERCENT), 2027 (DATE)",3
Times of India,KANCHAN YADAV,watch hindu temple in us attacked with bricks windows shattered,an attack on the shree swaminarayan vadtal dham hindu mandir in richmond heights occurred while devotees were present the incident involved bricks being thrown at the temple resulting in shattered windows surveillance footage is being reviewed by authorities to identify the perpetrator this potential hate crime coincides with hindu heritage month and upcoming navratri celebrations,https://timesofindia.indiatimes.com/world/us/watch-hindu-temple-attacked-with-bricks-in-us-windows-shattered/articleshow/134651599.cms,"hindu, temple, bricks",en,2026-10-03 04:21:57,2026-10-03 05:44:43,2026,10,3,Saturday,"us (GPE), shree swaminarayan (NORP), dham hindu (PERSON), richmond (GPE), heritage month (DATE)",5
Hindustan Times,Unknown,canada arrests 5 indians in extortion case one lured from india held at airport,five indian nationals have been arrested in canada over alleged extortion and violence one sanket singla was lured from india and arrested at toronto airport,https://www.hindustantimes.com/india-news/canada-arrests-5-indians-in-extortion-case-one-lured-from-india-held-at-airport-101791001125331.html,"canada, extortion, lured",en,2026-10-03 04:18:44,2026-10-03 05:44:44,2026,10,3,Saturday,"canada (GPE), 5 (CARDINAL), indians (NORP), india (GPE), five (CARDINAL), indian (NORP), canada (GPE), one (CARDINAL), india (GPE), toronto (GPE)",10
Times of India,PRANAV SHUKLA,nohandshake policy continues as iyer farhan skip handshake at asian games final,shreyas iyer and sahibzada farhan maintained their nohandshake practice at the toss for the final match this tradition has been ongoing since the 2025 asia cup reflecting the tensions between india and pakistan india won the toss and decided to bat first in this crucial goldmedal game indias lineup remained unchanged featuring young vaibhav sooryavanshi at the top alongside abhishek sharma,https://timesofindia.indiatimes.com/sports/asian-games-2026/no-handshake-policy-continues-as-shreyas-iyer-sahibzada-farhan-skip-customary-greeting-at-asian-games-final/articleshow/134651657.cms,"handshake, india, iyer",en,2026-10-03 04:18:33,2026-10-03 05:44:44,2026,10,3,Saturday,"iyer farhan (PERSON), asian (NORP), 2025 (DATE), india (GPE), pakistan india (ORG), first (ORDINAL), abhishek sharma (PERSON)",7
NDTV,Unknown,first israeli repatriation flight lands in tel aviv after flydubai incident,the repatriation flight operated by israeli carrier arkia arrived from dubai at ben gurion airport,https://www.ndtv.com/world-news/first-israeli-repatriation-flight-lands-in-tel-aviv-after-flydubai-incident-12132440#publisher=newsstand,"israeli, repatriation, flight",en,2026-10-03 04:04:33,2026-10-03 05:44:44,2026,10,3,Saturday,"first (ORDINAL), israeli (NORP), tel aviv (GPE), israeli (NORP), dubai (GPE), ben gurion airport (FAC)",6
Times of India,SHIVANGHI PAYAL,g7s 100millionbarrel diesel fix what happens after the emergency release,the g7 announced an urgent release of 100 million barrels of oil and fuel products to counteract the ongoing diesel shortages starting now and extending over the upcoming four months yet experts warn that this withdrawal from emergency reserves could jeopardize future preparedness additionally with supply routes still facing disruptions from geopolitical issues the overall impact on fuel pricing and market dynamics remains ambiguous,https://timesofindia.indiatimes.com/business/international-business/g7s-100-million-barrel-diesel-fix-what-happens-after-the-emergency-release/articleshow/134651312.cms,"million, diesel, emergency",en,2026-10-03 03:41:00,2026-10-03 05:44:44,2026,10,3,Saturday,"100 million barrels (QUANTITY), four months (DATE)",2
Times of India,RAJEEV SINGH,security lapse israel overlooked over 12 omani pilots flew to tel aviv despite ban,israeli passengers the captain and other pilots on board intervened allowing the plane to make an emergency landing in saudi arabia most of the passengers were israeli and were later flown from saudi arabia to israel oman does not have diplomatic relations with israel according to the report rules introduced after 2020 abraham accords prohibit pilots from countries that do not have relations with israel from flying into the country,https://timesofindia.indiatimes.com/world/middle-east/security-lapse-israel-overlooked-over-12-omani-pilots-flew-to-tel-aviv-despite-ban/articleshow/134651203.cms,"israel, pilots, israeli",en,2026-10-03 03:39:54,2026-10-03 05:44:43,2026,10,3,Saturday,"israel (GPE), over 12 (CARDINAL), tel aviv (GPE), israeli (NORP), saudi arabia (GPE), israeli (NORP), saudi arabia (GPE), israel (GPE), israel (GPE), 2020 (DATE), israel (GPE)",11
Hindustan Times,Unknown,they were not granted permission shivaji park resident files complaint over cjp protest in mumbai,complainant thanked the mumbai police for the assurance given to her saying that she and others with her simply needed assistance and wanted to feel secure,https://www.hindustantimes.com/india-news/they-were-not-granted-permission-shivaji-park-resident-files-complaint-over-cjp-protest-in-mumbai-abhijeet-dipke-cockroach-janta-party-101790993228189.html,"mumbai, were, granted",en,2026-10-03 03:35:36,2026-10-03 05:44:44,2026,10,3,Saturday,"mumbai (GPE), mumbai (GPE)",2
Hindustan Times,Unknown,in a first vande bharat express crosses worlds highest chenab rail bridge at 100 kmph  video,the ministry of railways sharing a video of the train crossing the bridge wrote on x for the first time vande bharat crosses chenab bridge at 100 kmh,https://www.hindustantimes.com/india-news/in-a-first-vande-bharat-express-crosses-worlds-highest-chenab-rail-bridge-at-100-kmph-video-101790994024000.html,"bridge, first, vande",en,2026-10-03 03:29:21,2026-10-03 05:44:44,2026,10,3,Saturday,"first (ORDINAL), 100 kmph (QUANTITY), the ministry of railways (ORG), first (ORDINAL), 100 (CARDINAL)",5
Hindustan Times,Unknown,ht morning brief october 3 anticec stir thwarted in delhi india basks in sixgold glory at asian games,here are todays biggest headlines from politics and world news to sports and entertainment,https://www.hindustantimes.com/india-news/jantar-mantar-cjp-abhijeet-dipke-mumbai-gyanesh-kumar-asian-games-salman-khan-flydubai-hormuz-101790996733836.html,"morning, brief, october",en,2026-10-03 03:28:00,2026-10-03 05:44:44,2026,10,3,Saturday,"october 3 (DATE), india (GPE), asian (NORP)",3
India Today,Unknown,delhis rhiya ahir moment woman stops bus carrying detainees at jantar mantar,delhis rhiya ahir moment woman stops bus carrying detainees at jantar mantar,https://www.indiatoday.in/india/story/jantar-mantar-protest-delhi-viral-young-woman-police-vehicle-rhiya-ahir-mumbai-3008560-2026-10-03?utm_source=rss,"rhiya, ahir, moment",en,2026-10-03 03:27:53,2026-10-03 05:44:45,2026,10,3,Saturday,"jantar mantar (ORG), jantar mantar (ORG)",2
India Today,Unknown,ind vs pak live india 1284 tempers flare in nagoya after ishan kishan falls,ind vs pak live india  tempers flare in nagoya after ishan kishan falls,https://www.indiatoday.in/sports/cricket/story/indi-vs-pakistan-live-score-asian-games-final-cricket-vaibhav-shreyas-bumrah-handshake-3008558-2026-10-03?utm_source=rss,"live, india, tempers",en,2026-10-03 03:16:44,2026-10-03 05:44:45,2026,10,3,Saturday,"1284 (DATE), nagoya (GPE), ishan kishan (PERSON), india (GPE), nagoya (GPE), ishan kishan (PERSON)",6
Times of India,GLOBAL SPORTS DESK,travis kelce patrick mahomes 1587 restaurant lawsuit takes new turn,amid ongoing trademark issues travis kelce and patrick mahomes are throwing their weight behind 1587 prime which has just garnered a spot on yelps list of best new restaurants for 2026 the dispute involves trademark claims from 1587 sneakers alleging infringement concerning their sneaker line seeking to distance the athletes from the legal matter their lawyers are taking action while 1587 prime thrives amid the conflict,https://timesofindia.indiatimes.com/sports/nfl/news/travis-kelce-and-patrick-mahomes-1587-lawsuit-takes-a-new-turn-as-kansas-city-chiefs-stars-continue-backing-restaurant-amid-ongoing-trademark-dispute/articleshow/134651153.cms,"their, travis, kelce",en,2026-10-03 03:07:39,2026-10-03 05:44:44,2026,10,3,Saturday,"travis kelce patrick mahomes (PERSON), 1587 (DATE), 1587 (CARDINAL), 2026 (DATE), 1587 (DATE), 1587 (CARDINAL)",6
Times of India,RAJEEV SINGH,women in munich oktoberfest given free shorts to prevent upskirting,at least 32000 videos featuring women on the teufelsrad have been circulated according to munich daily sddeutsche zeitung some have apparently been watched millions of times the videos often show women wearing traditional dirndl dresses with their underwear visible some images have also been digitally manipulated to make the women appear naked according to br,https://timesofindia.indiatimes.com/world/europe/munich-oktoberfest-ride-gives-women-free-shorts-amid-thousands-of-upskirting-videos/articleshow/134651034.cms,"women, have, been",en,2026-10-03 03:06:37,2026-10-03 05:44:44,2026,10,3,Saturday,"munich (GPE), at least 32000 (CARDINAL), munich daily (ORG), millions (CARDINAL)",4
NDTV,Unknown,man accused of killing exuk mp charged with planning acts of terrorism,joshua kerry is due to appear in a london magistrates court on october 7,https://www.ndtv.com/world-news/joshua-kerry-accused-killing-ex-uk-mp-widdecombe-charged-with-planning-acts-of-terrorism-nigel-farage-12132321#publisher=newsstand,"accused, killing, charged",en,2026-10-03 02:56:27,2026-10-03 05:44:44,2026,10,3,Saturday,"joshua kerry (PERSON), london (GPE), october 7 (DATE)",3
NDTV,Unknown,food inspections surge 46 but safety fears persist ahead of festivals,india has no reliable national estimate for what adulterated food costs in medical bills ai image,https://www.ndtv.com/india-news/food-inspections-safety-festival-season-tukaram-mundhe-fssai-adulteration-12128401#publisher=newsstand,"food, inspections, surge",en,2026-10-03 02:53:11,2026-10-03 05:44:44,2026,10,3,Saturday,"46 (CARDINAL), india (GPE)",2
NDTV,Unknown,5 indians rescued after kuwaitflagged tanker struck in strait of hormuz,the vessel is a crude oil tanker currently sailing under the flag of kuwait,https://www.ndtv.com/world-news/5-indians-rescued-after-kuwait-flagged-tanker-struck-in-strait-of-hormuz-12132291#publisher=newsstand,"kuwait, tanker, indians",en,2026-10-03 02:34:41,2026-10-03 05:44:44,2026,10,3,Saturday,"5 (CARDINAL), indians (NORP), kuwait (GPE)",3
Times of India,ARYAN SINGH,saudi arabia prepares for offensive against houthis mecca pact allies still missing,saudi arabia is gearing up for a significant military campaign against the iranaligned houthi forces in yemen this operation seeks to reclaim vital coastal territories and ensure safe maritime passage with the potential mobilization of over 100000 yemeni soldiers the success and scale of the offensive depend on overcoming ongoing challenges in uniting these troops,https://timesofindia.indiatimes.com/world/middle-east/saudi-arabia-readies-100000-yemeni-troops-for-houthi-assault-can-fragmented-yemeni-forces-retake-bab-el-mandeb/articleshow/134650886.cms,"saudi, arabia, offensive",en,2026-10-03 02:33:32,2026-10-03 05:44:44,2026,10,3,Saturday,"saudi arabia (GPE), saudi arabia (GPE), yemen (GPE), over 100000 (CARDINAL), yemeni (NORP)",5
India Today,Unknown,from pharmacy to laboratory indias leap into drug discovery,from pharmacy to laboratory indias leap into drug discovery,https://www.indiatoday.in/health/story/india-drug-discovery-shift-from-pharmacy-to-laboratory-3008112-2026-10-03?utm_source=rss,"pharmacy, laboratory, leap",en,2026-10-03 02:30:00,2026-10-03 05:44:45,2026,10,3,Saturday,,0
India Today,Unknown,wont force you to say jai shri ram suvendu adhikaris poll pitch to minorities,wont force you to say jai shri ram suvendu adhikaris poll pitch to minorities,https://www.indiatoday.in/india/story/nandigram-bypoll-suvendu-adhikari-seeks-minority-support-for-bjp-ptag-3008404-2026-10-03?utm_source=rss,"force, shri, suvendu",en,2026-10-03 02:29:54,2026-10-03 05:44:45,2026,10,3,Saturday,"adhikaris (NORP), adhikaris (NORP)",2
Times of India,HADI KHAN,go to pakistan dipke on those doing hindumuslim divisive politics,abhijeet dipke led a large protest in mumbai demanding the resignation of chief election commissioner gyanesh kumar thousands of supporters gathered at shivaji park despite police denying permission for the event the cockroach janta party aims to address electoral roll irregularities and the election commissions functioning dipke emphasized the importance of hindumuslim unity during his speech at the protest,https://timesofindia.indiatimes.com/city/mumbai/go-to-pakistan-cjps-abhijeet-dipke-on-those-doing-hindu-muslim-divisive-politics/articleshow/134650773.cms,"dipke, hindu, muslim",en,2026-10-03 02:29:13,2026-10-03 05:44:43,2026,10,3,Saturday,"pakistan (GPE), mumbai (GPE), thousands (CARDINAL)",3
Times of India,RAJEEV SINGH,ai sings russias war story kremlins unexpected soundtrack of ukraines conflict,among the songs whose release dates could be established most appeared after 2024 that coincided with the wider availability of ai music generators such as sudo and udio it is not clear how much involvement if any the russian government has had in producing or distributing the songs however the kremlin has supported cultural projects aimed at promoting patriotic themes,https://timesofindia.indiatimes.com/world/europe/ai-sings-russias-war-story-inside-the-rise-of-generative-songs-about-ukraine-conflict/articleshow/134650594.cms,"kremlin, songs, sings",en,2026-10-03 02:27:04,2026-10-03 05:44:44,2026,10,3,Saturday,"2024 (DATE), russian (NORP), kremlin (ORG)",3
NDTV,Unknown,not a safety concern us regulator on boeing 737 max 10 software bug,the faa said it will consider appropriate action if it receives new information about this issue,https://www.ndtv.com/world-news/us-faa-regulator-boeing-737-max-10-software-bug-not-a-safety-concern-certification-boost-12132249#publisher=newsstand,"safety, concern, regulator",en,2026-10-03 02:23:09,2026-10-03 05:44:44,2026,10,3,Saturday,"boeing (ORG), 737 (PRODUCT), 10 (CARDINAL), faa (ORG)",4
NDTV,Unknown,unknown projectiles hit 2 oil tankers in hormuz uk maritime agency,the first attack caused a small fire and blackout onboard a uk maritime agency said,https://www.ndtv.com/world-news/unknown-projectiles-hit-2-oil-tankers-in-hormuz-uk-maritime-agency-12132187#publisher=newsstand,"maritime, agency, unknown",en,2026-10-03 02:21:12,2026-10-03 05:44:44,2026,10,3,Saturday,"2 (CARDINAL), first (ORDINAL), uk (GPE)",3
Hindustan Times,Unknown,hockey captain to 3time mla who is pargat singh the new punjab congress chief,pargat singh is a threetime mla from jalandhar cantonment he first won the constituency in 2012 on a shiromani akali dal sad ticket,https://www.hindustantimes.com/india-news/hockey-captain-to-3-time-jalandhar-cantonment-mla-who-is-pargat-singh-the-new-punjab-congress-chief-101790992864004.html,"time, pargat, singh",en,2026-10-03 02:18:36,2026-10-03 05:44:44,2026,10,3,Saturday,"congress (ORG), singh (GPE), first (ORDINAL), 2012 (DATE)",4
NDTV,Unknown,safety is our highest priority flydubai suspends flights to israel,the airline said that the safety of passengers and crew remains its highest priority,https://www.ndtv.com/world-news/flydubai-flight-incident-news-indian-captain-smit-machchhar-safety-is-our-highest-priority-flydubai-suspends-flights-to-israel-12132252#publisher=newsstand,"safety, highest, priority",en,2026-10-03 02:17:54,2026-10-03 05:44:44,2026,10,3,Saturday,israel (GPE),1
Hindustan Times,Unknown,lac friction points marked on india map,the ministry of home affairs mha in consultation with the ladakh administration has formally identified 28 places and geographical features in the union territory through standard names on the official map of the survey of india officials said on friday,https://www.hindustantimes.com/india-news/lac-friction-points-marked-on-india-map-101790967820028.html,"india, friction, points",en,2026-10-03 02:16:30,2026-10-03 05:44:44,2026,10,3,Saturday,"lac (CARDINAL), india (GPE), the ministry of home affairs (ORG), 28 (CARDINAL), india (GPE), friday (DATE)",6
Times of India,ARYAN SINGH,gaza war could have ended a year earlier says ex israeli hostage negotiator,major general nitzan alon revealed that the gaza war could have been concluded a year prior he argued that an earlier resolution would have spared the lives of countless hostages and civilians alon criticized the prevailing notion that total victory over hamas had to be accomplished before any negotiations asserting this approach was flawed,https://timesofindia.indiatimes.com/world/middle-east/gaza-war-could-have-ended-a-year-earlier-says-ex-israeli-hostage-negotiator/articleshow/134650657.cms,"have, gaza, could",en,2026-10-03 02:14:24,2026-10-03 05:44:44,2026,10,3,Saturday,"gaza (GPE), a year earlier (DATE), israeli (NORP), a year (DATE)",4
NDTV,Unknown,chalo delhi cjp announces protest on october 10 against poll body chief,abhijeet dipke during a protest by cjp against chief election commissioner gyanesh kumar,https://www.ndtv.com/india-news/chalo-delhi-cjp-leader-abhijeet-dipke-announces-protest-on-october-10-against-chief-election-commissioner-gyanesh-kumar-12132214#publisher=newsstand,"protest, against, chief",en,2026-10-03 02:12:58,2026-10-03 05:44:44,2026,10,3,Saturday,"october 10 (DATE), gyanesh kumar (PERSON)",2
Hindustan Times,Unknown,confusion over status of 22mn west bengal voters in election commissions special drive,the west bengal congress has sought clarity from the eci on whether 2221 lakh appellants can submit form 6 during the special enrolment exercise,https://www.hindustantimes.com/india-news/confusion-over-status-of-2-2mn-west-bengal-voters-in-election-commission-special-drive-sir-101790992519367.html,"west, bengal, special",en,2026-10-03 02:10:59,2026-10-03 05:44:44,2026,10,3,Saturday,"congress (ORG), 2221 (DATE), 6 (CARDINAL)",3
Hindustan Times,Unknown,30 years on sc appoints exhc judge to settle noida flat row,the supreme court has appointed a former allahabad high court judge to head a singlemember committee tasked with identifying genuine members of a noida housing society and determining their eligibility for flats as a dispute over allotments dating back more than three decades remains unresolved despite a 2022 verdict intended to settle the matter,https://www.hindustantimes.com/india-news/30-years-on-sc-appoints-ex-hc-judge-to-settle-noida-flat-row-101790963498994.html,"judge, settle, noida",en,2026-10-03 02:03:20,2026-10-03 05:44:44,2026,10,3,Saturday,"30 years (DATE), the supreme court (ORG), more than three decades (DATE), 2022 (CARDINAL)",4
Hindustan Times,Unknown,netas cant play police judge or administrator supreme court in sena corporatordoctors assault case,the court cancelled the bail granted to shiv sena corporator ramesh sukrya mhatre and three others accused in the assault of doctors at a dombivli hospital,https://www.hindustantimes.com/india-news/supreme-court-elected-representatives-shiv-sena-ramesh-sukrya-mhatre-dombivli-hospital-assault-101790991594653.html,"court, sena, corporator",en,2026-10-03 01:58:53,2026-10-03 05:44:44,2026,10,3,Saturday,"supreme court (ORG), three (CARDINAL)",2
Times of India,MATEEN HAFEEZ,toxic capsules 50kg rat poison how pune man planned to poison 15000 people in mumbai,fayyaz premji was arrested for attempting to poison 15000 people during a moharrum procession in mumbai he ordered over 50 kg of toxic zinc phosphide and assembled capsules while staying at a lodge the police detained him during the procession after he allegedly distributed these capsules preliminary evaluations suggest that the capsules contained zinc phosphide while a forensic report is pending,https://timesofindia.indiatimes.com/city/mumbai/poisonous-capsules-50kg-rat-poison-how-pune-man-planned-to-poison-15000-people-in-mumbai/articleshow/134650561.cms,"capsules, poison, toxic",en,2026-10-03 01:58:13,2026-10-03 05:44:44,2026,10,3,Saturday,"50kg (QUANTITY), 15000 (CARDINAL), mumbai (GPE), 15000 (CARDINAL), mumbai (GPE), over 50 kg (QUANTITY)",6
Times of India,TOI ENTERTAINMENT DESK,salman khan praises hero pilot smit machchhar well done bro,salman khan shared his appreciation for captain smit machchhars efforts in saving lives during a flight incident the pilot was attacked by his copilot while flying from dubai to tel aviv and sustained serious injuries despite this he managed to successfully land the aircraft safely in saudi arabia with over 170 people on board other indian celebrities including shilpa shetty and jackie shroff also recognized machchhars bravery and heroism,https://timesofindia.indiatimes.com/entertainment/hindi/bollywood/news/salman-khan-salutes-hero-pilot-smit-machchhar-after-averting-flydubai-crisis-says-well-done-bro/articleshow/134650399.cms,"pilot, machchhar, salman",en,2026-10-03 01:58:09,2026-10-03 05:44:44,2026,10,3,Saturday,"salman khan (PERSON), salman khan (PERSON), dubai (GPE), tel aviv (GPE), saudi arabia (GPE), over 170 (CARDINAL), indian (NORP), jackie shroff (PERSON)",8
Hindustan Times,Unknown,yet to begin issuing rejection slips to 19 million left out of nrc centre tells supreme court,this means that people left out of nrc published in 2019 are still without formal rejection papers thatd let them pursue remedy before tribunals for foreigners,https://www.hindustantimes.com/india-news/yet-to-begin-issuing-rejection-slips-to-1-9-million-left-out-of-nrc-centre-tells-supreme-court-101790986358199.html,"rejection, left, begin",en,2026-10-03 01:51:47,2026-10-03 05:44:44,2026,10,3,Saturday,"19 million (CARDINAL), supreme court (ORG), 2019 (DATE)",3
Times of India,TNN,dalit woman denied hospital admission over caste gives birth by up roadside,a 20yearold woman from the dalit mushar community faced denial of admission at a government hospital in uttar pradesh after being refused care due to her caste she gave birth on the roadside with family assistance the incident prompted immediate disciplinary action against the medical staff involved in her case a fourmember inquiry panel found negligence from multiple hospital personnel regarding her treatment,https://timesofindia.indiatimes.com/city/varanasi/dalit-woman-denied-hospital-admission-over-caste-gives-birth-by-up-roadside/articleshow/134650523.cms,"hospital, dalit, woman",en,2026-10-03 01:47:42,2026-10-03 05:44:44,2026,10,3,Saturday,20yearold (CARDINAL),1
India Today,Unknown,well done bro salman khan praises flydubai pilot smit machchhar for heroics,well done bro salman khan praises flydubai pilot smit machchhar for heroics,https://www.indiatoday.in/movies/celebrities/story/salman-khan-praises-flydubai-pilot-smit-machchhar-israel-flight-incident-3008539-2026-10-03?utm_source=rss,"well, done, salman",en,2026-10-03 01:45:38,2026-10-03 05:44:45,2026,10,3,Saturday,"salman khan (PERSON), salman khan (PERSON)",2
Times of India,HADI KHAN,cockroaches from across india to march to delhi on oct 10 says dipke,the cockroach janta party organized a large protest in mumbai demanding the resignation of chief election commissioner gyanesh kumar cjp leader abhijeet dipke announced plans for a followup protest at delhis jantar mantar on october 10 they accuse the election commission of manipulating voter rolls affecting numerous constituencies across india veteran actors and students participated in the demonstration supporting the cjps cause,https://timesofindia.indiatimes.com/city/mumbai/cockroaches-to-march-to-delhi-on-october-10-if-gyanesh-kumar-doesnt-resign-cjps-abhijeet-dipke-announces-new-jantar-mantar-protest/articleshow/134650476.cms,"across, india, delhi",en,2026-10-03 01:44:21,2026-10-03 05:44:44,2026,10,3,Saturday,"india (GPE), oct 10 (DATE), mumbai (GPE), gyanesh kumar (PERSON), october 10 (DATE), india (GPE)",6
India Today,Unknown,flydubai attacker identified was barred from flying by oman due to radical views,flydubai attacker identified was barred from flying by oman due to radical views,https://www.indiatoday.in/world/story/omani-co-pilot-who-stabbed-indian-captain-on-flydubai-flight-identified-saudis-al-arabiya-citing-sources-3008538-2026-10-03?utm_source=rss,"flydubai, attacker, identified",en,2026-10-03 01:29:28,2026-10-03 05:44:45,2026,10,3,Saturday,flydubai attacker (PERSON),1
Hindustan Times,Unknown,well done bro salman khan lauds smit machchhar says will be a pleasure to fly with you,in a post on the social media platform x salman khan said that everybody salutes captain smit machchhar,https://www.hindustantimes.com/india-news/well-done-bro-salman-khan-lauds-smit-machchhar-will-be-a-pleasure-to-fly-with-you-pilot-flydubai-tel-aviv-101790989616864.html,"salman, khan, smit",en,2026-10-03 01:26:32,2026-10-03 05:44:44,2026,10,3,Saturday,"salman khan (PERSON), khan (PERSON)",2
Times of India,PRANAV SHUKLA,rajasthan royals star creates history surpasses gayle for highest t20 score,lhuandre pretorius has made t20 cricket history with his phenomenal score of 188 runs off 79 balls while playing for the titans against the knights this feat breaks chris gayles former record of 175 runs showcasing pretoriuss exceptional talent as he maintained a striking rate of 23797 his recent century for south africa further underscores his remarkable consistency and prowess on the field,https://timesofindia.indiatimes.com/sports/cricket/news/rajasthan-royals-star-creates-history-surpasses-chris-gayle-for-highest-t20-score/articleshow/134650352.cms,"history, gayle, score",en,2026-10-03 01:13:09,2026-10-03 05:44:44,2026,10,3,Saturday,"rajasthan royals star (ORG), 188 (CARDINAL), 79 (CARDINAL), 175 (CARDINAL), 23797 (DATE), recent century (DATE), south africa (GPE)",7
Hindustan Times,Unknown,officer flagged by ecs sukhbir sandhu vivek joshi to cabinet secretary oversees poll panels it wing,letters to cabinet secretary tv somanathan said gargs move to alter the routing of dg it seema khannas files undermined an established layer of scrutiny,https://www.hindustantimes.com/india-news/officer-flagged-by-ecs-sukhbir-sandhu-vivek-joshi-to-cabinet-secretary-oversees-poll-panel-s-it-wing-101790985500001.html,"cabinet, secretary, officer",en,2026-10-03 01:08:13,2026-10-03 05:44:44,2026,10,3,Saturday,"ecs sukhbir sandhu vivek joshi (ORG), somanathan (ORG), khannas (PERSON)",3
Hindustan Times,Unknown,5 indians rescued after kuwaitflagged tanker hit by projectile in strait of hormuz,five indian nationals were rescued from the kuwaitflagged tanker mt kazimah iii after it was hit by a projectile in the strait of hormuz,https://www.hindustantimes.com/india-news/5-indians-rescued-after-kuwait-flagged-tanker-hit-by-projectile-in-strait-of-hormuz-mt-kazimah-iii-101790988733698.html,"rescued, kuwait, flagged",en,2026-10-03 01:01:45,2026-10-03 05:44:44,2026,10,3,Saturday,"5 (CARDINAL), indians (NORP), five (CARDINAL), indian (NORP), mt kazimah iii (PERSON)",5
Times of India,VIJAYA SRIVASTAVA,flydubai copilot identified was barred from flying in oman over extremist views,news article about flydubai copilot identified was barred from flying in oman over extremist views,https://timesofindia.indiatimes.com/world/middle-east/flydubai-attack-suspect-identified-as-hamam-alhamami-was-barred-from-oman-air-over-extremist-concerns/articleshow/134650245.cms,"flydubai, pilot, identified",en,2026-10-03 00:43:49,2026-10-03 05:44:44,2026,10,3,Saturday,,0
Times of India,VIJAYA SRIVASTAVA,north korea fires missile towards south korea amid dmz security tensions,news article about north korea fires missile towards south korea amid dmz security tensions,https://timesofindia.indiatimes.com/defence/international/north-korea-fires-missile-towards-south-korea-amid-dmz-security-tensions/articleshow/134650224.cms,"korea, north, fires",en,2026-10-03 00:23:00,2026-10-03 05:44:44,2026,10,3,Saturday,"north korea (GPE), south korea (GPE), north korea (GPE), south korea (GPE)",4
Times of India,VIJAYA SRIVASTAVA,5 indian nationals rescued after kuwait tanker hit in strait of hormuz,news article about 5 indian nationals rescued after kuwait tanker hit in strait of hormuz,https://timesofindia.indiatimes.com/india/5-indian-seafarers-safely-rescued-after-kuwait-flagged-tanker-struck-by-projectile-in-strait-of-hormuz/articleshow/134650154.cms,"indian, nationals, rescued",en,2026-10-02 23:46:14,2026-10-03 05:44:44,2026,10,2,Friday,"5 (CARDINAL), indian (NORP), kuwait (GPE), about 5 (CARDINAL), indian (NORP), kuwait (GPE)",6
Times of India,TOI ENTERTAINMENT DESK,michael douglas confesses to secret affair with kathleen turner,michael douglas has revealed details about his secret romantic relationship with kathleen turner from four decades ago he admitted that they developed feelings for each other while filming romancing the stone their relationship ended when douglas wife visited the set with their young son prompting him to prioritize family despite the past romance they continued to collaborate professionally on subsequent projects,https://timesofindia.indiatimes.com/entertainment/english/hollywood/news/michael-douglas-admits-to-secret-affair-with-kathleen-turner-during-romancing-the-stone-says-he-lied-about-romance-to-protect-my-wife-and-son/articleshow/134650055.cms,"douglas, michael, secret",en,2026-10-02 23:20:50,2026-10-03 05:44:44,2026,10,2,Friday,"michael douglas (PERSON), kathleen turner (PERSON), michael douglas (PERSON), kathleen turner (PERSON), four decades ago (DATE), douglas (PERSON)",6
Times of India,SHAILVEE SHARDA AND VINOD KUMAR,congress abruptly replaces ajay rai as state chief in pollbound up,picks pargat as punjab unit president,https://timesofindia.indiatimes.com/city/lucknow/congress-abruptly-replaces-ajay-rai-as-state-chief-in-poll-bound-up/articleshow/134650061.cms,"congress, abruptly, replaces",en,2026-10-02 22:54:07,2026-10-03 05:44:44,2026,10,2,Friday,congress (ORG),1
Times of India,TNN,from hospital bed captain smit tells pm modi couldnt let others die,news article about from hospital bed captain smit tells pm modi couldnt let others die,https://timesofindia.indiatimes.com/india/from-hospital-bed-captain-smit-tells-pm-modi-couldnt-let-others-die/articleshow/134646838.cms,"hospital, captain, smit",en,2026-10-02 21:51:57,2026-10-03 05:44:44,2026,10,2,Friday,,0
Times of India,TNN,to counter china india formally puts gogra hot spring amp others on map,news article about to counter china india formally puts gogra hot spring amp others on map,https://timesofindia.indiatimes.com/india/to-counter-china-india-formally-puts-gogra-hot-spring-others-on-map/articleshow/134646655.cms,"counter, china, india",en,2026-10-02 21:38:26,2026-10-03 05:44:44,2026,10,2,Friday,"china (GPE), india (GPE), china (GPE), india (GPE)",4
Times of India,GLOBAL SPORTS DESK,brittany mahomes supports kc pet project with 10000 donation and dog adoption drive,brittany mahomes has supported kc pet project which currently struggles with an overwhelming number of dogs the shelter has only two open kennels while receiving a high influx of new animals daily recently brittany shared the shelters urgent message on social media to encourage adoptions and fostering her familys history of support includes donations and community events promoting responsible pet ownership,https://timesofindia.indiatimes.com/sports/nfl/news/from-10000-donations-to-93-dogs-in-5-days-how-brittany-mahomes-continues-her-support-for-kc-pet-project/articleshow/134646218.cms,"brittany, mahomes, project",en,2026-10-02 19:29:33,2026-10-03 05:44:44,2026,10,2,Friday,"10000 (CARDINAL), only two (CARDINAL), daily (DATE)",3
NDTV,Unknown,will strengthen alliance with samajwadi party new up congress chief aradhana misra,aradhna misra the daughter of congress mp pramod tiwari will have the onerous task of advancing seatsharing talks with yadavs party for the upcoming assembly elections,https://www.ndtv.com/india-news/will-strengthen-alliance-with-samajwadi-party-new-up-congress-chief-aradhana-mishra-12131812#publisher=newsstand,"will, party, congress",en,2026-10-02 18:47:38,2026-10-03 05:44:44,2026,10,2,Friday,"congress (ORG), aradhana misra aradhna misra (ORG), congress (ORG)",3
NDTV,Unknown,how christa pikes failed execution in us played out minute by painful minute,pike now 50 was 18 when she committed the murder,https://www.ndtv.com/world-news/how-christa-pikes-failed-execution-in-us-played-out-minute-by-painful-minute-12131834#publisher=newsstand,"pike, minute, christa",en,2026-10-02 18:46:02,2026-10-03 05:44:44,2026,10,2,Friday,"us (GPE), 50 (DATE), 18 (DATE)",3
Times of India,CHIDANAND RAJGHATTA,from shivon to off musks halfindian partner goes into ex space,news article about from shivon to off musks halfindian partner goes into ex space,https://timesofindia.indiatimes.com/world/us/from-shiv-on-to-off-musks-half-indian-partner-goes-into-ex-space/articleshow/134645330.cms,"shiv, musks, half",en,2026-10-02 18:35:35,2026-10-03 05:44:44,2026,10,2,Friday,"halfindian (NORP), halfindian (NORP)",2
Times of India,TOI WORLD DESK,oregon couple earns 100k a year from 13 wind turbines on wheat farm,in sherman county oregon a wheatfarming family thrives thanks to the wind turbines dotting their property these turbines not only allow for uninterrupted traditional farming practices but also generate crucial income through payments from renewable energy projects the mccullough familys success story highlights a unique blend of agriculture and sustainable energy benefiting not just them but also providing significant tax revenue that nurtures local services and supports rural infrastructure,https://timesofindia.indiatimes.com/world/us/an-oregon-wheat-farming-couple-had-13-wind-turbines-placed-on-their-land-while-crops-continued-around-them-they-said-the-operating-turbines-were-bringing-in-about-100000-a-year/articleshow/134645276.cms,"turbines, oregon, wind",en,2026-10-02 18:32:07,2026-10-03 05:44:44,2026,10,2,Friday,"oregon (GPE), 100k (MONEY), 13 (CARDINAL), sherman county (GPE), oregon (GPE)",5
NDTV,Unknown,two definitions of poverty in jammu and kashmir fuel a row over job quotas,sajad lone said governments assetbased criteria to define poor under ews works against kashmiris,https://www.ndtv.com/india-news/two-definitions-of-poverty-spark-a-row-in-jammu-and-kashmir-over-job-quotas-12131793#publisher=newsstand,"definitions, poverty, jammu",en,2026-10-02 18:26:41,2026-10-03 05:44:44,2026,10,2,Friday,"two (CARDINAL), jammu (GPE), lone (ORG), kashmiris (PERSON)",4
NDTV,Unknown,top court appoints singlejudge panel to verify genuine noida flat claimants,the order came in a longrunning dispute,https://www.ndtv.com/india-news/top-court-appoints-single-judge-panel-to-verify-genuine-noida-flat-claimants-12131791#publisher=newsstand,"court, appoints, single",en,2026-10-02 18:26:32,2026-10-03 05:44:44,2026,10,2,Friday,,0
NDTV,Unknown,new hero israeli envoy puts up billboard in mumbai praising flydubai pilot,the billboard was put up in mumbai,https://www.ndtv.com/india-news/new-hero-israeli-envoy-puts-up-billboard-in-mumbai-praising-flydubai-pilot-12131786#publisher=newsstand,"billboard, mumbai, hero",en,2026-10-02 18:25:19,2026-10-03 05:44:44,2026,10,2,Friday,"israeli (NORP), mumbai (GPE), mumbai (GPE)",3
Times of India,CHAITANYA MARPAKWAR,maha govt took nonconfrontational approach to avoid cjp stir getting bigger officials,in a remarkable display of solidarity the cockroach janta partys protest at shivaji park drew approximately 10000 participants the event which was marred by a lack of official sanction from local authorities proceeded peacefully as mumbai police effectively controlled the crowd much to the appreciation of protest leader abhijeet dipke,https://timesofindia.indiatimes.com/city/mumbai/maha-govt-took-non-confrontational-approach-to-avoid-stir-getting-bigger/articleshow/134645243.cms,"protest, maha, govt",en,2026-10-02 18:23:09,2026-10-03 05:44:44,2026,10,2,Friday,"approximately 10000 (CARDINAL), mumbai (GPE)",2
NDTV,Unknown,g7 nations to release 100 million barrels of oil amid fuel price surge,the leaders also said that there would be no ban on diesel exports between them,https://www.ndtv.com/world-news/g7-nations-to-release-100-million-barrels-of-oil-amid-fuel-price-surge-12131779#publisher=newsstand,"nations, release, million",en,2026-10-02 18:22:56,2026-10-03 05:44:44,2026,10,2,Friday,100 million barrels (QUANTITY),1
NDTV,Unknown,russias new weapon against ukraine aigenerated songs,in total as many as 981 songs were found to be prorussian war propaganda,https://www.ndtv.com/world-news/russia-ukraine-war-vladimir-putin-ballads-to-thrash-metal-russia-is-using-ai-songs-to-promote-war-12131709#publisher=newsstand,"songs, russia, weapon",en,2026-10-02 18:21:03,2026-10-03 05:44:44,2026,10,2,Friday,"ukraine (GPE), as many as 981 (CARDINAL)",2
India Today,Unknown,how did smit machchhar avert disaster despite injuries pilots discuss flydubai attack,how did smit machchhar avert disaster despite injuries pilots discuss flydubai attack,https://www.indiatoday.in/programme/newstrack/video/how-did-smit-machchhar-avert-disaster-despite-injuries-pilots-discuss-flydubai-attack-3008502-2026-10-02?utm_source=rss,"smit, machchhar, avert",en,2026-10-02 18:04:16,2026-10-03 05:44:45,2026,10,2,Friday,,0
Times of India,MUKUT DAS,woman stripped assaulted at guwahati club manager detained,a disturbing event unfolded at a nightclub in khanapara guwahati where a woman was assaulted and stripped the club manager has been taken in for questioning regarding the incident several witnesses alleged that bouncers participated in the assault and saw the attack firsthand a video on social media depicts the victim being abused by two women as others stood by,https://timesofindia.indiatimes.com/city/guwahati/video-of-woman-being-stripped-assaulted-at-city-nightclub-goes-viral-manager-detained/articleshow/134644976.cms,"woman, stripped, assaulted",en,2026-10-02 17:59:38,2026-10-03 05:44:43,2026,10,2,Friday,"guwahati club (ORG), khanapara guwahati (PERSON), two (CARDINAL)",3
Hindustan Times,Unknown,1000 detained as delhi cops thwart jantar mantar protest against gyanesh kumar,among those detained were political leaders and student activists demanding accountability over electoral roll irregularities,https://www.hindustantimes.com/india-news/1000-detained-as-delhi-cops-thwart-jantar-mantar-protest-against-gyanesh-kumar-101790963614683.html,"detained, delhi, cops",en,2026-10-02 17:53:34,2026-10-03 05:44:44,2026,10,2,Friday,"1000 (CARDINAL), jantar mantar (ORG)",2
Times of India,TOI WORLD DESK,maryland homeowner gets 234368 check for home new law bans such offers,effective october 1 maryland introduced legislation banning unsolicited checks sent with home purchase offers this initiative is designed to safeguard homeowners from misleading marketing strategies from property investors consumer advocates highlighted the risk of vulnerable owners being tricked into agreements upon receiving such checks historical precedents in consumer lending underline the necessity for legal protections advising homeowners against accepting random financial items received through mail,https://timesofindia.indiatimes.com/world/us/a-maryland-homeowner-received-an-unsolicited-234368-25-check-tied-to-an-offer-for-her-property-a-state-law-that-took-effect-on-october-1-now-bans-sending-such-checks-with-unsolicited-purchase-offers/articleshow/134644540.cms,"maryland, home, such",en,2026-10-02 17:46:59,2026-10-03 05:44:44,2026,10,2,Friday,"maryland (GPE), 234368 (CARDINAL), october 1 (DATE), maryland (GPE)",4
India Today,Unknown,75yearold man complains of chest pain at cjp protest dies after hospitalisation,yearold man complains of chest pain at cjp protest dies after hospitalisation,https://www.indiatoday.in/cities/mumbai/story/shivaji-park-protest-thane-man-dies-after-heart-attack-3008486-2026-10-02?utm_source=rss,"complains, chest, pain",en,2026-10-02 17:40:09,2026-10-03 05:44:45,2026,10,2,Friday,hospitalisation yearold (EVENT),1
India Today,Unknown,after mumbai cjp to take antigyanesh protests to karnataka up and bengal,after mumbai cjp to take antigyanesh protests to karnataka up and bengal,https://www.indiatoday.in/programme/news-today/video/after-mumbai-cjp-to-take-anti-gyanesh-protests-to-karnataka-up-and-bengal-3008488-2026-10-02?utm_source=rss,"mumbai, take, protests",id,2026-10-02 17:39:17,2026-10-03 05:44:45,2026,10,2,Friday,"mumbai (GPE), mumbai (GPE)",2
India Today,Unknown,mizoram rewards lalremsiami lalthantluangi with rs 25 lakh each for hockey gold,mizoram rewards lalremsiami lalthantluangi with rs  lakh each for hockey gold,https://www.indiatoday.in/sports/asian-games/story/mizoram-rs-25-lakh-reward-lalremsiami-lalthantluangi-asian-games-hockey-gold-3008480-2026-10-02?utm_source=rss,"mizoram, rewards, lalremsiami",en,2026-10-02 17:26:32,2026-10-03 05:44:45,2026,10,2,Friday,"lalremsiami lalthantluangi (PERSON), 25 (CARDINAL)",2
India Today,Unknown,pm modi speaks to injured flydubai pilot netanyahu warns attackers of heavy price,pm modi speaks to injured flydubai pilot netanyahu warns attackers of heavy price,https://www.indiatoday.in/programme/india-first/video/pm-modi-speaks-to-injured-flydubai-pilot-netanyahu-warns-attackers-of-heavy-price-3008479-2026-10-02?utm_source=rss,"modi, speaks, injured",en,2026-10-02 17:23:01,2026-10-03 05:44:45,2026,10,2,Friday,,0
Times of India,TOI TECH DESK,china tells families of ai executives to get permission before travelling abroad,china is implementing expanded travel restrictions on senior professionals in the ai and semiconductor sectors family members including spouses and children may now require government approval for overseas travel these measures aim to prevent the outflow of sensitive technology information and talent the restrictions specifically target privatesector talent critical to chinas technological ambitions this policy reflects wider concerns over losing important expertise to other countries during global competition,https://timesofindia.indiatimes.com/technology/tech-news/chinese-government-to-families-of-ceos-ctos-and-other-top-executives-working-in-ai-companies-you-need-permission-to-travel-to-/articleshow/134644229.cms,"china, travel, restrictions",en,2026-10-02 17:20:05,2026-10-03 05:44:43,2026,10,2,Friday,"china (GPE), china (GPE)",2
India Today,Unknown,cipla pune warehouse loses licence after fda flags packaging storage lapses,cipla pune warehouse loses licence after fda flags packaging storage lapses,https://www.indiatoday.in/health/story/cipla-pune-warehouse-licence-cancelled-over-reactin-plus-and-storage-lapses-3008426-2026-10-02?utm_source=rss,"cipla, pune, warehouse",en,2026-10-02 16:04:34,2026-10-03 05:44:45,2026,10,2,Friday,"fda (ORG), fda (ORG)",2
Hindustan Times,Unknown,pargat singh appointed punjab congress chief after warrings exit takes charge ahead of 2027 assembly polls,amarinder singh raja warring who had headed the state unit since april 2022 met rahul gandhi in delhi and submitted his resignation,https://www.hindustantimes.com/india-news/pargat-singh-appointed-punjab-congress-chief-after-warrings-exit-takes-charge-ahead-of-2027-assembly-polls-101790956048595.html,"singh, warring, pargat",en,2026-10-02 15:59:55,2026-10-03 05:44:44,2026,10,2,Friday,"congress (ORG), 2027 (DATE), singh (GPE), april 2022 (DATE), delhi (GPE)",5
Hindustan Times,Unknown,mohammad deepak gets bail after arrest over kotdwar trader altercation,gym owner mohammad deepak was granted bail by an sdm court after his preventive arrest over an alleged altercation with a kotdwar trader,https://www.hindustantimes.com/india-news/mohammad-deepak-gets-bail-after-arrest-over-kotdwar-trader-altercation-101790955938243.html,"mohammad, deepak, bail",en,2026-10-02 15:45:37,2026-10-03 05:44:44,2026,10,2,Friday,mohammad deepak (PERSON),1
Hindustan Times,Unknown,minitruck crashes into road divider in dry bihar locals loot liquor bottles as driver flees,police said they were scrutinising cctvfootage and social media video clips to book people who had raided the vehicle and retrieve the liquor bottles from them,https://www.hindustantimes.com/india-news/minitruck-crashes-into-road-divider-in-dry-bihar-locals-loot-liquor-bottles-as-driver-flees-101790955337202.html,"liquor, bottles, mini",en,2026-10-02 15:35:36,2026-10-03 05:44:44,2026,10,2,Friday,minitruck (ORG),1
Hindustan Times,Unknown,cjps dipke warns of jantar mantar 20 at mumbai protest demands cec gyanesh kumars resignation,cjp founder abhijeet dipke demanded cec gyanesh kumars resignation at a mumbai protest alleging mass voterroll deletions under the sir process,https://www.hindustantimes.com/india-news/mumbai-cjp-s-dipke-warns-of-jantar-mantar-2-0-demands-gyanesh-kumar-s-resignation-101790954017021.html,"dipke, mumbai, protest",en,2026-10-02 15:13:36,2026-10-03 05:44:44,2026,10,2,Friday,"jantar mantar (ORG), 20 (DATE), mumbai (GPE), mumbai (GPE)",4
Hindustan Times,Unknown,they shot down their own satellite exofficial recalls us shock over indias asat missile test,grusch claimed that americas national reconaissance office had scrambled to assess the impact of debris following the test,https://www.hindustantimes.com/india-news/former-us-official-recalls-nro-shock-over-indias-2019-mission-shakti-missile-test-101790945149543.html,"test, shot, down",en,2026-10-02 15:06:54,2026-10-03 05:44:44,2026,10,2,Friday,americas national reconaissance office (ORG),1
India Today,Unknown,why this mumbai protester calls herself an auntynational,why this mumbai protester calls herself an auntynational,https://www.indiatoday.in/newsmo/short-videos/why-this-mumbai-protester-calls-herself-an-aunty-national-3008355-2026-10-02?utm_source=rss,"mumbai, protester, calls",en,2026-10-02 14:43:21,2026-10-03 05:44:45,2026,10,2,Friday,,0
Times of India,PRIYANKA MUKHERJEE,warring out pargat in has congress solved punjab crisis or set stage for another twist,amarinder singh raja warring has officially resigned as the president of punjab congress after more than four years in leadership a decision that follows consultations with rahul gandhi concerning the partys circumstances in the state as internal strife persists pargat singh has been appointed as the new leader reflecting the ongoing factional disputes this change poses questions about the future unity and direction of punjab congress amidst its turbulent dynamics,https://timesofindia.indiatimes.com/india/warring-out-channi-not-in-yet-has-congress-solved-punjab-crisis-or-created-more-confusion/articleshow/134640757.cms,"congress, punjab, warring",en,2026-10-02 14:37:33,2026-10-03 05:44:44,2026,10,2,Friday,"congress (ORG), singh (GPE), congress (ORG), more than four years (DATE), gandhi (PERSON), singh (GPE), congress (ORG)",7
India Today,Unknown,pope leo wants artists to join the church and protect humanity from ai,pope leo wants artists to join the church and protect humanity from ai,https://www.indiatoday.in/technology/news/story/pope-leo-wants-artists-to-join-the-church-and-protect-humanity-from-ai-3008338-2026-10-02?utm_source=rss,"pope, wants, artists",en,2026-10-02 14:31:18,2026-10-03 05:44:45,2026,10,2,Friday,"pope leo (PERSON), ai pope (PERSON)",2
Hindustan Times,Unknown,decomposed body of 27yearold doctor found in hyderabad apartment cops suspect foul play as partner missing,the deceased a paediatrician who recently completed her postgraduate medical training in warangal 150km from hyderabad,https://www.hindustantimes.com/india-news/27yrold-doctor-found-dead-in-hyderabad-service-apartment-her-partner-missing-police-101790950236558.html,"hyderabad, decomposed, body",en,2026-10-02 14:10:36,2026-10-03 05:44:44,2026,10,2,Friday,"27yearold (CARDINAL), 150km (QUANTITY)",2
India Today,Unknown,monsoon withdrawal advances saturday rain expected in south northeast,monsoon withdrawal advances saturday rain expected in south northeast,https://www.indiatoday.in/science/story/monsoon-retreat-india-october-weather-forecast-rain-storms-keralam-tamil-nadu-3008153-2026-10-02?utm_source=rss,"monsoon, withdrawal, advances",en,2026-10-02 14:00:00,2026-10-03 05:44:45,2026,10,2,Friday,"saturday (DATE), south northeast (LOC), saturday (DATE), south northeast (LOC)",4
India Today,Unknown,you messed with the wrong generation we want fair voting,you messed with the wrong generation we want fair voting,https://www.indiatoday.in/newsmo/short-videos/you-messed-with-the-wrong-generation-we-want-fair-voting-3008316-2026-10-02?utm_source=rss,"messed, wrong, generation",en,2026-10-02 13:54:45,2026-10-03 05:44:45,2026,10,2,Friday,,0
Times of India,TOI WORLD DESK,illinois farmer earns 120000 a year from 10 wind turbines,grain farmers across rural america are increasingly finding financial relief through payments from wind turbines placed on their land these earnings serve as a buffer against the ups and downs of crop pricing while also bolstering local government funding yet the introduction of wind turbines is not without its challenges as it breeds discord between farmers who benefit and those who feel left out,https://timesofindia.indiatimes.com/world/us/illinois-farmer-john-dollingers-family-hosted-10-wind-turbines-across-800-acres-payments-began-at-10000-per-turbine-a-year-and-by-2025-had-risen-to-about-120000-annually-across-the-farm/articleshow/134640231.cms,"wind, turbines, farmers",en,2026-10-02 13:34:21,2026-10-03 05:44:44,2026,10,2,Friday,"illinois farmer earns (ORG), 120000 (DATE), 10 (CARDINAL), america (GPE)",4
Hindustan Times,Unknown,milind deora writes to pm modi seeks ashok chakra for flydubai captain machchhar,shiv sena mp milind deora said captain machchhar put the lives of others before his own and continued to act despite being seriously wounded,https://www.hindustantimes.com/india-news/milind-deora-writes-to-pm-modi-seeks-ashok-chakra-for-flydubai-captain-machchhar-101790947836192.html,"milind, deora, captain",en,2026-10-02 13:30:35,2026-10-03 05:44:44,2026,10,2,Friday,"deora (PERSON), machchhar shiv (PERSON), deora (PERSON)",3
Hindustan Times,Unknown,ed summons mp avinash reddy over  40 crore vivekananda reddy murder money trail,the ed has summoned ysr congress party mp y s avinash reddy for questioning on october 14 over the alleged  40crore money trail in the murder case,https://www.hindustantimes.com/india-news/ed-summons-mp-avinash-reddy-over-40-crore-vivekananda-reddy-murder-money-trail-101790947117372.html,"reddy, avinash, over",en,2026-10-02 13:18:36,2026-10-03 05:44:44,2026,10,2,Friday,"over  40 (CARDINAL), ed (PERSON), october 14 (DATE), 40crore (CARDINAL)",4
Hindustan Times,Unknown,injured under attack but one last push 3 chilling details indian pilot smit machchhar gave pm modi on flydubai nightmare,flydubai pilotincommand smit machchhar speaking to pm modi from his hospital bed on friday said he could not let all those people die,https://www.hindustantimes.com/india-news/injured-under-attack-but-one-last-push-3-chilling-details-indian-pilot-smit-machchhar-gave-pm-modi-on-flydubai-nightmare-101790943224504.html,"pilot, smit, machchhar",en,2026-10-02 13:06:10,2026-10-03 05:44:44,2026,10,2,Friday,"one (CARDINAL), 3 (CARDINAL), indian (NORP), friday (DATE)",4
India Today,Unknown,why did mumbai protesters bring their kids along,why did mumbai protesters bring their kids along,https://www.indiatoday.in/newsmo/short-videos/why-did-mumbai-protesters-bring-their-kids-along-3008277-2026-10-02?utm_source=rss,"mumbai, protesters, bring",en,2026-10-02 12:56:32,2026-10-03 05:44:45,2026,10,2,Friday,"mumbai (GPE), mumbai (GPE)",2
Times of India,TOI LIFESTYLE DESK,software engineer turns childhood skill into 100anhour side hustle,priyancka jaiin reveals how her childhood love for mehndi has blossomed into a lucrative side hustle while maintaining her career as a software engineer she serves clients with mehndi designs for a variety of events her artistry not only brings joy to brides but also supports cancer patients and motherstobe emphasizing careful practice jaiin showcases that a simple hobby can evolve into a significant source of creativity and fulfillment,https://timesofindia.indiatimes.com/life-style/people/from-software-engineer-to-100-an-hour-mehndi-artist-how-woman-turned-a-childhood-skill-into-a-thriving-side-hustle/articleshow/134638810.cms,"into, software, engineer",en,2026-10-02 12:33:40,2026-10-03 05:44:44,2026,10,2,Friday,100anhour (CARDINAL),1
Hindustan Times,Unknown,ht evening brief october 2 india shines at asian games dipke launches cjp protest 20 in mumbai and more,here are the top headlines from the day covering india the world sports and entertainment,https://www.hindustantimes.com/india-news/ht-evening-brief-october-2-india-shines-at-asian-games-dipke-launches-cjp-protest-in-mumbai-pm-modi-smit-machchhar-top-news-101790941102705.html,"india, evening, brief",en,2026-10-02 12:31:18,2026-10-03 05:44:44,2026,10,2,Friday,"october 2 (DATE), india (GPE), asian (NORP), 20 (CARDINAL), mumbai (GPE), the day (DATE), india (GPE)",7
Hindustan Times,Unknown,over 350 pilgrims stopped as landslide blocks adi kailash route in uttarakhand,more than 350 pilgrims heading to adi kailash were stopped at dharchula after a landslide blocked the route to gunji in uttarakhands pithoragarh district,https://www.hindustantimes.com/india-news/over-350-pilgrims-stopped-as-landslide-blocks-adi-kailash-route-in-uttarakhand-101790943874651.html,"pilgrims, stopped, landslide",en,2026-10-02 12:24:34,2026-10-03 05:44:44,2026,10,2,Friday,"over 350 (CARDINAL), more than 350 (CARDINAL)",2
Hindustan Times,Unknown,javed akhtars jibe at cjp protest critics same intensity for political jalsas,abhijeet dipke who founded the cjp had announced a nationwide agitation after a news report alleging dissent within the election commission emerged,https://www.hindustantimes.com/india-news/javed-akhtars-jibe-at-cjp-protest-critics-same-intensity-for-political-jalsas-101790940653957.html,"javed, akhtar, jibe",en,2026-10-02 12:24:18,2026-10-03 05:44:44,2026,10,2,Friday,,0
India Today,Unknown,election commission of india  crisis of credibility,election commission of india  crisis of credibility,https://www.indiatoday.in/magazine/cover-story/story/20261012-election-commission-of-india-crisis-of-credibility-3007884-2026-10-02?utm_source=rss,"election, commission, india",en,2026-10-02 11:35:56,2026-10-03 05:44:45,2026,10,2,Friday,"election commission (ORG), india (GPE), india (GPE)",3
Hindustan Times,Unknown,two spaces one legacy inside mahatma gandhis birthplace and kirti mandir memorial,the archaeological survey of india looks after gandhis birthplace while the state government maintains the kirti mandir memorial through a committee,https://www.hindustantimes.com/india-news/two-spaces-one-legacy-inside-mahatma-gandhi-birthplace-and-kirti-mandir-memorial-101790936356601.html,"birthplace, kirti, mandir",en,2026-10-02 11:34:56,2026-10-03 05:44:44,2026,10,2,Friday,"two (CARDINAL), mahatma (PERSON), kirti mandir memorial (PERSON), india (GPE)",4
Times of India,TOI SCIENCE DESK,hawaiis rosy wolfsnail mistake ends with native snails return to the wild,news article about hawaiis rosy wolfsnail mistake ends with native snails return to the wild,https://timesofindia.indiatimes.com/science/wildlife/in-1955-hawaii-introduced-the-rosy-wolfsnail-to-control-giant-african-snails-it-instead-devastated-native-tree-snails-and-69-years-later-a-species-extinct-in-the-wild-since-1991-was-reintroduced/articleshow/134601431.cms,"hawaii, rosy, wolfsnail",en,2026-10-02 11:29:36,2026-10-03 05:44:44,2026,10,2,Friday,,0
India Today,Unknown,the menstrual makeover  menstrual hygiene in india,the menstrual makeover  menstrual hygiene in india,https://www.indiatoday.in/magazine/health/story/20261012-the-menstrual-makeover-menstrual-hygiene-in-india-3007888-2026-10-02?utm_source=rss,"menstrual, makeover, hygiene",en,2026-10-02 11:12:29,2026-10-03 05:44:45,2026,10,2,Friday,"india (GPE), india (GPE)",2
India Today,Unknown,qa with fatima sana shaikh  keeping it classy,qa with fatima sana shaikh  keeping it classy,https://www.indiatoday.in/magazine/leisure/story/20261012-qa-with-fatima-sana-shaikh-keeping-it-classy-3007965-2026-10-02?utm_source=rss,"fatima, sana, shaikh",en,2026-10-02 11:05:53,2026-10-03 05:44:45,2026,10,2,Friday,"fatima (PERSON), sana shaikh (PERSON), fatima (PERSON), sana shaikh (PERSON)",4
India Today,Unknown,mumbai content creator hits 500k on instagram her fathers reaction steals the show,mumbai content creator hits k on instagram her fathers reaction steals the show,https://www.indiatoday.in/trending-news/story/mumbai-content-creator-hits-500k-on-instagram-her-fathers-reaction-steals-the-show-3008096-2026-10-02?utm_source=rss,"mumbai, content, creator",en,2026-10-02 10:59:00,2026-10-03 05:44:45,2026,10,2,Friday,"mumbai (GPE), 500k (PRODUCT)",2
Hindustan Times,Unknown,pilots body urges pm modi to give flydubai captain smit machchhar a bravery award for saving 182 lives,the pilots body described smit machchhars actions during the flydubai incident as an act of extraordinary courage and exemplary devotion to duty,https://www.hindustantimes.com/india-news/pilots-body-urges-pm-modi-to-give-flydubai-captain-smit-machchhar-a-bravery-award-for-saving-182-lives-101790938038445.html,"pilots, body, flydubai",en,2026-10-02 10:58:01,2026-10-03 05:44:44,2026,10,2,Friday,182 (CARDINAL),1
Hindustan Times,Unknown,mayawatis nephew akash anand seeks another chance in bsp after expulsion rules out joining another party,breaking his silence for the first time since mayawati expelled him on september 10 akash addressed her as behen ji and described her as his political guru,https://www.hindustantimes.com/india-news/mayawati-nephew-akash-anand-seeks-another-chance-in-bsp-after-expulsion-rules-out-joining-another-party-101790937452190.html,"mayawati, akash, another",en,2026-10-02 10:50:57,2026-10-03 05:44:44,2026,10,2,Friday,"first (ORDINAL), september 10 (DATE)",2
Hindustan Times,Unknown,the roar is back in bengals buxa after 8 years 3yrold tigress from bihar released into reserve,the threeyearold tigress was released in the presence of union environment forest and climate change minister bhupender yadav and west bengal chief minister suvendu adhikari,https://www.hindustantimes.com/india-news/the-roar-is-back-in-bengal-s-buxa-after-8-years-3-yr-old-tigress-from-bihar-released-into-reserve-101790937875069.html,"tigress, released, minister",en,2026-10-02 10:44:34,2026-10-03 05:44:44,2026,10,2,Friday,"8 years 3yrold (DATE), suvendu adhikari (PERSON)",2
Hindustan Times,Unknown,abhijeet dipke explains why cjp is holding mumbai protest against poll panel despite jantar mantar agitation outcome,the cjp protest in mumbai was slated to start at 4 pm on friday near gate no 6 of chhatrapati shivaji maharaj park abhijeet dipke said on thursday,https://www.hindustantimes.com/india-news/why-is-abhijeet-dipke-cjp-holding-protest-from-mumbai-not-delhi-where-it-got-pradhan-resignation-from-cjp-protest-101790935103285.html,"abhijeet, dipke, mumbai",en,2026-10-02 10:39:42,2026-10-03 05:44:44,2026,10,2,Friday,"jantar mantar (ORG), mumbai (GPE), 4 pm (TIME), friday (DATE), thursday (DATE)",5
Hindustan Times,Unknown,you have saved everyone done something massive pm modi to flydubais indian pilot smit machchhar,pm modi connected with capt smit machchhar through a video call and told him that his actions had saved everyone on board the flight,https://www.hindustantimes.com/india-news/you-saved-everyone-pm-modi-lauds-smit-machchhar-for-protecting-image-of-indian-pilots-flydubai-incident-101790933447614.html,"saved, everyone, modi",en,2026-10-02 10:33:54,2026-10-03 05:44:44,2026,10,2,Friday,indian (NORP),1
Hindustan Times,Unknown,how mp health directorate created a hospital on paper and paid  1462 lakh,a health centre that does not exist on the ground received  1462 lakh for upkeep raising questions over how the mp health directorate approved the funds,https://www.hindustantimes.com/india-news/how-mp-health-directorate-created-a-hospital-on-paper-and-paid-rs-14-62-lakh-101790935413648.html,"health, directorate, lakh",en,2026-10-02 10:03:33,2026-10-03 05:44:44,2026,10,2,Friday,"1462 (DATE), 1462 (CARDINAL)",2
Hindustan Times,Unknown,delhi metro band karna kya hai dipke asks as cjp protest in shivaji park sparks inconvenience debate,the delhi metro authorities announced closure of at least 12 stations in view of the protest at jantar mantar on friday,https://www.hindustantimes.com/india-news/cjp-abhijeet-dipke-news-delhi-metro-closure-mumbai-shivaji-park-protest-inconvenience-debate-101790932291880.html,"delhi, metro, protest",en,2026-10-02 10:00:18,2026-10-03 05:44:44,2026,10,2,Friday,"delhi (GPE), metro (FAC), karna kya (PERSON), hai (GPE), metro (FAC), at least 12 (CARDINAL), jantar mantar (ORG), friday (DATE)",8
Hindustan Times,Unknown,delhi dry days liquor shops to remain shut on gandhi jayanti diwali guru nanak jayanti,delhi will observe three dry days in 2026 with liquor sales banned on october 2 diwali on november 8 and guru nanaks birth anniversary on november 24,https://www.hindustantimes.com/india-news/delhi-dry-days-liquor-shops-to-remain-shut-on-gandhi-jayanti-diwali-guru-nanak-jayanti-101790934572811.html,"delhi, days, liquor",en,2026-10-02 09:49:32,2026-10-03 05:44:44,2026,10,2,Friday,"days (DATE), gandhi jayanti (PERSON), jayanti delhi (GPE), three dry days (DATE), 2026 (DATE), october 2 (DATE), november 8 (DATE), november 24 (DATE)",8
India Today,Unknown,what the fk is going on exus intel officer recalls indias asat missile test,what the fk is going on exus intel officer recalls indias asat missile test,https://www.indiatoday.in/india/story/former-us-intel-officer-podcast-india-secret-anti-satellite-missile-test-3008071-2026-10-02?utm_source=rss,"going, intel, officer",en,2026-10-02 09:44:13,2026-10-03 05:44:45,2026,10,2,Friday,"intel (ORG), intel (ORG)",2
Hindustan Times,Unknown,allahabad hc judge flags issues with full court meetings says last 2 seemed stagemanaged,allahabad hc judge flags issues with full court meetings says last 2 seemed stagemanaged,https://www.hindustantimes.com/india-news/allahabad-hc-judge-flags-issues-with-full-court-meetings-says-last-2-seemed-stagemanaged-101790934210713.html,"allahabad, judge, flags",en,2026-10-02 09:43:30,2026-10-03 05:44:44,2026,10,2,Friday,"last 2 (CARDINAL), last 2 (CARDINAL)",2
Hindustan Times,Unknown,ara derailment despite railway board warning officials deployed crew without proper route learning,ara derailment despite railway board warning officials deployed crew without proper route learning,https://www.hindustantimes.com/india-news/ara-derailment-despite-railway-board-warning-officials-deployed-crew-without-proper-route-learning-101790933961246.html,"derailment, despite, railway",en,2026-10-02 09:39:20,2026-10-03 05:44:44,2026,10,2,Friday,ara derailment (PERSON),1
Hindustan Times,Unknown,500 detained internet cut clips from police buses high drama in delhi as jantar mantar sees protests again,protesters demand gyanesh kumars resignation over the functioning of the ec and its handling of electoral rolls and the sir exercise,https://www.hindustantimes.com/india-news/500-detained-internet-cut-clips-from-police-buses-high-drama-in-delhi-as-jantar-mantar-sees-protests-again-aap-aisa-neha-bora-gyanesh-kumar-cjp-101790928111590.html,"detained, internet, clips",en,2026-10-02 09:11:37,2026-10-03 05:44:44,2026,10,2,Friday,"500 (CARDINAL), delhi (GPE), jantar mantar (ORG), ec (ORG)",4
India Today,Unknown,is nike struggling weak sales layoffs raise questions for just do it brand,is nike struggling weak sales layoffs raise questions for just do it brand,https://www.indiatoday.in/business/story/nike-struggling-sales-decline-layoffs-china-weakness-turnaround-mbappe-left-3007988-2026-10-02?utm_source=rss,"nike, struggling, weak",en,2026-10-02 09:10:47,2026-10-03 05:44:45,2026,10,2,Friday,,0
Hindustan Times,Unknown,12hour internet shutdown ordered at jantar mantar amid protest against cec gyanesh kumar,this marks the second shutdown at the site in three months following an internet suspension in july during a cjp protest over the neet paper leak,https://www.hindustantimes.com/india-news/delhi-jantar-mantar-internet-suspended-police-latest-news-101790931743504.html,"internet, shutdown, protest",en,2026-10-02 09:05:03,2026-10-03 05:44:44,2026,10,2,Friday,"12hour (CARDINAL), jantar mantar (ORG), cec gyanesh kumar (ORG), second (ORDINAL), three months (DATE), july (DATE)",6
Hindustan Times,Unknown,2 tamil nadu officials suspended over hindi signposts on state highway,the govt stated that action will be taken against those responsible amid demands from local political parties for accountability regarding hindi imposition,https://www.hindustantimes.com/india-news/2-tamil-nadu-officials-suspended-over-hindi-signposts-on-state-highway-amid-uproar-101790931696034.html,"hindi, tamil, nadu",en,2026-10-02 09:01:35,2026-10-03 05:44:44,2026,10,2,Friday,2 (CARDINAL),1
Hindustan Times,Unknown,could feel flight going down couldnt let passengers die smit machchhar tells pm modi about flydubai ordeal,during a video call with modi machchhar recalled the moments of the midair crisis and how he forced himself to act even after being badly injured,https://www.hindustantimes.com/india-news/could-feel-flight-going-down-couldnt-let-passengers-die-smit-machchhar-modi-flydubai-101790930976887.html,"machchhar, modi, could",en,2026-10-02 08:59:26,2026-10-03 05:44:44,2026,10,2,Friday,,0
India Today,Unknown,infections linked to over 19 lakh cancer cases in india,infections linked to over  lakh cancer cases in india,https://www.indiatoday.in/health/story/infection-linked-cancer-cases-india-who-iarc-1-9-lakh-annually-3008018-2026-10-02?utm_source=rss,"infections, linked, over",en,2026-10-02 08:40:17,2026-10-03 05:44:45,2026,10,2,Friday,"19 (CARDINAL), india (GPE), india (GPE)",3
Hindustan Times,Unknown,delhi consumer court orders swiggy restaurant to pay  1 lakh over misleading buffet price,a delhi consumer court held swiggy and a restaurant liable for misleading buffet prices on dineout and ordered them to jointly pay  1 lakh to a customer,https://www.hindustantimes.com/india-news/delhi-consumer-court-orders-swiggy-restaurant-to-pay-1-lakh-over-misleading-buffet-price-101790929232471.html,"delhi, consumer, court",en,2026-10-02 08:20:31,2026-10-03 05:44:44,2026,10,2,Friday,"1 (CARDINAL), 1 (CARDINAL)",2
Hindustan Times,Unknown,gandhi jayanti 2026 are banks open or closed today check october 2 bank holiday status,are banks open today on gandhi jayanti heres what customers need to know about branch closures and available banking services,https://www.hindustantimes.com/india-news/gandhi-jayanti-2026-are-banks-open-or-closed-today-check-october-2-bank-holiday-status-101790919163371.html,"gandhi, jayanti, banks",en,2026-10-02 08:09:23,2026-10-03 05:44:44,2026,10,2,Friday,"gandhi jayanti (PERSON), 2026 (DATE), today (DATE), october 2 bank (DATE), today (DATE), gandhi jayanti (PERSON)",6
Hindustan Times,Unknown,mithi river desilting case mumbai police question bollywood actor dino morea,bollywood actor dino morea and his brother santino rocco morea were also questioned in the case in may 2025,https://www.hindustantimes.com/india-news/mithi-river-desilting-case-mumbai-police-question-bollywood-actor-dino-morea-101790928273548.html,"morea, case, bollywood",en,2026-10-02 08:04:33,2026-10-03 05:44:44,2026,10,2,Friday,"dino morea bollywood (PERSON), dino morea (PERSON), santino rocco (PERSON), may 2025 (DATE)",4
Hindustan Times,Unknown,should get to crossexamine sc judge exacting rajasthan cj accused of corruption,sharma said he has written to cji surya kant seeking an opportunity to crossexamine justice sandeep mehta over the allegations against him,https://www.hindustantimes.com/india-news/rajasthan-hc-justice-sandeep-mehta-sanjiv-prakash-sharma-corruption-chief-justice-supreme-court-101790906493477.html,"cross, examine, should",en,2026-10-02 07:57:47,2026-10-03 05:44:44,2026,10,2,Friday,,0
Hindustan Times,Unknown,28 geo features in ladakh formally identified on survey of india map,guru rinpoche has been identified as a lake and yangpa as a river while hot spring has been classified as a water body,https://www.hindustantimes.com/india-news/28-geographical-features-in-ladakh-formally-identified-on-survey-of-india-map-101790924692819.html,"identified, been, features",en,2026-10-02 07:12:34,2026-10-03 05:44:44,2026,10,2,Friday,"28 (CARDINAL), geo (PRODUCT), india (GPE)",3
Hindustan Times,Unknown,recited hanuman chalisa indian pilot stabbed on flydubai flight tells pm modi on video call,captain smit machchhar became emotional during the interaction and told modi that it was a very special moment for him to speak with the prime minister,https://www.hindustantimes.com/india-news/recited-hanuman-chalisa-indian-pilot-stabbed-on-flydubai-flight-tells-pm-modi-on-video-call-101790923387408.html,"modi, recited, hanuman",en,2026-10-02 06:59:09,2026-10-03 05:44:44,2026,10,2,Friday,indian (NORP),1
Hindustan Times,Unknown,everyone should reach jantar mantar detained aap leader bharadwajs appeal from police van  video,in a video shared on x aap leader saurabh bhardwaj said he and aap mla sanjeev jha were detained despite the protest being peaceful,https://www.hindustantimes.com/india-news/everyone-should-reach-jantar-mantar-detained-aap-leader-bharadwaj-appeal-from-delhi-police-van-101790919863885.html,"detained, leader, video",en,2026-10-02 06:53:58,2026-10-03 05:44:44,2026,10,2,Friday,jantar mantar (ORG),1
Hindustan Times,Unknown,govt to deliberate on advisory for indian airlines after flydubai cockpit stabbing,flydubai flight fz1073 a boeing 737 max 8 carrying 174 passengers plunged 14300ft in about 30 seconds over northern saudi arabia,https://www.hindustantimes.com/india-news/flydubai-airlines-tel-aviv-israel-abu-dhabi-saudi-arabia-smit-machchhar-civil-aviation-ministry-pilot-safety-advisory-101790912484180.html,"flydubai, govt, deliberate",en,2026-10-02 06:20:14,2026-10-03 05:44:44,2026,10,2,Friday,"indian (NORP), fz1073 (PRODUCT), boeing (ORG), 737 (PRODUCT), 8 (CARDINAL), 174 (CARDINAL), 14300 (CARDINAL), about 30 seconds (TIME), saudi arabia (GPE)",9
Hindustan Times,Unknown,house panel might consider recommending measures for cryptocurrency monitoring,lawmakers might ask the government to bring in better technology to track crypto transactions build more blockchain capacity,https://www.hindustantimes.com/india-news/house-panel-might-consider-recommending-measures-for-cryptocurrency-monitoring-101790921912163.html,"might, house, panel",en,2026-10-02 06:18:31,2026-10-03 05:44:44,2026,10,2,Friday,house (ORG),1
Hindustan Times,Unknown,girl boy sexually assaulted inside vacant faridabad building 3 arrested cops,police said efforts are on to arrest three more accused,https://www.hindustantimes.com/india-news/girl-boy-sexually-assaulted-inside-vacant-faridabad-building-3-arrested-police-101790921705617.html,"girl, sexually, assaulted",en,2026-10-02 06:18:18,2026-10-03 05:44:44,2026,10,2,Friday,"3 (CARDINAL), three (CARDINAL)",2
GNews,Unknown,ind vs pak asian games 2026 cricket final schedule and watch india vs pakistan live streaming and telecast  olympicscom,ind vs pak asian games 2026 cricket final schedule and watch india vs pakistan live streaming and telecast  olympicscom,https://news.google.com/rss/articles/CBMiqAFBVV95cUxPa0NmUDJGWmExU2h3cTlqTXdCSDdkVkxSeGJYYV9BU3V2dkYxeTFFX1RULVpVOUhSS0xWVDZ2SHQ5X0ZFa0IxVUF1MnZTa2lGSk55MDNpeDVkaGVzdHhrUDQ3eFZmN1hoZzZCaV94cWE5NDhFeG16aHdqcFJGRmo5VUd5c3BLSGs1NW9xS0lhRGZrbWRHNWtyUUdxQ1d6bFNPekJ4a3hyQXQ?oc=5&hl=en-US&gl=US&ceid=US:en,"asian, games, cricket",en,2026-10-02 06:09:13,2026-10-02 06:09:13,2026,10,2,Friday,"asian (NORP), 2026 (DATE), india (GPE), pakistan (GPE), asian (NORP), 2026 (DATE), india (GPE), pakistan (GPE)",8
GNews,Unknown,indian man compares public holidays in australia and india australians are laidback  ndtv,indian man compares public holidays in australia and india australians are laidback  ndtv,https://news.google.com/rss/articles/CBMivwFBVV95cUxPdnZ6SDl3b0xUaUlOSFpFal8ydzlzaGRPYW02cmJYUk1XWGJzOU9mLWcyaHRPZVRvMlJUelhqZVlrdlBuWDAzYm9US0N4QUE3aGluWTRCWDVWN29mVGtKb1lUQi1tZHJwR2I2X3R0N2FOd2NpR0x6SGs0R1Nnanh6dTM0VlFFUnU2RWhqclE4ZklJdHd1bDRocWR4UksyNUFXSGdISzV0SEl0NFFKdTRmNWcyNXg1OVNxVUM4VkI2QdIBxwFBVV95cUxQbFhOYUQwdEI2Qi12QTBCOTRWclIwc0UtSlI1RC0zZDZxeVJpZmZ4YXluYjBnMFMtMWxzM2YyeHlpbzdfRkV2aUVXSXgxal9iNmdoUU9MX1JzbnNJam9sUzBfVk43WlBEMmw3bHFrUXJVZWtydC1RWmZlVWp2YnQ0SENFSEpRcW1JNktmR3F5TVBUQXJYUXVocDlfZXRSZHEtVkdZRmg1OWF1UjJBLWZPdlJpOEhhS1ZEbEpvdl8zRUdWQUk0aEsw?oc=5&hl=en-US&gl=US&ceid=US:en,"indian, compares, public",en,2026-10-02 06:09:13,2026-10-02 06:09:13,2026,10,2,Friday,"indian (NORP), australia (GPE), india (GPE), indian (NORP), australia (GPE), india (GPE)",6
GNews,Unknown,asian games india bags gold medal in womens recurve archery team event  newsonairgovin,asian games india bags gold medal in womens recurve archery team event  newsonairgovin,https://news.google.com/rss/articles/CBMirAFBVV95cUxNZHpkRG1acTNyMUFhQjFhYXpla090akc2aXJCRVNMak10cGUxYkpVM3VJYmdnX3h6ZUFFTkJYazByVjJZbHZmTzZvakJfYnR5U2NrZm9uWkF2TEtoRUxkV3NmYWkxMlQtSFU5U2R1c1M4NU0ydVA5aUdlblJFbVdEZ1NtamdBcDlYTEVWQ0p6MllHaUlXLUhWQ1ZHMmpuMW53SnBGSDAzeHFYNVBq?oc=5&hl=en-US&gl=US&ceid=US:en,"asian, games, india",en,2026-10-02 06:09:13,2026-10-02 06:09:13,2026,10,2,Friday,"asian (NORP), asian (NORP), india (GPE)",3
GNews,Unknown,ind vs sl asian games 2026 cricket india ease past sri lanka to set up blockbuster final against pakistan  olympicscom,ind vs sl asian games 2026 cricket india ease past sri lanka to set up blockbuster final against pakistan  olympicscom,https://news.google.com/rss/articles/CBMiogFBVV95cUxNNklkWGdGbE9NNllyblJuc2M4dFM0a3FVdjlHeWlQYkRubkJyWnhSX3hPVGRCRjdkMDY4WkZlYURvTThCLVZlbk92R2UxOGNoalc3WWZnRmFpY3RsUG9jLS1DS0pCQThfU2w4Wng2NFl2WDYyTDRUblF5MXdhRnlCdHNKTWYzSFZxVDJPOWRqVjl4RjlDYXFVZW0yQVBmTzRYQ2c?oc=5&hl=en-US&gl=US&ceid=US:en,"asian, games, cricket",en,2026-10-02 06:09:13,2026-10-02 06:09:13,2026,10,2,Friday,"asian (NORP), 2026 (DATE), india (GPE), sri lanka (GPE), pakistan (GPE), asian (NORP), 2026 (DATE), india (GPE), sri lanka (GPE), pakistan (GPE)",10
GNews,Unknown,the allnew fitbit air comes to india  bloggoogle,the allnew fitbit air comes to india  bloggoogle,https://news.google.com/rss/articles/CBMikAFBVV95cUxPbEQ2QzlSa2R1VzFhb2hieGxEeFBDWlo4Wkp1NGlOeFl5M3ZPelVOUURKSHJoMWdoZ3d0QzRmRzZFNVpDZlRJMEFDU05sY0FrWXlPNmpOQ09kaG1ncklFSmxHdEZ1bThLNG9tSG01TnBqbTNaUFVHbENsUFFRQ0FqTjNxbDJZSXVhVGZWQ2s5c1E?oc=5&hl=en-US&gl=US&ceid=US:en,"fitbit, comes, india",en,2026-10-02 06:09:13,2026-10-02 06:09:13,2026,10,2,Friday,"india (GPE), india (GPE)",2
GNews,Unknown,india vs pakistan scheduled for october 10 2027 at cricket world cup  al jazeera,india vs pakistan scheduled for october 10 2027 at cricket world cup  al jazeera,https://news.google.com/rss/articles/CBMisAFBVV95cUxQSUJ4aGhPUE5OZFhsRDloYnlUVjBqVzNtbE5fNnRRYUpKbE9JSUlXMG92QlNqYy0xbUpYQmNGMnlqakptTkxoYUhKLUVmYTduaDJLZkk5dXlUdHBoa1UxdnlCN09kd1B2ZkRZUU43cl9tMzlFdkJYTXc3S1JxZHJ1ZEtzUkI3cEJDWUp2dlB4YkpCY20yNTg1QmVJR1JUOGV5VXpTTG9GZ1hJN2tZU3RJRtIBtgFBVV95cUxOZktjdDZBVFM4RG5ob1JObFFzem1MYkcyRmJWdG9oNkFxX3FrZmRnemFfaUU3UjVyR21DZE0ycHFvU2k2TmNMOG1HM1Q0b1lJdkpQMElmTG5HYVdVQ01jbkJfT29WTElIc2Y3dWxYOTV3NDlqcUJTSnYwUVZJODR5NDE0UGg2elFSNk1rLVpvNFJXXy0xcmNHT09oMm5PNGZPUHJDRDY5d3BLdW5ZV1BWdFNVWHJoQQ?oc=5&hl=en-US&gl=US&ceid=US:en,"india, pakistan, scheduled",en,2026-10-02 06:09:13,2026-10-02 06:09:13,2026,10,2,Friday,"india (GPE), pakistan (GPE), october 10 2027 (DATE), al jazeera (ORG), india (GPE), pakistan (GPE), october 10 2027 (DATE), al jazeera (ORG)",8
GNews,Unknown,shooting at asian games 2026 scores results and india medal winners  full list  olympicscom,shooting at asian games 2026 scores results and india medal winners  full list  olympicscom,https://news.google.com/rss/articles/CBMimAFBVV95cUxNeXpjVUE3SDhOUGpJMUtob0p0RFJtYV9iNDQtUEItVkgyWFI1V1hKUTVDSGNFZDJGSVhlUUQ4MjdUQlBQTk5QNXRLQ2l2UzJ1a2Y2NlZxMUpPOUYxc3JHTWlkcHJpT0RNazlOZS1VRll0MTJkQk1VdnFjUFdPSXBZdnkxZzJieXN3cjRHSFkxQzliaFZQSHpUYQ?oc=5&hl=en-US&gl=US&ceid=US:en,"shooting, asian, games",en,2026-10-02 06:09:13,2026-10-02 06:09:13,2026,10,2,Friday,"asian (NORP), 2026 (DATE), india (GPE), asian (NORP), 2026 (DATE), india (GPE)",6
GNews,Unknown,latest hockey news and updates  hockey india,latest hockey news and updates  hockey india,https://news.google.com/rss/articles/CBMi9AFBVV95cUxPUEs3bmVDU3RaOEt3U3JmOXpiYjl4RC1oc21JWlpEODR1ME9SWlVQMjVJdTZyakZzV3FISUdGd0ZIOFVYNXZtUkhtZE5Zdk5BYmYwQmZXZ0tTZGZVcFg5bllZOXBtTUxDbHg4NVlkWmw4SmgxbnNZZi00SGRXWjV3ZDJhUEFEU2s5N2VKRTc4bkNWcTU5dGlDNDl2RjZsYTJQMUc2VllJb2tGR1lRMFYwSFRpdFRFRjMtWjNXOXZJLUllOEhGMUd4ZmFBbXc4dl9QSGlSeUxxUlExRnBYbWpIaUdmYVYwR1RrRWNqRm05Tzd1Y0VQ?oc=5&hl=en-US&gl=US&ceid=US:en,"hockey, latest, news",en,2026-10-02 06:09:13,2026-10-02 06:09:13,2026,10,2,Friday,"india (GPE), india (GPE)",2
GNews,Unknown,ek kachori do samosa why indian women are using quirky slogans to protest against rape  ndtv,ek kachori do samosa why indian women are using quirky slogans to protest against rape  ndtv,https://news.google.com/rss/articles/CBMixAFBVV95cUxObUQycGE3akdOR2h0NnpqRWpjOXFyd1hRYVFCWUd2RGlCY3Y5Y3BCb2ozYXowdmFsSXRIdGV1Q2d3SG1mWGtCa0s1aG9LVWF6V0RsaXdOMEdqT1FEWmppc0VXSUJEbFM2M0RCUWlzemp4LXBoRjNQdWJ2VnRRQW0zVGlxc3FNTzhlQncxNVVYUTNtWk52R2hGRVhraTNwVU5rWEI0MFoyMEFKa25MY2Q2b0RNbnZESHhRakwyVjhoNzZzX181?oc=5&hl=en-US&gl=US&ceid=US:en,"kachori, samosa, indian",en,2026-10-02 06:09:13,2026-10-02 06:09:13,2026,10,2,Friday,"indian (NORP), indian (NORP)",2
GNews,Unknown,embraer mahindra choose nagpur for potential c390 assembly line in india  reuters,embraer mahindra choose nagpur for potential c390 assembly line in india  reuters,https://news.google.com/rss/articles/CBMitAFBVV95cUxNV2ViLVNucFNrbm1SZHhsYmpuR3F2bXZoNUNyOXl1Q3pjNXpxb00zRjc5c1FiUTJCbEJDVFFjaElxVWFUWWFlaWZjWGZhS2JGRmFLd2kycDNZX3kzUTFHZGcyVmZLSE5RbW1HRXNSdVM2V1ZIV291dEg0Mm8xcll2emJnQlktX2FVOS15QUJBZFY1VTRzNTd0NlBGRGpERWxDU1RzNjhUcmdLSFZrVTRDaEt3aUM?oc=5&hl=en-US&gl=US&ceid=US:en,"embraer, mahindra, choose",en,2026-10-02 06:09:13,2026-10-02 06:09:13,2026,10,2,Friday,"embraer mahindra (ORG), india (GPE), reuters embraer mahindra (ORG), india (GPE), reuters (ORG)",5
GNews,Unknown,india  canada aim to increase bilateral trade to nearly 70 billion dollars in 5 yrs canadian trade minister maninder sidhu  newsonairgovin,india  canada aim to increase bilateral trade to nearly 70 billion dollars in 5 yrs canadian trade minister maninder sidhu  newsonairgovin,https://news.google.com/rss/articles/CBMikwJBVV95cUxPSUdDNzAyLW9Rb2RhTlRNYXc1OW1WZVhKbDE4cVdoT2ctQlhsdnJIYUM3N254TFRjRGs1djlCUTJ1WEdUc0xLd2thNTJybnBBUURGRHpGQl9PcC1VMDRNR2VwT2htejA4Slg0aG9iVkNDRTJ5Y3N6R1FMRW9vUnBfWGJ1ckNXOU1waDVwWTJuNjYtdU9yOVB2bHpTWXZKNVJEcXdLaGRxbzZLcGtDTnZHYVM0S3h5UExYWG1mMGZZcUQzQjNpSDhDQ2FRV01WRERhODg3S3RCR1htekZpZHVDcWpqRGYxZHdTT3Y0VVI5SWlDcHY0clY0cFI4VnNEaG0teWZQWGlTa3Q0eDctT1F5SjZPaw?oc=5&hl=en-US&gl=US&ceid=US:en,"trade, india, canada",en,2026-10-02 06:09:13,2026-10-02 06:09:13,2026,10,2,Friday,"india (GPE), canada (GPE), nearly 70 billion dollars (MONEY), 5 (CARDINAL), canadian (NORP), maninder sidhu (PERSON), india (GPE), canada (GPE), nearly 70 billion dollars (MONEY), 5 (CARDINAL), canadian (NORP), maninder sidhu (PERSON)",12
GNews,Unknown,indian benchmark shares post longest weekly losing run in 25 years  reuters,indian benchmark shares post longest weekly losing run in 25 years  reuters,https://news.google.com/rss/articles/CBMitAFBVV95cUxOa2lpSGdlN0dhOTM3eUw3MlQtN183dHZydW95WXVWM2MyTEFaeTlvRUllR29aLWJxT3dvdVNmNlpzTGVldkpIMFNScVVhVEJ5TTU5TDhoVTZZWlpXbENCUHlKMWx3MmJ4bWkyU1E1OGF6Sk9YakxYcHRyM0tWdnlrX0NpQktmLU90VkRRVG5FQXdPZ3c3dFV0N0xndUdrTl9lY0xKZUJsNmY4LS1BYndDNENRZC0?oc=5&hl=en-US&gl=US&ceid=US:en,"indian, benchmark, shares",en,2026-10-02 06:09:13,2026-10-02 06:09:13,2026,10,2,Friday,"indian (NORP), 25 years (DATE), reuters (ORG), indian (NORP), 25 years (DATE), reuters (ORG)",6
GNews,Unknown,asian games 2026 wrestling nitesh siwachs silver ends indias 64year grecoroman wait  olympicscom,asian games 2026 wrestling nitesh siwachs silver ends indias 64year grecoroman wait  olympicscom,https://news.google.com/rss/articles/CBMinwFBVV95cUxQeWZPSVQ4eE5UQWZyT3JYUURVRXZkY1BhcGl3ZXFhOUp2R21ES3I5Z0pvZjItc3BZaERiOUt0QWhNb1hqdVd0cFg3cVM4QXFQbWhvQmk0TjJBZkVuN2JCZGRiUy0yNFVLUFpLbHZnUTFHMVR6QlE3a1Mta1p1V3Jtckt3cy1BVlFCcXAzZEd4RjdjeEFjdjZXOHNNSk5JREU?oc=5&hl=en-US&gl=US&ceid=US:en,"asian, games, wrestling",en,2026-10-02 06:09:13,2026-10-02 06:09:13,2026,10,2,Friday,"asian (NORP), 2026 (DATE), asian (NORP), 2026 (DATE)",4
GNews,Unknown,gold medal secured indias women recurve archers defeat south korea in final  the times of india,gold medal secured indias women recurve archers defeat south korea in final  the times of india,https://news.google.com/rss/articles/CBMi8wFBVV95cUxQdEc2bmpwN3V0MVB6dmZxY01ra0EtSllaWU15dER3V2hfdGw1VnNLUGpDVFhBNlMtNlJZMVg0aFdIQmVaeWtrMmxiVEVPbXpLblBwYTVRTG4zek9vVHZJTjlrS25DbGtpTzl1TWlWUTJXODMtNjM1S2YwM3B6MFN4ZXVVblVaV3VUN1RBZzBwREdlY21rR2VQQTIzZUJkbURHY284aVdRUXl5MXJvRmRYQ295OWd5bVJBTE44bEpPamVOZWxRcjVYV3AxbWpSQ251RGlybG01Tjd6M21pQ0cwc2YtSjNmWko1aEwxQnJZMVhaMGvSAfgBQVVfeXFMTjFLWFI2amRsTndwX0pPUXlFVHF2VjNBUGstcExfTF81R2RuU2VGYzRIYU5Cb2FHNER5MUhXVE1FRjVWbGlaVDhuSkk3YzBtdUtrQjBOZ1huSGlWY2lWOHRLZzZrb0Y2bEU4QXJjazdGaEVISnEtV25mS1dCSWg4QmZDMWZ1STViVkcxeWVXeVRkMERRZzZLX0pwaUkyWlpNMS1rWVhVbzBfX0hVMjFvSkxQREtqWnZpUHIyVjNwalkwNnNjVGxYSXR0SGs1VTVhNTdBM2pRQkRMSEJySWF0UGhGdG02ekkwQjJxM2FkenJXZi02LU13R2c?oc=5&hl=en-US&gl=US&ceid=US:en,"gold, medal, secured",en,2026-10-02 06:09:13,2026-10-02 06:09:13,2026,10,2,Friday,"south korea (GPE), south korea (GPE), india (GPE)",3
GNews,Unknown,apple pay launches in india  apple,apple pay launches in india  apple,https://news.google.com/rss/articles/CBMiekFVX3lxTFBOeGFtSDdRdmcwcnAwd3lpWW5YaVVYSkJtY0NDZGpjZ2U4c01MUm5hblNZT1I2UVRMNE5hNVJwVGgwNEZJU2pzWVF2NWVsdDBkcDdnSnhiVE1DMmhKeG5JbVBFVkU2XzU0cnZCOEpGeHpTcHpzOGtEZ1pR?oc=5&hl=en-US&gl=US&ceid=US:en,"apple, launches, india",en,2026-10-02 06:09:13,2026-10-02 06:09:13,2026,10,2,Friday,"india (GPE), india (GPE)",2
GNews,Unknown,india targets 600 million tons steel capacity by 2047 secretary says  reuters,india targets 600 million tons steel capacity by 2047 secretary says  reuters,https://news.google.com/rss/articles/CBMivAFBVV95cUxNU0l3bjNIZXNkWlA4UTJBb01IYlhVeThKV3VlTUUxNkVmcS1zWVdweHpQb2w0T3pYZmU0NjFCVnVSY0t2RjNWWWV2R0VLRU9odzFEUlFZcG5FU0N6eTNXV3U3eEtYV0FsUU9ra19GeVp2ZTVfR0UyOEctNUVuUWc4T0h1Vzl2YTNKanNUd1RRcHpUZm0xajE5MEhycFZQbXJfUEprZG5CcDF0T2RJclRoQ2RVMFhic01BS3VRZA?oc=5&hl=en-US&gl=US&ceid=US:en,"india, targets, million",en,2026-10-02 06:09:13,2026-10-02 06:09:13,2026,10,2,Friday,"india (GPE), 600 million tons (QUANTITY), 2047 (DATE), reuters india (ORG), 600 million tons (QUANTITY), 2047 (DATE), reuters (ORG)",7
GNews,Unknown,preview indian womens hockey team eyes historic asian games gold in title clash against defending champions china  hockey india,preview indian womens hockey team eyes historic asian games gold in title clash against defending champions china  hockey india,https://news.google.com/rss/articles/CBMi3wFBVV95cUxQWU93dVcxZE9xUGFZNnpuY3hFWjU5cFBYN1ZvNHVwMFpLS2d3NTQ3M010eTNyVUMySE81UTQzYUNZQUhEa2NRQVdpTWhYSVZqX2FCWk1xZVN3NDMzVHRfeDhTZ0prTmVCU0hzSnZ1TERIQ2dkU0JqdTNQOGIyYVFIVFlVa3hrNkJQVm9udmF3TDlKbFlQR1JfS1hVSkVOdzdPcm9teE05UW5iSC1tQXJ5Yk9taGQyVEt3eHZHczNQMXZCZlFaVzQxZ1p2M1pJV2NJWHc3N0ppWkQ0b0hTZWxN?oc=5&hl=en-US&gl=US&ceid=US:en,"hockey, preview, indian",en,2026-10-02 06:09:13,2026-10-02 06:09:13,2026,10,2,Friday,"indian (NORP), asian (NORP), china (GPE), india (GPE), indian (NORP), asian (NORP), china (GPE), india (GPE)",8
GNews,Unknown,left out voters election commission orders special drive in 20 states where sir over  the indian express,left out voters election commission orders special drive in 20 states where sir over  the indian express,https://news.google.com/rss/articles/CBMisgFBVV95cUxOTkV6RXBqdDBHRGMzY3NoS0RiZmctNmN2ZU8xWV9vbGhxSHlhTU9xS1ROTGREdXRYTXR6VUVaUXFfTThwcmFrcG5OSkVZaEVPNVlsQTVRZTNpWVM4V1pJNUtHRmFITmk1ajhaR0NFa3IyVE5hTnFyWFhYeFBNUTdlWFF0blNONTd6dnM3VGs1VVFFZEZxRHpSeTMxRFJ3N25IWWhYSXdPQTdfUFVaemw1X29R0gG4AUFVX3lxTFBiREpjV1BXRW4xMDlidHlVYWh2emlGQlgyd0xaM3ExNi1lV1JjRHVmanRQV2lmUHJZbnh3cTlhUU5oMXg1VmZ4R3FycE5oSlk1S0RxNkMyX3NkdnpKN21pN291d3VDMVFPR0xOTlZsaS12MC1VeTNzRXlIZktUaW1pd0o5ZXhUSGtFakJwOXE4U2tNQnNBNlM5dFJfTFlaYTBhWXNuY3FWVHNRQ213cjdOUWpnRUFmclo?oc=5&hl=en-US&gl=US&ceid=US:en,"left, voters, election",en,2026-10-02 06:09:13,2026-10-02 06:09:13,2026,10,2,Friday,"20 (CARDINAL), indian (NORP), 20 (CARDINAL), indian (NORP)",4
GNews,Unknown,india to clash with pakistan as eala suffers asian games heartbreak  the japan times,india to clash with pakistan as eala suffers asian games heartbreak  the japan times,https://news.google.com/rss/articles/CBMihgFBVV95cUxNZkVPNjdKOVkxdkhwWGwwY1dNSndBNmlTZDlxTlRKYjNLeENLT1BiT1B1eW9NS0Uzc0UtUy1zQ3JQZjJPMjd5TTRsLXpWaFlKR3Rrc2F3M1lvWjlDMVk1MmVDalpuLWY3LW03REprN256THVCaTJucjBsSUtTUU1jU3dINU0xQQ?oc=5&hl=en-US&gl=US&ceid=US:en,"india, clash, pakistan",en,2026-10-02 06:09:13,2026-10-02 06:09:13,2026,10,2,Friday,"india (GPE), pakistan (GPE), eala (GPE), asian (NORP), the japan times india (ORG), pakistan (GPE), eala (GPE), asian (NORP), the japan times (ORG)",9
GNews,Unknown,asian games 2026 squash india settle for bronze medals in team events after semifinal defeats  olympicscom,asian games 2026 squash india settle for bronze medals in team events after semifinal defeats  olympicscom,https://news.google.com/rss/articles/CBMijAFBVV95cUxQSENFeUIzLTF2MkV0U0QtcWtybDJVMjZlRW9EZFlTWEZGMWRiZkNscTI5NDNneWRVSzZ2V2tVajVxeEY0WXdTV1lsbXVHTmRQN2dMR0FYalBSOWpOc3FaU2FyRWtIWVktdUV3ZzB0SkVwUWxrZlhSQ1dCM2tVSXJiNWpaelRYQ1VCdlhxMg?oc=5&hl=en-US&gl=US&ceid=US:en,"asian, games, squash",en,2026-10-02 06:09:13,2026-10-02 06:09:13,2026,10,2,Friday,"asian (NORP), 2026 (DATE), india (GPE), asian (NORP), 2026 (DATE), india (GPE)",6
GNews,Unknown,reining in big tech streamlining their obligations under indias dpdp act 2023  wwwiconnectblogcom,reining in big tech streamlining their obligations under indias dpdp act 2023  wwwiconnectblogcom,https://news.google.com/rss/articles/CBMiqwFBVV95cUxNMDdaQW4xRWdYWUdkWjF6TUVneGV3RWdmTFYwM0RkQmRucXZmelQxeS1IZFEtc1NJNUppbS0tems4OVNNY0FSSmxoN3lPVHJFVmhjdzZDQWNmdS14d28tVUJNX2xrRXF0aktaVWhtU3gwQTN0UDdWc2lVazdLYjJ2MmJURTY3NjVVNUdPZVpsVVB5bXB5UGZtRGl5RnlhS0JHNHp0NWtURjJpYms?oc=5&hl=en-US&gl=US&ceid=US:en,"reining, tech, streamlining",en,2026-10-02 06:09:13,2026-10-02 06:09:13,2026,10,2,Friday,"2023 (CARDINAL), 2023 (CARDINAL)",2
GNews,Unknown,indias asian games 2026 schedule today october 2 gold and la 2028 quotas on offer in hockey archery  olympicscom,indias asian games 2026 schedule today october 2 gold and la 2028 quotas on offer in hockey archery  olympicscom,https://news.google.com/rss/articles/CBMikAFBVV95cUxNYm55WE5sT2FXd1lLNHJBM0FoeUtfUlNQRXJTSWVGZ1Jicl9BYU1XRVpycjA5VG5XLXZ5cFJpVlRJSjhIYUhRQ2IzYURxeHFBV2xDWnk4bXZhX1YtdGhGQUR2TFhQWFBtdjNEOHFXLWc1MTZabG5zdTB3Yld6RWRRUTRrdWxmS3FyYmtBRmlkVnM?oc=5&hl=en-US&gl=US&ceid=US:en,"india, asian, games",en,2026-10-02 06:09:13,2026-10-02 06:09:13,2026,10,2,Friday,"asian (NORP), 2026 (DATE), today (DATE), october (DATE), 2 (CARDINAL), 2028 (DATE), asian (NORP), 2026 (DATE), today (DATE), october (DATE), 2 (CARDINAL), 2028 (DATE)",12
GNews,Unknown,pepsico monster challenge india energy drink label ban citing business impact  reuters,pepsico monster challenge india energy drink label ban citing business impact  reuters,https://news.google.com/rss/articles/CBMiuwFBVV95cUxPVU03Q3M4M0NNaWtkMzdIdE1tMENDTjR0eUU5LTNqNU5uN0dBTEZ3MUxmdXVEZ1lja1FZVGFEX2lUdkxQUXlYZlJSanpnTk9VRGp3ZVZoczl1TXFUQkVISWZJQktORXN1ZUpmMnBzVmdueVJXYkloUW1ZY0xQeXBFNk5DVnFxdkdQR0JxcUZqWEVvM28xVkJIX25SMkx5eDRReHdTX19VWE1CN1JTSTNCVzl5a0s0b0RscVI0?oc=5&hl=en-US&gl=US&ceid=US:en,"pepsico, monster, challenge",en,2026-10-02 06:09:13,2026-10-02 06:09:13,2026,10,2,Friday,"pepsico monster challenge (ORG), india (GPE), india (GPE)",3
GNews,Unknown,asian games 2026 indian womens recurve archery team stun south korea to clinch historic gold  the new indian express,asian games 2026 indian womens recurve archery team stun south korea to clinch historic gold  the new indian express,https://news.google.com/rss/articles/CBMi6wFBVV95cUxQZ3A4MVdsME85Ynk5WlVRNE5pU3REUnZMTm9MUGNBUXVFM3FnS2R4akVybTduM29TNmhiTjRNMmlMRHRndkEyaGV6Q1VXbVhQMFR5bENGUl9LNGphTGtYMnZwTzM0Yi11MDJsQnh3RlVFM2NObnpOTDIzX2FGSnZacmNSM0NDMmp6WFdDU3RId3l1TUtfdVR6NVl4ODFzWTZrN0RQWXZ0dm4wQkhmSmQyNzEzMnFNdUlxaS1JWWJXeXJxeVBTNVpyNlAwVmxXQzREQi1QTlA2S0dEYkhXYVN3a2FUbTV6bWlqODZr?oc=5&hl=en-US&gl=US&ceid=US:en,"indian, asian, games",en,2026-10-02 06:09:13,2026-10-02 06:09:13,2026,10,2,Friday,"asian (NORP), 2026 (CARDINAL), indian (NORP), south korea (GPE), indian (NORP), asian (NORP), 2026 (CARDINAL), indian (NORP), south korea (GPE), indian (NORP)",10
GNews,Unknown,india enter asian games final after kishan and bumrah ride roughshod over sri lanka  cricinfo,india enter asian games final after kishan and bumrah ride roughshod over sri lanka  cricinfo,https://news.google.com/rss/articles/CBMi0wFBVV95cUxQNXFFdUVCWWx3UGFFOWVxNW45cDZSMkE3TUlySVRaazBCLXpFUHpoTjVSTWozcTNCdlpiUkx2NDNrckI3OW52YkFDZlMtRlB6Ykd2VThiU3NTT3JvcUtrUDZHSFl5bG14dnZQQWtfUDlBT0gyTXFQOXk3WGFHOGxwaDh1bVRhQmdhRHNOcVI5aWpwdXBqYjFIdDJEZURIbm1mbzFSRGNOYkN5a3o4ekRjS2RneWV2TUdZSjF1bmFQU0I0QUJ3OWcwS3VPT25zN3ZfRTM0?oc=5&hl=en-US&gl=US&ceid=US:en,"india, enter, asian",en,2026-10-02 06:09:13,2026-10-02 06:09:13,2026,10,2,Friday,"india (GPE), asian (NORP), kishan (GPE), bumrah (PERSON), sri lanka (GPE), india (GPE), asian (NORP), kishan (GPE), bumrah (PERSON), sri lanka (GPE)",10
GNews,Unknown,of 97 left out in goa 88 are back 3 others are portuguese citizens ec  the times of india,of 97 left out in goa 88 are back 3 others are portuguese citizens ec  the times of india,https://news.google.com/rss/articles/CBMi0wFBVV95cUxPN0pYSU9NNzYzLUxzdURfckVkNklmZXBuYWJ2bG1jdVNzdWZneTJvdFN3Nk0tTUEyWExMeGdlSm9FMUUwSC13V3U3UG5JSDRDaE56M3ZUU1VxdjFSc3lhcDBjV0JSdlo0Q0VMd050NndrVHhVVUgyemdiTHlQQXAxbXp3dlVXalJPeWZEUVZqQ3J5OHJxM3dQdjJpRjJTS1VPOHRrdXk5NDUybnhxTkNMLWFjYXdhME9MT2cyN2dEdS1KVk14NE5reXE4d3hsaXhuUERj0gHYAUFVX3lxTE9aTG9mWVkyaTZtZWVrM0VrYW1pNEs1T3ZWYW5zTm1WQ21SQkhtWEhySk9tYjRpUDk4SEtDLVhnTjE2alRCYUgwZ1AxV3QzSUgyUnlZSG9sWW9RdjgzWHFfOXY5SFFFRUdCdGJJQ29QMkl4RjhoZnlobk1jb0hOejZuTnVuX2lEUW9YZHZxc05ENUpaZlRrd18xV3lQY01HQUthWkhTV1o2dHQ5dHVXMGNMMEszTXhKOElGY3U3Mjlkb0RMWUlxaTVHYUF4cFUyUkZ1VnpweWZsOQ?oc=5&hl=en-US&gl=US&ceid=US:en,"left, back, others",en,2026-10-02 06:09:13,2026-10-02 06:09:13,2026,10,2,Friday,"97 (CARDINAL), 88 (CARDINAL), 3 (CARDINAL), portuguese (NORP), ec (ORG), india (GPE), 97 (CARDINAL), 88 (CARDINAL), 3 (CARDINAL), portuguese (NORP), ec (ORG), india (GPE)",12
GNews,Unknown,india vs west indies 2026  2nd odi  bcci,india vs west indies 2026  2nd odi  bcci,https://news.google.com/rss/articles/CBMibEFVX3lxTE8zNVZOU0xUeUVFSnVPRFN6SWQ5S01rN2Q3Z1ZKLUgzWDNYZ0RTWXpuX25TMnR3dl9LeHVKQ0hwUkpIRTYwN3F4YlJXc1ZKR2J6T3NnQ3JNZEMyNU9IZEh2REZWVTdnX0gyWGpKMw?oc=5&hl=en-US&gl=US&ceid=US:en,"india, west, indies",af,2026-10-02 06:09:13,2026-10-02 06:09:13,2026,10,2,Friday,"india (GPE), 2026  2nd (DATE), india (GPE), 2026  2nd (DATE), bcci (ORG)",5
GNews,Unknown,kamboj replaces injured prasidh for final india vs west indies odi  cricinfo,kamboj replaces injured prasidh for final india vs west indies odi  cricinfo,https://news.google.com/rss/articles/CBMivAFBVV95cUxPWnkzWm10ZkV6eHBHVWp0TkZ0bG1CZ1BiVUtDN0NVUHlJSTg4WDRsVUNVaXJYSC1NWEl1NV82aGtKc0Q2S1E2R1BsQ05ydHRaZGQ3Uk9PbE15bVFiNzZuR0ZzYi1zTk01MzBpdG5SSm92NUY4MmlPb0lpcFNUUGU0ZlBTX2tBMnNfQmdSYmRCRXhLb2FHLXR3NExDc2hGX2VET0pnNmFWLS15RW1wV3F1MTQyS1RjcU5pQ2JURtIBzgFBVV95cUxNTmI1N3BiSDdiSWNNMmpHZWlxaDZ4WE5kUnJjc3U2U3dXMWp3ZVA3ZEdxTTFZSlgybzYzUUlhaDFZbWI4UnRJTm1fdmYtOHVkU2N2VEtkeUVSN2hKVnJuU3ZkMXRTTm40RFZzSm9LaTJiSEtiYkNXTEllc055OUNpTUQwM0dDR2liMml6azdxUThkWXlWSmFYVWdHRUZYejhXcDlmQ2FRMlBzQW9PV00wQnEzYkdacHp2ZHhrUnk5REJpdXFiVnhCNHMyMWd2QQ?oc=5&hl=en-US&gl=US&ceid=US:en,"kamboj, replaces, injured",en,2026-10-02 06:09:13,2026-10-02 06:09:13,2026,10,2,Friday,"india (GPE), india (GPE)",2
GNews,Unknown,india vs pakistan hockey asian games 2026 semifinals schedule and watch ind vs pak live streaming and telecast  olympicscom,india vs pakistan hockey asian games 2026 semifinals schedule and watch ind vs pak live streaming and telecast  olympicscom,https://news.google.com/rss/articles/CBMirgFBVV95cUxPWFk2NEl1TXJJNXdRd2c3U0dLMFNubThOU3h3ZjdCNXBhbmVwWllOM1lHSnllNTlTRWVaRXNJazBtb2ZzV3RDalZ3VmRiUk5RTnFmZm83Nlc0T0wtOFAwWEtqN1VGSk90Z2ZKTDFaR1RCMThmNDNCYURBWTNZOElybDNtbk9lNHJEdWRpeEduNTdwLTNMSVBPNkpTSXZWcVNTWVlDd2E2TDVRNGxiVHc?oc=5&hl=en-US&gl=US&ceid=US:en,"india, pakistan, hockey",en,2026-10-02 06:09:13,2026-10-02 06:09:13,2026,10,2,Friday,"india (GPE), pakistan (GPE), asian (NORP), 2026 (DATE), india (GPE), pakistan (GPE), asian (NORP), 2026 (DATE)",8
GNews,Unknown,india beat pakistan 43 in asian games mens hockey semifinal  updates  al jazeera,india beat pakistan 43 in asian games mens hockey semifinal  updates  al jazeera,https://news.google.com/rss/articles/CBMipgFBVV95cUxPOVMzUGd1dmZ3RXZiY1RLOTI0QWxvNERxZVFCaGpYOUh1Q2lpcC1SZFp6TVhNNnVRcDROdjRpSzd0bHgtLV9PYUlTOXVzb0QwUFBCdGJZY0pzeERHUDNGc3Nvbkx6R1lDY24wZ3c5aEZ3eWZmTEQ3QUxxeGVYSlc5ZmNhN1MxRE5WMnJXVXE2ZlZDM2wzU003VDFYZjEtcUdaVnp2T2FR0gGrAUFVX3lxTFBPMXVPLVBoWDByYWNZaDUyMnZhNE1QVjBQRVd0LTQ0RmhLdmlZMHhTM1JkMGk3dkoxOU93R0pWU1pCN29QYjliRWxDOFF0Rm1SaTZEd19MQ0I1ZWdfbTdlZ001REhXbElLQmZKeHFqSUZCTzlWZjVJS0FwUHFqcWtNdDZmWVFCeHJQSmxOSnotbDhsczB6UzNxQnVrbDdocDBYOV9zNE9fRHYyMA?oc=5&hl=en-US&gl=US&ceid=US:en,"india, beat, pakistan",en,2026-10-02 06:09:13,2026-10-02 06:09:13,2026,10,2,Friday,"india (GPE), pakistan 43 (FAC), asian (NORP), al jazeera india (ORG), pakistan 43 (ORG), asian (NORP), al jazeera (ORG)",7
GNews,Unknown,20 golds lost just one individual title won indias asian games slide offers a stark reality check  the times of india,20 golds lost just one individual title won indias asian games slide offers a stark reality check  the times of india,https://news.google.com/rss/articles/CBMikAJBVV95cUxNem1DbnFqTW41RnJ5OXhVQVUtdXZVQ3lWbTFkWWZWb0djaFAwWDdkNzVRbXRPd2QySGRCLVllSWVDQlIxeUprRnpMNmkxbjBtaGl1WkRJLV9DbmhoeWNqUDlUa0pza0VMWk5ONTlORFkxME5vT3kyY2xQTmFYbWtZTUpYQXlFS2E1anBGLWlBc2lwQ2RidC1iLUhnYlNReGZLRTh3c2lTb3lKYXJvVzZOWDZjY3hoZG1RU0ZMcy1qZzkyMlNrdEMxZmtLNUM1cjBxM1dDWjRLbm1Zei13emI5STc4ZWRfQ1ZwdVV3T1l3ZnYwQmhqMGJVXzIwYUhJUWo5bU9kQjRIREo0WG9ESV9PN9IBlgJBVV95cUxPVklIQVczVi1fNnY2MnBLNjdQdWlEVGJtVExQTE55X3RhNHFCNXdQOS15SUFJWkNTTERsaFJPdDNwQ29ucFZjRzctVXlLbURJZnNUR0RvOVZmSGNDM1hwakdWX0UtNFdNdWt0Q0d1TmJiOUREellnWUR1MV9iajZxU1N4RWFXaVFxclIxbUdDVThnWHF2T3lGT3ItUGREVVBPMEg0cVE5eXluYl92WWJzckV0VmNtbkY1MHdXZFhBUkd4SHNBbUg3TllKZktCd1cyaDdyZDkxTjhjT05WUzNZYTVyV3RyTllHeS13VzhtVmZrRnRjSnZQU3F0Y0c0WEU3UmlYSEFfbUJnRGVRLWxnVWk4d1FlZw?oc=5&hl=en-US&gl=US&ceid=US:en,"golds, lost, just",en,2026-10-02 06:09:13,2026-10-02 06:09:13,2026,10,2,Friday,"20 (CARDINAL), one (CARDINAL), asian (NORP), 20 (CARDINAL), one (CARDINAL), asian (NORP), india (GPE)",7
GNews,Unknown,cricket world cup 2027 schedule india vs pakistan in johannesburg on october 10  full list of matches  olympicscom,cricket world cup 2027 schedule india vs pakistan in johannesburg on october 10  full list of matches  olympicscom,https://news.google.com/rss/articles/CBMiogFBVV95cUxPWEVVUTA5R01oaFYxRWd6TUFuWUZ3aEdGSjAza2gyeTZFOUlBZ0V3SHktMHNBOWpISGtzYkQtTzN0T05WOVhHUy1GeHBpcFBGbER4VVF0THpPNjZuVzR1YTJyR1FxMFVkb0lpVnU5X3ZSOXVucy11YnpTVzR2OHdFTjc4WDNUd1lJQ09rdlJ6VmN3b2N2TGdtbXA2RzRZcWt6NVE?oc=5&hl=en-US&gl=US&ceid=US:en,"cricket, world, schedule",en,2026-10-02 06:09:13,2026-10-02 06:09:13,2026,10,2,Friday,"2027 (DATE), india (GPE), pakistan (GPE), johannesburg (GPE), october 10 (DATE), 2027 (DATE), india (GPE), pakistan (GPE), johannesburg (GPE), october 10 (DATE)",10
GNews,Unknown,2027 cricket world cup draw england avoid australia  india in group stage  bbc,2027 cricket world cup draw england avoid australia  india in group stage  bbc,https://news.google.com/rss/articles/CBMiZ0FVX3lxTFBzdFhWZ2hjT0RQbGZEbTdoRlFTeWpiUWtWZVh3UDhKMkZlQWlzdlk1TnVVMEJHeW9UOGRKRmg2SVBIMWkzc0w4UHRxb0U2TE9MTzJ1d0ZVZ0VFUVhfblBLQVZXZ0RJdlk?oc=5&hl=en-US&gl=US&ceid=US:en,"cricket, world, draw",en,2026-10-02 06:09:13,2026-10-02 06:09:13,2026,10,2,Friday,"2027 (DATE), australia (GPE), india (GPE), 2027 (DATE), australia (GPE), india (GPE), bbc (ORG)",7
GNews,Unknown,indiaus trade deal not imminent pm moditrump may hold another call soon us trade representative  the times of india,indiaus trade deal not imminent pm moditrump may hold another call soon us trade representative  the times of india,https://news.google.com/rss/articles/CBMikAJBVV95cUxNQ3RBUnhGRVduUXViU01RZmZmWFgzTWhWdEtmQzBfczFackIwRTRnR3pDNE5HTVlNcGdzb3AxY0dTaGJJdjByb3JPNU5HYy13aUFCaWZNTXRXTU1KQ3R0TDNkOVBIRUY2ODZMWUFBRnJHZnlSNzVOczlHbzQ3TnY2RDhfOWNCUURHbVJTWWpyeVRySlBHT0lPTV9kS09mcFJVOTVyWE1TZTBWN3BMaml6b09BelNhbkVpQlNndnB6V0Nsd2tMdVVZSmRTTTZYbFhOT3k1ZUttTC03NEdtT3hiVUxoZG0tZWZLUjRIREZ2ZmdHZFZZNVVvdk5aOUp6dlFOMjh6cFdIQ2lNNzg5VWdZQ9IBlgJBVV95cUxQNG9HY051Smp0ZHdTaUVqc2E4c0U3dmhjVVdGeWQ3X0k4ejJwYVRpY21zT0JTZGx6dkVrZGZjeUdoN1BfSlJ0VjNIWS11cUJlX3lkeFBjTlRjX0RFWnFoVGRWdEFXTFVlaDNma1FiU2FQZnhUZF9qeFhtMHR2LVk0Um9udGR3UmRUNTFpdzdJRnRGTEpTR1RCUzM3UzRjaFpRXzNtWkxzNkFnWHAzRWFMY0p1OURzOVZMZDZQVGJJU25ZcjJjZ1Yyejh1LUV3T0ZJeVJRLUlxN0IxWU9ZaWxfVXJHdl9Tc3V4b1BsNkFoUGM0dVlVeHNDQzBUQVhUUEl2YnlnZnNDQlNYNEpFRXktakEtd0U2Zw?oc=5&hl=en-US&gl=US&ceid=US:en,"india, trade, deal",en,2026-10-02 06:09:13,2026-10-02 06:09:13,2026,10,2,Friday,india (GPE),1
GNews,Unknown,massive protests against poll body chief planned in delhi mumbai today  ndtv,massive protests against poll body chief planned in delhi mumbai today  ndtv,https://news.google.com/rss/articles/CBMijgJBVV95cUxQTEZEUk42SjhwSV9kVE0yR3lGVmIxUVJ6ZE9pMklxOHVmSE9aOVR1amtTdWtSYVkwVFN2WUpPSGtIbzdOclJaOVgtMW1GYnY4cmxqeVZtWjlaYWRrUFh3anpDREozYmNGNGdHRzZuaXRNT29uSVRCOWdJOHRnT29WZmJuX1UxUHVmQ3ZCU2dsOFQxSFByQ0tySzJZZVFNdmZGMHRnS0FRc00zbG5XeUVRanVQTlRGYlExWkVKUk5TbGw4NGVZTF96ZGxPVE1RLTUwaGo1dFFrMUNWNXB3QUx6ZFRpSU5Tb3BkRzJnSGZqTVBxa1l5OVR5S1lDazRXX2xyby1CalF5UEpaNjdJOUHSAZYCQVVfeXFMUGJOQ0RiTVcwaVYzSG9yRE5sX2FkRFd0NnVBNElrT3lmRHNaY2lwNW9la2NXWG02YzBGdy1ocWQwUHdUcC1DOFFCRlhqOGpITmxIQ0o4NXVUb3E1RXR2SHdwU2xmYlRKOEZoc25pT0hzVUtkVndMaWNlWHBzVnJVc284RkdvSTVpR001S0JscmpvUGVYZDUzXzBib2duX3VWWWNFWklTT2NUVmNzLVJKRnNiYlh0V3Z2NEc2V1BGQzFXNEoyODEwM3RsRnlJdVNPa0JzRjhVaGFzS0l4UVhPaHFkeDgwaEtfc1ZmbGVLSWhCTThLU19pUUN3WkR6VEdidVgydW1hRWEtWW0waXVHZndVYVhzVFE?oc=5&hl=en-US&gl=US&ceid=US:en,"massive, protests, against",en,2026-10-02 06:09:13,2026-10-02 06:09:13,2026,10,2,Friday,"delhi (GPE), mumbai (GPE), today (DATE), delhi (GPE), mumbai (GPE), today (DATE)",6
GNews,Unknown,india at asian games 2026 full schedule of medal events and fixtures on october 2 friday  espnin,india at asian games 2026 full schedule of medal events and fixtures on october 2 friday  espninasian games 2026 live indian womens recurve team clinches historic gold in archery  the hinduasian games 2026 live october 2 know india scores updates and results from day 13  olympicscom,https://news.google.com/rss/articles/CBMizgFBVV95cUxNcXlEN1NoZ05ZN3hZVk92amM5OWdUTEQ1bXE5TEFUTE5mdUh5X2E2b1VKNndUTlNxTVU3Q1hyT3ktcGNVbzcxRGxiRzBrTGloMldpc1ZjT1ZmV19fdFo3S1RCblJBYU5XUUhDeEZqZXU5WDVXTGdpWHVyb2RSQWZ1ZmxSc25xbnFMY0FIY3UtdVV4X2xsWloyTG5ESDBJRVd4bGF5RjNoUWc5dkctMXZVdkw2blRMbFpyZ3lNUkg1anBKV0t0VDVMSHc2LWZCdw?oc=5&hl=en-US&gl=US&ceid=US:en,"games, india, october",en,2026-10-02 06:09:13,2026-10-02 06:09:13,2026,10,2,Friday,"india (GPE), asian (NORP), 2026 (DATE), october 2 friday (DATE), india (GPE), asian (NORP), 2026 (DATE), october 2 friday (DATE), 2026 (DATE), indian (NORP), 2026 (DATE), day 13 (DATE)",12
GNews,Unknown,cec gyanesh kumar indias cockroach protesters are back  this time asking poll chief to resign  bbc,cec gyanesh kumar indias cockroach protesters are back  this time asking poll chief to resign  bbc,https://news.google.com/rss/articles/CBMiW0FVX3lxTE5lXy1PQk0wX29IUjkxVG1HR1BYZ0R1c1RPNEwzQzd1VndsWlhrb2JLR0FhYWg1RmpqX01FMTlzOGZ1RUF1X3JUTDJUbHRRMUtGSWlfQXQ0c3dHNGc?oc=5&hl=en-US&gl=US&ceid=US:en,"gyanesh, kumar, india",en,2026-10-02 06:09:13,2026-10-02 06:09:13,2026,10,2,Friday,"cec gyanesh kumar (PERSON), bbc cec (ORG), bbc (ORG)",3
GNews,Unknown,indias cockroach janata party student groups to protest demand poll chiefs resignation  reuters,indias cockroach janata party student groups to protest demand poll chiefs resignation  reuters,https://news.google.com/rss/articles/CBMiuwFBVV95cUxPekRpbGVJR0F5ZURMVElTWW96TTg2c05la2hpang1Tkd6VEtXMTRFSVl4ZHd3eExmM1dmSEFzN2hXWVJ0bFhrVHZDZUd0MzZIdkg4NGt3YmJnRVBObm9LZTlMa1lrMU4zSXlZRk1BWW9GQmEydGM5ai1JSkZqa2hvWXB5SzI4TWUtYUQ4QlR6ZmNudlR6VlhjTVBxeHJpT1lRNEJpOU1yMmVkZE1rWlkydlB5a0c0QXJWb1dZ?oc=5&hl=en-US&gl=US&ceid=US:en,"india, cockroach, janata",en,2026-10-02 06:09:13,2026-10-02 06:09:13,2026,10,2,Friday,"janata party (ORG), janata party (ORG)",2
GNews,Unknown,sonia gandhis surprise entry at india bloc meet sets off seating scramble  ndtv,sonia gandhis surprise entry at india bloc meet sets off seating scramble  ndtv,https://news.google.com/rss/articles/CBMitAFBVV95cUxNMkZOWnRicDZTN1lCZW5VYUlYN0t2bXduYVFVa2JDb19PYXhOSXNUOVNFR1prM2VoakVsXzF5aWZ1T3ZFbHk5ZUsyeHpUSXVUdmwxZ1lraUpvWjRUal9ZcWgyMUk2NnQ1R1lCY1gwdEhWbndPcGc0YURubTBvbVVGTG9TakxfVmotSWJOVnVVNkNsYzdKRElXdXRyUUR6d2pVOVFzQnNLR0FhUE1vSTZhY2FCU1bSAbwBQVVfeXFMUHRZNHUxakZPeUlNdTNYYjNJd2RWS3ZERnJPUHhOdERPMTc1Z1hIaTdrWGczemQwekMyd1JWcTR2ZlFWMlpsTkV3YkMzeFpmNTh6aHpqSDFVNno1X19TVkxSbzNaVV9xdmNzeEUzWUdSTmFJdHBqWWR0dXF0MzRHZWRnODdtNWk4dXlFb1F5MlhkMW5hNXl6cUZObUdjSXZEQlJnN2M2WkVNTDEtZVZnbmxCUDVmUF9HZkZscWY?oc=5&hl=en-US&gl=US&ceid=US:en,"sonia, gandhi, surprise",en,2026-10-02 06:09:13,2026-10-02 06:09:13,2026,10,2,Friday,"india bloc (LOC), india bloc (LOC)",2
GNews,Unknown,us trade representative greer says deal with india not imminent after moditrump call  cnbc,us trade representative greer says deal with india not imminent after moditrump call  cnbc,https://news.google.com/rss/articles/CBMifkFVX3lxTE1KRXNoUDJPRUY2VmFtOTJYU2hfSTEyZTNDVWRyekdJbnNWZlZTRGJHQkNEMnhzTW9ZeXBSNEtNQzM3LUhTZ01oYmZaVmtLV1dxeWphQVhLM256ejhXeVZLYkd2Y1VGMHlCUUhzU0lXbWUxUFR3TUdpcFdQLVNiZ9IBgwFBVV95cUxPYVJmeHVvdkswbEZENnhtUHBIcjVOV3M3eWUwZmlBbFQ3eUFPU2Z2MUVtc2ZyUHlKQ3dHOGQ3cDJLVF9xbkY0NXhNZzZhLTBiNldGekx1bXRjcjltU2JUWVE2UDBLYzlhTnBleXJXOWRsQXpyd2dENS1RcjEtUTl2M29rWQ?oc=5&hl=en-US&gl=US&ceid=US:en,"trade, representative, greer",en,2026-10-02 06:09:13,2026-10-02 06:09:13,2026,10,2,Friday,"us (GPE), india (GPE), cnbc us trade representative greer (ORG), india (GPE), cnbc (ORG)",5
GNews,Unknown,modis india takes on trump more openly from terrorism to tariffs  al jazeera,modis india takes on trump more openly from terrorism to tariffs  al jazeera,https://news.google.com/rss/articles/CBMiqAFBVV95cUxOMFRuTmJIVmd3ckNSZG02cXdicGMtdndHSDV1UnFhWGNBVWJyVDR1Q21pSEk5UVdmZ2JmZXhCMXZuVlc2WURrSGlVb0NFaVl4bUxMMVZyQmdzbnVlaUJ3R0JtWHI2bE1BclZkT1dGYTRab2dVbEpUQ3BCZ3JYR1llekxzb2QyTVVSLUNSanh3aVN3T3o4bjQtQjNpRG94NkRLcjdtLWEwTTPSAa4BQVVfeXFMTWhWOHA5dkNxLXRZM2xVSVp0LUNlSHVyejcwUzR3V3NfdWZvbHZuRENhd1hER3hKWEtVbHBVVGJqRmRmai1TcGkzZDJuYnF1RFE1V2p0YWhWOEtGU1pzdUxDM21KSElxZjRyV3BMRlY5TXhVZWVzNXJKeS1hZVNWZmJFazhRSTJUQUw1TGw4eERXU196dmpzRTQ2ZDB1QWkzVFpmeFdtU2VQbElJa1JB?oc=5&hl=en-US&gl=US&ceid=US:en,"modis, india, takes",en,2026-10-02 06:09:13,2026-10-02 06:09:13,2026,10,2,Friday,"modis india (ORG), al jazeera (ORG), india (GPE), al jazeera (ORG)",4
India Today,Unknown,iphone air is now cheaper heres the deal,iphone air is now cheaper heres the deal,https://www.indiatoday.in/visualstories/technology/iphone-air-is-now-cheaper-heres-the-deal-286231-30-09-2026?utm_source=rss,"iphone, cheaper, heres",en,2026-10-02 06:05:04,2026-10-02 06:09:05,2026,10,2,Friday,,0
India Today,Unknown,samsung galaxy s26 price drops to lowest details inside,samsung galaxy s price drops to lowest details inside,https://www.indiatoday.in/visualstories/technology/samsung-galaxy-s26-price-drops-to-lowest-286237-30-09-2026?utm_source=rss,"samsung, galaxy, price",en,2026-10-02 06:05:04,2026-10-02 06:09:05,2026,10,2,Friday,"samsung (ORG), samsung (ORG)",2
India Today,Unknown,nushrratt bharuccha to be airlifted to mumbai after spinal fracture in bali,nushrratt bharuccha to be airlifted to mumbai after spinal fracture in bali,https://www.indiatoday.in/movies/celebrities/story/nushrratt-bharuccha-spine-fracture-surgery-bali-accident-mumbai-airlift-3007908-2026-10-02?utm_source=rss,"nushrratt, bharuccha, airlifted",en,2026-10-02 06:04:38,2026-10-02 06:09:05,2026,10,2,Friday,"mumbai (GPE), mumbai (GPE)",2
India Today,Unknown,pm speaks to wounded indian pilot who saved flydubai flight praises his bravery,pm speaks to wounded indian pilot who saved flydubai flight praises his bravery,https://www.indiatoday.in/india/story/pm-modi-speaks-to-captain-smit-machchhar-praises-his-bravery-after-stabbing-attack-on-flydubai-flight-3007907-2026-10-02?utm_source=rss,"speaks, wounded, indian",en,2026-10-02 05:57:07,2026-10-02 06:09:05,2026,10,2,Friday,"indian (NORP), indian (NORP)",2
Hindustan Times,Unknown,pm modi speaks to hero smit machchhar on video call after flydubai plane stabbing,smit machchhar briefed the prime minister about his experience during the incident and what gave him the courage to respond in the face of the danger,https://www.hindustantimes.com/india-news/pm-modi-speaks-to-indian-pilot-smit-machchhar-stabbed-on-flydubai-plane-dubai-israel-101790920426411.html,"smit, machchhar, modi",en,2026-10-02 05:54:29,2026-10-03 05:44:44,2026,10,2,Friday,,0
Hindustan Times,Unknown,govt to auction two offshore mineral blocks in andaman sea,the two blocks spread over more than 1632 sq km contain polymetallic nodules and crusts that could provide access to a range of strategically important minerals,https://www.hindustantimes.com/india-news/govt-to-auction-two-offshore-mineral-blocks-in-andaman-sea-101790920230053.html,"blocks, govt, auction",en,2026-10-02 05:50:29,2026-10-03 05:44:44,2026,10,2,Friday,"two (CARDINAL), two (CARDINAL)",2
India Today,Unknown,illegal buildings encroachments threaten jaipurs unesco tag high court warns,illegal buildings encroachments threaten jaipurs unesco tag high court warns,https://www.indiatoday.in/cities/jaipur/story/jaipur-walled-city-unesco-status-risk-illegal-construction-high-court-warning-3007895-2026-10-02?utm_source=rss,"illegal, buildings, encroachments",en,2026-10-02 05:49:59,2026-10-02 06:09:05,2026,10,2,Friday,"unesco (ORG), unesco (ORG)",2
India Today,Unknown,netanyahu uae president plotted flydubai false flag op irans big charge,netanyahu uae president plotted flydubai false flag op irans big charge,https://www.indiatoday.in/world/story/iran-big-charge-against-israel-netanyahu-uae-president-plotted-flydubai-false-flag-operation-3007866-2026-10-02?utm_source=rss,"netanyahu, president, plotted",en,2026-10-02 05:39:31,2026-10-02 06:09:05,2026,10,2,Friday,"netanyahu uae (ORG), uae (GPE)",2
Times of India,TOI WORLD DESK,jack johnsons hawaii farm harvested over 40000 pounds of produce in six years,kkua hawaii foundation acquired unused farmland on oahu in 2019 to create an educational resource over six years more than 40000 pounds of produce were harvested while 2200 students participated in learning experiences the farm emphasizes ecological education agroforestry and understanding local food systems through handson activities community involvement plays a significant role in maintaining the farm through regular volunteer opportunities,https://timesofindia.indiatimes.com/world/us/in-2019-jack-johnsons-foundation-bought-neglected-farmland-in-hawaii-six-years-later-it-reported-over-40000-pounds-of-produce-harvested-and-more-than-2200-students-welcomed-on-field-trips/articleshow/134589276.cms,"farm, hawaii, harvested",en,2026-10-02 05:32:16,2026-10-02 06:09:02,2026,10,2,Friday,"jack johnsons hawaii farm (PERSON), 40000 pounds (QUANTITY), six years (DATE), kkua hawaii foundation (ORG), 2019 (DATE), six years (DATE), more than 40000 pounds (QUANTITY), 2200 (CARDINAL)",8
India Today,Unknown,nursing job promise turns nightmare ranchi woman held captive in dubai,nursing job promise turns nightmare ranchi woman held captive in dubai,https://www.indiatoday.in/cities/other-cities/story/ranchi-nurse-dubai-job-scam-captivity-abuse-passport-seizure-ptag-3007865-2026-10-02?utm_source=rss,"nursing, promise, turns",en,2026-10-02 05:30:49,2026-10-02 06:09:05,2026,10,2,Friday,"dubai (GPE), dubai (GPE)",2
Times of India,LAIRENLAKPAM WARLI,mumbai delivery worker caught urinating in society lift cctv video goes viral,a food delivery worker was filmed urinating in the elevator of akshay cooperative housing society in mumbai residents noticed a foul smell and checked the cctv footage which confirmed the incident the footage went viral on social media raising community concerns following this the housing society filed a police complaint against the delivery worker also residents have questioned the verification process for delivery personnel entering their homes,https://timesofindia.indiatimes.com/city/mumbai/delivery-worker-urinates-in-mumbai-housing-society-lift-video-goes-viral/articleshow/134632481.cms,"delivery, worker, society",en,2026-10-02 05:30:41,2026-10-02 06:09:02,2026,10,2,Friday,"mumbai (GPE), akshay (PERSON), mumbai (GPE), cctv (ORG)",4
Times of India,TOI SCIENCE DESK,scientists tracked deepsea dye canyon water rose 100 metres a day,researchers utilized fluorescein dye in the rockall trough to study deep ocean water upwelling they measured rapid upward movement reaching about 125 metres per day significantly faster than average estimates this study provides direct observations of upwelling in submarines canyons offering insights into ocean circulation dynamics findings suggest underwater topography plays a crucial role in deepwater circulation processes future research aims to explore similar processes in different submarine canyon settings,https://timesofindia.indiatimes.com/science/discovery/in-2021-scientists-released-fluorescent-dye-1870-metres-deep-in-the-north-atlantic-tracking-it-revealed-canyon-water-rising-about-100-metres-a-day-around-10000-times-the-global-average/articleshow/134632437.cms,"deep, water, canyon",en,2026-10-02 05:30:00,2026-10-02 06:09:02,2026,10,2,Friday,"100 metres (QUANTITY), about 125 metres (QUANTITY)",2
Hindustan Times,Unknown,mahanadi row odisha chhattisgarh cms meet amit shah,data sharing and consultations will continue for a month aiming for a fair and sustainable agreement,https://www.hindustantimes.com/india-news/mahanadi-row-odisha-chhattisgarh-cms-meet-amit-shah-101790910343760.html,"mahanadi, odisha, chhattisgarh",en,2026-10-02 05:24:08,2026-10-03 05:44:44,2026,10,2,Friday,"mahanadi row odisha chhattisgarh (ORG), cms (ORG), a month (DATE)",3
NDTV,Unknown,massive protests against poll body chief planned in delhi mumbai today,the police have imposed prohibitory orders in new delhi district,https://www.ndtv.com/india-news/cjp-aisa-jantar-mantar-shivaji-park-massive-protests-against-poll-body-chief-gyanesh-kumar-planned-in-delhi-mumbai-today-election-commission-12128441#publisher=newsstand,"delhi, massive, protests",en,2026-10-02 05:18:14,2026-10-02 06:09:03,2026,10,2,Friday,"delhi (GPE), mumbai (GPE), today (DATE), new delhi (GPE)",4
India Today,Unknown,anticec protest delhi commuters on alert traffic cops warn of diversions,anticec protest delhi commuters on alert traffic cops warn of diversions,https://www.indiatoday.in/cities/story/delhi-traffic-advisory-jantar-mantar-protest-aap-student-unions-central-delhi-diversions-ptag-3007856-2026-10-02?utm_source=rss,"protest, delhi, commuters",en,2026-10-02 05:13:30,2026-10-02 06:09:05,2026,10,2,Friday,,0
NDTV,Unknown,nike plans job cuts warns of further sales decline,the sports giant unveiled the plan as it reported a modest decline in quarterly profits on lower sales,https://www.ndtv.com/world-news/nike-plans-job-cuts-warns-of-further-sales-decline-12128602#publisher=newsstand,"sales, decline, nike",en,2026-10-02 05:12:37,2026-10-02 06:09:03,2026,10,2,Friday,"nike (ORG), quarterly (DATE)",2
Times of India,ARYAN SINGH,taiwan to receive first new f16 viper jets from us,taiwan is gearing up to strengthen its aerial defenses with the arrival of its first two f16v fighter jets marking a significant step in a broader us agreement for 66 aircraft worth roughly 8 billion these upgraded jets will come equipped with cuttingedge avionics and radar systems expanding taiwans fleet to over 200 f16s despite past delays more jets are anticipated to arrive before the years end amidst ongoing us,https://timesofindia.indiatimes.com/defence/international/taiwan-to-receive-first-new-f-16-viper-jets-from-us-how-are-they-different-from-older-falcons/articleshow/134632184.cms,"jets, taiwan, first",en,2026-10-02 05:09:55,2026-10-02 06:09:02,2026,10,2,Friday,"taiwan (GPE), first (ORDINAL), us (GPE), taiwan (GPE), first (ORDINAL), two (CARDINAL), 66 (CARDINAL), roughly 8 billion (MONEY), over 200 (CARDINAL), the years end (DATE)",10
Times of India,PRIYANKA JAISWAL,chala chala shivaji park cjps dipke calls on sawaris to join protest against cec,news article about chala chala shivaji park cjps dipke calls on sawaris to join protest against cec,https://timesofindia.indiatimes.com/india/ec-sir-row-protests-planned-against-gyanesh-across-cities-cjps-dipke-calls-for-mumbais-shivaji-park-gathering-top-developments/articleshow/134631356.cms,"chala, shivaji, park",en,2026-10-02 05:06:06,2026-10-02 06:09:02,2026,10,2,Friday,"chala (GPE), chala (GPE), cec news (ORG), chala (GPE), chala (GPE)",5
NDTV,Unknown,election commissions special drive to enrol leftout voters where sir is over,the special drive will allow voters left out during or after sir to apply for inclusion using form 6,https://www.ndtv.com/india-news/election-commissions-special-drive-to-enrol-left-out-voters-where-sir-is-over-12128577#publisher=newsstand,"special, drive, left",en,2026-10-02 05:04:51,2026-10-02 06:09:03,2026,10,2,Friday,6 (CARDINAL),1
India Today,Unknown,flydubai flight to tel aviv lands in saudi after copilot attacks captain,flydubai flight to tel aviv lands in saudi after copilot attacks captain,https://www.indiatoday.in/world/story/flydubai-tel-aviv-flight-emergency-landing-saudi-copilot-attack-ptag-3007872-2026-10-02?utm_source=rss,"flydubai, flight, aviv",en,2026-10-02 05:02:47,2026-10-02 06:09:05,2026,10,2,Friday,"tel aviv (GPE), saudi (NORP), tel aviv (GPE), saudi (NORP)",4
India Today,Unknown,french man moves from paris to mumbai shares 3 things nobody warned him about,french man moves from paris to mumbai shares  things nobody warned him about,https://www.indiatoday.in/trending-news/story/french-man-moves-from-paris-to-mumbai-shares-3-things-nobody-warned-him-about-3007867-2026-10-02?utm_source=rss,"french, moves, paris",en,2026-10-02 05:01:13,2026-10-02 06:09:05,2026,10,2,Friday,"french (NORP), paris (GPE), mumbai (GPE), 3 (CARDINAL), french (NORP), paris (GPE), mumbai (GPE)",7
Times of India,HIJAM RAJU SINGH,birthday girl lovlina makes history with gold joins mary kom in elite club,lovlina borgohain made history by clinching a gold medal at the asian games becoming just the second indian woman boxer to achieve this feat she delivered an impressive performance sweeping the finals against chinas ziyi bao with a perfect 50 score this triumph comes after her silver medal in the last asian games where her journey was highlighted by a semifinal win against world champion natalya bogdanova,https://timesofindia.indiatimes.com/sports/asian-games-2026/asian-games-birthday-girl-lovlina-borgohain-makes-history-with-gold-joins-mary-kom-in-elite-club/articleshow/134631913.cms,"lovlina, history, gold",en,2026-10-02 04:59:03,2026-10-02 06:09:02,2026,10,2,Friday,"mary kom (PERSON), asian (NORP), second (ORDINAL), indian (NORP), ziyi bao (PERSON), 50 (CARDINAL), asian (NORP)",7
NDTV,Unknown,israeli security lapse thats key in flydubai attack and a uae contention,israel has reportedly ceded oversight of that prohibition over the years,https://www.ndtv.com/world-news/israeli-security-lapse-thats-key-in-flydubai-attack-and-a-uae-contention-12128612#publisher=newsstand,"israeli, security, lapse",en,2026-10-02 04:57:26,2026-10-02 06:09:03,2026,10,2,Friday,"israeli (NORP), uae (GPE), israel (GPE), the years (DATE)",4
Hindustan Times,Unknown,stabbed flydubai pilot smit machchhar now stable smiling and laughing in abu dhabi hospital envoy,smit machchhar was initially taken to a hospital in tabuk after the midair incident before being shifted to abu dhabi for further medical treatment,https://www.hindustantimes.com/india-news/stabbed-indian-flydubai-pilot-smit-machchhar-now-stable-smiling-and-laughing-in-abu-dhabi-hospital-envoy-israel-uae-saudi-tabuk-101790912480465.html,"smit, machchhar, dhabi",en,2026-10-02 04:54:48,2026-10-03 05:44:44,2026,10,2,Friday,"abu dhabi hospital (ORG), abu dhabi (ORG)",2
India Today,Unknown,pentagon creates religious affairs office as hegseth frames war as spiritual,pentagon creates religious affairs office as hegseth frames war as spiritual,https://www.indiatoday.in/world/story/pete-hegseth-pentagon-religious-affairs-office-church-state-criticism-ptag-3007870-2026-10-02?utm_source=rss,"pentagon, creates, religious",en,2026-10-02 04:54:38,2026-10-02 06:09:05,2026,10,2,Friday,"pentagon (ORG), hegseth (PERSON), pentagon (ORG), hegseth (PERSON)",4
India Today,Unknown,lovlina gives herself perfect birthday gift with maiden asian games boxing gold,lovlina gives herself perfect birthday gift with maiden asian games boxing gold,https://www.indiatoday.in/sports/asian-games/story/boxing-lovlina-borgohain-gold-medal-birthday-mary-kom-3007868-2026-10-02?utm_source=rss,"lovlina, gives, herself",en,2026-10-02 04:53:56,2026-10-02 06:09:05,2026,10,2,Friday,"lovlina (ORG), asian (NORP), asian (NORP)",3
Times of India,TOI TECH DESK,ford ceo jim farley makes clear distinction of the jobs that ai cannot replace,fords ceo jim farley emphasized that artificial intelligence will complement skilled trades workers assuring that roles requiring handson skills and practical judgment are safe despite ai advancements he pointed out that fostering trust is crucial for the successful collaboration between workers and ai additionally he noted the merging roles of tradespeople and engineers in contemporary manufacturing showcasing fords evolution in job functions to adapt to technology,https://timesofindia.indiatimes.com/technology/tech-news/ford-ceo-jim-farley-makes-clear-distinction-of-the-jobs-that-ai-cannot-replace-says-automation-cannot-be-done-for-/articleshow/134632005.cms,"ford, farley, workers",en,2026-10-02 04:48:14,2026-10-02 06:09:02,2026,10,2,Friday,"ford (ORG), jim farley (PERSON), jim farley (PERSON)",3
Times of India,AADRITA HALDER,is there doctor extra pilot new video shows passengers rushing to flydubai cockpit,news article about is there doctor extra pilot new video shows passengers rushing to flydubai cockpit,https://timesofindia.indiatimes.com/world/middle-east/new-video-shows-panic-chaos-on-flydubai-plane-how-passengers-rushed-to-cockpit-during-hijack-attempt/articleshow/134631835.cms,"there, doctor, extra",en,2026-10-02 04:37:11,2026-10-02 06:09:02,2026,10,2,Friday,,0
NDTV,Unknown,11 delhi metro stations shut amid jantar mantar protest against poll body chief call,police said further security measures would be taken depending on the situation,https://www.ndtv.com/delhi-news/11-delhi-metro-stations-shut-amid-jantar-mantar-protest-against-poll-body-chief-call-12128392#publisher=newsstand,"delhi, metro, stations",en,2026-10-02 04:35:15,2026-10-02 06:09:03,2026,10,2,Friday,"11 (CARDINAL), metro (FAC), jantar mantar (PERSON)",3
NDTV,Unknown,gym owner mohammad deepak arrested for assaulting businessman in uttarakhand,police said the arrest was made as a preventive measure amid apprehension of a breach of peace,https://www.ndtv.com/india-news/gym-owner-mohammad-deepak-arrested-for-assaulting-businessman-in-uttarakhand-12128506#publisher=newsstand,"owner, mohammad, deepak",en,2026-10-02 04:35:07,2026-10-02 06:09:03,2026,10,2,Friday,uttarakhand police (ORG),1
NDTV,Unknown,adhir chowdhurys congress offer to mamata banerjee with baggage rider,chowdhury said the congress has always backed mamata banerjee,https://www.ndtv.com/india-news/adhir-chowdhurys-congress-offer-to-mamata-banerjee-with-baggage-rider-12126656#publisher=newsstand,"chowdhury, congress, mamata",en,2026-10-02 04:34:11,2026-10-02 06:09:03,2026,10,2,Friday,"adhir chowdhurys congress (ORG), mamata (ORG), congress (ORG)",3
India Today,Unknown,5yearold girl beaten dragged as mother pleads for help attack caught on cctv,yearold girl beaten dragged as mother pleads for help attack caught on cctv,https://www.indiatoday.in/cities/other-cities/story/amritsar-girl-assault-cctv-woman-beats-drags-5-year-old-girl-3007854-2026-10-02?utm_source=rss,"girl, beaten, dragged",en,2026-10-02 04:33:29,2026-10-02 06:09:05,2026,10,2,Friday,"5yearold (CARDINAL), cctv yearold (ORG), cctv (ORG)",3
NDTV,Unknown,pm modi pays tribute to mahatma gandhi on his birth anniversary,pm modi said that the significance of this day for the nation is known to everyone,https://www.ndtv.com/india-news/pm-modi-pays-tribute-to-mahatma-gandhi-on-his-birth-anniversary-12128491#publisher=newsstand,"modi, pays, tribute",en,2026-10-02 04:29:11,2026-10-02 06:09:03,2026,10,2,Friday,"mahatma gandhi (PERSON), this day (DATE)",2
NDTV,Unknown,same stock different results these mistakes change return on investment,share market if the company continues to deliver on earnings the investor may choose to stay invested,https://www.ndtv.com/business-news/share-market-news-same-stock-different-returns-these-mistakes-change-return-on-investment-12128254#publisher=newsstand,"same, stock, different",en,2026-10-02 04:27:28,2026-10-02 06:09:03,2026,10,2,Friday,,0
NDTV,Unknown,how airlines try to make sure pilots are safe to fly,officials have not said what was used as a weapon in the attack in flydubai boeing 737,https://www.ndtv.com/world-news/flydubai-plane-incident-news-how-airlines-try-to-make-sure-pilots-are-safe-to-fly-12128238#publisher=newsstand,"airlines, make, sure",en,2026-10-02 04:18:51,2026-10-02 06:09:03,2026,10,2,Friday,737 (PRODUCT),1
Hindustan Times,Unknown,delhi records minimum temperature of 232c aqi remains moderate,the minimum temperature at safdarjung delhis base station was 08 degrees lower than thursdays 24c while it was 01 degrees below normal,https://www.hindustantimes.com/india-news/delhi-records-minimum-temperature-of-23-2-c-aqi-remains-moderate-101790914649047.html,"minimum, temperature, degrees",en,2026-10-02 04:17:28,2026-10-03 05:44:44,2026,10,2,Friday,"232c (CARDINAL), 08 degrees (QUANTITY), thursdays 24c (DATE), 01 degrees (QUANTITY)",4
NDTV,Unknown,trump administration accuses ucla law school of racebased admissions bias,ucla school of law said it was committed to making admissions decisions in compliance with all laws,https://www.ndtv.com/world-news/trump-administration-accuses-ucla-law-school-of-race-based-admissions-bias-12128474#publisher=newsstand,"ucla, school, admissions",en,2026-10-02 04:16:25,2026-10-02 06:09:03,2026,10,2,Friday,,0
Times of India,HIJAM RAJU SINGH,asian games kumkum mohod dhiraj bommadevara win mixed recurve team silver,kumkum mohod and dhiraj bommadevara secured a silver medal in the mixed team recurve event at the asian games the indian pair fought back from a 04 deficit against chinas jingyi zhu and mengqi li but lost 35 earlier in the semifinals they staged a remarkable comeback to defeat japans nanami asakuno and junya nakanishi indias womens recurve team also won gold by defeating south korea for the first time,https://timesofindia.indiatimes.com/sports/asian-games-2026/asian-games-2026-kumkum-mohod-dhiraj-bommadevara-win-mixed-recurve-team-silver/articleshow/134631643.cms,"recurve, team, asian",en,2026-10-02 04:15:08,2026-10-02 06:09:02,2026,10,2,Friday,"asian (NORP), kumkum mohod (ORG), asian (NORP), indian (NORP), 04 (CARDINAL), chinas jingyi zhu (ORG), li (PERSON), 35 (CARDINAL), nanami asakuno (PERSON), junya nakanishi (PERSON), south korea (GPE), first (ORDINAL)",12
Times of India,ARYAN SINGH,indias defence export milestone akash air defence missile enters central asia,indias akash air defence missile system has been successfully exported to tajikistan and turkmenistan this follows the initial export to armenia marking significant international expansion the akash system is designed to protect areas from aerial threats and has a proven operational record additionally the indian armed forces are placing more orders and potential international demand is expected the growth of indias defence exports reflects its advancing missile production capabilities,https://timesofindia.indiatimes.com/defence/news/indias-defence-export-milestone-akash-air-defence-missile-enters-central-asia/articleshow/134631509.cms,"defence, india, akash",en,2026-10-02 04:07:34,2026-10-02 06:09:03,2026,10,2,Friday,"tajikistan (NORP), indian (NORP)",2
India Today,Unknown,help me video shows stabbed indian pilots desperate call amid flydubai horror,help me video shows stabbed indian pilots desperate call amid flydubai horror,https://www.indiatoday.in/world/story/flydubai-video-indian-pilot-smit-machchhar-help-passengers-hijack-scare-3007850-2026-10-02?utm_source=rss,"help, video, shows",en,2026-10-02 04:02:37,2026-10-02 06:09:05,2026,10,2,Friday,"indian (NORP), indian (NORP)",2
NDTV,Unknown,4 astronauts reach international space station after recordbreaking 8hour journey,this was the 13th crew launched by spacex for nasa,https://www.ndtv.com/world-news/4-astronauts-reach-international-space-station-after-record-breaking-8-hour-journey-12128182#publisher=newsstand,"astronauts, reach, international",en,2026-10-02 04:01:04,2026-10-02 06:09:03,2026,10,2,Friday,"4 (CARDINAL), 8hour (CARDINAL), 13th (ORDINAL), nasa (ORG)",4
Hindustan Times,Unknown,despite close ties pm modi presses for ukraine peace russian president putin,putin said modi repeatedly raises the issue of ending the conflict despite the close and friendly ties between india and russia,https://www.hindustantimes.com/india-news/even-amid-close-ties-pm-modi-presses-for-ukraine-peace-says-russian-president-putin-101790911862308.html,"despite, close, ties",en,2026-10-02 03:58:51,2026-10-03 05:44:44,2026,10,2,Friday,"ukraine (GPE), russian (NORP), putin putin (PERSON), india (GPE), russia (GPE)",5
Times of India,SHIVANGHI PAYAL,gandhi jayanti are nse bse closed for trading on october 2,stock trading will be halted on october 2 2026 in observance of mahatma gandhi jayanti both the national stock exchange and bombay stock exchange will be closed for the day along with the multi commodity exchange investors have faced declines for four consecutive sessions impacted by foreign selling and escalating crude oil prices the trading schedule will also be affected by the upcoming dussehra and diwali holidays,https://timesofindia.indiatimes.com/business/india-business/gandhi-jayanti-are-nse-bse-closed-for-trading-on-october-2/articleshow/134631322.cms,"trading, stock, will",en,2026-10-02 03:57:56,2026-10-02 06:09:03,2026,10,2,Friday,"gandhi jayanti (PERSON), october 2 (DATE), october 2 2026 (DATE), mahatma gandhi (PERSON), the national stock exchange (ORG), bombay stock exchange (ORG), the day (DATE), four (CARDINAL)",8
Times of India,GLOBAL SPORTS DESK,from modest madeira home to 30m palace cristiano ronaldos journey,cristiano ronaldo grew up in a small home in madeira sharing his space with three siblings he pursued his football talent moving to lisbon to join sporting cp at 12 years old after reaching prominence in football he built a mansion in cascais valued between 30 million and 35 million despite its luxury he chose to sell it soon after completion to seek more privacy,https://timesofindia.indiatimes.com/sports/international-sports/in-1985-cristiano-ronaldo-was-raised-in-a-modest-madeira-household-with-three-siblings-years-later-he-was-building-a-30m-palace-overlooking-portugals-atlantic-coast/articleshow/134631276.cms,"madeira, home, cristiano",en,2026-10-02 03:57:12,2026-10-02 06:09:03,2026,10,2,Friday,"modest madeira home (ORG), 30 (CARDINAL), cristiano (PERSON), three (CARDINAL), 12 years old (DATE), between 30 million and 35 million (MONEY)",6
India Today,Unknown,live aap leaders detained jantar mantar sealed as protest against cec hots up,live aap leaders detained jantar mantar sealed as protest against cec hots up,https://www.indiatoday.in/india/story/jantar-mantar-protest-live-updates-delhi-india-bloc-save-democracy-march-sir-row-gyanesh-kumar-election-commission-3007843-2026-10-02?utm_source=rss,"live, leaders, detained",en,2026-10-02 03:56:06,2026-10-02 06:09:05,2026,10,2,Friday,"jantar mantar (PERSON), jantar mantar (PERSON)",2
NDTV,Unknown,parliament panel delays top court visit on one nation one election bills,parliamentary panel postpones supreme court visit over concerns about separation of powers,https://www.ndtv.com/india-news/parliament-panel-delays-top-court-visit-on-one-nation-one-election-bills-12128415#publisher=newsstand,"panel, court, visit",en,2026-10-02 03:53:54,2026-10-02 06:09:03,2026,10,2,Friday,"one (CARDINAL), one (CARDINAL), supreme court (ORG)",3
Hindustan Times,Unknown,hindu marriage rites not sole proof of conversion delhi high court,the case involved a swedish woman who sought registration of her marriage under the hindu marriage act after her swedish husband allegedly embraced hinduism,https://www.hindustantimes.com/india-news/rites-alone-don-t-prove-status-for-registration-under-hindu-marriage-act-hc-101790912848945.html,"marriage, hindu, swedish",en,2026-10-02 03:47:28,2026-10-03 05:44:44,2026,10,2,Friday,"swedish (NORP), swedish (NORP)",2
NDTV,Unknown,telangana nursing student was choked to death for rejecting advances cops,police suspect that the accused used a bike clutch wire in the attack before fleeing the scene,https://www.ndtv.com/telangana-news/telangana-nursing-student-was-choked-to-death-for-rejecting-advances-cops-12128399#publisher=newsstand,"telangana, nursing, student",en,2026-10-02 03:45:33,2026-10-02 06:09:03,2026,10,2,Friday,telangana nursing (ORG),1
India Today,Unknown,education minister reviews nta exam readiness stresses secure and smooth conduct,education minister reviews nta exam readiness stresses secure and smooth conduct,https://www.indiatoday.in/education-today/news/story/nta-exams-pralhad-joshi-reviews-preparedness-security-and-candidate-convenience-3007829-2026-10-02?utm_source=rss,"education, minister, reviews",en,2026-10-02 03:23:35,2026-10-02 06:09:06,2026,10,2,Friday,,0
NDTV,Unknown,canada eyes 70 billion trade with india in 5 years says canadian minister,sidhu said that canada is the largest collective investor in india with over usd 100 billion invested,https://www.ndtv.com/india-news/canada-eyes-70-billion-trade-with-india-in-5-years-says-canadian-minister-12128029#publisher=newsstand,"canada, billion, india",en,2026-10-02 03:18:42,2026-10-02 06:09:03,2026,10,2,Friday,"canada (GPE), 70 billion (CARDINAL), india (GPE), 5 years (DATE), canadian (NORP), sidhu (PERSON), canada (GPE), india (GPE), over usd 100 billion (MONEY)",9
NDTV,Unknown,despite our friendly ties putin praises pm modi for good ideas on ending russiaukraine war,pm modi reiterated his stance on russiaukraine war to putin when they met last month,https://www.ndtv.com/world-news/vladimir-putin-praises-pm-modi-says-he-has-good-ideas-for-ending-russia-ukraine-war-12128332#publisher=newsstand,"putin, modi, russia",en,2026-10-02 03:12:22,2026-10-02 06:09:03,2026,10,2,Friday,"putin (PERSON), putin (PERSON), last month (DATE)",3
India Today,Unknown,screams blood desperate fight how terror turned to triumph on flydubai flight,screams blood desperate fight how terror turned to triumph on flydubai flight,https://www.indiatoday.in/world/story/flydubai-flight-attack-screams-blood-desperate-fight-how-terror-turned-to-triumph-captain-smit-machchhar-3007818-2026-10-02?utm_source=rss,"screams, blood, desperate",en,2026-10-02 03:08:09,2026-10-02 06:09:05,2026,10,2,Friday,,0
India Today,Unknown,is stock market open or closed today check nse bse october 2 schedule,is stock market open or closed today check nse bse october  schedule,https://www.indiatoday.in/business/market/story/stock-market-open-closed-today-nse-bse-holiday-gandhi-jayanti-october-2-holiday-list-3007826-2026-10-02?utm_source=rss,"stock, market, open",en,2026-10-02 03:07:28,2026-10-02 06:09:05,2026,10,2,Friday,"today (DATE), october 2 (CARDINAL), today (DATE), october (DATE)",4
Times of India,SHIVANGHI PAYAL,indiaus trade deal not imminent pm moditrump may hold another call soon us trade rep,india and the us are nearing the final stages of a significant trade agreement with expectations of its announcement imminent us trade representative jamieson greer revealed that teams are actively working through residual challenges union minister piyush goyal engaged in talks with greer during the g20 trade ministers meeting to expedite the deal a forthcoming call between pm modi and president trump is likely to evaluate the progress,https://timesofindia.indiatimes.com/business/india-business/india-us-trade-deal-not-imminent-pm-modi-trump-may-hold-another-call-soon-us-trade-representative/articleshow/134630697.cms,"trade, india, deal",en,2026-10-02 03:04:53,2026-10-02 06:09:03,2026,10,2,Friday,"us (GPE), jamieson greer (PERSON)",2
Hindustan Times,Unknown,galgotias outscores iisc on thes research quality metric raising questions,galgotiass was asked to withdraw from the india ai impact summit after it displayed a chinese robotic dog as its product,https://www.hindustantimes.com/india-news/galgotias-outscores-iisc-on-the-s-research-quality-metric-raising-questions-101790910030143.html,"galgotias, outscores, iisc",en,2026-10-02 03:01:00,2026-10-03 05:44:44,2026,10,2,Friday,"india (GPE), chinese (NORP)",2
Times of India,RAJEEV SINGH,openai fires 3 researchers as ai safety concerns intensify across tech industry,the san franciscobased artificial intelligence company did not publicly identify the researchers but the wall street journal and bloomberg reported that they were jasmine wang tomek korbak and mikita balesni at least two of them worked on ai safety and alignment areas focused on making advanced ai systems behave safely and follow human instructions we have parted ways with three individuals openai told news agency afp in a statement,https://timesofindia.indiatimes.com/world/us/openai-fires-3-researchers-as-ai-safety-concerns-intensify-across-the-tech-industry/articleshow/134630618.cms,"openai, researchers, safety",en,2026-10-02 03:00:48,2026-10-02 06:09:03,2026,10,2,Friday,"3 (CARDINAL), the wall street journal (ORG), bloomberg (ORG), wang (ORG), tomek korbak (PERSON), at least two (CARDINAL), three (CARDINAL)",7
India Today,Unknown,a monk a mathematician and a problem that waited two decades,a monk a mathematician and a problem that waited two decades,https://www.indiatoday.in/education-today/featurephilia/story/mahan-mj-monk-mathematician-geometry-research-krs-sastry-prize-iisc-tifr-iit-kanpur-3002649-2026-10-02?utm_source=rss,"monk, mathematician, problem",en,2026-10-02 03:00:00,2026-10-02 06:09:05,2026,10,2,Friday,"two decades (DATE), two decades (DATE)",2
Times of India,ARYAN SINGH,gulf oil infrastructure at risk as us rushes patriot missiles to saudi arabia qatar,the us military has deployed extra patriot missile batteries to saudi arabia and qatar to enhance regional security this move aims to protect critical oil and gas facilities against potential iranian attacks concerns were raised by saudi and qatari leaders regarding irans potential retaliation amidst escalating tensions moreover the pentagon is increasing military presence in the middle east deploying additional warships and troops,https://timesofindia.indiatimes.com/defence/international/gulf-oil-infrastructure-at-risk-as-us-rushes-patriot-missiles-to-saudi-arabia-qatar-amid-iran-tensions/articleshow/134630692.cms,"saudi, patriot, arabia",en,2026-10-02 02:53:20,2026-10-02 06:09:03,2026,10,2,Friday,"saudi arabia (GPE), us (GPE), saudi arabia (GPE), qatar (GPE), iranian (NORP), saudi (NORP), qatari (NORP), pentagon (ORG), middle east (LOC)",9
Hindustan Times,Unknown,jantar mantar protests prohibitory orders traffic restrictions in central delhi,delhi police informed the public about the invoking of prohibitory orders under 163 bnss to ensure public safety maintenance of public order,https://www.hindustantimes.com/india-news/jantar-mantar-protests-prohibitory-orders-traffic-restrictions-in-central-delhi-101790909488193.html,"public, prohibitory, orders",en,2026-10-02 02:52:00,2026-10-03 05:44:44,2026,10,2,Friday,"jantar mantar (ORG), 163 (CARDINAL)",2
India Today,Unknown,india ends koreas 44year dominance with historic asian games recurve gold,india ends koreas year dominance with historic asian games recurve gold,https://www.indiatoday.in/sports/asian-games/story/archery-ankita-kumkum-kirti-win-gold-womens-recurve-team-korea-3007811-2026-10-02?utm_source=rss,"india, ends, year",en,2026-10-02 02:42:53,2026-10-02 06:09:05,2026,10,2,Friday,"india (GPE), 44year (CARDINAL), asian (NORP), india (GPE), asian (NORP)",5
Times of India,SABI HUSSAIN,indias asian games gold slide 20 of 28 hangzhou titles already lost,at the asian games in aichinagoya india has witnessed a notable drop in gold medals plummeting from 28 in hangzhou to merely 10 this time around key defeats were recorded in shooting athletics and team events stirring concerns about future prospects however the mens hockey and cricket finals still present a chance to hold onto some glory prompting reflection on how india can reclaim its previous success in sports,https://timesofindia.indiatimes.com/sports/asian-games-2026/20-golds-lost-just-one-individual-title-won-indias-asian-games-slide-offers-a-stark-reality-check/articleshow/134630431.cms,"asian, games, gold",en,2026-10-02 02:40:19,2026-10-02 06:09:03,2026,10,2,Friday,"asian (NORP), 20 (CARDINAL), 28 (CARDINAL), hangzhou (GPE), asian (NORP), aichinagoya india (ORG), 28 (CARDINAL), hangzhou (GPE), 10 (CARDINAL), india (GPE)",10
Times of India,PRIYANKA JAISWAL,putin warns west of all weapons use if russias exclave kaliningrad is attacked,news article about putin warns west of all weapons use if russias exclave kaliningrad is attacked,https://timesofindia.indiatimes.com/world/europe/putin-warns-west-of-all-weapons-use-if-russias-exclave-kaliningrad-is-attacked/articleshow/134630376.cms,"putin, warns, west",en,2026-10-02 02:28:33,2026-10-02 06:09:03,2026,10,2,Friday,"putin (PERSON), putin (PERSON)",2
India Today,Unknown,click tap and done apple pay is convenient but in india faces unique challenges,click tap and done apple pay is convenient but in india faces unique challenges,https://www.indiatoday.in/technology/features/story/click-tap-and-done-apple-pay-is-convenient-but-in-india-faces-unique-challenges-3007805-2026-10-02?utm_source=rss,"click, done, apple",en,2026-10-02 02:24:12,2026-10-02 06:09:05,2026,10,2,Friday,"india (GPE), india (GPE)",2
Hindustan Times,Unknown,tnleft parties allege tvk ranks top among all parties when it comes to cash distribution to voters,the left parties on thursday accused the ruling tamilaga vettri kazhagam tvk of distributing money to voters in two tamil nadu assembly constituencies where bypolls are scheduled for october 6 and demanded that the election commission take action,https://www.hindustantimes.com/india-news/tnleft-parties-allege-tvk-ranks-top-among-all-parties-when-it-comes-to-cash-distribution-to-voters-101790881641477.html,"parties, left, voters",en,2026-10-02 02:23:00,2026-10-03 05:44:44,2026,10,2,Friday,"thursday (DATE), two (CARDINAL), october 6 (DATE)",3
Hindustan Times,Unknown,r veeramani booked under goondas act as fourth case lodged against him says crime branch,the tamil nadu police has invoked goondas act against gem group of companies chairman r veeramani as the special investigation team sit lodged a fourth case against him for alleged sexual assault of minor girls police said on thursday,https://www.hindustantimes.com/india-news/r-veeramani-booked-under-goondas-act-as-fourth-case-lodged-against-him-says-crime-branch-101790881521683.html,"against, veeramani, goondas",en,2026-10-02 02:22:10,2026-10-03 05:44:44,2026,10,2,Friday,"fourth (ORDINAL), fourth (ORDINAL), thursday (DATE)",3
Hindustan Times,Unknown,customs imposes penalty worth  89crore on ranya,the customs department has ordered kannada actor ranya rao to pay  8991 crore in penalties over alleged gold smuggling as part of a 399page adjudication order that imposes over  244 crore in penalties on four people accused in the case officials aware of the matter said on thursday,https://www.hindustantimes.com/india-news/customs-imposes-penalty-worth-89-crore-on-ranya-101790881222488.html,"crore, customs, imposes",en,2026-10-02 02:20:00,2026-10-03 05:44:44,2026,10,2,Friday,"customs (ORG), 89crore (CARDINAL), the customs department (ORG), kannada (ORG), ranya rao (PERSON), 8991 (DATE), 399page (CARDINAL), over  244 (CARDINAL), four (CARDINAL), thursday (DATE)",10
Times of India,GLOBAL SPORTS DESK,tom bradyrob gronkowski fox controversy reignites as micah hyde revives rivalry,micah hyde didnt hold back in criticizing tom brady and rob gronkowskis presence during a bills game broadcast he revealed his unease about their involvement remembering their past victories over the bills specifically hyde stated he didnt want to see brady at highmark stadium emphasizing the intense rivalry between the patriots and bills regardless of the broadcast the bills triumphed against the chargers that night,https://timesofindia.indiatimes.com/sports/nfl/news/tom-brady-and-rob-gronkowski-fox-broadcast-controversy-enters-a-major-phase-after-bills-veteran-micah-hyde-revives-old-patriots-rivalry-after-buffalo-appearance/articleshow/134630398.cms,"bills, brady, hyde",en,2026-10-02 02:19:16,2026-10-02 06:09:03,2026,10,2,Friday,"tom bradyrob (PERSON), hyde (PERSON), hyde (PERSON), tom brady (PERSON), hyde (PERSON), brady (PERSON)",6
Hindustan Times,Unknown,no sc relief for tmc on frozen bank accounts,new delhi the supreme court on thursday refused to provide relief to the mamata banerjeeled trinamool congress tmc faction on operating four bank accounts frozen in connection with a land allotment probe saying the calcutta high court is considering the matter,https://www.hindustantimes.com/india-news/no-sc-relief-for-tmc-on-frozen-bank-accounts-101790881041135.html,"relief, frozen, bank",en,2026-10-02 02:19:10,2026-10-03 05:44:44,2026,10,2,Friday,"new delhi (GPE), the supreme court (ORG), thursday (DATE), congress (ORG), four (CARDINAL)",5
Hindustan Times,Unknown,urdu festival at vidhana soudha faces opposition,the karnataka governments proposal to hold an urdu festival on the steps of vidhana soudha on november 9 has run into opposition from the bjp and a pro kannada organisation with the minister behind the plan saying thursday that the government was willing to reconsider the venue after hearing objections,https://www.hindustantimes.com/india-news/urdu-festival-at-vidhana-soudha-faces-opposition-101790880982172.html,"urdu, festival, vidhana",en,2026-10-02 02:19:00,2026-10-02 06:09:03,2026,10,2,Friday,"november 9 (DATE), thursday (DATE)",2
Hindustan Times,Unknown,ecs cecappointment sc dismisses plea seeking recall of its split verdict,on september 23 the court gave a split verdict on whether the 2023 law should be referred to a constitution bench,https://www.hindustantimes.com/india-news/ecs-cec-appointment-sc-dismisses-plea-seeking-recall-of-its-split-verdict-101790880921666.html,"split, verdict, cecappointment",en,2026-10-02 02:18:20,2026-10-02 06:09:03,2026,10,2,Friday,"september 23 (DATE), 2023 (DATE)",2
Hindustan Times,Unknown,mamata hints at more opposition parties joining indiabloc,new delhi former west bengal chief minister mamata banerjee on thursday indicated that the india bloc could accommodate more opposition parties including the dmk and that the question of who should lead the alliance would be decided collectively,https://www.hindustantimes.com/india-news/mamata-hints-at-more-opposition-parties-joining-indiabloc-101790880861153.html,"mamata, more, opposition",en,2026-10-02 02:18:10,2026-10-02 06:09:03,2026,10,2,Friday,"mamata (ORG), new delhi (GPE), mamata (PERSON), thursday (DATE), the india bloc (LOC)",5
Hindustan Times,Unknown,cbi files second charge sheet in rhfl case names 11 accused,the central bureau of investigation cbi on thursday filed the second charge sheet in its probe against reliance home finance ltd rhfl naming 11 accused persons including three executives of reliance ada group the agency said in a statement,https://www.hindustantimes.com/india-news/cbi-files-second-charge-sheet-in-rhfl-case-names-11-accused-101790880321176.html,"second, charge, sheet",en,2026-10-02 02:17:10,2026-10-02 06:09:03,2026,10,2,Friday,"second (ORDINAL), 11 (CARDINAL), thursday (DATE), second (ORDINAL), finance ltd rhfl (ORG), 11 (CARDINAL), three (CARDINAL), reliance ada group (ORG)",8
Hindustan Times,Unknown,centre tightens sugar stock limits for dealers amid festive demand,from october 15 sugar dealers will not be allowed to hold stocks for more than 15 days or keep more than 1000 quintals at any location,https://www.hindustantimes.com/india-news/centre-tightens-sugar-stock-limits-for-dealers-amid-festive-demand-101790880140817.html,"sugar, dealers, more",en,2026-10-02 02:16:30,2026-10-02 06:09:03,2026,10,2,Friday,"october 15 (DATE), more than 15 days (DATE), more than 1000 (CARDINAL)",3
Hindustan Times,Unknown,goyal meets us trade representative greer holds productive talks on proposed pact,india and the us are engaged in talks to finalise the proposed interim bilateral trade agreement in line with february 7s joint statement,https://www.hindustantimes.com/india-news/goyal-and-greer-hold-productive-talks-on-india-us-trade-deal-101790880081429.html,"trade, talks, proposed",en,2026-10-02 02:16:10,2026-10-02 06:09:03,2026,10,2,Friday,"india (GPE), us (GPE), february (DATE), 7s (CARDINAL)",4
Times of India,SHIVANGHI PAYAL,oil prices soar to 103 per barrel again as middle east supply concerns intensify,recent developments have led to a surge in oil prices largely driven by new restrictions placed on chinese fuel exports this combined with reports of increased us military presence in the middle east has heightened concerns over supply stability following the escalation of conflict between the us and israel regarding iran both brent and wti crude prices have risen sharply,https://timesofindia.indiatimes.com/business/international-business/oil-prices-soar-to-103-per-barrel-again-as-middle-east-supply-concerns-intensify/articleshow/134630145.cms,"prices, middle, east",en,2026-10-02 02:11:48,2026-10-02 06:09:03,2026,10,2,Friday,"103 (CARDINAL), middle east (LOC), chinese (NORP), the middle east (LOC), us (GPE), israel (GPE), iran (GPE)",7
Hindustan Times,Unknown,cjp protest mumbai live shabana azmi vishal dadlani expected to join protest demanding gyanesh kumars resignation,cjp protest mumbai live veteran actor shabana azmi and popular singer vishal dadlani are among the celebrities expected to join abhijeet dipkeled cjp protest in mumbai demanding the resignation of cec gyanesh kumar,https://www.hindustantimes.com/india-news/cjp-protest-mumbai-live-cockroach-abhijeet-dipke-shivaji-park-protest-cec-gyanesh-kumar-resignation-gandhi-jayanti-101790904571056.html,"protest, mumbai, live",en,2026-10-02 02:04:08,2026-10-02 06:09:03,2026,10,2,Friday,"mumbai (GPE), shabana (GPE), shabana azmi (PERSON), vishal dadlani (PERSON), mumbai (GPE)",5
Times of India,AADRITA HALDER,he has good ideas putin lauds pm modis peace push to end russiaukraine war,news article about he has good ideas putin lauds pm modis peace push to end russiaukraine war,https://timesofindia.indiatimes.com/world/europe/he-has-good-ideas-putin-lauds-pm-modis-peace-push-to-end-russia-ukraine-war/articleshow/134630278.cms,"good, ideas, putin",en,2026-10-02 02:02:48,2026-10-02 06:09:03,2026,10,2,Friday,"putin (PERSON), putin (PERSON)",2
Hindustan Times,Unknown,keralam wife hires men to abduct husband rape girlfriend,a woman was abducted and raped and her boyfriend was severely beaten by a sixmember gang who were allegedly hired by the mans wife police officers in keralams thrissur said on thursday,https://www.hindustantimes.com/india-news/keralam-wife-hires-men-to-abduct-husband-rape-girlfriend-101790876959944.html,"wife, keralam, hires",en,2026-10-02 02:02:20,2026-10-02 06:09:03,2026,10,2,Friday,"keralam (NORP), mans (NORP), keralams thrissur (PERSON), thursday (DATE)",4
Times of India,ARYAN SINGH,ukraine claims first combat use of its homemade ballistic missile against russia,in a significant escalation of the conflict ukraine has confirmed its inaugural deployment of the fp7 tactical ballistic missile a cuttingedge weapon designed by fire point president volodymyr zelenskyy disclosed this news on october 1 via telegram while details regarding the missiles target and effects are currently classified the fp7 boasts an impressive range of about 250 kilometers,https://timesofindia.indiatimes.com/defence/international/ukraine-claims-first-combat-use-of-its-home-made-fp-7-ballistic-missile-against-russia/articleshow/134630243.cms,"missile, ukraine, ballistic",en,2026-10-02 01:59:05,2026-10-02 06:09:03,2026,10,2,Friday,"ukraine (GPE), first (ORDINAL), russia (GPE), volodymyr zelenskyy (PERSON), october 1 (DATE), about 250 kilometers (QUANTITY)",6
Hindustan Times,Unknown,delhi police says no permission granted for jantar mantar protest gears up security,aisa plans a demonstration over electoral roll issues while the indian youth congress was also denied permission for a protest,https://www.hindustantimes.com/india-news/delhi-police-says-no-permission-granted-for-jantar-mantar-protest-gears-up-security-gyanesh-kumar-101790904861327.html,"permission, protest, delhi",en,2026-10-02 01:54:41,2026-10-02 06:09:03,2026,10,2,Friday,"delhi police (PERSON), jantar mantar (ORG), indian (NORP), congress (ORG)",4
Times of India,PRANAV SHUKLA,gold medal secured indias women recurve archers defeat south korea in final,india made history as its womens recurve archery team bagged the inaugural gold medal at the asian games defeating the formidable south korean squad known for their ten olympic golds with a tight score of 53 the final was a nailbiter with both teams demonstrating exceptional prowess amidst blustery weather this landmark win comes after a thrilling semifinal against china underscoring the teams exceptional talent and tenacity,https://timesofindia.indiatimes.com/sports/asian-games-2026/gold-medal-secured-indias-women-recurve-archers-defeat-south-korea-in-final/articleshow/134630158.cms,"gold, medal, women",en,2026-10-02 01:51:26,2026-10-02 06:09:03,2026,10,2,Friday,"south korea (GPE), india (GPE), asian (NORP), south korean (NORP), ten (CARDINAL), 53 (CARDINAL), china (GPE)",7
Hindustan Times,Unknown,goa sir 88 of 97 leftout voters reincluded after form 6 3 of remaining 9 hold portuguese passports,officials said three of the remaining voters were portuguese passport holders while six were living abroad and officials were trying to contact them,https://www.hindustantimes.com/india-news/goa-sir-88-of-97-left-out-voters-re-included-after-form-6-some-of-the-remaining-hold-portuguese-passports-eci-gyanesh-kumar-101790902198263.html,"were, voters, remaining",en,2026-10-02 01:49:49,2026-10-02 06:09:03,2026,10,2,Friday,"goa (ORG), 88 (CARDINAL), 97 (CARDINAL), 6 3 (CARDINAL), 9 (CARDINAL), portuguese (NORP), three (CARDINAL), portuguese (NORP), six (CARDINAL)",9
Times of India,PRATYUSH RAJ,simi singh an ireland dream a lifethreatening detour and the journey home,simranjit singh aka simi singh left left india in 2006 to pursue hotel management found an unexpected second career in cricket played for ireland at the 2022 t20 world cup and then survived acute liver failure now after his wife donated part of her liver to save him simi singh has returned home to mohali bringing a remarkable 20year journey to an end yet his association with cricket will continue hes opened an academy where he is honing young talent,https://timesofindia.indiatimes.com/sports/cricket/news/simi-singh-an-ireland-dream-a-life-threatening-detour-and-the-journey-home/articleshow/134630182.cms,"singh, simi, ireland",en,2026-10-02 01:49:27,2026-10-02 06:09:03,2026,10,2,Friday,"simi singh (PERSON), ireland (GPE), singh (GPE), india (GPE), 2006 (DATE), second (ORDINAL), 2022 (DATE), singh (GPE), 20year (CARDINAL)",9
Hindustan Times,Unknown,people will decide countrys fate aisas neha bora ahead of jantar mantar protests,neha bora shares her insights into the central focus of the protests adding that the demand for accountability is a wildfire spreading across the country,https://www.hindustantimes.com/india-news/people-will-decide-country-s-fate-aisa-s-neha-bora-ahead-of-jantar-mantar-protests-101790905707657.html,"neha, bora, protests",en,2026-10-02 01:48:27,2026-10-02 06:09:03,2026,10,2,Friday,jantar mantar (ORG),1
Times of India,SRISHTI LAKHOTIA,prove you are indian calcutta hc tells sirdeleted bangladeshi,the calcutta high court has rejected a womans request concerning her husbands potential deportation over absent identification documents the court expressed concerns about the husbands capability to demonstrate his indian nationality during ongoing investigations detained since august 31 on suspicions of illegal immigration from bangladesh his legal team contends that the detention is unjustified as he has not been formally charged authorities have mandated the submission of his citizenship documentation,https://timesofindia.indiatimes.com/city/kolkata/prove-you-are-indian-calcutta-hc-tells-sir-deleted-bangladeshi/articleshow/134630144.cms,"indian, calcutta, court",en,2026-10-02 01:45:08,2026-10-02 06:09:03,2026,10,2,Friday,"indian (NORP), womans (NORP), indian (NORP), august 31 (DATE)",4
Hindustan Times,Unknown,cjp denies abhijeet dipkes detention reports ahead of mumbai protest as fake as gyanesh kumar holding fair elections,the cjp is set to lead a protest at mumbais shivaji park at 4 pm today demanding gyanesh kumars resignation and changes to the sir process,https://www.hindustantimes.com/india-news/cjp-denies-abhijeet-dipke-detention-as-fake-as-gyanesh-kumar-conducting-fair-polls-mumbai-protest-marine-drive-gandhi-jayanti-101790902419725.html,"protest, gyanesh, denies",en,2026-10-02 01:43:56,2026-10-02 06:09:03,2026,10,2,Friday,"cjp (ORG), mumbai (GPE), shivaji park (PERSON), 4 pm (TIME), today (DATE)",5
Hindustan Times,Unknown,jantar mantar protest live internet disruptions reported aap leaders detained ahead of protest,jantar mantar protest live internet disruptions have been reported around jantar mantar amid the restrictions imposed in the area under section 163,https://www.hindustantimes.com/india-news/delhi-jantar-mantar-protest-live-sfi-dyfi-neha-bora-yogendar-yadav-cec-gyanesh-kumar-resignation-demand-rahul-police-101790903435232.html,"jantar, mantar, protest",en,2026-10-02 01:42:56,2026-10-02 06:09:03,2026,10,2,Friday,"jantar mantar (ORG), jantar mantar (PERSON), jantar mantar (ORG), section 163 (LAW)",4
Times of India,TNN,proud of our mumbai boy netizens hail flydubai hero pilot seek ashok chakra,social media users worldwide are praising captain smit machchhar for his bravery in saving passengers people are urging the government to consider him for prestigious civilian awards highlighting his acts of heroism residents from ghatkopar are expressing pride as they share his background and achievements many shared his 2025 podcast discussing the importance of having doctors on flights in emergencies,https://timesofindia.indiatimes.com/city/mumbai/proud-of-our-mumbai-boy-social-media-hails-flydubai-pilot-capt-smit-machchhar-seeks-ashok-chakra/articleshow/134630081.cms,"proud, mumbai, netizens",en,2026-10-02 01:35:24,2026-10-02 06:09:03,2026,10,2,Friday,"mumbai (GPE), netizens (ORG), 2025 (CARDINAL)",3
Hindustan Times,Unknown,sc declines one nation one election panels proposal to interact with cji kant others,legal experts voiced alarm over the proposed interactions marking significant discussions around the constitutional implications of upcoming electoral changes,https://www.hindustantimes.com/india-news/sc-declines-one-nation-one-election-panels-proposal-to-interact-with-cji-kant-others-101790899423955.html,"declines, nation, election",en,2026-10-02 01:14:16,2026-10-02 06:09:03,2026,10,2,Friday,"one (CARDINAL), one (CARDINAL)",2
Hindustan Times,Unknown,dgca should be turned independent with own funds hiring panel to centre,the proposed caai would have its own recruitment and finances with a passenger levy of  15 suggested to help fund its operations,https://www.hindustantimes.com/india-news/dgca-should-be-turned-independent-with-own-money-and-hiring-proposal-before-govt-law-facelift-panel-parliament-aviation-flights-101790897762914.html,"dgca, should, turned",en,2026-10-02 01:09:02,2026-10-02 06:09:03,2026,10,2,Friday,15 (CARDINAL),1
Hindustan Times,Unknown,pm modi says smit machchhar averted 911style tragedy lauds his courage,leaders praised his courage for preventing a potential disaster while he recovers in a uae hospital following surgery,https://www.hindustantimes.com/india-news/pm-modi-says-smit-machchhar-averted-9-11-style-tragedy-lauds-his-courage-flydubai-incident-israel-101790898401072.html,"courage, modi, says",en,2026-10-02 01:03:10,2026-10-02 06:09:03,2026,10,2,Friday,911style (CARDINAL),1
Times of India,JYOTIRMOY HALDER,if india won a medal we owe it to her captain swayams on savithas heroics,welcome to timesofindiacoms interview series looking back at indias medalwinning campaigns at the chess olympiad in samarkand after kicking things off with srinath narayanan and indias silverwinning open team we turn to swayams mishra captain of the bronzewinning womens team in an exclusive interaction the 34yearold opens up about his first full stint as captain the difficult decisionmaking around vaishali savitha shris matchwinning impact and much more,https://timesofindia.indiatimes.com/sports/chess/if-india-won-a-medal-we-owe-it-to-her-captain-swayams-mishra-on-savitha-shris-chess-olympiad-heroics-exclusive/articleshow/134622703.cms,"winning, india, captain",en,2026-10-02 00:30:00,2026-10-02 06:09:03,2026,10,2,Friday,"india (GPE), narayanan (PERSON), 34yearold (CARDINAL), first (ORDINAL)",4
India Today,Unknown,live lovlina borgohains gold pushes india to 6th sailors secure 3rd medal,live lovlina borgohains gold pushes india to th sailors secure rd medal,https://www.indiatoday.in/sports/asian-games/story/asian-games-2026-live-updates-october-2-events-archery-hockey-wrestling-medals-3007773-2026-10-02?utm_source=rss,"live, lovlina, gold",en,2026-10-01 23:32:03,2026-10-02 06:09:05,2026,10,1,Thursday,"india (GPE), 6th (ORDINAL), 3rd (ORDINAL), india (GPE)",4
India Today,Unknown,cjps abhijeet dipke briefly detained after protest at mumbais marine drive,cjps abhijeet dipke briefly detained after protest at mumbais marine drive,https://www.indiatoday.in/india/maharashtra/story/abhijeet-dipke-cjp-protest-mumbai-police-deny-detention-marine-drive-3007796-2026-10-02?utm_source=rss,"abhijeet, dipke, briefly",en,2026-10-01 23:15:19,2026-10-02 06:09:05,2026,10,1,Thursday,"mumbais marine (ORG), mumbais marine (ORG)",2
Times of India,TNN,sc judges decline to meet parliamentary panel on onenation oneelection,news article about sc judges decline to meet parliamentary panel on onenation oneelection,https://timesofindia.indiatimes.com/india/supreme-court-judges-decline-to-meet-parliamentary-panel-on-one-nation-one-election/articleshow/134629478.cms,"judges, decline, meet",en,2026-10-01 23:00:53,2026-10-02 06:09:03,2026,10,1,Thursday,,0
India Today,Unknown,putin warns nato of nuclear response if russias kaliningrad comes under attack,putin warns nato of nuclear response if russias kaliningrad comes under attack,https://www.indiatoday.in/world/story/putin-kaliningrad-nuclear-warning-russia-all-weapons-if-attacked-3007794-2026-10-02?utm_source=rss,"putin, warns, nato",en,2026-10-01 22:32:58,2026-10-02 06:09:05,2026,10,1,Thursday,"putin (PERSON), nato (ORG), putin (PERSON), nato (ORG)",4
Times of India,TOI SCIENCE DESK,utah removes 17 million tons of radioactive waste from beside colorado river,the moab uranium mill tailings remedial action project has efficiently relocated 17 million tons of waste from the riverbank following rail transportation teams are actively monitoring groundwater contamination levels upcoming efforts will also involve excavating contaminated soil near the original tailings site the objective is to guarantee longterm safety and stability for local residents and the ecosystem ultimately regrading and revegetating the area will be crucial in preventing future erosion,https://timesofindia.indiatimes.com/science/nature/a-uranium-mill-left-radioactive-waste-beside-utahs-colorado-river-for-decades-after-trains-began-hauling-it-away-in-2009-crews-have-now-removed-17-million-tons-to-a-disposal-site-30-miles-away/articleshow/134591218.cms,"million, tons, waste",en,2026-10-01 22:20:00,2026-10-02 06:09:02,2026,10,1,Thursday,"utah (GPE), 17 million tons (QUANTITY), colorado (GPE), 17 million tons (QUANTITY)",4
Times of India,VIJAYA SRIVASTAVA,saudi hands omani flydubai pilot to uae trump vows hitting hard if iran links found,news article about saudi hands omani flydubai pilot to uae trump vows hitting hard if iran links found,https://timesofindia.indiatimes.com/world/middle-east/flydubai-attack-saudi-hands-omani-co-pilot-to-uae-as-investigators-probe-bid-to-crash-plane/articleshow/134626863.cms,"saudi, hands, omani",en,2026-10-01 19:47:18,2026-10-02 06:09:03,2026,10,1,Thursday,"saudi (NORP), iran (GPE), saudi (NORP), iran (GPE)",4
Hindustan Times,Unknown,karnataka ceo orders legal action over false form 7 claims amid sir row,the directive follows reports of bulk applications and allegations that some forms were submitted with false details during the electoral roll revision process,https://www.hindustantimes.com/india-news/karnataka-ceo-orders-legal-action-over-false-form-7-claims-amid-sir-row-101790881341954.html,"false, karnataka, orders",en,2026-10-01 19:02:21,2026-10-02 06:09:03,2026,10,1,Thursday,"karnataka (ORG), the electoral roll revision (ORG)",2
Times of India,PATHIKRIT CHAKRABORTY,uttar pradesh teen kills his mother for opposing sex change,in lucknow a 17yearold allegedly killed his 42yearold mother following an argument about genderaffirming surgery the minor had been living as a female and wanted to undergo surgery an altercation reportedly arose when the mother advised against the procedure the teenager attacked her with an iron wrench resulting in fatal injuries he subsequently informed the police about the incident himself,https://timesofindia.indiatimes.com/city/lucknow/lucknow-teen-kills-his-mother-over-dispute-on-gender-affirming-surgery/articleshow/134626029.cms,"mother, year, about",en,2026-10-01 18:52:16,2026-10-02 06:09:03,2026,10,1,Thursday,42yearold (CARDINAL),1
Times of India,TNN,unsuitable for service 2 gujarat ias officers forced into retirement,the gujarat government has taken disciplinary action leading to the compulsory retirement of two ias officers kankipati rajesh faces ongoing corruption and moneylaundering investigations by cbi and ed since 2022 gaurav dahiya was suspended in 2019 over allegations of misconduct including bigamy and cheating both officers were deemed unsuitable for service based on their reviewed records by the department of personnel and training,https://timesofindia.indiatimes.com/city/ahmedabad/2-gujarat-ias-officers-forced-into-retirement/articleshow/134625992.cms,"officers, unsuitable, service",en,2026-10-01 18:48:45,2026-10-02 06:09:03,2026,10,1,Thursday,"2 (CARDINAL), gujarat (GPE), two (CARDINAL), kankipati (ORG), ed (PERSON), 2022 (DATE), 2019 (DATE)",7
India Today,Unknown,three indian startups launch payloads into space aboard spacexs falcon9,three indian startups launch payloads into space aboard spacexs falcon,https://www.indiatoday.in/science/story/spacex-ai-lab-earth-indian-startup-satleo-dhruva-takeme2space-falcon-9-launch-live-3007552-2026-10-02?utm_source=rss,"three, indian, startups",en,2026-10-01 18:32:57,2026-10-02 06:09:05,2026,10,1,Thursday,"three (CARDINAL), indian (NORP), three (CARDINAL), indian (NORP)",4
India Today,Unknown,kerala high court allows 30week pregnancy termination for rape survivor,kerala high court allows week pregnancy termination for rape survivor,https://www.indiatoday.in/india/law-news/story/kerala-high-court-allows-30-week-pregnancy-termination-for-15-year-old-rape-survivor-ptag-3007242-2026-10-01?utm_source=rss,"kerala, high, court",en,2026-10-01 18:24:41,2026-10-02 06:09:06,2026,10,1,Thursday,"kerala high court (ORG), 30week (CARDINAL), kerala high court (ORG), week (DATE)",4
India Today,Unknown,lpu chancellor ashok mittal on rpe claims 100 false,lpu chancellor ashok mittal on rpe claims  false,https://www.indiatoday.in/newsmo/short-videos/lpu-chancellor-ashok-mittal-on-rpe-claims-100-false-3007760-2026-10-01?utm_source=rss,"chancellor, ashok, mittal",en,2026-10-01 17:45:09,2026-10-02 06:09:05,2026,10,1,Thursday,100 (CARDINAL),1
Times of India,KALYAN DAS,mohammad deepak arrested for assaulting trader over fb comment on ujjain mosque,deepak kumar known for defending an elderly muslim shopkeeper was arrested for assaulting a trader the altercation arose from an online comment regarding a mosque demolition in ujjain kumar allegedly confronted sanjeev tonk over a disputed facebook post police intervened to prevent a law and order situation following the incident at tonks shop kumar is set to be presented before the subdivisional magistrate under relevant legal provisions,https://timesofindia.indiatimes.com/city/dehradun/mohd-deepak-arrested-for-assaulting-trader-for-fb-comment-on-ujjain-mosque-demolition/articleshow/134624863.cms,"kumar, deepak, arrested",en,2026-10-01 17:40:54,2026-10-02 06:09:02,2026,10,1,Thursday,"mosque (NORP), muslim (NORP), kumar (PERSON), kumar (PERSON)",4
Hindustan Times,Unknown,delhi traffic advisory special arrangements in place near rajghat vijay ghat on october 2,according to the advisory special traffic arrangements will remain in place in the areas from 5 am to 11 am on friday,https://www.hindustantimes.com/india-news/delhi-traffic-advisory-special-arrangements-in-place-near-rajghat-vijay-ghat-on-october-2-101790866141057.html,"traffic, advisory, special",en,2026-10-01 17:37:49,2026-10-02 06:09:04,2026,10,1,Thursday,"october 2 (DATE), 5 am to 11 am (QUANTITY), friday (DATE)",3
Times of India,AYUSH PANDEY,not detained cjp says dipke just roaming on mumbai streets ahead of protest,news article about not detained cjp says dipke just roaming on mumbai streets ahead of protest,https://timesofindia.indiatimes.com/india/cjp-founder-abhijeet-dipke-detained-by-mumbai-police-ahead-of-october-2-march-released-later/articleshow/134624537.cms,"detained, says, dipke",en,2026-10-01 17:23:17,2026-10-02 06:09:03,2026,10,1,Thursday,,0
Hindustan Times,Unknown,why warrings position in punjab congress became untenable once pilot replaced baghel,the party is looking for a successor who can balance social and regional equations while working with former cm charanjit singh channi,https://www.hindustantimes.com/india-news/why-did-the-congress-decide-to-remove-amrinder-singh-raja-warring-101790873720075.html,"warring, position, punjab",en,2026-10-01 16:55:19,2026-10-02 06:09:04,2026,10,1,Thursday,"congress (ORG), singh channi (PERSON)",2
India Today,Unknown,protest against cec sanju varma dr pooja tripathi siddhant bhardwaj,protest against cec sanju varma dr pooja tripathi siddhant bhardwaj,https://www.indiatoday.in/india/video/protest-against-cec-sanju-varma-dr-pooja-tripathi-siddhant-bhardwaj-ytvd-3007723-2026-10-01?utm_source=rss,"protest, against, sanju",id,2026-10-01 16:51:21,2026-10-02 06:09:05,2026,10,1,Thursday,,0
India Today,Unknown,voter deletion row karnataka ministers stage dharna outside bengaluru ec office,voter deletion row karnataka ministers stage dharna outside bengaluru ec office,https://www.indiatoday.in/india/video/voter-deletion-row-karnataka-ministers-stage-dharna-outside-bengaluru-ec-office-ytvd-3007700-2026-10-01?utm_source=rss,"voter, deletion, karnataka",de,2026-10-01 16:27:05,2026-10-02 06:09:05,2026,10,1,Thursday,"karnataka ministers (PERSON), ec (ORG), karnataka ministers (PERSON), ec (ORG)",4
Hindustan Times,Unknown,gujarat govt compulsorily retires two ias officers under operation gangajal,the gujarat government on thursday compulsorily retired two indian administrative service ias officers k rajesh and gaurav dahiya,https://www.hindustantimes.com/india-news/gujarat-govt-compulsorily-retires-two-ias-officers-under-operation-gangajal-101790871259867.html,"gujarat, compulsorily, officers",en,2026-10-01 16:14:19,2026-10-02 06:09:04,2026,10,1,Thursday,"gujarat (NORP), two (CARDINAL), gujarat (NORP), thursday (DATE), two (CARDINAL), indian (NORP)",6
Hindustan Times,Unknown,capt smit machchhar shifted to abu dhabi closely monitoring his health mea on flydubai indian pilot,indian ambassador in uae met the pilots family and assured them that all possible support will be extended for his health and wellbeing,https://www.hindustantimes.com/india-news/capt-smit-machchhar-shifted-to-abu-dhabi-monitoring-health-condition-mea-on-flydubai-indian-pilot-uae-israel-saudi-101790870561807.html,"health, indian, pilot",en,2026-10-01 16:05:49,2026-10-02 06:09:04,2026,10,1,Thursday,"abu dhabi (ORG), indian (NORP), indian (NORP), uae (GPE)",4
Hindustan Times,Unknown,amit shah chairs meet over odishachhattisgarh mahanadi water dispute key takeaways,chhattisgarh cm vishnu deo sai has called for a fair and sustainable resolution to the longstanding mahanadi watersharing dispute with odisha,https://www.hindustantimes.com/india-news/amit-shah-chairs-meet-over-odisha-chhattisgarh-mahanadi-water-dispute-key-takeaways-101790864770262.html,"odisha, chhattisgarh, mahanadi",en,2026-10-01 15:58:49,2026-10-02 06:09:04,2026,10,1,Thursday,"cm vishnu deo sai (PERSON), odisha (GPE)",2
Hindustan Times,Unknown,sc seeks affidavit from up govt on arrests safety compliance after yamuna expressway bus fire,sc sought affidavit from up government on action taken against driver owner of sleeper bus whose fire in greater noida killed nine passengers last month,https://www.hindustantimes.com/india-news/sc-seeks-affidavit-from-up-govt-on-arrests-safety-compliance-after-yamuna-expressway-bus-fire-101790870003114.html,"affidavit, fire, seeks",en,2026-10-01 15:53:22,2026-10-02 06:09:04,2026,10,1,Thursday,"nine (CARDINAL), last month (DATE)",2
India Today,Unknown,india to open campaign vs australia on october 7 face pakistan on october 10,india to open campaign vs australia on october  face pakistan on october,https://www.indiatoday.in/sports/cricket/story/icc-odi-world-cup-2027-full-schedule-out-dates-times-india-pakistan-australia-3007673-2026-10-01?utm_source=rss,"october, india, open",en,2026-10-01 15:53:15,2026-10-02 06:09:05,2026,10,1,Thursday,"india (GPE), australia (GPE), october 7 (DATE), pakistan (GPE), october 10 (DATE), india (GPE), australia (GPE), october (DATE), pakistan (GPE), october (DATE)",10
Hindustan Times,Unknown,decade after exit shankersinh vaghela in talks to return to congress ahead of 2027 polls,gujarat congress president amit chavda said discussions are underway with shankersinh vaghela and that the party would take next steps after talks with its leadership,https://www.hindustantimes.com/india-news/decade-after-exit-shankersinh-vaghela-in-talks-to-return-to-congress-ahead-of-2027-polls-101790868720137.html,"shankersinh, vaghela, talks",en,2026-10-01 15:31:59,2026-10-02 06:09:04,2026,10,1,Thursday,"congress (ORG), 2027 (DATE), gujarat congress (ORG)",3
Hindustan Times,Unknown,durga puja preview shows probe suggests exministers firm sent  30 lakh to mamatas accounts ed,the agency said indranil sen described the payment as royalty while it did not specify what the payment was for or allege criminality in the transaction,https://www.hindustantimes.com/india-news/exminister-indranil-sen-accused-of-financial-irregularities-transferred-rs-30-lakh-to-mamata-ed-101790868514093.html,"payment, durga, puja",en,2026-10-01 15:28:33,2026-10-02 06:09:04,2026,10,1,Thursday,30 (CARDINAL),1
Hindustan Times,Unknown,indian envoy to uae meets flydubai pilot smit machchhar says he is recovering well,machchhar was stabbed and seriously injured by his copilot in the cockpit of flydubai flight fz1073 travelling from dubai to tel aviv on wednesday,https://www.hindustantimes.com/india-news/indian-envoy-to-uae-meets-flydubai-pilot-smit-machchhar-in-dubai-says-he-is-recovering-well-101790867902510.html,"flydubai, pilot, machchhar",en,2026-10-01 15:23:42,2026-10-02 06:09:04,2026,10,1,Thursday,"indian (NORP), uae (GPE), fz1073 (PRODUCT), dubai (GPE), tel aviv (GPE), wednesday (DATE)",6
Hindustan Times,Unknown,canadian foreign min set to visit india in midoctober,anand is also set to speak at the bloomberg new economy forum in new delhi the people said,https://www.hindustantimes.com/india-news/canadian-foreign-minister-to-visit-india-in-mid-october-as-trade-talks-gain-pace-101790867785966.html,"canadian, foreign, visit",en,2026-10-01 15:16:25,2026-10-02 06:09:04,2026,10,1,Thursday,"canadian (NORP), india (GPE), new delhi (GPE)",3
India Today,Unknown,asian games schedule for oct 2 indias hockey boxing wrestling finals in spotlight,asian games schedule for oct  indias hockey boxing wrestling finals in spotlight,https://www.indiatoday.in/sports/asian-games/story/asian-games-2026-oct-2-schedule-india-medal-events-hockey-boxing-wrestling-3007648-2026-10-01?utm_source=rss,"asian, games, schedule",en,2026-10-01 15:10:32,2026-10-02 06:09:05,2026,10,1,Thursday,"asian (NORP), oct 2 (DATE), asian (NORP)",3
India Today,Unknown,how captain machchhar fought for flydubai flight control prevented another 911,how captain machchhar fought for flydubai flight control prevented another,https://www.indiatoday.in/programme/super-6/video/flydubai-cockpit-attack-foiled-indian-pilot-saves-174-lives-mid-air-terror-probe-frvd-3007588-2026-10-01?utm_source=rss,"captain, machchhar, fought",en,2026-10-01 14:26:44,2026-10-02 06:09:05,2026,10,1,Thursday,911 (CARDINAL),1
Hindustan Times,Unknown,gujarat trio allegedly held captive in ethiopia released no ransom paid police,three members of gujarat family who were taken captive in the east african nation of ethiopia reached mumbai on thursday after being released,https://www.hindustantimes.com/india-news/gujarat-trio-allegedly-held-captive-in-ethiopia-released-no-ransom-paid-police-101790864538790.html,"gujarat, captive, ethiopia",en,2026-10-01 14:22:18,2026-10-02 06:09:04,2026,10,1,Thursday,"gujarat (NORP), ethiopia (GPE), three (CARDINAL), gujarat (NORP), east african (NORP), ethiopia (GPE), thursday (DATE)",7
India Today,Unknown,former mps family stuck inside lift in delhi for nearly an hour 6 members faint,former mps family stuck inside lift in delhi for nearly an hour  members faint,https://www.indiatoday.in/trending-news/story/former-mps-family-stuck-inside-lift-in-delhi-for-nearly-an-hour-6-members-faint-3007573-2026-10-01?utm_source=rss,"former, family, stuck",en,2026-10-01 14:18:33,2026-10-02 06:09:05,2026,10,1,Thursday,"mps (PERSON), nearly an hour (TIME), nearly an hour (TIME)",3
Hindustan Times,Unknown,8 pune coaching class students drown off diveagar beach in maharashtras raigad during picnic,eight students drown off diveagar beach in maharashtras raigad all bodies recovered,https://www.hindustantimes.com/india-news/eight-students-drown-off-diveagar-beach-in-maharashtras-raigad-all-bodies-recovered-101790864224605.html,"students, drown, diveagar",en,2026-10-01 14:17:53,2026-10-02 06:09:04,2026,10,1,Thursday,"8 (CARDINAL), diveagar beach (GPE), eight (CARDINAL), diveagar beach (GPE)",4
India Today,Unknown,hes smiling chatting with family indian envoy shares update on captain smit,hes smiling chatting with family indian envoy shares update on captain smit,https://www.indiatoday.in/world/story/flydubai-pilot-smit-machchhar-recovering-after-foiling-alleged-cockpit-crash-attempt-ptag-3007592-2026-10-01?utm_source=rss,"smiling, chatting, family",en,2026-10-01 14:14:32,2026-10-02 06:09:05,2026,10,1,Thursday,"indian (NORP), indian (NORP)",2
Hindustan Times,Unknown,assam govt directs dcs ssps to ensure ambulances not stopped for vip convoys after silchar row,the directive issued by the chief ministers office cmo also said that the chief ministers convoy may be paused if required to allow emergency vehicles to pass immediately,https://www.hindustantimes.com/india-news/assam-govt-directs-dcs-ssps-to-ensure-ambulances-not-stopped-for-vip-convoys-after-silchar-row-101790863340114.html,"chief, ministers, assam",en,2026-10-01 14:02:19,2026-10-02 06:09:04,2026,10,1,Thursday,,0
India Today,Unknown,why bangladeshs drone push could be indias eastern challenge,why bangladeshs drone push could be indias eastern challenge,https://www.indiatoday.in/india-today-insight/story/why-bangladeshs-drone-push-could-be-indias-eastern-challenge-3007569-2026-10-01?utm_source=rss,"drone, push, could",en,2026-10-01 13:54:47,2026-10-03 05:44:45,2026,10,1,Thursday,bangladeshs drone (ORG),1
India Today,Unknown,why nara lokesh defends election commission amidst sir row,why nara lokesh defends election commission amidst sir row,https://www.indiatoday.in/india-today-insight/story/why-nara-lokesh-defends-election-commission-amidst-sir-row-3007566-2026-10-01?utm_source=rss,"nara, lokesh, defends",en,2026-10-01 13:54:44,2026-10-03 05:44:45,2026,10,1,Thursday,"nara (GPE), nara (GPE)",2
India Today,Unknown,october 1 wrap indias silver haul grows reach final in cricket hockey,october  wrap indias silver haul grows reach final in cricket hockey,https://www.indiatoday.in/sports/asian-games/story/asian-games-wrap-october-1-india-medals-hockey-cricket-finals-sailing-3007545-2026-10-01?utm_source=rss,"october, wrap, silver",en,2026-10-01 13:43:09,2026-10-02 06:09:05,2026,10,1,Thursday,"october 1 (DATE), october (DATE)",2
India Today,Unknown,womans heartbreaking take on life as parents remain missing after nepal floods,womans heartbreaking take on life as parents remain missing after nepal floods,https://www.indiatoday.in/trending-news/story/woman-heartbreaking-take-on-life-as-parents-remain-missing-after-nepal-floods-3007554-2026-10-01?utm_source=rss,"heartbreaking, take, life",en,2026-10-01 13:36:49,2026-10-02 06:09:05,2026,10,1,Thursday,"womans (NORP), womans (NORP)",2
Hindustan Times,Unknown,odisha woman stripped assaulted in public by villagers on witchcraft suspicion police,the incident took place on september 25 but the woman lodged a complaint on wednesday following which police registered a case against six people including two women,https://www.hindustantimes.com/india-news/odisha-woman-stripped-assaulted-in-public-by-villagers-on-witchcraft-suspicion-police-101790861298157.html,"woman, police, odisha",en,2026-10-01 13:28:17,2026-10-02 06:09:04,2026,10,1,Thursday,"odisha woman (PERSON), september 25 (DATE), wednesday (DATE), six (CARDINAL), two (CARDINAL)",5
Hindustan Times,Unknown,two arrested for attack on tipra motha candidate during ttaadc village committee poll in tripura,khachindra reang 34 who was contesting from ward no 2 of the gamaria village committee was injured after unidentified persons allegedly opened fire as he got down from a vehicle,https://www.hindustantimes.com/india-news/two-arrested-for-attack-on-tipra-motha-candidate-during-ttaadc-polls-in-tripura-police-101790859677203.html,"village, committee, arrested",en,2026-10-01 13:01:16,2026-10-02 06:09:04,2026,10,1,Thursday,two (CARDINAL),1
India Today,Unknown,ballot babas and booth capturing india needs these back and now,ballot babas and booth capturing india needs these back and now,https://www.indiatoday.in/opinion/story/election-commission-controversy-evm-paper-ballot-opposition-demand-itspc-3007497-2026-10-01?utm_source=rss,"ballot, babas, booth",en,2026-10-01 12:51:26,2026-10-02 06:09:05,2026,10,1,Thursday,"ballot babas (PERSON), india (GPE), india (GPE)",3
Hindustan Times,Unknown,ht evening brief oct 1 meet the 4 heroes of flydubai who helped indian pilot prasidh krishna ruled out of west indies odi final,here are the top headlines from the day covering india the world entertainment and sports,https://www.hindustantimes.com/india-news/ht-evening-brief-october-1-heroes-of-flydubai-delhi-winter-pollution-plans-cjp-mumbai-protest-chinmayi-sripaada-prasidh-krishna-odi-wi-news-101790855414511.html,"evening, brief, meet",en,2026-10-01 12:37:54,2026-10-02 06:09:04,2026,10,1,Thursday,"4 (CARDINAL), indian (NORP), the day (DATE), india (GPE)",4
Hindustan Times,Unknown,pargat singh or vijay singla who could be the next punjab congress chief after amarinder warrings exit,the appointment would be a significant one owing to the upcoming assembly elections in punjab expected to held in february next year,https://www.hindustantimes.com/india-news/punjab-congress-chief-amarinder-warring-exit-pargat-singh-vijay-singla-ahead-of-assembly-elections-ppcc-president-101790853071705.html,"next, punjab, pargat",en,2026-10-01 12:34:07,2026-10-02 06:09:04,2026,10,1,Thursday,"singh (GPE), congress (ORG), february next year (DATE)",3
India Today,Unknown,this is not flydubai copilot shouting allahu akbar and death to america,this is not flydubai copilot shouting allahu akbar and death to america,https://www.indiatoday.in/fact-check/story/flydubai-flight-1073-viral-video-fact-check-easyjet-london-glasgow-clip-misidentified-3007429-2026-10-01?utm_source=rss,"flydubai, shouting, allahu",en,2026-10-01 12:29:29,2026-10-03 05:44:45,2026,10,1,Thursday,"america (GPE), america (GPE)",2
Hindustan Times,Unknown,amazon flipkart review cctv camera listings on selling platforms in india after report flags security risk,the ecommerce companies were reviewing internetenabled surveillance cameras listed by thirdparty sellers says a report,https://www.hindustantimes.com/india-news/amazon-walmart-flipkart-review-cctv-camera-listings-on-selling-platforms-in-india-after-report-flagged-security-risk-101790855949281.html,"report, amazon, flipkart",en,2026-10-01 12:22:04,2026-10-02 06:09:04,2026,10,1,Thursday,india (GPE),1
India Today,Unknown,smit machchhar the indian pilot who saved 174 lives,smit machchhar the indian pilot who saved  lives,https://www.indiatoday.in/newsmo/short-videos/smit-machchhar-the-indian-pilot-who-saved-174-lives-3007482-2026-10-01?utm_source=rss,"smit, machchhar, indian",en,2026-10-01 12:17:32,2026-10-02 06:09:05,2026,10,1,Thursday,"indian (NORP), 174 (CARDINAL), indian (NORP)",3
India Today,Unknown,niteshs silver keeps india waiting for a grecoroman champion at asian games,niteshs silver keeps india waiting for a grecoroman champion at asian games,https://www.indiatoday.in/sports/asian-games/story/nitesh-siwach-silver-asian-games-2026-greco-roman-wrestling-3007461-2026-10-01?utm_source=rss,"silver, keeps, india",en,2026-10-01 11:56:28,2026-10-02 06:09:05,2026,10,1,Thursday,"niteshs (CARDINAL), india (GPE), asian (NORP), india (GPE), asian (NORP)",5
Hindustan Times,Unknown,new liquor shops in urban bengal to keep 500metre distance from schools religious sites 1 km elsewhere,chief minister suvendu adhikari had earlier announced that his government would not permit liquor sales within a 1 km radius of schools colleges and temples,https://www.hindustantimes.com/india-news/new-liquor-shops-in-urban-bengal-to-keep-500-metre-distance-from-schools-religious-sites-1-km-elsewhere-101790853653521.html,"liquor, schools, shops",en,2026-10-01 11:39:17,2026-10-02 06:09:04,2026,10,1,Thursday,"500metre (CARDINAL), 1 km (QUANTITY), suvendu adhikari (PERSON), 1 km (QUANTITY)",4
India Today,Unknown,supreme courts 16 margin query puts drug pricing in focus,supreme courts  margin query puts drug pricing in focus,https://www.indiatoday.in/health/story/drug-pricing-india-supreme-court-centre-16-percent-retailer-margin-3007409-2026-10-01?utm_source=rss,"supreme, margin, query",en,2026-10-01 11:32:51,2026-10-02 06:09:06,2026,10,1,Thursday,"supreme (ORG), 16 (CARDINAL)",2
Hindustan Times,Unknown,wont rest till killers conspirators in pradeep purnekar murder caught uddhav thackeray,we will not rest until the killers and masterminds behind the murder are punished thackeray said after meeting pradeep purnekars wife vijeta and son ram,https://www.hindustantimes.com/india-news/wont-rest-till-killers-conspirators-in-pradeep-purnekar-murder-caught-uddhav-thackeray-101790853494734.html,"rest, killers, pradeep",en,2026-10-01 11:18:14,2026-10-02 06:09:04,2026,10,1,Thursday,"purnekar murder (PERSON), vijeta (PERSON)",2
Hindustan Times,Unknown,fire safety clearance rejected for mea headquarters on delhis janpath road,the delhi fire service has rejected fire safety clearance for the ministry of external affairs mea headquarters at jawaharlal nehru bhawan on janpath road,https://www.hindustantimes.com/india-news/fire-safety-clearance-rejected-for-mea-headquarters-on-delhi-s-janpath-road-101790853435586.html,"fire, safety, clearance",en,2026-10-01 11:17:15,2026-10-02 06:09:04,2026,10,1,Thursday,"the ministry of external affairs mea (ORG), jawaharlal nehru bhawan (ORG)",2
Hindustan Times,Unknown,cm dk shivakumar alleges plot to delete 56 million voters in karnataka,karnataka chief minister dk shivakumar called it the bjp and ally janata dal seculars big conspiracy to delete voters,https://www.hindustantimes.com/india-news/cm-dk-shivakumar-alleges-plot-to-delete-5-6-million-voters-in-karnataka-101790853314576.html,"shivakumar, delete, voters",en,2026-10-01 11:15:14,2026-10-02 06:09:04,2026,10,1,Thursday,"cm dk shivakumar (PERSON), 56 million (CARDINAL), karnataka karnataka (ORG), dk shivakumar (PERSON), janata dal (PERSON)",5
India Today,Unknown,smit machchhar averted major terror attack will never forget this hero israeli envoy,smit machchhar averted major terror attack will never forget this hero israeli envoy,https://www.indiatoday.in/india/video/reuven-azar-on-flydubai-attack-indian-pilot-captain-smit-machchhar-averted-major-terror-attack-israel-will-never-forget-this-hero-says-israeli-envoy-ruven-azar-3007319-2026-10-01?utm_source=rss,"smit, machchhar, averted",en,2026-10-01 10:52:02,2026-10-02 06:09:05,2026,10,1,Thursday,"israeli (NORP), israeli (NORP)",2
India Today,Unknown,bmw 100 jahre nrburgring editions open for preorders in india,bmw  jahre nrburgring editions open for preorders in india,https://www.indiatoday.in/auto/latest-auto-news/story/bmw-100-jahre-nurburgring-editions-open-for-pre-orders-in-india-3007320-2026-10-01?utm_source=rss,"jahre, nrburgring, editions",en,2026-10-01 10:21:59,2026-10-03 05:44:45,2026,10,1,Thursday,"bmw 100 (PRODUCT), india bmw (GPE), india (GPE)",3
Hindustan Times,Unknown,maharashtra makes aadhaar mandatory for immovable property registration from october 1,revenue minister chandrashekhar bawankule said no document would be registered without aadhaar identification as part of measures to prevent fraud in property transactions,https://www.hindustantimes.com/india-news/maharashtra-makes-aadhaar-mandatory-for-immovable-property-registration-from-october-1-101790849893749.html,"aadhaar, property, maharashtra",en,2026-10-01 10:18:13,2026-10-02 06:09:04,2026,10,1,Thursday,"maharashtra (ORG), october 1 (DATE), chandrashekhar bawankule (PERSON)",3
Hindustan Times,Unknown,why isnt rahul gandhi doing chhatron ki goonj in keralam rajeev chandrashekhar,chandrashekhar called rahul gandhi a preeminent fraudster in indian politics and a living practitioner of goebbels,https://www.hindustantimes.com/india-news/why-isn-t-rahul-gandhi-doing-chhatron-ki-goonj-in-keralam-rajeev-chandrashekhar-101790849833921.html,"rahul, gandhi, chandrashekhar",en,2026-10-01 10:17:13,2026-10-02 06:09:04,2026,10,1,Thursday,"gandhi (PERSON), chhatron ki (PERSON), keralam rajeev chandrashekhar chandrashekhar (ORG), indian (NORP)",4
Hindustan Times,Unknown,heavy bleeding from head hands dentist who treated indian pilot recounts aftermath of flydubai crash attempt,musaev shota was one of the first three passengers to enter the cockpit of flight fz1073 from dubai to tel aviv,https://www.hindustantimes.com/india-news/flydubai-indian-pilot-smit-machchhar-israeli-dentist-who-treated-him-heavy-bleeding-from-head-hands-dubai-tel-aviv-101790845607250.html,"heavy, bleeding, head",en,2026-10-01 10:01:08,2026-10-02 06:09:04,2026,10,1,Thursday,"indian (NORP), musaev shota (PERSON), one (CARDINAL), first (ORDINAL), three (CARDINAL), fz1073 (PRODUCT), dubai (GPE), tel aviv (GPE)",8
Hindustan Times,Unknown,sc rejects music composer ilaiyaraajas plea against saregamas copyright claim over song,supreme court refuses to interfere with delhi hc ruling that saregama owns the sound recording copyright of ilaiyaraajas en iniya pon nilave,https://www.hindustantimes.com/india-news/sc-rejects-music-composer-ilaiyaraaja-s-plea-against-saregama-s-copyright-claim-over-song-101790848633549.html,"ilaiyaraajas, copyright, rejects",en,2026-10-01 09:57:13,2026-10-02 06:09:04,2026,10,1,Thursday,"supreme court (ORG), saregama (PERSON)",2
Hindustan Times,Unknown,delhi roads to get 2500 ai cameras privacy advocates concerned about surveillance infra,the  178952 crore project is part of an intelligent traffic management system itms the union cabinet cleared on wednesday,https://www.hindustantimes.com/india-news/delhi-roads-to-get-2-500-ai-cameras-privacy-advocates-concerned-about-surveillance-infra-101790848399549.html,"delhi, roads, cameras",en,2026-10-01 09:53:19,2026-10-02 06:09:04,2026,10,1,Thursday,"2500 (CARDINAL), 178952 (DATE), wednesday (DATE)",3
Hindustan Times,Unknown,a plumber who watches air crash investigation a bank ceo who are the 4 other heroes of flydubai flight indian captain smit machchhar got help from,a heroic effort by passengers and the indian pilotincommand of flydubai flight fz1073 prevented disaster after an alleged attack by the omani copilot,https://www.hindustantimes.com/india-news/a-plumber-who-watched-air-crash-investigation-a-bank-ceo-who-are-the-4-other-heroes-of-flydubai-flight-indian-captain-smit-machchhar-got-help-from-101790841736324.html,"flydubai, flight, indian",en,2026-10-01 09:34:28,2026-10-02 06:09:04,2026,10,1,Thursday,"4 (CARDINAL), indian (NORP), indian (NORP), fz1073 (PRODUCT)",4
Hindustan Times,Unknown,cjps mumbai protest tomorrow besides cec gyanesh kumars resignation what are their other demands,abhijeet dipke will lead the cjp protest over cec gyanesh kumar row in mumbai on october 2,https://www.hindustantimes.com/india-news/cjp-mumbai-protest-tomorrow-abhijeet-dipke-saurav-das-what-are-there-demands-over-cec-gyanesh-kumar-eci-row-shiv-sena-ubt-101790845809254.html,"mumbai, protest, gyanesh",en,2026-10-01 09:30:57,2026-10-02 06:09:04,2026,10,1,Thursday,"mumbai (GPE), tomorrow (DATE), mumbai (GPE), october 2 (DATE)",4
Hindustan Times,Unknown,2 ascetics killed bodies set on fire inside temple in ups shahjahanpur local detained,the incident took place at a shiva temple in sutha village around 70 km from the district headquarters,https://www.hindustantimes.com/india-news/2-ascetics-killed-bodies-burnt-at-uttar-pradesh-temple-suspect-detained-101790846532967.html,"temple, ascetics, killed",en,2026-10-01 09:22:12,2026-10-02 06:09:04,2026,10,1,Thursday,"2 (CARDINAL), sutha village (GPE), 70 km (QUANTITY)",3
Times of India,TOI LIFESTYLE DESK,why children who sing during daily routines may be doing more than having fun,as young children engage in daily routines like dressing or eating they often craft spontaneous songs such musical expressions not only showcase their creativity but also play a vital role in language development through rhythm and repetition parents should cherish these moments allowing children the freedom to explore their songmaking abilities without interference observing the themes in their melodies can reveal their interests and cognitive processes,https://timesofindia.indiatimes.com/life-style/parenting/pregnancy/psychology-says-children-who-sing-while-getting-dressed-eating-or-playing-may-be-may-be-doing-more-than-just-having-fun/articleshow/134613638.cms,"their, children, daily",en,2026-10-01 09:14:34,2026-10-03 05:44:44,2026,10,1,Thursday,"daily (DATE), daily (DATE)",2
India Today,Unknown,21 unbeaten but only just india survive pakistan scare to reach hockey final,unbeaten but only just india survive pakistan scare to reach hockey final,https://www.indiatoday.in/sports/asian-games/story/hockey-india-vs-pakistan-semifinal-harmanpreet-singh-abhishek-last-minute-goal-3007249-2026-10-01?utm_source=rss,"unbeaten, only, just",en,2026-10-01 09:11:06,2026-10-02 06:09:05,2026,10,1,Thursday,"21 (CARDINAL), india (GPE), pakistan (GPE), india (GPE), pakistan (GPE)",5
Hindustan Times,Unknown,accused in punjab vhp leaders murder case sonu barnala deported to india arrested by nia,sonu barnala is reportedly accused of providing logistical support and financing the perpetrators in connection with vhp leader vikas prabhakars murder,https://www.hindustantimes.com/india-news/sonu-barnala-deportation-wanted-in-punjab-vhp-leader-vikas-prabhakar-murder-case-nangal-uae-red-corner-notice-101790844776287.html,"accused, leader, murder",en,2026-10-01 09:10:54,2026-10-02 06:09:04,2026,10,1,Thursday,"india (GPE), vikas prabhakars (PERSON)",2
Hindustan Times,Unknown,how delhis aienabled traffic management system will create green corridors for ambulances,emergency vehicles could trigger changes in signal timings through onboard sensors with the detection range expected to depend on the technology,https://www.hindustantimes.com/india-news/how-delhi-s-ai-enabled-traffic-management-system-will-create-green-corridors-for-ambulances-101790845151956.html,"delhis, enabled, traffic",en,2026-10-01 08:59:11,2026-10-02 06:09:04,2026,10,1,Thursday,,0
Hindustan Times,Unknown,amid flydubai crash scare a look at 4 other times things went wrong inside a cockpit,the flydubai episode has highlighted how developments inside a cockpit can sometimes prove as dangerous as problems outside the aircraft,https://www.hindustantimes.com/india-news/when-things-went-wrong-inside-the-cockpit-4-times-unusual-incidents-put-flight-safety-at-risk-amid-flydubai-crash-scare-101790839509101.html,"flydubai, inside, cockpit",en,2026-10-01 08:23:42,2026-10-02 06:09:04,2026,10,1,Thursday,4 (CARDINAL),1
Hindustan Times,Unknown,three held 683 kg of banned firecrackers worth  35 lakh seized in delhis budh vihar,three people were arrested and around 683 kg of banned firecrackers worth  35 lakh was seized from delhis budh vihar area on thursday police said,https://www.hindustantimes.com/india-news/three-held-683-kg-of-banned-firecrackers-worth-35-lakh-seized-in-delhi-s-budh-vihar-101790841478436.html,"three, banned, firecrackers",en,2026-10-01 07:57:57,2026-10-02 06:09:04,2026,10,1,Thursday,"three (CARDINAL), 683 kg (QUANTITY), 35 (CARDINAL), three (CARDINAL), around 683 kg (QUANTITY), 35 (CARDINAL), thursday (DATE)",7
Hindustan Times,Unknown,no business interfering in high court affairs exrajasthan hc acting cj slams sc judge,justice sharma earlier dismissed all the allegations as baseless saying they were made out of animosity,https://www.hindustantimes.com/india-news/former-rajasthan-acting-high-court-chief-justice-sanjeev-prakash-sharma-supreme-court-judge-sandeep-mehta-corruption-101790840862879.html,"business, interfering, high",en,2026-10-01 07:52:54,2026-10-02 06:09:04,2026,10,1,Thursday,exrajasthan hc (PERSON),1
Hindustan Times,Unknown,limp monsoon that left swathes of india bone dry  number theory,wednesday marked the end of the fourmonthlong southwest monsoon which normally accounts for 75 of indias annual rainfall,https://www.hindustantimes.com/india-news/limp-monsoon-that-left-swathes-of-india-bone-dry-number-theory-101790840315397.html,"monsoon, limp, left",en,2026-10-01 07:45:50,2026-10-02 06:09:04,2026,10,1,Thursday,"india (GPE), wednesday (DATE), 75 (CARDINAL), annual (DATE)",4
Hindustan Times,Unknown,sc refuses relief to mamataled tmc faction on operating frozen bank accounts,the calcutta high court heard the factions arguments and scheduled the matter for hearing after the puja holidays,https://www.hindustantimes.com/india-news/sc-refuses-relief-to-mamata-led-tmc-faction-on-operating-frozen-bank-accounts-101790839918737.html,"refuses, relief, mamata",en,2026-10-01 07:31:58,2026-10-02 06:09:04,2026,10,1,Thursday,,0
GNews,Unknown,indian pm hails hero flydubai pilot for averting disaster  le mondefr,indian pm hails hero flydubai pilot for averting disaster  le mondefr,https://news.google.com/rss/articles/CBMiywFBVV95cUxOa0FQUjFJM1hDZTliclpNdC1BQmJhSjJsZkNPTlpzQ08wOUlOTVlkQ01IY3R1U0VKaTk4MTJyQTFZTnlqTnhfUTNnQlB2VFpzOW92bHMyaVd3RUZ3dEYzTlpHQm5FeXFlZkRRM3RPMmpCdTUwckJzeXZQYjJ4cXdIMFdXZm9NM3VKX09Qc2t6RnRZbnQtYUpiQl8tdDltQmJ5VlNNNjdnZ1IyanpyZVJxWVZPeGZxWmpmdjFRcnBVMF96R2o1S0VyZWNqSQ?oc=5&hl=en-US&gl=US&ceid=US:en,"indian, hails, hero",en,2026-10-01 06:33:17,2026-10-01 06:33:17,2026,10,1,Thursday,"indian (NORP), indian (NORP)",2
GNews,Unknown,30 out of every 100 domestic trips in india are for treatment not tourism  ndtv,30 out of every 100 domestic trips in india are for treatment not tourism  ndtv,https://news.google.com/rss/articles/CBMirwFBVV95cUxPQ2N4cEhvazE1VTlfamIzTkpPUlVGdV9jT2RSM1EwRjVPZE5zR05IOWFuMnFyeFIxN1NZekplNDdISEktbDctaGhHVWUtUm9HQkVFeVA5dXF4QmgybDNLUGFUVUpoSHlWM2hocWFIT01EWklkQy1JNW9LSFBJZUl3d2g4M012YnktT01qM1RWS2FfeGVFeWgtSk40SXlMRS1ycXZTU3h0RnRrUWhydENn0gG3AUFVX3lxTE54SnNaaHA2bFpCZFZOTUJoVURSdDJOYkJhQnFlM292UU15Mno4NjkxX0ZHeGxrS2ZCYm12QjZRV3ZGZVhXelEtanVUM0lVNG1BZWZRV2gyODhXbVZzdmhib3Z1dVNMa012X1BYY3Y2T1FSOURPNV9CakNKT2FzNFluT3NfVlFuaFR5T3lHZ3JId3c0RjlnYWtzM3NXcXM5eENfNlpORHVuYTBnV0pGQk14cGhyZ3lRbw?oc=5&hl=en-US&gl=US&ceid=US:en,"every, domestic, trips",en,2026-10-01 06:33:17,2026-10-01 06:33:17,2026,10,1,Thursday,"30 (CARDINAL), 100 (CARDINAL), india (GPE), 30 (CARDINAL), 100 (CARDINAL), india (GPE)",6
GNews,Unknown,asian games 2026 womens hockey india beat south korea to set up final against china  olympicscom,asian games 2026 womens hockey india beat south korea to set up final against china  olympicscom,https://news.google.com/rss/articles/CBMiqwFBVV95cUxPSld6ZnpGajJhSk5TWDFsVk05M0ptckJWRnNRcEVJSXpfLXZpeHF0OWYtamhKd0dVWnBNQWtjYzlvZkZxZUJlaUgxeUV2MzlBMHRGTUVYdWFJYnBBNlBpNjI3eURjdWpCOVZLNXZ0ejRpU05FUHJPdkpQMU9MNkVkM3J4ZEtycUViLVJKbTJWV1Y1MllXUnhaVzJpMmZQM2RESV9hUWxEYzlDYWs?oc=5&hl=en-US&gl=US&ceid=US:en,"asian, games, women",en,2026-10-01 06:33:17,2026-10-01 06:33:17,2026,10,1,Thursday,"asian (NORP), 2026 (DATE), india (GPE), south korea (GPE), china (GPE), asian (NORP), 2026 (DATE), india (GPE), south korea (GPE), china (GPE)",10
GNews,Unknown,a hero trump hails indian captain after flydubai attack calls copilot perhaps a terrorist  the times of india,a hero trump hails indian captain after flydubai attack calls copilot perhaps a terrorist  the times of india,https://news.google.com/rss/articles/CBMi8wFBVV95cUxOS3dhTHJxMzUzSnQ0UUdOU05pYUtpbmdQTXpzTG82ZEU4UG5tRXg3NVRBN1Z2SldUSXZJOGVhWXREQXpBU2hKb0RjLTVTdFNzYmF2akZyNzBqajNOYnJ2M2FJRzA2NHN1Q0YyZXZlb3JyLVBldFFOci1KLUs4WWZtX0F3QURsOUVwZWFqRWN6dk1YVmM4d2JVZTcyWGpvLWQ0Zmd5eXFUaU5lMlM5amcxRFNTdl9LM0REaXd5X3l3RVF3Z29iUUNrZU84clR6bkZsVjRUNmk2ejNNSlBWOUsxbzZyVVp5ejY1cy12WTV0YnVFM2fSAfgBQVVfeXFMT2NNcUlJbzZHVEVucW5pNy0yamRWSU5nZGtJU1hlNXR2QzA4M0JNeEpqQ3VScnVoQ2wxb0RYc1ZrVlBpUGtYSDdVbGlCa1lpWFFWYlRiYkpKdVlibThYbWhOX1VuM1AtbUtTQmMzOGlfdmsyZkktaThKTTh6dXh3anFySW10cnN6NWU5QmRyQzdYQ0VkTXNVdXVNQS1nR3dWN3RJWnpMQWw0dGxicmluQmpjSGZBbVRmQUhJcldab0pmWmE3MV9sdWx1NEx2OU91dnZ3U1luZGlHQS04Y0NTY2s2NUlRckltNDgtWlVMVk9YOEtPUFFTR2U?oc=5&hl=en-US&gl=US&ceid=US:en,"hero, trump, hails",en,2026-10-01 06:33:17,2026-10-01 06:33:17,2026,10,1,Thursday,"indian (NORP), india (GPE), indian (NORP), india (GPE)",4
GNews,Unknown,indian automakers log stronger september sales ahead of festive season  reuters,indian automakers log stronger september sales ahead of festive season  reuters,https://news.google.com/rss/articles/CBMitgFBVV95cUxOV3A4VGE4Yzk1M3JPZVhvSHp5N3RINXdXVURhTXZMSHFBRXVFVU9uR2szOVBZZjdHLUhsX0dPMGNnMGZCbUJEdVlXc1JBZVBGSk5IQ3QyY1ZaVDMtRENNdkZPLXJwaW9DTU81YnMySEd0RDg2LUxDTGZuLWVhY0JLbUI2czZHMVZaeEk5Z2Q0OGhLWXQxY19iaWZvRXgzZ0pvcXdNeGRrXy1iRGxITjRZUXp1ZEVVQQ?oc=5&hl=en-US&gl=US&ceid=US:en,"indian, automakers, stronger",en,2026-10-01 06:33:17,2026-10-01 06:33:17,2026,10,1,Thursday,"indian (NORP), september (DATE), reuters (ORG), indian (NORP), september (DATE), reuters (ORG)",6
GNews,Unknown,this is not cricket this is only batting  gambhir after indias record odi chase  cricinfo,this is not cricket this is only batting  gambhir after indias record odi chase  cricinfo,https://news.google.com/rss/articles/CBMiwAFBVV95cUxOY0Z4dkJDX1oxbG9CMThhWXZ6QTQxSEt0dk9XczhTLXFsT01aR09HeXoyZ0ttZjdMXzZZV3dTNjRRMWhoV3pZUTdieEkybXlOQU9kNEFMOHQ4Sm5WQkpTQVQyMkIxNWYzR2hzT25hR3BHV3pyYVVUd1hVTU5HMnNsa0pMWnQ0LWN4S01OYXptSmZGUjYwRnhtc3FQdmJySXBUdmh6dzdQVDNqWEdELVNEM3RQUENTVTFxUVRrbXh5Q2jSAdIBQVVfeXFMTXVDaTR6SHIydlp3NHdlX0lVSmh5WlJFbVNjUjZCY09wOEdJWklNVVAtQ3ZXR0hlRHZpM1JMTkJSOEQ2b005SlNKM3NRWDhnN2NUSExJQVR3OUN0eEc1VGRhODAzLVJ3eVdLcHp5ZEJ3ajk5VjU5cXd0cUVPZ1NfRk5OMktjYmJpVHpKMTBvWjgyem9EOHZRdklJellIWWFlTGhucFJCZEtxQWo1eVNCRllRMFc2a194OEphbFg3Q25BQzlxVElpXzMzZUtibVhZQ3VR?oc=5&hl=en-US&gl=US&ceid=US:en,"cricket, only, batting",en,2026-10-01 06:33:17,2026-10-01 06:33:17,2026,10,1,Thursday,,0
GNews,Unknown,indias september goods and services tax collection rises 147 from a year ago  reuters,indias september goods and services tax collection rises 147 from a year ago  reuters,https://news.google.com/rss/articles/CBMiswFBVV95cUxPWnQzUWFtbW90NnBLc2xGMzhFSy13Q3FQZUluY2hfcE1ocjdTN3BpYkprLTZZMkZYNFZTajIzUVlzRlRHYWhLRHk3WTBCZjJLbXZOV3kxbUtnUS1heUREVDRSbkIwUlZPbURnRmdOSWJ1WVJOaFVrLTltbnNJeExxQUZFalVmSFVWSGtHeGVQcEYyX0lLSmY3SjJ3S3UzSEFFdnZuZHNOaTRiZVhsUVdNMHNJaw?oc=5&hl=en-US&gl=US&ceid=US:en,"india, september, goods",en,2026-10-01 06:33:17,2026-10-01 06:33:17,2026,10,1,Thursday,"september (DATE), 147 (CARDINAL), a year ago (DATE), reuters (ORG), september (DATE), 147 (CARDINAL), a year ago (DATE), reuters (ORG)",8
GNews,Unknown,inside india newsletter foreign insurers get the redcarpet treatment  and policy uncertainty  cnbccom,inside india newsletter foreign insurers get the redcarpet treatment  and policy uncertainty  cnbccom,https://news.google.com/rss/articles/CBMifkFVX3lxTE5nUDZVQnhCUmpZWUlYMVVOVTNiSVNZUkdOZjNsREhhajE2ZGVqLTZSQ1ptT3MzZkUtVGczTTRjaWhGOFM2VVhac05HVHpsV3FLZERyRkVFMEdoeGdEb1pTbjNyR2RVY2M1SHJjLTVSWW1iaDFjME1jTnMySGN0QdIBgwFBVV95cUxQWVBBUHJaSjNwTkd6YTdOQWFaYm5SbWVpMDhoWmtNUXUxLUR5Q2ptVXNRTTVyaVJTaWtxMm9YWFJVSUxRZ0NmZGJuTFlNa3dEeEZqMjQ2NXhQSDNwOXo0bmpTb0N1NERIZXJDYmt3R0lQQzJwUW12WkVmSE9lM0pYanhwVQ?oc=5&hl=en-US&gl=US&ceid=US:en,"inside, india, newsletter",en,2026-10-01 06:33:17,2026-10-01 06:33:17,2026,10,1,Thursday,"inside india newsletter (ORG), cnbccom inside india newsletter (ORG)",2
GNews,Unknown,tarnishing indias image traveller says fellow indians jumped queue at hanoi airport  ndtv,tarnishing indias image traveller says fellow indians jumped queue at hanoi airport  ndtv,https://news.google.com/rss/articles/CBMivAFBVV95cUxOYTdnMzNmYXFsZWlBLTVkSGlKMUthY0lRektqT0ZmVHhMb1IzQ09tUmFTa1JVMVUtZGUxUjdpSUc2bnpnWlVEc3I0aVVPbS0xTmo4ZU5kOHh1UG5QeHoycGlkbER0QVQ1ZVNqTWFpNU4zdkg5bjBpYW9DdzFpMDdVcEx2UUlPZVU2ZXFfQ3RtZHdJeFdQY1EzZVRweTNrUTQ4WFJINWprOGd2bmFmSmFtaHREMjNRSXpGZ29MZNIBxAFBVV95cUxQSFZ4UU9jNW45MmhteWZ5cXk4YVBtQ0pBSFFLblNiOFV4dVJES0xKWUlyNzdnal9faFk3YlRTUUZvaWt0dnFnZkJRNlg4SlZtcGU4T2ppTzhlVUU1UFpKWWdVLVVlcTNZOFNoejNJQ0gweEVzS2RJZUpKTW1TUG5sbWpaNS1WcWpFQ2RHb0tZdGxSU1lSWngyaGlzclFMY1l2QnhJSGlxdHpfdFo3TGlxb2RmWHI2OENfQVdTRHl4T2p5RkJF?oc=5&hl=en-US&gl=US&ceid=US:en,"tarnishing, india, image",en,2026-10-01 06:33:17,2026-10-01 06:33:17,2026,10,1,Thursday,"indians (NORP), hanoi airport  ndtv (FAC), indians (NORP), hanoi airport  ndtv (FAC)",4
GNews,Unknown,india vs pakistan in mens hockey  defending champions india will look to extend their dominance over pakistan when they clash in the mens hockey semifinal at asian games 2026   facebookcom,india vs pakistan in mens hockey  defending champions india will look to extend their dominance over pakistan when they clash in the mens hockey semifinal at asian games 2026   facebookcom,https://news.google.com/rss/articles/CBMi0wFBVV95cUxOZXh5UndQN2FueUlEVEtzZlVmcWFuVXkxMjBuYWd3M25PdVVvVlVxNlIyMzBOVS10dk9IX1pCNENoeGNSR1JOUFB1ZzR4eFBUM3VnbnRGdmx5VERRMkxDeEhSWVk3UWQyNk4yeVlWb3VSbnZ6cEhXeUVGQ3JSNGU0NGlSYnVhQWR6OVJWLXp1bENmX0pralNJaTZSNVFhMHBIUy1vVVZ1eV9PYUxnMEJfck5ZNGZMQVBCbGEtXzl2dmd0RUp4SDZNLXQ3VkpMTGN6M240?oc=5&hl=en-US&gl=US&ceid=US:en,"india, pakistan, hockey",en,2026-10-01 06:33:17,2026-10-01 06:33:17,2026,10,1,Thursday,"india (GPE), pakistan (GPE), india (GPE), pakistan (GPE), asian (NORP), 2026 (DATE), india (GPE), pakistan (GPE), india (GPE), pakistan (GPE), asian (NORP), 2026 (DATE)",12
GNews,Unknown,asian games 2026 india sweep compound archery team gold medals secure mixed team la 2028 olympics quota  olympicscom,asian games 2026 india sweep compound archery team gold medals secure mixed team la 2028 olympics quota  olympicscom,https://news.google.com/rss/articles/CBMiogFBVV95cUxOVUJCbnd3Unk2LW9xOWtJYldNblQ3MlduUFhIdm91a05pTWp5QUZIaVpKaWVjbktBdGYwc3VFeml0THYxeHVCdlJrejYtN1o5czJfQnRkRnQtSE1mOWhzQmhMWmpPX1dnelM0VU5EWTQ3YlQzVGxlUDI0eU5BMlBIYkdseE1TS09VUktSNHRHNHBIdUJ4TmF1YWVkeHNBQVFkc1E?oc=5&hl=en-US&gl=US&ceid=US:en,"team, olympics, asian",en,2026-10-01 06:33:17,2026-10-01 06:33:17,2026,10,1,Thursday,"asian (NORP), 2026 (DATE), india (GPE), 2028 (DATE), asian (NORP), 2026 (DATE), india (GPE), 2028 (DATE)",8
GNews,Unknown,india is getting old before getting rich will turn aged in 16 years moodys  ndtv,india is getting old before getting rich will turn aged in 16 years moodys  ndtv,https://news.google.com/rss/articles/CBMitAFBVV95cUxPcFE4d2dBc19pREVCa1hQQ280cGZRcHYydnlpbDNBcEsxVmNOdW92RFJNT29DOUN6c0hvTDM3d250ZXpzblhjZVZJV2VMamNNU3VCZW93Z0Q4b1NVRlFNVy1XdVhFQjNqVzNZZVJ3c3JSTF9EVFFDV3dya2NnY19QbE5vckdhM1JJaVFGcVgwYmwyUlU5QWZSVlkzM1UzTDNkRlBBcGY0U25ialY2Ymx6ZFF2bzg?oc=5&hl=en-US&gl=US&ceid=US:en,"getting, india, rich",en,2026-10-01 06:33:17,2026-10-01 06:33:17,2026,10,1,Thursday,"india (GPE), 16 years (DATE), india (GPE), 16 years (DATE)",4
GNews,Unknown,balaghat madhya pradesh the children dying in indias remote tribal heartland  bbc,balaghat madhya pradesh the children dying in indias remote tribal heartland  bbc,https://news.google.com/rss/articles/CBMiW0FVX3lxTFB2TWJrTFAzQjZvZDgwOHBWSmpkRlk4QjYwa1JpS1dKdlRWbFNkeWRLQUl4eDl4MlhQdG1VSHJuZkVTRTF0ek9pOEdZYVJKcFJjWThwdFo2bUx0LU0?oc=5&hl=en-US&gl=US&ceid=US:en,"balaghat, madhya, pradesh",en,2026-10-01 06:33:17,2026-10-01 06:33:17,2026,10,1,Thursday,"bbc (ORG), bbc (ORG)",2
GNews,Unknown,a true hero netanyahu salutes indian pilot who stopped omani copilot from crashing flydubai plane  the times of india,a true hero netanyahu salutes indian pilot who stopped omani copilot from crashing flydubai plane  the times of india,https://news.google.com/rss/articles/CBMi-gFBVV95cUxNaXVnYzl3YUExZHdxbTJOX3VKaWZUd2hCNTlqd3dzeVM0eEh1RHdaZWV1dVlMcEtjWjcwdGdiaHhBSGlsdjcyRlpsYzdKc045NFJtVmUwdVFtOXJUV1R4aVZodHBLRkFfZ2lVU2c3bUFUNktUUnBVcjdRNzEwd0NfQ1VDMk5TMHhDY3hib0NxSVljbl95Vm1sSGtWQU0yREVNRkRsWU5ZLWhsRHc3RHVMUDd3b2lqZ0RaekJNSmRNa3J6Q3R4cU16WlhKdnk4UEJScHFyRnBycWFHUGRONHFBdnhVdUJuZ25FcTVPRzh2Z2JOMDJOZ3pJS0Zn0gH_AUFVX3lxTFB4NGdNc1U1alZveTZWLWl5X0FmOWhuekxGemtwanJWTWxWajZlcGZva09tX201aF9VckZTTnY0VFI4MGJUSXJjdV9UbDBCOTdBSWpwbmdOUXp3YWFNTmxmQllWSGh1OFFSSEhyaTJ5d1FGaW94eGNIamRibXQtSUJ0eHNpa3ptNW9MdlR2elU1WmRnd0owb1VReU9uSjE1dEZoNjgtM3J6a1p2UW5RSzF5VlRleVItRGRTUm5iRmtzUUFTckZURGdSUzJMRG9ZQTdyTVkzVzRkamh2eVAtTkpaSXFiQzZqa0VSVWlIcWZSSjZPdWQ3Qkx3aWd0b3NXbw?oc=5&hl=en-US&gl=US&ceid=US:en,"pilot, true, hero",en,2026-10-01 06:33:17,2026-10-01 06:33:17,2026,10,1,Thursday,"netanyahu (PERSON), indian (NORP), india (GPE), netanyahu (PERSON), indian (NORP), india (GPE)",6
GNews,Unknown,geopolitical tensions high crude may fuel indias imported inflation says government report  reuters,geopolitical tensions high crude may fuel indias imported inflation says government report  reuters,https://news.google.com/rss/articles/CBMirgFBVV95cUxOMmh1aDl6WkZhcWU2cVdMN0ZQblp0cXJMZ2ZvUDFNMW1ORWdwbzJSbnJZUlE5ek1sRDR2S3V6TlBSS3V6TFNDcUNGV1dqS09tMGVYOXlfODlPRFRmVmh0dlBEcnl1WEZkUFVVWnBQUHhQZzhsdjJ2YzF1cW5Fbm03SlJURFl6eHNzSGF5c01BOWVtZlRaYlMzYWg2Q1E4a2ZxWjQ3R3FmSFFXVkF3cnc?oc=5&hl=en-US&gl=US&ceid=US:en,"geopolitical, tensions, high",en,2026-10-01 06:33:17,2026-10-01 06:33:17,2026,10,1,Thursday,reuters (ORG),1
GNews,Unknown,we want justice series of rapes trigger mass protests at indian universities  the guardian,we want justice series of rapes trigger mass protests at indian universities  the guardian,https://news.google.com/rss/articles/CBMimgFBVV95cUxNU2JGeENOcUJteDNUN2dWMU5PcFhtMnZGMHBRZGN5ZzA5eEZSUEhNWExFbWdTajR4MjlKSUZKd2hzZTRsT3lyeHh3Z2VvTlJoZ0VsN2tBMnhjLV92X3dPT3pZR2dzNjB3Q21pUGt1RktEZzNBb2hEcUhPMFQ0WlZ5OFNTN0F0WWVVai1fdGxpLS1fUWsxaUo2Ymd3?oc=5&hl=en-US&gl=US&ceid=US:en,"want, justice, series",en,2026-10-01 06:33:17,2026-10-01 06:33:17,2026,10,1,Thursday,"indian (NORP), indian (NORP)",2
GNews,Unknown,indias ujjain tense as mosque partially demolished for hindu pilgrimage  al jazeera,indias ujjain tense as mosque partially demolished for hindu pilgrimage  al jazeera,https://news.google.com/rss/articles/CBMisgFBVV95cUxNemluUC0wbWJEMEZMbl85RU1LWFJRRWdhRXA1LTJDVTFRVkxEWjJtSmoyYThMSEZnaHRhcWcwcEVIc1FEcjdjaGpvSkx6N3dOZ096c3doWlVNdWRlT0JHM21PbHhxX3dZbnJHeGdjc2NOZXlYRmtGUGdfV1BKZzdKcWhMRnN0YmFxMGdIQzItSnE1NFY0Rl8xTDNvQUJ3YUJZS0w4VDhzX1lKMGQ5T21YeHJn0gG3AUFVX3lxTFBoRl9XaWF1SnUta3pMcHU2WUFUa3RUcEt2R0h1QTFlUjF4X2s4dUlHcElEdldja3hxcXRzQkJkRGVTa0hqMmhwbjdIWm4zbVBHNnRDM1JvckR1TzFpLXFpTkhyQkxZUXhWMnlGaWR2R1ZRM29IbUFTOEpoNHVSU2lDV2tTQ09XOHRKdTRtMUg1dzhJV25pa1BITmF0QXBhUUtWZXNoczZ5SFR1aGJrTWxMTjV4WTdjOA?oc=5&hl=en-US&gl=US&ceid=US:en,"indias, ujjain, tense",en,2026-10-01 06:33:17,2026-10-01 06:33:17,2026,10,1,Thursday,"al jazeera (ORG), al jazeera (ORG)",2
GNews,Unknown,india bags silver medal in mens skiff event at asian games in japan  news on air,india bags silver medal in mens skiff event at asian games in japan  news on air,https://news.google.com/rss/articles/CBMimAFBVV95cUxOa2gwVGE4WVg0YVBLRllXMnYxSGpKYkh5WEd0T05xalluN0ZhVnAwejR3WEVTRU5OSzhsUko5aWM4anBPRHl6NVBsdExNNk1QRnhqbHZLZHljMEt2U2NyT05jQ2pJdEpjdjlpSVY3SmhmZlp4RXIxU1J6VnpZR2wxZDlRc01XQzYxZ3NZUXYzYW00VUZSME9sSQ?oc=5&hl=en-US&gl=US&ceid=US:en,"india, bags, silver",en,2026-10-01 06:33:17,2026-10-01 06:33:17,2026,10,1,Thursday,"india (GPE), asian (NORP), japan (GPE), air india bags (ORG), asian (NORP), japan (GPE)",6
GNews,Unknown,india at asian games 2026 full schedule of medal events and fixtures on october 1 thursday  espnin,india at asian games 2026 full schedule of medal events and fixtures on october 1 thursday  espnin,https://news.google.com/rss/articles/CBMi0AFBVV95cUxQcGZOSS1nS1hHMTA4WlQ1UVB2NjYzSjNsRmtWdE1BVUZMTE1fTjNzdGFET1JGc1JKRUo0TlBQSU11WTR2NGo0R05JRlF6ZEZpVW5FOFRpeG10bGxhNG1ORkZsQnlRQ2VNbGZrVkZRNTdWeW9RV1VSc200NVNneHA1Qk02Tk5iTDV3WjZyaEtMOUo5WUI2YkVhNXFMMVFXLWtnVDFkeUxZTjdlX242bDJKbGk2OTRPbkFIZ0dlU1NSaGszUWxxMUxKY1dKYXdkMll0?oc=5&hl=en-US&gl=US&ceid=US:en,"india, asian, games",en,2026-10-01 06:33:17,2026-10-01 06:33:17,2026,10,1,Thursday,"india (GPE), asian (NORP), 2026 (DATE), october 1 thursday (DATE), india (GPE), asian (NORP), 2026 (DATE), october 1 thursday (DATE)",8
GNews,Unknown,india vs china womens hockey asian games 2026 final schedule and watch ind vs chn live streaming and telecast  olympicscom,india vs china womens hockey asian games 2026 final schedule and watch ind vs chn live streaming and telecast  olympicscom,https://news.google.com/rss/articles/CBMiqwFBVV95cUxORGFxX3d5TEpXel81N2tVT1QzckVUVndxUGs2Tm5sYnhpR0hsRTlwSVpDOW9pYW9OU28tU3NDQkNQa2MyUTZjNE9yUFp3TXhrVUV2QnFHNUJpV0t2RDRUT3FKWE5lbHlqZzNSSHNZWFZkbDFacGluc1YxUE93YUNUVTFJYzI4N012RWZOVVNFb3Z4RXBDUzhNdHRIdmozMU9YY25NSjJZLVdDMjQ?oc=5&hl=en-US&gl=US&ceid=US:en,"india, china, women",en,2026-10-01 06:33:17,2026-10-01 06:33:17,2026,10,1,Thursday,"india (GPE), china (GPE), asian (NORP), india (GPE), china (GPE), asian (NORP)",6
GNews,Unknown,asian games 2026 live womens squash team wins bronze medal india loses to pakistan in volleyball quarterfinal  the hindu,asian games 2026 live womens squash team wins bronze medal india loses to pakistan in volleyball quarterfinal  the hindu,https://news.google.com/rss/articles/CBMiowFBVV95cUxQWHdQSm9JUVpOOEVYOW9sNzZoVTBtTjZybWxEeWRZVEllRHVlekNLM1JrdW1xbkpkYlhIY0F0dldBOGlwQnpnRi1vb1hyWmZoZjhaSmRkbkJrZ05DN3g0Z2x5NUh0d2RYVjBORjdjejFrWGpPN3lrZDFvQjV5a0NObEROVEFCNF9jSjRlTks1Q3pFU3UzSVduTXJQeEQxZ0JuTFpR0gGqAUFVX3lxTE84dlg0V3R3T2lnN0FiUF9fbFJMa0FKTTB1aE1GeTd5WEZyTTZnZW5MSEQyZUp5TkhuRzc2T2tyZ1ZnSUp4TWRLNDFpVDdRb0NHbldmT3VHYlJKT3NIdWxPYVNrd0w5dUVhX1lEbEhQVEJDUmZfbDdVVDV6SzBoR3BPWVZnZGp1UWlTTnk4aVhKM3JvSnU1d0VWRTdxTjhlQnFNc2FIRGZhN1RB?oc=5&hl=en-US&gl=US&ceid=US:en,"asian, games, live",en,2026-10-01 06:33:17,2026-10-01 06:33:17,2026,10,1,Thursday,"asian (NORP), 2026 (DATE), india (GPE), pakistan (GPE), asian (NORP), 2026 (DATE), india (GPE), pakistan (GPE)",8
GNews,Unknown,indias asian games 2026 schedule today october 1 cricket and hockey teams play semifinals  olympicscom,indias asian games 2026 schedule today october 1 cricket and hockey teams play semifinals  olympicscom,https://news.google.com/rss/articles/CBMikwFBVV95cUxPYU5FLURDRUtaa21tTElLUktpRElHdkVwZUNJUWEyNmphSm1NUXVGWWJEQ3pCZllwdUFMNjRSZVp6am1CY3lRSEZjR3kwUlQ2UHpKVUEwMXlCWEIyMDZEZ3U5QmFkcnFWdXpCVk1BZXBseE9sQlFzSUw5amtPejFDTnlfTGFZdmdsd0RmS0FVbS1kQkk?oc=5&hl=en-US&gl=US&ceid=US:en,"india, asian, games",en,2026-10-01 06:33:17,2026-10-01 06:33:17,2026,10,1,Thursday,"asian (NORP), 2026 (DATE), today (DATE), 1 (CARDINAL), asian (NORP), 2026 (DATE), today (DATE), 1 (CARDINAL)",8
GNews,Unknown,omdia indias pc market growth set to reverse with 22 decline forecast in 2h26  omdia,omdia indias pc market growth set to reverse with 22 decline forecast in 2h26  omdia,https://news.google.com/rss/articles/CBMivgFBVV95cUxQYXgwelI0SGxJdmVUbHgzRlV2cUhiWTg4cUU2R3hCZTVQdWtENVJodzZVeE1aTWRBcFZBbjJMWTRxb2VDVlZ6R1NIbHJ1dGk4WndUOTBSOWQzcDdOOV9ydUNIc2ZMS2xyenNkczM0OS13bjkxR3ZWOE5DVlhwb19WeDBWU1RZYTRCT2FsU3I5UC04enhTUGJEZ3JraXhIUlFVbV9Va0JLcVVOT1BVOXdYWmlmMDRRVldXd2hJTkdB?oc=5&hl=en-US&gl=US&ceid=US:en,"omdia, indias, market",en,2026-10-01 06:33:17,2026-10-01 06:33:17,2026,10,1,Thursday,"omdia (ORG), 22 (CARDINAL), 2h26 (CARDINAL), omdia omdia (ORG), 22 (CARDINAL), 2h26 (CARDINAL), omdia (ORG)",7
GNews,Unknown,lies damned lies statistics on the controversy around indias gdp growth figures  ndtv,lies damned lies statistics on the controversy around indias gdp growth figures  ndtv,https://news.google.com/rss/articles/CBMitgFBVV95cUxORmdVWUtmcWplcnJOYmllNkY1cjFmb0dBaVYtcWFQZ2E1Y3ZvYW1IeGpMbFY0aTJCSHc5aXhoTzFFTWpwYkRXUTVfXzgybURmVVJEdXlsSVIyWHhiMExIRDNzczlXRzlLbFZWVDdjcjgyT0QzSXRWNVAxblNlSllpN0pRMXdYYlg3ci05RE5aQXY0LThqVFJvT1c4N0lCSUZmUWM3cXRMRUVsQnBiQVl3RVViU0w5Zw?oc=5&hl=en-US&gl=US&ceid=US:en,"lies, damned, statistics",en,2026-10-01 06:33:17,2026-10-01 06:33:17,2026,10,1,Thursday,,0
GNews,Unknown,indias factory growth climbs to 7month high on surging demand pmi shows  reuters,indias factory growth climbs to 7month high on surging demand pmi shows  reuters,https://news.google.com/rss/articles/CBMitAFBVV95cUxPNXdFSE8xVWxLSWY1d2M4c19XV2pzcU5leW1INU1FVFAzcW9WU0xONHpWNFFrelAxbWgxcVE4eEtGWGs3QkVsOV9lYXJTR2doc2tkNzFYZ3VGMW9aYTZGM203eERNcmFaMkloaUQzV2JXU1ZNdVg1RzhWNkNfVktnMGZTay0wVk5pNVRaMmppWl83LXF0UG5ZWUJDVkxvNG41LVByR182eXM3SDMzMjNld0lLVTE?oc=5&hl=en-US&gl=US&ceid=US:en,"india, factory, growth",en,2026-10-01 06:33:17,2026-10-01 06:33:17,2026,10,1,Thursday,"7month (CARDINAL), 7month (CARDINAL), reuters (ORG)",3
GNews,Unknown,legal system fails to keep pace with indias growing exotic pet industry  mongabay india,legal system fails to keep pace with indias growing exotic pet industry  mongabay india,https://news.google.com/rss/articles/CBMiqwFBVV95cUxNVVBfemtlcFo1ejZ6VGYyd2lpU2diTHFDejBYM2FoWFlQd2I1YnpJemU3VVE0cno1N0FhWEx4WmxIZURGWkxxNnI2TDllWnpNYnVXRzhSWU11UFJxbUZGWGo4bGRvcHNKcGd1MDVFVHZBbUc0V1lwRnBNZnNTZFVhVE5qNU41aDBkQjhWMnBBeExTOFVqRDd4NTFYbjYwcWNUOFZHSzJXS2dkMzA?oc=5&hl=en-US&gl=US&ceid=US:en,"legal, system, fails",en,2026-10-01 06:33:17,2026-10-01 06:33:17,2026,10,1,Thursday,"india (GPE), india (GPE)",2
GNews,Unknown,records galore as india clinch odi series against west indies  icc,records galore as india clinch odi series against west indies  icc,https://news.google.com/rss/articles/CBMilgFBVV95cUxORVlZMnZYTldWc0x6ZExzUTB4VEhmclZlRFNncnIxakhVZXpvQXNxYk5sdkpGSWJLR1hBUkRNQTA3WWZ2Zng5bWVYNUc0clcyQzZNcW9WamlUZUszWDd5R2NCYV9YVjBtNnNtVlBNR3hmVFI4bTNwVnlTV0NjSVRjZTJKREFaZWJfLUdhd2R1eEJVRHUzdUE?oc=5&hl=en-US&gl=US&ceid=US:en,"records, galore, india",en,2026-10-01 06:33:17,2026-10-01 06:33:17,2026,10,1,Thursday,"india (GPE), india (GPE)",2
GNews,Unknown,state bank of india buys nearly 40 of reliances 135 billion debt sale  reuters,state bank of india buys nearly 40 of reliances 135 billion debt sale  reuters,https://news.google.com/rss/articles/CBMisAFBVV95cUxNbVlmdFkzNUtMX0J0RElReHdjc19wZldJVEh6d0Z0UTU1OXpFdDcxdzllX1dEWW5hS2FRY1F6VDloMS13R09yQVlpRXlPUEJFSzBTWC1iNXFGcUZGbjVNaWlNcTU5TW1GNE05NmZUT2c5UmNONnlIWUhlTHhJMzBBZzJpdF9vRm91M245bnRndnBKLWYzeHVtdmZlbzlvUHd2cXY4dWN6UVl4c0dzODNWTQ?oc=5&hl=en-US&gl=US&ceid=US:en,"state, bank, india",en,2026-10-01 06:33:17,2026-10-01 06:33:17,2026,10,1,Thursday,"state bank of india (ORG), nearly 40 (CARDINAL), 135 billion (MONEY), reuters state bank of india (ORG), nearly 40 (CARDINAL), 135 billion (MONEY)",6
GNews,Unknown,asian games 2026 medal tally day 13 live check indias gold silver bronze winners list on 1st october  the indian express,asian games 2026 medal tally day 13 live check indias gold silver bronze winners list on 1st october  the indian express,https://news.google.com/rss/articles/CBMiugFBVV95cUxOUUE3cEQwYkVIVmhrNC13ZzRMYTNuOVZsTE1NR0ZLb1Q5MEVpbGF1dURrbTRzZG9FVkZ1QTd5d0QtQlQwUzZUdFp6RkhyRnd4Tk82WG1iWWRoWkNZQXU0MFZHUjZmQ3E5OUt1QnhOX3pIR2RhMmJRSWd4eDJrN3JXRm83c2Z0bEFBMlRScmRLZy1BdFdMenVremd0WFlBeDFMeWJkNTdHQjRKMVZlUTNIeFU0T0RGbG5SVUHSAcABQVVfeXFMTXhWQThCdmd3dEUxQzR2UFIwMzVNcHFsWDNuWnYwUUZadXV5Y0o3bXN1ejUwUXc0bVVjelJmaEkxd2R5RkZqMDdOdjNjT3NGTEVzQWhHNmN4eEpTTk5OQ29xMkZmbkNieU1kS0Z4XzNmT1kzWng4OFFuRGZIVVVLcm85dEE4MVZ2RWRYcXR5WlR6d1BVU2czdUxGZ0tlaUVxNDhvQ1ZzZ0pqVTF4Z0lqZDRpd0tsZmtRODNZb3pCYmxm?oc=5&hl=en-US&gl=US&ceid=US:en,"asian, games, medal",en,2026-10-01 06:33:17,2026-10-01 06:33:17,2026,10,1,Thursday,"asian (NORP), 2026 (DATE), day 13 (DATE), 1st october (DATE), indian (NORP), asian (NORP), 2026 (DATE), day 13 (DATE), 1st october (DATE), indian (NORP)",10
GNews,Unknown,asian games 2026 cricket hockey semifinals headline indias day 12 schedule  dd india,asian games 2026 cricket hockey semifinals headline indias day 12 schedule  dd india,https://news.google.com/rss/articles/CBMiqAFBVV95cUxQUDJUV2xISlB3RzNWbFB5LTJBRmxxVWFkTFYwMC1GMVJyUm1uYnFsTXpXd1pWaTlOejE5dmRaQ1h6akpsMDNOaUVvMkh2RlRaMlh6U2dOTHZQWHYwLVRRQ2Z3NHNBYVFNaDZDQWtKV25xbm84TmVhUlo2U2ZqY0Q4VmUzMDdFc3dVMVNMcFA5Xzg3a1A4U0N3Y2hYV3dzQ1VVMkpubFdJV3A?oc=5&hl=en-US&gl=US&ceid=US:en,"asian, games, cricket",en,2026-10-01 06:33:17,2026-10-01 06:33:17,2026,10,1,Thursday,"asian (NORP), 2026 (DATE), day 12 (DATE), india asian games (ORG), 2026 (DATE), day 12 (DATE), india (GPE)",7
GNews,Unknown,apple pay launches in india with axis bank partnership  reuters,apple pay launches in india with axis bank partnership  reuters,https://news.google.com/rss/articles/CBMioAFBVV95cUxPbV82WU9ndWVwV0VIZVk4SDJSc2N3enRva3g4dDI3VGxYRnFTUjZ2TVFpcURJa053VjZQRzc0ZlptRW1RTkVkaGxnYzZRejBfSEppdWhnVG5pdHo5ZnU4UWZpcmcwYWhaMFZ0a2hlX1ZhdmZwLTdpa2JUYTE2TXh1bUV2RGltRF9DOGlhX2E0eHRRUDZQR0VIM0pxcEs1VTdy?oc=5&hl=en-US&gl=US&ceid=US:en,"apple, launches, india",en,2026-10-01 06:33:17,2026-10-01 06:33:17,2026,10,1,Thursday,"india (GPE), india (GPE)",2
GNews,Unknown,the indiaefta partnership one plus one equals three  the hindu,the indiaefta partnership one plus one equals three  the hindu,https://news.google.com/rss/articles/CBMirwFBVV95cUxPcUQ3cFZGV0s0blZpU1hTZ21yWG9zWk1TQW1rdGZyNGpNU2YzcnVXWlJ4YzFFLW1ZS2NZY3lxTU03V0FJMFVuQWtNbXp6SHNUR2dVWWx2S3NTZ3BPdGlpa1B5NzJreXZ5bUd2VWxBR0NucG9YcTA1WXpjeUpTLU5ManIyeXpKNFotYlZIcVhZSlkyTzZ3ZUNGd1FhaEZhcWctdXlwWXFqMDNBSUhKN2E00gG2AUFVX3lxTE0xVUp2ZmM0THJoRHZtVi14VmFPbnlmeTNlOVJpd19Ebnl2U21WMXd2aXgtR0c4dG5ydndVdDQtQ1U5MUtZZzlLRWtKVE1RT19XWmlrQ3BNLWJqMThtd01hQ2ZBNXdORGVXNTA1OGR4SUFYM2ZJLTJWNUV3MU9xeThnRVhCUnBpaXp1N24wSWVjVWFTRFV2M3N4TElWM1pYQmJ1RUxWa3VvYlhERndkSXctN0ZBa3FR?oc=5&hl=en-US&gl=US&ceid=US:en,"india, efta, partnership",en,2026-10-01 06:33:17,2026-10-01 06:33:17,2026,10,1,Thursday,"one (CARDINAL), one (CARDINAL), three (CARDINAL), one (CARDINAL), one (CARDINAL), three (CARDINAL)",6
GNews,Unknown,indian oil refiners change strategy to get cheaper oil hire ships  tankers to sail through strait of ho  the times of india,indian oil refiners change strategy to get cheaper oil hire ships  tankers to sail through strait of ho  the times of india,https://news.google.com/rss/articles/CBMinAJBVV95cUxQR0w1RzZNa3NGMTJUQm9qaEsxaEd6VnBhcXVDRVlVZ1lsejlEOHhJaUJCUlNVaWpiOEtwa015d1FKQXlkMHp6TkR4V3ZqajRYVENTQWJ1enVWNzkwM3Q0aElnOUJ1UEZzWDVIbmFsTmV4LXRSREt0YkRQX1pJR01ndldjNm1UVWR6WGpxaDVVSEVlV0d4WERwVWJWWnFfaHNEbmZTSC1lYlZuWjd1X0s5a2c2djBuemdTMVVvRF9CeUx0TXR2V2JfdERiRllyMjJqZzdiVmFhN1NaeFlvU0VELVUwd244a3dhNVZNNUpHWWNBOGYzaF9rbXp5TkhXc1BkdUJPaTFodW1KYWdDdHZ3eGZkdmRLY19jS3NjS9IBogJBVV95cUxNWkh6TEhlb3VWOHMtR0RJaHJ6UFM4bFd4XzIxekxlakRDa0JROVc0ZTFYNTFfSGVjZVpjRDUyTW40VTFUYWhQLV8zeEtobmZNVWpYTURPNXZ6bVFKU0Y4d3Z0MXdfM050dmpzb1B2Qkg3Vmo0RkdDeWtUd1RNNTM0OFE0ZHc0SVhPSS1DWk05amZpaF94UUJXTU83S2pjRmVvY0g5ME8wNUdiM0Faci1lYkZjZXdCQVJ6Q003eldrZFJYcmc1dV9CZnZXZTQ2aG4yRmI4Z2ozZHBxNnhWNDlvN3JtQWxCbVZESGNEbUFyTkV6blpIOXhhUnBySHNzdVBRbDNYY2Z0QUNVZ1dnZEhZVHdEc3U0UzVoMG1KbkVKRm9pUQ?oc=5&hl=en-US&gl=US&ceid=US:en,"indian, refiners, change",en,2026-10-01 06:33:17,2026-10-01 06:33:17,2026,10,1,Thursday,"indian (NORP), india indian (NORP), india (GPE)",3
GNews,Unknown,india at asian games 2026 day 11 compound swept world record equalled and la 2028 quota secured in gold rush  as it happened  olympicscom,india at asian games 2026 day 11 compound swept world record equalled and la 2028 quota secured in gold rush  as it happened  olympicscom,https://news.google.com/rss/articles/CBMinAFBVV95cUxPa0dSZHJEV2tVZDJiMTZ5cHJiMFZObHU2TWlmWlZSWEVKY1FSY0FzRmI4cWFpallSdkd4Z05lNURmMkZteWhoUFZFQTVqd1lSRTRqeWFaZ3htNTZHMFRzZEVndGNKY2VwSHVuZWxwdlM1Vm1hTGNUT3pEVEZDb1pJYWNXT1dMV0d1V2RMQWNvWVczTV9tcmJOWFZuRUg?oc=5&hl=en-US&gl=US&ceid=US:en,"india, asian, games",en,2026-10-01 06:33:17,2026-10-01 06:33:17,2026,10,1,Thursday,"india (GPE), asian (NORP), 2026 (DATE), 11 (CARDINAL), 2028 (CARDINAL), india (GPE), asian (NORP), 2026 (DATE), 11 (CARDINAL), 2028 (CARDINAL)",10
GNews,Unknown,india is proud of captain machchhar pm modi hails flydubai pilot hopes for his speedy recovery  india news  hindustan times,india is proud of captain machchhar pm modi hails flydubai pilot hopes for his speedy recovery  india news  hindustan times,https://news.google.com/rss/articles/CBMi9AFBVV95cUxOWllrdkkzWFE4Mk5CTkVLbDViY284OXI4NExYdWxDU3NiSXJMRi01TGFheHMtcGh4MkpCRHJnUmZmdHZBQ2NtekhqM3BnSV94Q3MzeVJxNVdRLWN4ZEtEVWVzbExhTzVaZUNMUldESDhyTURXeU5HNjlXMlJNS2JTYkE1cVhNUEExUmdRWGNTSmYtVXNjcWQ1MDNDc1RUaUtnR0lnMmk4Q1UxVFJSN280NEZCTnNPM3ZFbHVzbGE2R2htR1VYYjhSM19KS0FtT3hULVNFeEI3MlZtUUN4djkwdkcxWWRzOUJFdXFfX1hxSFlqYjVB0gH6AUFVX3lxTE44ZC1CMnJ6M05iUkZHMC12U2o3UEwtbUd2TXRzSnFPX0xiOTlkOXk0Z1E5RkNqa0hYbHJyQllSbVVoRmJKWmJvcktORFZONHJZZjhscDBQWGx0dTZfZ29XeE9jcWo3Q3RzYU9zUEc4ejN5UEZNVDhzTEo5UWpzZHBSaV9HT2ZtVVFfRjJlRWZIMlZqckg2aG9vRUhNcDR1NWEyWVQtMzEyeFRxQ0ZwRnFiRWE0VDE5NHYyOGlRS0RzWlBpSVhlWTlnYzZ4cGYtNllxTXoyYWRZaFIwcjhfeHRSYjBodV91TTk5MHd2a3JkWVpsaWpBdVVCbEE?oc=5&hl=en-US&gl=US&ceid=US:en,"india, proud, captain",en,2026-10-01 06:33:17,2026-10-01 06:33:17,2026,10,1,Thursday,"india (GPE), india (GPE), hindustan times india (ORG), india (GPE)",4
GNews,Unknown,asian games 2026 live october 1 know india scores updates and results from day 12  olympicscom,asian games 2026 live october 1 know india scores updates and results from day 12  olympicscom,https://news.google.com/rss/articles/CBMimAFBVV95cUxQcVlpUEVJVHVXNUNaTXUxTW16dFphX2dVb3N1VE1TeWVZbUFDVFBhaUs0cGlOUUozZzE0M1pJcWhTV0V1cE9pNVhFXy1kVGc1M04xRzJFNEtULVV0YXlibUdlV0JBa1I5UTZhUVJxV2VJVFJPUGZHaFZ0dTVyZ1M4T3VZM045dUtuaGFSdmNlczVuckI2NTJTeQ?oc=5&hl=en-US&gl=US&ceid=US:en,"asian, games, live",en,2026-10-01 06:33:17,2026-10-01 06:33:17,2026,10,1,Thursday,"asian (NORP), 2026 (DATE), october 1 (DATE), day 12 (DATE), asian (NORP), 2026 (DATE), october 1 (DATE), day 12 (DATE)",8
GNews,Unknown,netanyahu and modi hail indian flydubai pilot as hero  reuters,netanyahu and modi hail indian flydubai pilot as hero  reuters,https://news.google.com/rss/articles/CBMioAFBVV95cUxOMHV1SVRpbTNOMkdCZHowZWpBZG5PdUtTTWhtZnNkSXFSZlkxYzctTHdmNzVmZmYzUTROQ05JZ2I0dFRlZ0VLQTNxN2t1YkpHTFBjeFhTczBUTEhEdHp3bE1WZVc1TXQ4YXpfVS1tX0hnRlJkeDVZa2J0Z0FjVEstbVFrcEN2ckNWbjBDRk9wdEx5enlNRVBSMk1VSnhuY3Bh?oc=5&hl=en-US&gl=US&ceid=US:en,"netanyahu, modi, hail",id,2026-10-01 06:33:17,2026-10-01 06:33:17,2026,10,1,Thursday,"netanyahu (PERSON), indian (NORP), indian (NORP), reuters (ORG)",4
GNews,Unknown,heartbreak in volleyball  indias dream run ends in the quarterfinals pakistan clinch it in straight sets  2519 2523 2518  at aichinagoya 2026 the boys fought hard after that epic unbeaten group stage but it wasnt our day proud of the fig  facebookcom,heartbreak in volleyball  indias dream run ends in the quarterfinals pakistan clinch it in straight sets  2519 2523 2518  at aichinagoya 2026 the boys fought hard after that epic unbeaten group stage but it wasnt our day proud of the fig  facebookcom,https://news.google.com/rss/articles/CBMi0wFBVV95cUxNZDQ1VHR3NE5DSGZvRFpicmZwbE5ObUxCMzY0OHZtMDdZSGxQZ2hSRjRKRTlITWJkUU8tbHoweUpqWEJ0U0RQSE1OdHBuOUZxTFNfSS1Ub0pTSlladjFaYllyUnFlTFk5S2tqb0VYVnhHR3VnTV8zQlFzS3JoU0pCTXN5Vmgxalk4S2I5QXhTaEVKdkFXWTh2NzZ4Mjhkc0tHNUpVZktObjhReUEwN1FTb1VFRkJMV184UThqU2pBWjEzZTVybm9GdDhrTV9TUUVYV0RF?oc=5&hl=en-US&gl=US&ceid=US:en,"heartbreak, volleyball, india",en,2026-10-01 06:33:17,2026-10-01 06:33:17,2026,10,1,Thursday,"2519 (DATE), 2523 2518 (DATE), 2026 (DATE), fig (ORG), 2519 (DATE), 2523 2518 (DATE), 2026 (DATE), fig (ORG)",8
GNews,Unknown,the worlds first fully solarpowered airport is in india  ndtv,the worlds first fully solarpowered airport is in india  ndtv,https://news.google.com/rss/articles/CBMimAFBVV95cUxNTWdFNkV0UkdENUMtR1pCaVRiUmdmZEVCOUdqZkFnTXJvOXZNbHdXamRvcWtGc1lRNzZYRmFWU0paUkxQSGxsX3dkQk5hdWRBY0Q3ZGZWX3FPQWpGSEJ6VzVTUFA3Y2Z2aFRIQ3QzazZIa2ZSdHkyWWhvb0VPMi1IZXJidGprOHlUcU1yRVZncEZnSHhrUnRZddIBoAFBVV95cUxNS0FXc2hfVTc3NEZhMEJHNW8xa1F2anlWaHlFTy1oV3lCTXBlRFpucUIxTmV2cUFjd29vQy1XYzV4WEpNNDZjdnB1NG5HYW1JSjNJblh6a294RnlsYXVBRDFOMC0xTUZBMllYcmxIMnRHUzc1Y3VUVEMySEVQQ245d1RvdTZJOE5rdmlOU1R4Q2RNd1R6dmtlODZCX2MzZFNL?oc=5&hl=en-US&gl=US&ceid=US:en,"world, first, fully",en,2026-10-01 06:33:17,2026-10-01 06:33:17,2026,10,1,Thursday,"first (ORDINAL), india (GPE), first (ORDINAL), india (GPE)",4
India Today,Unknown,flydubai        911 pm,flydubai         pm,https://www.aajtak.in/education/career/story/captain-smit-bravery-averts-911-pm-modi-praises-upsc-event-edmm-dskc-2658126-2026-10-01?utm_source=rss,flydubai,hi,2026-10-01 06:30:09,2026-10-01 06:33:09,2026,10,1,Thursday,911 pm flydubai         pm (TIME),1
India Today,Unknown,samsung s26 ultra available at 91999 on flipkart here is how,samsung s ultra available at  on flipkart here is how,https://www.indiatoday.in/visualstories/technology/samsung-s26-ultra-available-at-91999-on-flipkart-here-is-how-286222-30-09-2026?utm_source=rss,"samsung, ultra, available",en,2026-10-01 06:30:09,2026-10-01 06:33:08,2026,10,1,Thursday,"samsung (ORG), 91999 (DATE)",2
India Today,Unknown,childhood friends manu francis noble kurisinkal bring 1st sailing silver,childhood friends manu francis noble kurisinkal bring st sailing silver,https://www.indiatoday.in/sports/asian-games/story/asian-games-sailing-manu-francis-prince-noble-kurisinkal-india-silver-mens-skiff-3007134-2026-10-01?utm_source=rss,"childhood, friends, manu",en,2026-10-01 06:25:00,2026-10-01 06:33:08,2026,10,1,Thursday,,0
India Today,Unknown,scientists connected three minibrains what happened next blew their minds,scientists connected three minibrains what happened next blew their minds,https://www.indiatoday.in/science/story/scientists-connected-three-mini-brains-what-happened-next-blew-their-minds-3007135-2026-10-01?utm_source=rss,"scientists, connected, three",en,2026-10-01 06:24:19,2026-10-01 06:33:08,2026,10,1,Thursday,"three (CARDINAL), three (CARDINAL)",2
Times of India,HIJAM RAJU SINGH,asian games ganesh wins bronze as india finish with four compound archery medals,at the asian games 2026 ganesh mani ratnam thirumuru clinched a bronze medal in the mens individual compound archery event triumphing over vietnams cong duc dang with a score of 149 to 144 his exceptional accuracy is evident as 14 of his 15 arrows hit the 10s this achievement marks indias fourth medal in compound archery contributing to an overall tally of 63,https://timesofindia.indiatimes.com/sports/asian-games-2026/asian-games-ganesh-mani-ratnam-wins-bronze-as-india-finish-with-four-compound-archery-medals/articleshow/134610161.cms,"compound, archery, asian",en,2026-10-01 06:19:37,2026-10-01 06:33:06,2026,10,1,Thursday,"asian (NORP), india (GPE), four (CARDINAL), asian (NORP), 2026 (DATE), mani ratnam (PERSON), 149 (CARDINAL), 144 (CARDINAL), 14 (CARDINAL), 15 (CARDINAL), 10s (DATE), fourth (ORDINAL), 63 (CARDINAL)",13
Times of India,LAIRENLAKPAM WARLI,wanted to take over temple 2 priests killed bodies set ablaze in up village,two elderly priests residing in a temple in shahjahanpur district were recently murdered by a man the accused sumit singh allegedly attacked them with a heavy object before igniting their bodies singh reportedly intended to seize control of the temple management following his release from jail both priests had long been caretakers of the shrine which had a land registered in one priests name,https://timesofindia.indiatimes.com/city/meerut/wanted-to-take-over-temple-2-priests-killed-bodies-set-ablaze-in-up-village/articleshow/134609902.cms,"temple, priests, bodies",en,2026-10-01 06:14:01,2026-10-01 06:33:06,2026,10,1,Thursday,"2 (CARDINAL), two (CARDINAL), one (CARDINAL)",3
India Today,Unknown,vaibhav sooryavanshi 15 named in times 100 rising stars list,vaibhav sooryavanshi  named in times  rising stars list,https://www.indiatoday.in/sports/cricket/story/vaibhav-sooryavanshi-age-times-100-rising-stars-list-3007125-2026-10-01?utm_source=rss,"vaibhav, sooryavanshi, named",en,2026-10-01 06:09:10,2026-10-01 06:33:08,2026,10,1,Thursday,"15 (CARDINAL), 100 (CARDINAL)",2
Times of India,SMRITI JAIN,gold price prediction where are gold and silver headed today,gold and silver price prediction today mcx gold has moved higher after taking support near the 147000 levels indicating renewed buying interest at lower levels the price structure remains positive as gold continues to hold above its key support zone suggesting that the broader uptrend is still intact,https://timesofindia.indiatimes.com/business/india-business/gold-silver-price-prediction-today-what-is-the-gold-rate-outlook-for-october-01-2026-should-you-buy-or-sell-mcx-gold-mcx-silver/articleshow/134609716.cms,"gold, price, prediction",en,2026-10-01 05:55:54,2026-10-01 06:33:06,2026,10,1,Thursday,"today (DATE), today (DATE), 147000 (CARDINAL)",3
NDTV,Unknown,us governments new ai chatbot pulls back from debunking trump,trump has dismissed those concerns as a conspiracy,https://www.ndtv.com/world-news/us-governments-new-ai-chatbot-pulls-back-from-debunking-trump-12123654#publisher=newsstand,"trump, government, chatbot",en,2026-10-01 05:55:38,2026-10-01 06:33:07,2026,10,1,Thursday,us (GPE),1
India Today,Unknown,nasa to launch three astronauts a russian cosmonaut to space today,nasa to launch three astronauts a russian cosmonaut to space today,https://www.indiatoday.in/science/story/go-for-launch-nasa-clears-crew-13-liftoff-for-six-month-mission-to-space-today-3007119-2026-10-01?utm_source=rss,"nasa, launch, three",en,2026-10-01 05:53:29,2026-10-01 06:33:08,2026,10,1,Thursday,"nasa (ORG), three (CARDINAL), russian (NORP), today (DATE), nasa (PERSON), three (CARDINAL), russian (NORP), today (DATE)",8
Hindustan Times,Unknown,kannada actor ranya rao fined  89 crore in gold smuggling case 3 others face  155 crore penalty,customs penalised four accused more than  244 crore after its investigation into an alleged gold smuggling network linked to dubai,https://www.hindustantimes.com/india-news/kannada-actress-ranya-rao-customs-penalty-89-crore-dubai-gold-smuggling-case-113-kg-gold-bengaluru-101790833418694.html,"crore, gold, smuggling",en,2026-10-01 05:53:11,2026-10-01 06:33:07,2026,10,1,Thursday,"kannada (ORG), ranya rao fined (PERSON), 89 (CARDINAL), 3 (CARDINAL), 155 (CARDINAL), four (CARDINAL), more than  244 (CARDINAL), dubai (GPE)",8
India Today,Unknown,how stabbed indian pilots quick thinking saved 174 lives on flydubai flight,how stabbed indian pilots quick thinking saved  lives on flydubai flight,https://www.indiatoday.in/world/story/flydubai-indian-pilot-smit-machchhar-quick-thinking-saved-lives-cockpit-door-3007110-2026-10-01?utm_source=rss,"stabbed, indian, quick",en,2026-10-01 05:50:14,2026-10-01 06:33:08,2026,10,1,Thursday,"indian (NORP), 174 (CARDINAL), indian (NORP)",3
India Today,Unknown,hanuman ansh song parvati is world no 2 and indias no 1 song,hanuman ansh song parvati is world no  and indias no  song,https://www.indiatoday.in/movies/bollywood/story/parvati-youtube-global-chart-hanuman-ansh-song-no-2-worldwide-3007112-2026-10-01?utm_source=rss,"song, hanuman, ansh",en,2026-10-01 05:49:23,2026-10-01 06:33:08,2026,10,1,Thursday,,0
NDTV,Unknown,crude oil surges 29 in a month finance ministry flags risks for indian economy,finance ministry said domestic price pressures intensified across retail wholesale and producer levels,https://www.ndtv.com/business-news/crude-oil-surge-india-us-trade-finance-ministry-flags-risks-indian-economy-12123592#publisher=newsstand,"finance, ministry, crude",en,2026-10-01 05:48:15,2026-10-01 06:33:07,2026,10,1,Thursday,"29 (CARDINAL), indian (NORP)",2
India Today,Unknown,hyundai records highestever monthly sales of 77916 units in september,hyundai records highestever monthly sales of  units in september,https://www.indiatoday.in/auto/cars/story/hyundai-records-highest-ever-monthly-sales-of-77916-units-in-september-3007117-2026-10-01?utm_source=rss,"hyundai, records, monthly",en,2026-10-01 05:44:43,2026-10-01 06:33:08,2026,10,1,Thursday,"hyundai (ORG), monthly (DATE), 77916 (DATE), september (DATE), hyundai (ORG), monthly (DATE), september (DATE)",7
Hindustan Times,Unknown,rss to meet in indore in november roll out structural changes,the meet will deliberate on the current political and social issues including the oppositions sharpened attacks on the centre over sir,https://www.hindustantimes.com/india-news/rss-to-meet-in-indore-in-november-roll-out-structural-changes-101790833170830.html,"meet, indore, november",en,2026-10-01 05:44:09,2026-10-01 06:33:07,2026,10,1,Thursday,november (DATE),1
NDTV,Unknown,one of your best people son of flydubai passenger praises indian pilot,peigel said he believes india is a wonderful country and has wonderful people,https://www.ndtv.com/world-news/flydubai-hijack-bid-incident-one-of-your-best-people-son-of-flydubai-passenger-praises-indian-pilot-captain-smit-machchhar-12123601#publisher=newsstand,"people, wonderful, your",en,2026-10-01 05:43:09,2026-10-01 06:33:07,2026,10,1,Thursday,"one (CARDINAL), indian (NORP), peigel (PERSON), india (GPE)",4
NDTV,Unknown,us sees chinese invasion of taiwan unlikely before 2027 timeline report,china calls taiwan its single most important issue,https://www.ndtv.com/world-news/us-sees-chinese-invasion-of-taiwan-unlikely-before-2027-timeline-report-12123596#publisher=newsstand,"taiwan, sees, chinese",en,2026-10-01 05:41:25,2026-10-01 06:33:07,2026,10,1,Thursday,"chinese (NORP), taiwan (GPE), 2027 (DATE), china (GPE), taiwan (GPE)",5
NDTV,Unknown,ai agents tried to hack canadian government website report,the agents attempted to access library and archives canada on may 8 and on june 9,https://www.ndtv.com/world-news/ai-agents-tried-to-hack-canadian-government-website-report-12123575#publisher=newsstand,"agents, tried, hack",en,2026-10-01 05:35:15,2026-10-01 06:33:07,2026,10,1,Thursday,"canadian (NORP), archives canada (ORG), may 8 (DATE), june 9 (DATE)",4
Times of India,TOI BUSINESS DESK,scotch whisky gets cheaper in india after trade deal with us check new prices,under the indiauk agreement the import tariff on british whisky was reduced to 75 from 150 effectively cutting the rate by half the tariff is scheduled to decline further to 40 over the next 10 years however the reduction in import duty does not result in a similar reduction in the final retail price,https://timesofindia.indiatimes.com/business/india-business/scotch-whisky-gets-cheaper-in-india-after-uk-trade-pact-johnnie-walker-black-label-prices-falls-to-rs-3800-from-rs-4250-jb-to-rs-1700-from-rs-2300-as-tariff-drops-from-150-to-75/articleshow/134590266.cms,"whisky, india, import",en,2026-10-01 05:33:39,2026-10-01 06:33:06,2026,10,1,Thursday,"scotch whisky (ORG), india (GPE), british (NORP), 75 (CARDINAL), 150 (CARDINAL), half (CARDINAL), 40 (CARDINAL), the next 10 years (DATE)",8
NDTV,Unknown,afghanistan says deadly pakistani strikes killed 9 civilians,pakistans ministry of information said the airstrikes were well planned and calibrated,https://www.ndtv.com/world-news/afghanistan-says-deadly-pakistani-strikes-killed-9-civilians-12123549#publisher=newsstand,"afghanistan, says, deadly",en,2026-10-01 05:30:48,2026-10-01 06:33:07,2026,10,1,Thursday,"afghanistan (GPE), pakistani (NORP), 9 (CARDINAL), civilians pakistans ministry of information (ORG)",4
Times of India,PRIYANKA JAISWAL,voices against electoral capture getting louder congress targets ec over sir,news article about voices against electoral capture getting louder congress targets ec over sir,https://timesofindia.indiatimes.com/india/voices-against-electoral-capture-getting-louder-congress-targets-ec-over-sir/articleshow/134608784.cms,"voices, against, electoral",en,2026-10-01 05:28:52,2026-10-01 06:33:06,2026,10,1,Thursday,"congress (ORG), ec (ORG), congress (ORG), ec (ORG)",4
Hindustan Times,Unknown,geopolitical tensions high crude may fuel indias imported inflation says government report,indiaeconomygeopolitical tensions high crude may fuel indias imported inflation says government report,https://www.hindustantimes.com/india-news/geopolitical-tensions-high-crude-may-fuel-india-s-imported-inflation-says-government-report-101790831979541.html,"india, geopolitical, tensions",en,2026-10-01 05:19:38,2026-10-01 06:33:07,2026,10,1,Thursday,,0
Times of India,SHREEDHAR RATHI,neerja in 1986 machchhar in 2026 2 heroes who put passengers before themselves,neerja bhanot a flight attendant showed immense courage during the 1986 hijacking of pan am flight 73 in karachi she helped many passengers escape despite the danger ultimately sacrificing her life in 2026 captain smit machchhar was attacked by his copilot during a flight and successfully regained control of the aircraft his actions prevented a midair disaster saving 174 lives onboard,https://timesofindia.indiatimes.com/city/delhi/chandigarhs-neerja-bhanot-in-1986-mumbais-smit-machchhar-in-2026-40-years-apart-2-attacks-mid-air-2-heroes-who-put-passengers-before-themselves/articleshow/134608569.cms,"flight, neerja, machchhar",en,2026-10-01 05:11:20,2026-10-01 06:33:06,2026,10,1,Thursday,"1986 (DATE), 2026 (DATE), 1986 (DATE), pan am flight 73 (PRODUCT), 2026 (DATE), 174 (CARDINAL)",6
NDTV,Unknown,tennessee woman in hospital after execution failed report,tennessee corrections officials did not publicly confirm the outcome of the execution,https://www.ndtv.com/world-news/tennessee-woman-in-hospital-after-execution-failed-report-12123431#publisher=newsstand,"tennessee, execution, woman",en,2026-10-01 05:09:47,2026-10-01 06:33:07,2026,10,1,Thursday,"tennessee (GPE), tennessee (GPE)",2
NDTV,Unknown,pm modi proud of hero flydubai pilot smit machchhar assures family of all help,two other relief pilots who were seated at the back took over the aircraft and diverted it saudi,https://www.ndtv.com/india-news/captain-smit-machchhar-showed-immense-courage-on-flydubai-plane-pm-modi-praises-indian-pilot-12122858#publisher=newsstand,"modi, proud, hero",en,2026-10-01 05:07:15,2026-10-01 06:33:07,2026,10,1,Thursday,two (CARDINAL),1
Times of India,KARAN MANRAL,prevented another 911 pm modi heaps praise on flydubai pilot captain machchhar,news article about prevented another 911 pm modi heaps praise on flydubai pilot captain machchhar,https://timesofindia.indiatimes.com/india/prevented-another-9/11-pm-modi-heaps-praise-on-flydubai-pilot-captain-machchhar/articleshow/134608685.cms,"prevented, another, modi",en,2026-10-01 05:06:53,2026-10-01 06:33:06,2026,10,1,Thursday,"911 pm (TIME), 911 pm (TIME)",2
Hindustan Times,Unknown,pm modi speaks to indian pilot smit machchhars wife and parents after he leads brave landing of flydubai flight,smit machchhar the captain of flydubai flight fz1073 was seriously injured after being attacked by his copilot during the flight,https://www.hindustantimes.com/india-news/pm-modi-speaks-to-indian-pilot-captain-smit-machchhar-wife-and-parents-after-flydubai-flight-incident-israel-saudi-101790830964243.html,"flight, pilot, smit",en,2026-10-01 05:03:52,2026-10-01 06:33:07,2026,10,1,Thursday,"indian (NORP), fz1073 (PRODUCT)",2
Hindustan Times,Unknown,bhopal court sentences 2 years after missing truck unraveled 30 murders,eight years after their arrest a bhopal court sentenced khambra and prajapati to double life imprisonment on wednesday,https://www.hindustantimes.com/india-news/bhopal-court-sentences-2-years-after-missing-truck-unraveled-30-murders-101790830916863.html,"bhopal, court, years",en,2026-10-01 05:01:56,2026-10-01 06:33:07,2026,10,1,Thursday,"2 years (DATE), 30 (CARDINAL), eight years (DATE), prajapati (GPE), wednesday (DATE)",5
Times of India,TOI TECH DESK,jeff bezos earth fund commits more than 25 million to pacific ocean conservation,jeff bezos earth fund has announced more than 25 million in new ocean conservation grants across five pacific nations the funding will support marine protection and sustainable management across more than 625000 square miles the latest awards bring the funds pacific commitment to 633 million of its planned 100 million,https://timesofindia.indiatimes.com/technology/tech-news/jeff-bezos-pledged-10-billion-to-fight-climate-change-in-2020-6-years-later-his-earth-fund-is-putting-more-than-25-million-into-pacific-ocean-conservation/articleshow/134607696.cms,"million, more, than",en,2026-10-01 05:00:00,2026-10-02 06:09:02,2026,10,1,Thursday,"jeff (PERSON), more than 25 million (MONEY), pacific ocean (LOC), earth fund (ORG), more than 25 million (MONEY), five (CARDINAL), more than (CARDINAL), 633 million (CARDINAL), 100 million (CARDINAL)",9
Hindustan Times,Unknown,warm morning in delhi as min temp rises to 24c aqi remains moderate,the air quality was recorded in the moderate category at 9 am with an air quality index aqi reading of 161,https://www.hindustantimes.com/india-news/warm-morning-in-delhi-as-min-temp-rises-to-24-c-aqi-remains-moderate-101790830796466.html,"moderate, quality, warm",en,2026-10-01 04:59:56,2026-10-01 06:33:07,2026,10,1,Thursday,"delhi (GPE), 24c (CARDINAL), 9 am (TIME), 161 (CARDINAL)",4
Times of India,AADRITA HALDER,how captain smit machchhars quick thinking helped save 174 lives,news article about how captain smit machchhars quick thinking helped save 174 lives,https://timesofindia.indiatimes.com/world/middle-east/inside-flydubai-flight-fz1073-how-captain-machchhars-quick-thinking-to-open-cockpit-door-helped-save-174-lives/articleshow/134608575.cms,"captain, smit, machchhars",en,2026-10-01 04:56:57,2026-10-01 06:33:06,2026,10,1,Thursday,"174 (CARDINAL), 174 (CARDINAL)",2
Times of India,PRISHA PATNAIK,cornell rape case transcript reveals rape claim police never shared with da,news article about cornell rape case transcript reveals rape claim police never shared with da,https://timesofindia.indiatimes.com/world/us/rape-case-rocks-cornell-new-transcript-reveals-victim-informed-police-fresh-spotlight-on-das-decision-not-to-charge/articleshow/134608087.cms,"rape, cornell, case",en,2026-10-01 04:52:32,2026-10-01 06:33:06,2026,10,1,Thursday,cornell (ORG),1
Times of India,HIJAM RAJU SINGH,asian games manu prince win sailing silver as indias medal tally reaches 62,manu francis and prince noble secured a silver medal in mens skiff sailing at the aichinagoya games their final race concluded with a secondplace finish accumulating a total of 23 net points the indian duos consistent performance included three secondplace finishes and one race victory across the event indias overall medal tally for the games rose to 62 showcasing their achievements in various sports,https://timesofindia.indiatimes.com/sports/asian-games-2026/asian-games-manu-francis-prince-noble-win-sailing-silver-as-indias-medal-tally-reaches-62/articleshow/134608455.cms,"games, medal, manu",en,2026-10-01 04:51:59,2026-10-01 06:33:06,2026,10,1,Thursday,"asian (NORP), 62 (CARDINAL), 23 (CARDINAL), indian (NORP), three (CARDINAL), one (CARDINAL), 62 (CARDINAL)",7
NDTV,Unknown,head hands almost severed dentist treats indian pilot on flydubai plane,shota a dentist by profession was one of three passengers who first rushed toward the cockpit,https://www.ndtv.com/world-news/head-sliced-hand-almost-severed-flier-on-indian-flydubai-pilots-injuries-12123153#publisher=newsstand,"dentist, head, hands",en,2026-10-01 04:48:02,2026-10-01 06:33:07,2026,10,1,Thursday,"indian (NORP), one (CARDINAL), three (CARDINAL), first (ORDINAL)",4
India Today,Unknown,did rogue ai agents hack your website this is how openai informs you about it,did rogue ai agents hack your website this is how openai informs you about it,https://www.indiatoday.in/technology/news/story/did-rogue-ai-agents-hack-your-website-this-is-how-openai-informs-you-about-it-3007082-2026-10-01?utm_source=rss,"rogue, agents, hack",en,2026-10-01 04:39:28,2026-10-01 06:33:08,2026,10,1,Thursday,,0
NDTV,Unknown,cabinet clears rs 186 lakh crore green energy corridor,the scheme will facilitate grid integration and power evacuation within the statesuts of india,https://www.ndtv.com/india-news/centre-approves-rs-1-86-lakh-crore-green-energy-corridor-phase-iii-12120013#publisher=newsstand,"cabinet, clears, lakh",en,2026-10-01 04:38:28,2026-10-01 06:33:07,2026,10,1,Thursday,"cabinet (ORG), 186 (CARDINAL), india (GPE)",3
NDTV,Unknown,sonia gandhis surprise entry at india bloc meet sets off seating scramble,sonia gandhi rahul gandhi mallikarjun kharge and omar abdullah,https://www.ndtv.com/india-news/sonia-gandhis-surprise-entry-at-india-bloc-meet-sets-off-seating-scramble-12123318#publisher=newsstand,"gandhi, sonia, surprise",en,2026-10-01 04:37:53,2026-10-01 06:33:07,2026,10,1,Thursday,"india bloc (LOC), gandhi rahul gandhi mallikarjun kharge (PERSON), omar abdullah (PERSON)",3
India Today,Unknown,he wanted to study business a seminar took smit machchhar to the flydubai cockpit,he wanted to study business a seminar took smit machchhar to the flydubai cockpit,https://www.indiatoday.in/education-today/news/story/indian-pilot-smit-machchhar-education-from-textile-engineering-management-to-flydubai-captain-saving-174-lives-3007074-2026-10-01?utm_source=rss,"wanted, study, business",en,2026-10-01 04:36:48,2026-10-01 06:33:08,2026,10,1,Thursday,,0
Hindustan Times,Unknown,flydubai incident live pilots managed to prevent 911 disaster says netanyahu modi speaks to indian pilots family,flydubai incident live israeli prime minister benjamin netanyahu said the pilot aboard the flydubai flight who fought back after another pilot in the cockpit allegedly tried to crash the aircraft on wednesday managed to prevent a 911 disaster,https://www.hindustantimes.com/india-news/flydubai-incident-pilot-smit-machchhar-live-updates-fz1073-crash-attempt-hijacking-israel-saudi-trump-netanyahu-modi-101790827447368.html,"flydubai, pilot, incident",en,2026-10-01 04:28:11,2026-10-01 06:33:07,2026,10,1,Thursday,"911 (CARDINAL), netanyahu (PERSON), indian (NORP), israeli (NORP), benjamin netanyahu (PERSON), wednesday (DATE), 911 (CARDINAL)",7
Times of India,HIJAM RAJU SINGH,asian games india win womens team squash bronze after anahat singhs heartbreak,indias womens squash team claimed a bronze medal after facing a 12 defeat from hong kong in the semifinals anahat singhs match was intense yet she fell short despite holding match points tanvi khanna fought back to equalise but ultimately joshna chinappa couldnt secure victory against ho tze lok in the decisive match this result contributes to indias notable achievement of four squash medals at the aichinagoya games,https://timesofindia.indiatimes.com/sports/asian-games-2026/asian-games-india-win-womens-team-squash-bronze-after-anahat-singhs-heartbreak/articleshow/134607965.cms,"india, squash, match",en,2026-10-01 04:26:28,2026-10-01 06:33:06,2026,10,1,Thursday,"asian (NORP), india (GPE), 12 (CARDINAL), hong kong (GPE), khanna (PERSON), joshna chinappa (PERSON), ho tze lok (PERSON), four (CARDINAL)",8
Times of India,KARAN MANRAL,money laundering case nia court orders charges against yasin malik six others,news article about money laundering case nia court orders charges against yasin malik six others,https://timesofindia.indiatimes.com/india/money-laundering-case-nia-court-orders-charges-against-yasin-malik-six-others/articleshow/134607639.cms,"money, laundering, case",en,2026-10-01 04:18:31,2026-10-01 06:33:06,2026,10,1,Thursday,"yasin (GPE), six (CARDINAL), yasin (GPE), six (CARDINAL)",4
Times of India,TNN,man in wagonr with police sticker caught stealing plant from delhidehradun eway,a cctv video capturing a plant theft from a policemarked vehicle has become widely shared on social media the incident occurred on the delhidehradun expressway in baghpat uttar pradesh although no complaints have been reported yet police are in the process of verifying the authenticity of the viral footage for further investigation this incident follows a previous theft involving nearly 7000 potted plants after a horticulture event,https://timesofindia.indiatimes.com/city/lucknow/man-in-wagonr-with-police-sticker-caught-stealing-plant-from-delhi-dehradun-expressway/articleshow/134607545.cms,"police, plant, delhi",en,2026-10-01 04:16:54,2026-10-01 06:33:06,2026,10,1,Thursday,"cctv (ORG), nearly 7000 (CARDINAL)",2
NDTV,Unknown,flydubai suspends flights to and from israel amid probe over hijacking scare,flydubai suspends israel flights after copilot attack causes emergency landing in saudi arabia,https://www.ndtv.com/world-news/flydubai-suspends-flights-to-and-from-israel-amid-probe-over-hijacking-scare-12123233#publisher=newsstand,"flydubai, suspends, flights",en,2026-10-01 04:16:25,2026-10-01 06:33:07,2026,10,1,Thursday,"israel (GPE), israel (GPE), saudi arabia (GPE)",3
Hindustan Times,Unknown,jodhpur man wanted in assault case dies kin allege police pushed him during raid,police said he fell from the third floor while trying to escape and suffered an electric shock after getting entangled in electrical wires,https://www.hindustantimes.com/india-news/jodhpur-man-wanted-in-assault-case-dies-kin-allege-police-pushed-him-during-raid-101790828156268.html,"police, jodhpur, wanted",en,2026-10-01 04:15:55,2026-10-01 06:33:07,2026,10,1,Thursday,third (ORDINAL),1
NDTV,Unknown,stones beer bottles thrown during clashes at kerala university hostel,torches thrown into the hostel premises landed on a parked car and against windows,https://www.ndtv.com/india-news/stones-beer-bottles-thrown-during-clashes-at-kerala-university-hostel-protests-against-election-commission-chief-gyanesh-kumar-12123204#publisher=newsstand,"thrown, hostel, stones",en,2026-10-01 04:09:06,2026-10-01 06:33:07,2026,10,1,Thursday,kerala university (ORG),1
Times of India,AMIT KUMAR,kynan chenais golden charm how fathers 30yrold gun helped him win asiad gold,kynan chenai won asian games mixed team trap gold with neeru dhanda using a 30yearold gun borrowed from his father darius chenai a twotime national trap champion who won both his titles with the same barrel kynan calls his father one of his biggest inspirations and the biggest support in his shooting career from rio 2016 to his los angeles 2028 goal kynan says he is more hungry now,https://timesofindia.indiatimes.com/sports/asian-games-2026/exclusive-kynan-chenais-golden-charm-how-fathers-30-year-old-gun-helped-him-win-asian-games-gold/articleshow/134607358.cms,"kynan, chenai, father",en,2026-10-01 04:07:51,2026-10-01 06:33:06,2026,10,1,Thursday,"kynan chenais (GPE), golden charm (FAC), 30yrold (CARDINAL), asian (NORP), 30yearold (CARDINAL), kynan (PERSON), 2016 (DATE), los angeles (GPE), 2028 (CARDINAL)",9
Hindustan Times,Unknown,whos going to save you what flydubai flight hero captain smit machchhar had said on cabin crew not being treated properly,flydubai incident in an old podcast going viral now captain machchhar emphasised cabin crews vital role in emergencies alongside pilots,https://www.hindustantimes.com/india-news/whos-going-to-save-you-flydubai-flight-hero-captain-smit-machchhar-on-cabin-crew-not-being-treated-properly-101790823763512.html,"going, flydubai, captain",en,2026-10-01 04:05:09,2026-10-01 06:33:07,2026,10,1,Thursday,,0
NDTV,Unknown,a bloody stabbing then screams the fight to save flydubai flight,a pilot stabbed a colleague midflight causing a 14000foot drop and emergency landing,https://www.ndtv.com/world-news/a-bloody-stabbing-then-screams-the-fight-to-save-flydubai-flight-12123179#publisher=newsstand,"bloody, stabbing, then",en,2026-10-01 04:02:52,2026-10-01 06:33:07,2026,10,1,Thursday,14000foot (CARDINAL),1
Hindustan Times,Unknown,global leaders diplomats to passengers how indian pilot smit machchhar became a hero for the world,smit machchhar was stabbed during the confrontation with the copilot on wednesday while the boeing 737 was flying from dubai to tel aviv,https://www.hindustantimes.com/india-news/will-always-be-grateful-for-his-bravery-from-modi-to-netanyahu-trump-indian-flydubai-pilot-smit-machchhar-hailed-as-101790820520743.html,"pilot, smit, machchhar",en,2026-10-01 04:02:29,2026-10-01 06:33:07,2026,10,1,Thursday,"indian (NORP), wednesday (DATE), boeing (ORG), 737 (PRODUCT), dubai (GPE), tel aviv (GPE)",6
Hindustan Times,Unknown,marathi will get priority but devendra fadnavis on language driver licence rule,devendra fadnavis said the requirement had been portrayed as an attempt to impose marathi while the requirement involved only basic phrases,https://www.hindustantimes.com/india-news/marathi-will-get-priority-but-devendra-fadnavis-on-language-driver-licence-rule-101790825682982.html,"marathi, devendra, fadnavis",en,2026-10-01 04:02:11,2026-10-01 06:33:07,2026,10,1,Thursday,"devendra fadnavis (PERSON), devendra fadnavis (PERSON)",2
Times of India,SHIVANGHI PAYAL,piyush goyal gets a trade minister for life tag from us trade chief at g20,at the g20 trade ministers meeting in milwaukee us trade representative jamieson greer discussed key trade issues with indian minister piyush goyal they focused on food security steel overcapacity and the mostfavourednation principle which greer suggested reexamining goyal emphasized the importance of distinguishing between legitimate measures and the weaponization of food supply chains discussions also included efforts toward finalizing an interim indiaus bilateral trade agreement enhancing cooperation in manufacturing,https://timesofindia.indiatimes.com/business/india-business/piyush-goyal-gets-a-trade-minister-for-life-tag-from-us-trade-chief-at-g20/articleshow/134607379.cms,"trade, goyal, piyush",en,2026-10-01 03:58:57,2026-10-01 06:33:06,2026,10,1,Thursday,"milwaukee (GPE), jamieson greer (ORG), indian (NORP)",3
India Today,Unknown,whos gonna save you flydubai pilots old video gains new meaning after his heroics,whos gonna save you flydubai pilots old video gains new meaning after his heroics,https://www.indiatoday.in/india/story/flydubai-indian-pilot-smit-machchhar-old-remarks-viral-cockpit-stabbing-dubai-tel-aviv-flight-save-heroics-3007072-2026-10-01?utm_source=rss,"gonna, save, flydubai",en,2026-10-01 03:56:55,2026-10-01 06:33:08,2026,10,1,Thursday,,0
Hindustan Times,Unknown,indian among 5 killed in somalia during hijacked ship rescue,west bengal resident mohammed tanweeruz zaman was among five crew members killed as somali security forces tried to retake the tanker from pirates,https://www.hindustantimes.com/india-news/indian-national-killed-somali-pirates-hijacked-tanker-mohammed-tanweeruz-zaman-mt-honour-25-west-bengal-101790823602523.html,"among, killed, indian",en,2026-10-01 03:41:10,2026-10-01 06:33:07,2026,10,1,Thursday,"indian (NORP), 5 (CARDINAL), somalia (GPE), tanweeruz zaman (PERSON), five (CARDINAL)",5
NDTV,Unknown,captain smit machchhar the flydubai hero indian pilot who saved 174 lives,captain smit machchhar has over 13 years of commercial flying experience on the boeing 737 fleet,https://www.ndtv.com/world-news/flydubai-incident-who-is-captain-smit-machchhar-the-flydubai-hero-pilot-who-saved-180-lives-12122892#publisher=newsstand,"captain, smit, machchhar",en,2026-10-01 03:38:56,2026-10-01 06:33:07,2026,10,1,Thursday,"indian (NORP), 174 (CARDINAL), 13 years (DATE), boeing (ORG), 737 (PRODUCT)",5
NDTV,Unknown,was in very bad shape but trump praises flydubais hero indian pilot,the pilot who staved off the attempt to crash the aircraft has been identified as smit machchhar,https://www.ndtv.com/world-news/was-in-very-bad-shape-still-trump-praises-flydubais-hero-indian-pilot-smit-machchhar-12122903#publisher=newsstand,"pilot, very, shape",en,2026-10-01 03:35:23,2026-10-01 06:33:07,2026,10,1,Thursday,indian (NORP),1
NDTV,Unknown,dentist offroster pilots bravery what saved passengers aboard flydubai plane,israeli authorities were investigating whether it was an attempted attack on israelis,https://www.ndtv.com/world-news/flydubai-flight-hijack-saudi-arabia-israel-fz1073-dentist-off-roster-pilots-bravery-what-saved-180-aboard-flydubai-plane-12120818#publisher=newsstand,"dentist, roster, pilots",en,2026-10-01 03:31:41,2026-10-01 06:33:07,2026,10,1,Thursday,"israeli (NORP), israelis (NORP)",2
Hindustan Times,Unknown,ht morning brief october 1 indian pilot fights off copilot as flydubai flight plunges nitin gadkari says 100 ethanol cars soon,here are the top headlines from the day that you need to know  from politics and world news to sports and entertainment,https://www.hindustantimes.com/india-news/indian-pilot-dubai-tel-aviv-stabbing-boeing-737-max-8-nitin-gadkari-ethanol-india-us-trade-sabarimala-asian-games-101790822973701.html,"pilot, morning, brief",en,2026-10-01 03:27:38,2026-10-01 06:33:07,2026,10,1,Thursday,"october 1 (DATE), indian (NORP), 100 (CARDINAL), the day (DATE)",4
Times of India,SHIVANGHI PAYAL,lpg price hike 19kg commercial cylinder gets rs 6250 costlier,the cost of 19kg commercial lpg cylinders has surged by rs 6250 now totaling rs 2810 similarly aviation turbine fuel atf prices have jumped by around rs 16 per litre reaching rs 137 from october 1 2026 users will need biometric aadhaar authentication to book subsidized lpg refills failure to register will still allow access to lpg at market rates without any subsidies,https://timesofindia.indiatimes.com/business/india-business/lpg-price-hike-19-kg-commercial-cylinder-rises-by-rs-62-50-new-aadhaar-rule-kicks-in-for-domestic-users/articleshow/134607194.cms,"commercial, will, price",en,2026-10-01 03:26:53,2026-10-01 06:33:06,2026,10,1,Thursday,"19kg (QUANTITY), 6250 (CARDINAL), 19kg (QUANTITY), 6250 (DATE), 2810 (DATE), 16 (CARDINAL), 137 (CARDINAL), october 1 2026 (DATE)",8
Times of India,AADRITA HALDER,afghanistan says civilians killed in pak airstrikes islamabad says militant hideouts hit,news article about afghanistan says civilians killed in pak airstrikes islamabad says militant hideouts hit,https://timesofindia.indiatimes.com/world/rest-of-world/4-killed-6-injured-in-pakistani-airstrikes-in-afghanistans-helmand/articleshow/134607226.cms,"says, afghanistan, civilians",en,2026-10-01 03:23:38,2026-10-01 06:33:06,2026,10,1,Thursday,"afghanistan (GPE), afghanistan (GPE)",2
India Today,Unknown,delhi man uses ai and crime data to map risky areas for women,delhi man uses ai and crime data to map risky areas for women,https://www.indiatoday.in/trending-news/story/delhi-man-uses-ai-and-crime-data-to-map-risky-areas-for-women-3007060-2026-10-01?utm_source=rss,"delhi, uses, crime",en,2026-10-01 03:23:21,2026-10-01 06:33:08,2026,10,1,Thursday,,0
Hindustan Times,Unknown,guj hc rejects asarams temporary bail plea to meet wife recovering in hospital,asarams lawyer ashish dagli told the court that asaram was about 86 years old and his wife was about 83,https://www.hindustantimes.com/india-news/guj-hc-rejects-asaram-s-temporary-bail-plea-to-meet-wife-recovering-in-hospital-101790824795605.html,"asarams, wife, about",en,2026-10-01 03:21:00,2026-10-01 06:33:07,2026,10,1,Thursday,"dagli (GPE), about 86 years old (DATE), about 83 (CARDINAL)",3
Times of India,KARAN MANRAL,how israeli passenger controlled flydubai jet after pilot was stabbed,news article about how israeli passenger controlled flydubai jet after pilot was stabbed,https://timesofindia.indiatimes.com/world/middle-east/i-watch-air-crash-investigation-how-israeli-passenger-controlled-plummeting-flydubai-passenger-jet-after-co-pilot-stabbed-and-wounded-pilot/articleshow/134607099.cms,"israeli, passenger, controlled",en,2026-10-01 03:19:13,2026-10-01 06:33:06,2026,10,1,Thursday,"israeli (NORP), israeli (NORP)",2
Times of India,VIVEK DUBEY,religious extremist what we know about omani copilot who attacked flydubai captain,news article about religious extremist what we know about omani copilot who attacked flydubai captain,https://timesofindia.indiatimes.com/world/middle-east/religious-extremist-refused-handshakes-with-women-what-we-know-about-flydubai-attacker/articleshow/134606941.cms,"about, religious, extremist",en,2026-10-01 03:13:53,2026-10-01 06:33:06,2026,10,1,Thursday,,0
Times of India,HIJAM RAJU SINGH,this is not cricket gambhir questions pitch after india chase 406 with ease,gautam gambhir indias cricket coach expressed his worries about the alarming trend of high scores in recent games he highlighted the pressing need for improved pitch conditions that favour bowlers just as much as batsmen in a thrilling match india successfully chased 405 runs demonstrating outstanding batting skills gambhir stressed the importance of fostering pressurefilled situations for young bowlers to aid in their growth,https://timesofindia.indiatimes.com/sports/cricket/india-vs-west-indies/this-is-not-cricket-gautam-gambhir-questions-guwahati-pitch-after-india-chase-406-with-ease/articleshow/134606809.cms,"gambhir, india, cricket",en,2026-10-01 03:05:33,2026-10-01 06:33:06,2026,10,1,Thursday,"india (GPE), 406 (CARDINAL), india (GPE), 405 (CARDINAL)",4
Hindustan Times,Unknown,better to disband up police sc pulls up cops after accused caught on spot marked unknown in fir,the bench summoned the police officer concerned for an explanation warning that such conduct could erode public trust and invite wider scrutiny,https://www.hindustantimes.com/india-news/supreme-court-up-police-fir-unknown-accused-sanjay-kumar-sanjeev-sachdeva-police-investigation-cbi-101790822499777.html,"police, better, disband",en,2026-10-01 02:53:46,2026-10-01 06:33:07,2026,10,1,Thursday,,0
India Today,Unknown,google launches gemini 4 argon its most powerful ai model yet,google launches gemini  argon its most powerful ai model yet,https://www.indiatoday.in/technology/news/story/google-launches-gemini-4-argon-its-most-powerful-ai-model-yet-3007056-2026-10-01?utm_source=rss,"google, launches, gemini",en,2026-10-01 02:52:04,2026-10-01 06:33:08,2026,10,1,Thursday,"google (ORG), 4 (CARDINAL)",2
Hindustan Times,Unknown,justice nagarathna first judge to start writing sabarimala reference verdict,the reference originates from the supreme courts sept 2018 judgment by a 41 majority allowing women of all ages to enter the sabarimala temple in kerala,https://www.hindustantimes.com/india-news/justice-nagarathna-first-judge-to-start-writing-sabarimala-reference-verdict-101790822815898.html,"sabarimala, reference, justice",en,2026-10-01 02:48:00,2026-10-01 06:33:07,2026,10,1,Thursday,"first (ORDINAL), sept 2018 (DATE), 41 (CARDINAL), kerala (GPE)",4
Hindustan Times,Unknown,who is smit machchhar hero indian pilot who thwarted alleged flydubai flight crash attempt,smit machchhar underwent surgery and remains stable while the other pilot whose identity is yet to be confirmed was arrested by saudi authorities,https://www.hindustantimes.com/india-news/who-is-smit-machchhar-hero-indian-pilot-from-mumbai-saved-lives-on-flydubai-flight-to-israel-despite-being-stabbed-101790820714090.html,"smit, machchhar, pilot",en,2026-10-01 02:47:53,2026-10-01 06:33:07,2026,10,1,Thursday,indian (NORP),1
Hindustan Times,Unknown,former aiadmk minister semmalai joins tvk with his supporters,former minister and seasoned aiadmk leader s semmalai formally joined the ruling tamilaga vettri kazhagam tvk alongside a host of his supporters at party chief c joseph vijays rally at dharapuram on wednesday,https://www.hindustantimes.com/india-news/former-aiadmk-minister-semmalai-joins-tvk-with-his-supporters-101790797489730.html,"former, aiadmk, minister",en,2026-10-01 02:33:00,2026-10-01 06:33:07,2026,10,1,Thursday,"semmalai (PERSON), s semmalai (PERSON), joseph (PERSON), wednesday (DATE)",4
Hindustan Times,Unknown,foreign spouses of indians not entitled to visa kerala hc,the kerala high court has held that a foreign national even if heshe is the spouse of an indian citizen has no vested right to demand that heshe be issued a visa to enter the country,https://www.hindustantimes.com/india-news/foreign-spouses-of-indians-not-entitled-to-visa-kerala-hc-101790797369179.html,"foreign, visa, kerala",en,2026-10-01 02:32:20,2026-10-01 06:33:07,2026,10,1,Thursday,"indians (NORP), visa kerala (PERSON), indian (NORP)",3
Hindustan Times,Unknown,mother held for drowning two children in keralam police,investigators said the woman allegedly confessed to feeling like her children were hindering her chances at an independent life,https://www.hindustantimes.com/india-news/mother-held-for-drowning-two-children-in-keralam-police-101790797310042.html,"children, mother, held",en,2026-10-01 02:32:10,2026-10-01 06:33:07,2026,10,1,Thursday,"two (CARDINAL), keralam (NORP)",2
Hindustan Times,Unknown,2 people held for aiding telangana arms heist,the telangana police on tuesday detained two more people in connection with the theft of arms and ammunition from the armoury of the indian armys madras regiment in secunderabad on august 31 people familiar with the matter said on wednesday,https://www.hindustantimes.com/india-news/2-people-held-for-aiding-telangana-arms-heist-101790797309305.html,"people, telangana, arms",en,2026-10-01 02:32:00,2026-10-01 06:33:07,2026,10,1,Thursday,"2 (CARDINAL), tuesday (DATE), two (CARDINAL), indian (NORP), august 31 (DATE), wednesday (DATE)",6
Hindustan Times,Unknown,kpsc scam candidates gave blank cheques for favourable selection ed,candidates allegedly paid tens of lakhs of rupees for favourable selection in the karnataka public service commissions veterinary officers recruitment examination and were then made to sign over blank cheques and promissory notes to secure the unpaid balance according to the enforcement directorate,https://www.hindustantimes.com/india-news/kpsc-scam-candidates-gave-blank-cheques-for-favourable-selection-ed-101790797267396.html,"candidates, blank, cheques",en,2026-10-01 02:31:30,2026-10-01 06:33:07,2026,10,1,Thursday,"kpsc (PERSON), tens (CARDINAL)",2
Hindustan Times,Unknown,ccmb study links viral infections to parkinsons,infections caused by certain viruses such as influenza and sarscov2 the virus responsible for covid19 are likely to cause neurodegenerative diseases like parkinsons disease a new study by scientists at the hyderabadbased csircentre for cellular and molecular biology ccmb has found,https://www.hindustantimes.com/india-news/ccmb-study-links-viral-infections-to-parkinsons-101790797266493.html,"ccmb, study, infections",en,2026-10-01 02:31:20,2026-10-01 06:33:07,2026,10,1,Thursday,ccmb study (ORG),1
Hindustan Times,Unknown,andhra to develop tirupati as global wedding destination,the andhra pradesh government has decided to develop the famous pilgrim town of tirupati as a global wedding destination along with its existing religious tourism ecosystem special chief secretary revenue mukesh kumar meena said on wednesday,https://www.hindustantimes.com/india-news/andhra-to-develop-tirupati-as-global-wedding-destination-101790797251939.html,"andhra, develop, tirupati",en,2026-10-01 02:31:10,2026-10-01 06:33:07,2026,10,1,Thursday,"pilgrim (ORG), kumar meena (PERSON), wednesday (DATE)",3
Hindustan Times,Unknown,ccb charges veeramani with abetment of victims suicide,the central crime branch ccb of tamil nadu police has registered a new case against industrialist r veeramani under the abetment to suicide charge related to the death of a minor in 2004 police said on wednesday,https://www.hindustantimes.com/india-news/ccb-charges-veeramani-with-abetment-of-victim-s-suicide-101790797251573.html,"veeramani, abetment, suicide",en,2026-10-01 02:31:00,2026-10-01 06:33:07,2026,10,1,Thursday,"ccb charges veeramani (ORG), 2004 (DATE), wednesday (DATE)",3
Times of India,AADRITA HALDER,for 21st century amp beyond us launches project meridian to prepare for future wars,news article about for 21st century amp beyond us launches project meridian to prepare for future wars,https://timesofindia.indiatimes.com/defence/news/for-21st-century-beyond-us-launches-project-meridian-to-prepare-for-future-wars/articleshow/134606349.cms,"century, beyond, launches",en,2026-10-01 02:30:33,2026-10-01 06:33:06,2026,10,1,Thursday,"21st century (DATE), 21st century (DATE)",2
Hindustan Times,Unknown,19yrold bluru college student stabbed to death during clash,a 19 year old college student died after he was stabbed in the chest during a clash between two groups of students near deepa complex in bengaluru on wednesday afternoon police said,https://www.hindustantimes.com/india-news/19yrold-b-luru-college-student-stabbed-to-death-during-clash-101790797072162.html,"college, student, stabbed",en,2026-10-01 02:30:10,2026-10-01 06:33:07,2026,10,1,Thursday,"19yrold (CARDINAL), 19 year old (DATE), two (CARDINAL), bengaluru (GPE), wednesday (DATE), afternoon (TIME)",6
India Today,Unknown,india is launching an ai lab into space today heres what it is,india is launching an ai lab into space today heres what it is,https://www.indiatoday.in/science/story/moi-1a-orbital-computing-satellite-india-is-launching-an-ai-lab-into-space-today-heres-what-it-is-3006591-2026-10-01?utm_source=rss,"india, launching, into",en,2026-10-01 02:30:00,2026-10-01 06:33:08,2026,10,1,Thursday,"india (GPE), today (DATE), india (GPE), today (DATE)",4
Hindustan Times,Unknown,plea seeks recall of sc order on challenge to cec appointment law,an application filed in the supreme court has sought the recall of the order passed by the supreme court on referring to a constitution bench the challenge to the law governing the appointment of the chief election commissioner and election commissioners,https://www.hindustantimes.com/india-news/plea-seeks-recall-of-sc-order-on-challenge-to-cec-appointment-law-101790796649527.html,"recall, order, challenge",en,2026-10-01 02:29:20,2026-10-01 06:33:07,2026,10,1,Thursday,"the supreme court (ORG), the supreme court (ORG)",2
Hindustan Times,Unknown,vehicles which can run on 100 ethanol may hit roads in 2 months nitin gadkari at ht auto leaderboard awards,gadkari also highlighted the impact of ethanol production on farmers saying the govts decision to allow production from corn had helped raise prices,https://www.hindustantimes.com/india-news/multiple-flex-fuel-cars-in-the-next-two-months-nitin-gadkari-at-ht-auto-leaderboard-awards-and-summit-101790796589328.html,"ethanol, gadkari, production",en,2026-10-01 02:29:10,2026-10-01 06:33:07,2026,10,1,Thursday,"100 (CARDINAL), 2 months (DATE)",2
Hindustan Times,Unknown,nia begins probe into aqis bid to recruit from subcontinent,the national investigation agency nia has started a probe into an alleged conspiracy to radicalise and recruit the youngsters in the name of alqaeda in the indian subcontinent aqis by establishing a base in west bengal and implement ghazwaehind in india people familiar with the development said,https://www.hindustantimes.com/india-news/nia-begins-probe-into-aqis-bid-to-recruit-from-subcontinent-101790796528992.html,"probe, into, aqis",en,2026-10-01 02:28:30,2026-10-01 06:33:07,2026,10,1,Thursday,"indian (NORP), west bengal (GPE), india (GPE)",3
Hindustan Times,Unknown,drugs worth  3000cr seized from iranian boat 5 pak crew held,the indian coast guard has seized drugs valued at over  3000 crore in the international market from an iranian boat operated by five pakistani nationals all of whom were arrested following a more than twoweeklong highseas operation to foil a drugsmuggling attempt in the arabian sea officials aware of the matter said on wednesday,https://www.hindustantimes.com/india-news/drugs-worth-3-000cr-seized-from-iranian-boat-5-pak-crew-held-101790796469716.html,"drugs, seized, iranian",en,2026-10-01 02:28:10,2026-10-01 06:33:07,2026,10,1,Thursday,"iranian (NORP), 5 (CARDINAL), indian (NORP), over  3000 (CARDINAL), iranian (NORP), five (CARDINAL), pakistani (NORP), the arabian sea (LOC), wednesday (DATE)",9
Hindustan Times,Unknown,andhra meghalaya to get more time for sir,the election commission of india eci on wednesday extended the schedule for the special intensive revision sir of electoral rolls in andhra pradesh and meghalaya according to an official press release,https://www.hindustantimes.com/india-news/andhra-meghalaya-to-get-more-time-for-sir-101790796169109.html,"andhra, meghalaya, more",en,2026-10-01 02:26:10,2026-10-01 06:33:07,2026,10,1,Thursday,"india (GPE), wednesday (DATE)",2
Hindustan Times,Unknown,accused can use unrelied prosecution documents in trialsupreme court,the court clarified that the stage at which particular documents can be sought would depend on the nature and relevance of the material,https://www.hindustantimes.com/india-news/accused-can-use-unrelied-prosecution-documents-in-trial-supreme-court-101790796108790.html,"documents, court, accused",en,2026-10-01 02:26:00,2026-10-01 06:33:07,2026,10,1,Thursday,,0
Hindustan Times,Unknown,hc refuses to transfer veeramani case to cbi,the madras highcourt on wednesday refused to transfer the investigation into the protection of children from sexual offence pocso case involving granite baron r veeramani to the central bureau of investigation cbi saying that the special investigation team sit constituted by the tamil nadu government should be given time to collect evidence,https://www.hindustantimes.com/india-news/hc-refuses-to-transfer-veeramani-case-to-cbi-101790796049541.html,"investigation, transfer, veeramani",en,2026-10-01 02:25:30,2026-10-01 06:33:07,2026,10,1,Thursday,wednesday (DATE),1
Hindustan Times,Unknown,times rankings 2027 iisc bengaluru slips out of top 250 institutes,the indian institute of science iisc bengaluru has slipped out of the top 250 in the times higher education the world university rankings 2027 despite improving its scores in most of the ranking parameters while india has increased its representation to a record 143 institutions,https://www.hindustantimes.com/india-news/times-rankings-2027-iisc-bengaluru-slips-out-of-top-250-institutes-101790795989211.html,"times, rankings, iisc",en,2026-10-01 02:25:20,2026-10-01 06:33:07,2026,10,1,Thursday,"2027 (DATE), 250 (CARDINAL), the indian institute of science iisc bengaluru (ORG), 250 (CARDINAL), 2027 (DATE), india (GPE), 143 (CARDINAL)",7
Hindustan Times,Unknown,cabinet clears  18 lakhcrore green energy corridoriii,the programme is aimed at reinforcing indias intrastate transmission system insts so that it can evacuate up to 135 gigawatts gw of renewable energy across states and union territories,https://www.hindustantimes.com/india-news/cabinet-clears-1-8-lakh-crore-green-energy-corridoriii-101790795929145.html,"energy, cabinet, clears",en,2026-10-01 02:25:10,2026-10-01 06:33:07,2026,10,1,Thursday,"cabinet (ORG), 18 (CARDINAL), 135 (CARDINAL)",3
Hindustan Times,Unknown,opposition may put on hold motion to remove cec gyanesh kumar over election commission row,the congress had announced last week that the opposition will move a fresh impeachment motion against kumar in the wake of the indian express report,https://www.hindustantimes.com/india-news/opposition-may-put-on-hold-motion-to-remove-cec-gyanesh-kumar-over-election-commission-row-101790795870613.html,"opposition, motion, kumar",en,2026-10-01 02:25:00,2026-10-01 06:33:07,2026,10,1,Thursday,"congress (ORG), last week (DATE), indian (NORP)",3
Hindustan Times,Unknown,india bloc revives paper ballot demand lists steps to target cec,opposition parties on wednesday revived their demand to replace electronic voting machines evms with paper ballots and announced a sixpoint programmeranging from public rallies to petition to presidentto target chief election commissioner gyanesh kumar and prime minister narendra modi,https://www.hindustantimes.com/india-news/india-bloc-revives-paper-ballot-demand-lists-steps-to-target-cec-101790795809413.html,"paper, demand, target",en,2026-10-01 02:24:30,2026-10-01 06:33:07,2026,10,1,Thursday,"india bloc (LOC), wednesday (DATE), gyanesh kumar (PERSON), narendra (PERSON)",4
Hindustan Times,Unknown,how does your system override law hc asks eci over 7 voter deletions in goa,hearing the matter the court said a name cannot be deleted from the rolls without affording a hearing to the affected party,https://www.hindustantimes.com/india-news/goa-eci-election-commission-sir-special-intensive-revision-booth-level-officer-bombay-high-court-form-6-101790820117742.html,"hearing, does, your",en,2026-10-01 02:16:30,2026-10-01 06:33:07,2026,10,1,Thursday,,0
Hindustan Times,Unknown,delhi high court rejects bail pleas of umar sharjeel in 2020 delhi riots conspiracy case,the court said it was bound by the supreme courts january 5 order which allows the two to seek fresh bail only after protected witnesses are examined,https://www.hindustantimes.com/india-news/delhi-hc-rejects-bail-pleas-of-umar-sharjeel-in-2020-delhi-riots-conspiracy-case-101790793289495.html,"delhi, court, bail",en,2026-10-01 02:11:30,2026-10-01 06:33:07,2026,10,1,Thursday,"2020 (DATE), the supreme courts (ORG), january 5 (DATE), two (CARDINAL)",4
Hindustan Times,Unknown,pm modi calls us president trump discusses trade defence energy amid russia sanctions,pm modi and donald trump reviewed trade defence and energy ties as indiaus trade talks continue amid concerns over the new us russia sanctions law,https://www.hindustantimes.com/india-news/pm-modi-calls-us-president-trump-discusses-trade-defence-energy-amid-russia-sanctions-101790789748962.html,"trade, modi, trump",en,2026-10-01 02:01:30,2026-10-01 06:33:07,2026,10,1,Thursday,"us (GPE), russia (GPE), donald trump (PERSON), russia (GPE)",4
Times of India,LISA MONTEIRO,youre giving a go by to rules acts  doing your own thing bombay hc to ec,the bombay high court expressed concern over the election commissions sir process after several names were removed justices valmiki menezes and amit jamsandekar questioned the legality of the actions taken during the sir they highlighted the suspension of several laws under the representation of people act and related rules a family from santa cruz brought the matter to the courts attention following their removal from the electoral rolls,https://timesofindia.indiatimes.com/city/goa/sir-suspended-electoral-system-says-follow-software-not-law-bombay-hc/articleshow/134606032.cms,"rules, bombay, court",en,2026-10-01 01:59:13,2026-10-01 06:33:06,2026,10,1,Thursday,"ec (ORG), jamsandekar (PERSON), santa cruz (GPE)",3
India Today,Unknown,watched air crash investigation how alert plumber saved flydubai plane after attack,watched air crash investigation how alert plumber saved flydubai plane after attack,https://www.indiatoday.in/world/story/flydubai-flight-fz1073-cockpit-crisis-passenger-recounts-struggle-to-netanyahu-3007049-2026-10-01?utm_source=rss,"watched, crash, investigation",en,2026-10-01 01:56:55,2026-10-01 06:33:08,2026,10,1,Thursday,,0
India Today,Unknown,remember his name israelis shower indian pilot with tributes after flydubai attack,remember his name israelis shower indian pilot with tributes after flydubai attack,https://www.indiatoday.in/world/story/smit-machchhar-flydubai-hero-indian-pilot-hailed-israel-co-pilot-attack-isrqaelis-social-media-praises-health-condition-3007050-2026-10-01?utm_source=rss,"remember, name, israelis",en,2026-10-01 01:56:17,2026-10-01 06:33:08,2026,10,1,Thursday,"israelis (NORP), indian (NORP), israelis (NORP), indian (NORP)",4
Times of India,PRIYANKA JAISWAL,hero in a way trump hails stabbed flydubai indian pilot calls copilot whack job,news article about hero in a way trump hails stabbed flydubai indian pilot calls copilot whack job,https://timesofindia.indiatimes.com/world/us/a-hero-trump-hails-indian-captain-after-flydubai-attack-calls-co-pilot-perhaps-a-terrorist/articleshow/134605863.cms,"pilot, hero, trump",en,2026-10-01 01:43:02,2026-10-01 06:33:06,2026,10,1,Thursday,"indian (NORP), indian (NORP)",2
Hindustan Times,Unknown,india is proud of captain machchhar pm modi hails flydubai pilot hopes for his speedy recovery,the captain smit machchhar is from ghatkopar east in mumbai and was based in dubai for work people aware of the matter told ht,https://www.hindustantimes.com/india-news/india-is-proud-of-captain-smit-machchhar-pm-modi-hails-flydubai-pilot-hopes-for-his-speedy-recovery-101790818827298.html,"captain, machchhar, india",en,2026-10-01 01:42:27,2026-10-01 06:33:07,2026,10,1,Thursday,"india (GPE), ghatkopar east (LOC), mumbai (GPE), dubai (GPE)",4
India Today,Unknown,showed immense courage to avert another 911 pm praises flydubais indian pilot,showed immense courage to avert another  pm praises flydubais indian pilot,https://www.indiatoday.in/india/story/showed-immense-courage-pm-praises-hero-capt-smit-machchhar-for-averting-tragedy-on-flydubai-plane-3007051-2026-10-01?utm_source=rss,"showed, immense, courage",en,2026-10-01 01:41:57,2026-10-01 06:33:08,2026,10,1,Thursday,"911 pm (TIME), indian (NORP), indian (NORP)",3
Hindustan Times,Unknown,compassionate ai should be future of technology kailash satyarthi,kailash satyarthi feels compassion should be the principle in designing development and deployment and that should flow everywhere,https://www.hindustantimes.com/india-news/compassionate-ai-should-be-future-of-technology-kailash-satyarthi-101790818794544.html,"should, kailash, satyarthi",en,2026-10-01 01:39:54,2026-10-01 06:33:07,2026,10,1,Thursday,,0
Times of India,AADRITA HALDER,india is proud pm modi lauds flydubai pilot machchhar after cockpit attack,news article about india is proud pm modi lauds flydubai pilot machchhar after cockpit attack,https://timesofindia.indiatimes.com/india/captain-smit-machchhar-is-a-hero-pm-modi-hails-pilot-who-saved-180-lives/articleshow/134605891.cms,"india, proud, modi",en,2026-10-01 01:37:15,2026-10-01 06:33:06,2026,10,1,Thursday,"india (GPE), cockpit attack news (PERSON), india (GPE)",3
India Today,Unknown,nyt faces backlash for calling flydubai stabbing an altercation clarifies,nyt faces backlash for calling flydubai stabbing an altercation clarifies,https://www.indiatoday.in/world/story/new-york-times-flydubai-cockpit-attack-report-sparks-backlash-over-altercation-label-hits-back-at-critics-3007047-2026-10-01?utm_source=rss,"faces, backlash, calling",en,2026-10-01 01:36:13,2026-10-01 06:33:08,2026,10,1,Thursday,,0
Hindustan Times,Unknown,30 seconds of terror 14300 feet plunge blood everywhere indian pilot fights off copilot on flydubai flight,the copilot of a flydubai flight from dubai to tel aviv allegedly stabbed the captain on wednesday morning triggering a battle in the cockpit,https://www.hindustantimes.com/india-news/cockpit-stabbing-a-14-000-feet-drop-blood-everywhere-how-indian-pilot-smit-machchhar-saved-174-lives-on-flydubai-plane-101790816370547.html,"pilot, flydubai, flight",en,2026-10-01 01:26:26,2026-10-01 06:33:07,2026,10,1,Thursday,"30 seconds (TIME), 14300 feet (QUANTITY), indian (NORP), dubai (GPE), tel aviv (GPE), wednesday (DATE), morning (TIME)",7
Times of India,GLOBAL SPORTS DESK,travis kelces 200 million six flags investment faces potential sale,travis kelces 200 million six flags investment faces a fresh setback as jana partners urges the theme park operator to explore a potential sale the company reported a 203 million secondquarter loss while attendance fell 7 year over year six flags shares have also dropped sharply from their annual high the operator is also facing lawsuits involving its x2 roller coaster at six flags magic mountain,https://timesofindia.indiatimes.com/sports/nfl/news/travis-kelces-200-million-six-flags-investment-faces-new-low-as-investors-push-for-a-potential-sale/articleshow/134605365.cms,"flags, million, travis",en,2026-09-30 23:50:00,2026-10-01 06:33:06,2026,9,30,Wednesday,"200 million (CARDINAL), six (CARDINAL), 200 million (CARDINAL), six (CARDINAL), jana (PERSON), 203 million (CARDINAL), 7 year (DATE), six (CARDINAL), annual (DATE), six (CARDINAL)",10
Times of India,VISHWA MOHAN,rainfall 4th lowest since 2001 monsoon deficit at 13 officially a drought year,winter rains expected to be better,https://timesofindia.indiatimes.com/india/monsoon-deficit-at-13-officially-a-drought-year/articleshow/134602606.cms,"rainfall, lowest, since",en,2026-09-30 22:06:51,2026-10-01 06:33:06,2026,9,30,Wednesday,"4th (ORDINAL), 2001 (DATE), 13 (CARDINAL), a drought year (DATE), winter (DATE)",5
Times of India,SOROR SHAIZA,ronaldo leaves portugal camp promises truth in due time wishes teammates luck,cristiano ronaldo has left portugals camp ahead of thursdays nations league clash with denmark following a dispute over his role under new head coach jorge jesus ronaldo confirmed his departure after jesus said he would not start the match the 41yearold has not announced his international retirement but said he would reveal the reasons for his decision in due time,https://timesofindia.indiatimes.com/sports/football/top-stories/final-farewell-ronaldo-abruptly-leaves-portugal-camp-promises-truth-in-due-time-and-wishes-team-mates-good-luck/articleshow/134602279.cms,"ronaldo, camp, time",en,2026-09-30 21:26:53,2026-10-01 06:33:06,2026,9,30,Wednesday,"ronaldo (ORG), portugal (GPE), jesus ronaldo (PERSON), jesus (PERSON)",4
Times of India,TOI BUSINESS DESK,senior citizen wrongly paid tax on rs 2542l interest itat orders rs 991l refund,each year the senior citizen reported the interest earned from his investments in taxfree bonds under the exempt income category in his income tax return itr but made a mistake in one year the man realised the error only after the deadline for filing a revised itr had passed he therefore approached the jurisdictional assessing officer jao and filed a rectification application,https://timesofindia.indiatimes.com/business/india-business/senior-citizen-invested-rs-3-crore-in-tax-free-bonds-but-mistakenly-paid-tax-on-rs-25-42-lakh-interest-earnings-why-itat-delhi-ordered-rs-9-91-lakh-refund/articleshow/134595737.cms,"senior, citizen, interest",en,2026-09-30 21:25:00,2026-10-01 06:33:06,2026,9,30,Wednesday,"2542l (DATE), 991l (FAC), each year (DATE), one year (DATE)",4
Times of India,SAURABH SINHA,captain machchhar the mumbai pilot who emerged as the hero of flydubai flight,news article about captain machchhar the mumbai pilot who emerged as the hero of flydubai flight,https://timesofindia.indiatimes.com/india/captain-machchhar-the-pilot-from-mumbai-who-proved-to-be-the-hero/articleshow/134602233.cms,"captain, machchhar, mumbai",en,2026-09-30 20:27:44,2026-10-01 06:33:06,2026,9,30,Wednesday,,0
Hindustan Times,Unknown,netanyahu hails indian pilot smit machchars heroics on flydubai plane extraordinary bravery,netanyahu praised indian pilot capt smit machchars bravery in the flydubai incident machchar opened the cockpit door saving 174 lives,https://www.hindustantimes.com/india-news/netanyahu-hails-indian-pilot-capt-smit-machchars-heroics-in-saving-174-lives-aboard-flydubai-aircraft-101790798123005.html,"netanyahu, indian, pilot",en,2026-09-30 20:09:18,2026-10-01 06:33:07,2026,9,30,Wednesday,"netanyahu (PERSON), indian (NORP), indian (NORP), 174 (CARDINAL)",4
Hindustan Times,Unknown,at bypoll rally vijay continues attack on oppn dmk aiadmk,tamil nadu cm c joseph vijay alleges aiadmk plans to ally with evil dmk accusing them of betraying mgr and jayalalithaa at a rally in dharapuram,https://www.hindustantimes.com/india-news/at-bypoll-rally-vijay-continues-attack-on-oppn-dmk-aiadmk-101790797432867.html,"rally, vijay, aiadmk",en,2026-09-30 19:43:52,2026-10-01 06:33:07,2026,9,30,Wednesday,"bypoll (ORG), tamil nadu cm (PERSON), joseph vijay (PERSON)",3
Hindustan Times,Unknown,pm modi trump discuss trade energy ties amid tariff concerns over russian oil purchase,india has raised concerns over a us law that could impose tariffs of up to 100 on major buyers of russian oil as trade talks continue,https://www.hindustantimes.com/india-news/pm-modi-donald-trump-discuss-trade-energy-ties-amid-us-tariff-concerns-over-russian-oil-purchase-101790796469464.html,"trade, concerns, over",en,2026-09-30 19:27:49,2026-10-01 06:33:07,2026,9,30,Wednesday,"russian (NORP), india (GPE), up to 100 (CARDINAL), russian (NORP)",4
Hindustan Times,Unknown,southwest monsoon ends with 126 deficit fourthlowest rainfall since 2001,the rainfall deficit widened to 511 in the week ending july 15 before rains improved briefly in late july and early august,https://www.hindustantimes.com/india-news/southwest-monsoon-ends-with-12-6-deficit-fourth-lowest-rainfall-since-2001-101790796169323.html,"deficit, rainfall, july",en,2026-09-30 19:22:48,2026-10-01 06:33:07,2026,9,30,Wednesday,"126 (CARDINAL), 2001 (DATE), 511 (CARDINAL), the week ending july 15 (DATE), late july (DATE), early august (DATE)",6
India Today,Unknown,live ganesh secures archery bronze india win sailing silver,live ganesh secures archery bronze india win sailing silver,https://www.indiatoday.in/sports/asian-games/story/asian-games-2026-live-updates-october-1-events-archery-shooting-hockey-ind-vs-pak-3007013-2026-09-30?utm_source=rss,"live, ganesh, secures",en,2026-09-30 18:27:06,2026-10-01 06:33:08,2026,9,30,Wednesday,"india (GPE), india (GPE)",2
Times of India,PRABIN KALITA,will take china help if centre and manipur fail to act naga group,tangkhul naga leaders expressed concern over the safety of civilians living in vulnerable border areas they criticized both the manipur state government and the central government for their inaction recent violence has led to the deaths of multiple naga civilians raising significant fears among the affected communities the group urged for immediate protective measures to prevent seeking assistance from neighboring countries,https://timesofindia.indiatimes.com/city/guwahati/naga-group-warns-of-china-help-if-centre-manipur-fail-to-protect-community/articleshow/134600660.cms,"naga, manipur, group",en,2026-09-30 18:07:59,2026-10-01 06:33:06,2026,9,30,Wednesday,china (GPE),1
Hindustan Times,Unknown,eci extends sir schedule in andhra pradesh meghalaya new dates announced,the election commission extended the sir schedule in andhra pradesh and meghalaya with final electoral rolls now due on october 16 and october 26,https://www.hindustantimes.com/india-news/eci-extends-sir-schedule-in-andhra-pradesh-meghalaya-new-dates-announced-101790790529943.html,"schedule, andhra, pradesh",en,2026-09-30 17:48:49,2026-10-01 06:33:07,2026,9,30,Wednesday,october 16 and october 26 (DATE),1
India Today,Unknown,rohit sharma for 2027 world cup gavaskar explains how guwahati 101 helps his case,rohit sharma for  world cup gavaskar explains how guwahati  helps his case,https://www.indiatoday.in/sports/video/sunil-gavaskar-the-world-is-his-oyster-india-today-ytvd-3006989-2026-09-30?utm_source=rss,"rohit, sharma, world",en,2026-09-30 17:46:28,2026-10-01 06:33:08,2026,9,30,Wednesday,"2027 (DATE), cup gavaskar (PERSON), 101 (CARDINAL), cup gavaskar (PERSON)",4
Times of India,TOI BUSINESS DESK,5 money changes in oct bulk fd rates upi mdr sbi atm limit cut lpg kyc amp more,the money changes include a reduction in the number of free atm transactions for certain state bank of india sbi salary account customers new disclosure norms for interest rates on bulk fixed deposits fds revised charges under the national pension system nps and mandatory aadhaar authentication for receiving lpg subsidies,https://timesofindia.indiatimes.com/business/india-business/5-money-rule-changes-from-october-2026-bulk-fd-rates-upi-mdr-starts-above-rs-2000-sbi-atm-free-limit-falls-to-5-lpg-aadhaar-kyc-new-nps-charges/articleshow/134587809.cms,"money, changes, bulk",en,2026-09-30 17:25:00,2026-10-01 06:33:06,2026,9,30,Wednesday,"5 (CARDINAL), oct (CARDINAL), bank of india (ORG)",3
Hindustan Times,Unknown,delhi records lowest september aqi in five years at 102 highest moderate air quality days in 2026,the monthly average aqi was recorded at 105 in september 2025 105 in 2024 108 in 2023 and 104 in 2022,https://www.hindustantimes.com/india-news/delhi-records-lowest-september-aqi-in-five-years-at-102-highest-moderate-air-quality-days-in-2026-101790786541090.html,"september, delhi, records",en,2026-09-30 17:15:52,2026-10-01 06:33:07,2026,9,30,Wednesday,"september (DATE), five years (DATE), 102 (CARDINAL), quality days (DATE), 2026 (DATE), monthly (DATE), 105 (CARDINAL), september 2025 (DATE), 105 (CARDINAL), 2024 108 (DATE), 2023 (DATE), 104 (CARDINAL), 2022 (DATE)",13
India Today,Unknown,mount 406 scaled rohit gill power indias record odi chase seal series in guwahati,mount  scaled rohit gill power indias record odi chase seal series in guwahati,https://www.indiatoday.in/sports/cricket/story/ind-vs-wi-shubman-gill-double-hundred-rohit-sharma-record-chase-report-guwahati-3006912-2026-09-30?utm_source=rss,"mount, scaled, rohit",en,2026-09-30 16:45:05,2026-10-01 06:33:08,2026,9,30,Wednesday,"406 (CARDINAL), guwahati mount (LOC)",2
Hindustan Times,Unknown,giribala singhs advocate says cbi drops dowry act charges in initial chargesheet of twisha sharma case,cbi has dropped the dowry harassment charge against retired judge giribala singh an accused in the twisha sharma suicide case singhs lawyer surendra singh said,https://www.hindustantimes.com/india-news/giribala-singh-s-advocate-says-cbi-drops-dowry-act-charges-in-initial-chargesheet-of-twisha-sharma-case-101790784827533.html,"giribala, singhs, dowry",en,2026-09-30 16:13:47,2026-10-01 06:33:07,2026,9,30,Wednesday,"giribala singhs advocate (ORG), cbi drops (ORG), twisha sharma (ORG), giribala singh (PERSON), singh (ORG)",5
India Today,Unknown,tamil nadu bypolls tvk faces heat over satyabhamas aiadmk switch antiincumbency,tamil nadu bypolls tvk faces heat over satyabhamas aiadmk switch antiincumbency,https://www.indiatoday.in/programme/super-6/video/tamil-nadu-bypolls-tvk-faces-heat-over-satyabhamas-aiadmk-switch-anti-incumbency-3006909-2026-09-30?utm_source=rss,"tamil, nadu, bypolls",en,2026-09-30 16:11:09,2026-10-01 06:33:08,2026,9,30,Wednesday,tamil nadu (PERSON),1
Hindustan Times,Unknown,haryana seeks to drive next chapter of auto industry with evs batteries rd minister arvind sharma,arvind sharma said haryanas position as an automotive powerhouse was built on skilled workers connectivity and government support,https://www.hindustantimes.com/india-news/haryana-seeks-to-drive-next-chapter-of-auto-industry-with-evs-batteries-r-d-minister-101790781236282.html,"arvind, sharma, haryana",en,2026-09-30 16:00:25,2026-10-01 06:33:07,2026,9,30,Wednesday,"haryana (PERSON), arvind sharma (PERSON), haryanas position (PERSON)",3
Hindustan Times,Unknown,amit shah says will eradicate drugs in punjab by dec 2029 if bjp voted to power next year,the home minister was a rally at jalandars kot kalan village where he culminated state bjp units 13day nasha mukt punjab yatra,https://www.hindustantimes.com/india-news/amit-shah-says-will-eradicate-drugs-in-punjab-by-dec-2029-if-bjp-voted-to-power-next-year-101790783207316.html,"punjab, amit, shah",en,2026-09-30 15:46:46,2026-10-01 06:33:07,2026,9,30,Wednesday,"2029 (DATE), next year (DATE), kot (PERSON), kalan village (GPE)",4
Hindustan Times,Unknown,piyush goyal pushes for bid to strengthen indiaus ties at business roundtable,addressing a business roundtable in milwaukee piyush goyal invited american manufacturers to deepen their presence in india,https://www.hindustantimes.com/india-news/indiaus-economic-ties-moving-beyond-trade-to-investment-tech-innovation-goyal-101790782427336.html,"piyush, goyal, india",en,2026-09-30 15:33:46,2026-10-01 06:33:07,2026,9,30,Wednesday,"milwaukee (GPE), american (NORP), india (GPE)",3
Hindustan Times,Unknown,jharkhand cm hemant soren charged in 886acre land fraud cases faces money laundering charges,the development came hours after the jharkhand high court refused to entertain sorens plea seeking immediate stay on the trial courts proceedings,https://www.hindustantimes.com/india-news/jharkhand-cm-hemant-soren-charged-in-pmla-case-over-alleged-8-86-acre-land-fraud-case-101790781828161.html,"jharkhand, hemant, soren",en,2026-09-30 15:23:47,2026-10-01 06:33:07,2026,9,30,Wednesday,"jharkhand cm hemant soren (PERSON), 886acre (CARDINAL), hours (TIME)",3
Hindustan Times,Unknown,bank holidays in october 2026 full list of public festival holidays across india,bank holiday in october 2026 all scheduled and nonscheduled banks will be closed on all sundays and the second and fourth saturdays of the month,https://www.hindustantimes.com/india-news/bank-holidays-in-october-2026-full-list-of-public-festival-holidays-of-the-month-dussehra-diwali-october-calendar-india-101790779942375.html,"bank, holidays, october",en,2026-09-30 15:19:39,2026-10-01 06:33:07,2026,9,30,Wednesday,"october 2026 (DATE), october 2026 (DATE), second (ORDINAL), fourth (ORDINAL)",4
Hindustan Times,Unknown,india monsoon ends 126 below normal fourthlowest rainfall since 2001,indias southwest monsoon ended on wednesday with rainfall 126 below normal the country recorded 7594 mm of rain during juneseptember,https://www.hindustantimes.com/india-news/india-monsoon-ends-12-6-below-normal-fourth-lowest-rainfall-since-2001-101790781168990.html,"monsoon, below, normal",en,2026-09-30 15:12:48,2026-10-01 06:33:07,2026,9,30,Wednesday,"india (GPE), 126 (CARDINAL), 2001 (DATE), wednesday (DATE), 126 (CARDINAL), 7594 mm (QUANTITY)",6
India Today,Unknown,ujjain woman fakes getting kidnapped outside home she reveals shocking reason,ujjain woman fakes getting kidnapped outside home she reveals shocking reason,https://www.indiatoday.in/trending-news/story/woman-kidnapped-in-25-seconds-then-she-reveals-what-really-happened-3006734-2026-09-30?utm_source=rss,"ujjain, woman, fakes",en,2026-09-30 15:02:27,2026-10-01 06:33:08,2026,9,30,Wednesday,,0
India Today,Unknown,fact check video of jaishankar talking about trumps fondness for pakistan is a deepfake,fact check video of jaishankar talking about trumps fondness for pakistan is a deepfake,https://www.indiatoday.in/fact-check/story/s-jaishankar-deepfake-video-asia-society-taliban-pakistan-fact-check-3006844-2026-09-30?utm_source=rss,"fact, check, video",en,2026-09-30 15:00:38,2026-10-03 05:44:45,2026,9,30,Wednesday,"jaishankar talking (PERSON), trumps (PERSON), pakistan (GPE), jaishankar talking (PERSON), trumps (PERSON), pakistan (GPE)",6
Hindustan Times,Unknown,ed arrests promoter chairman of gurugrambased vatika group in money laundering case,the enforcement directorate ed has arrested the promoter and the chairman of gurugrambased realty firm vatika group in connection with a money laundering probe,https://www.hindustantimes.com/india-news/ed-arrests-promoter-chairman-of-gurugram-based-vatika-group-in-money-laundering-case-101790779126528.html,"promoter, chairman, gurugram",en,2026-09-30 14:38:46,2026-10-01 06:33:07,2026,9,30,Wednesday,"ed arrests promoter (PERSON), ed (PERSON)",2
Hindustan Times,Unknown,gola crushing googoo in hts exit poll projection on fat dogs of delhi election,the voting booths opened at 3pm and closed at 7pm and the ballots there are likely to be just a fraction of the count on instagram,https://www.hindustantimes.com/india-news/delhis-fattest-dog-election-gola-kebab-googoo-aku-voting-election-battle-saket-sda-market-101790777914456.html,"gola, crushing, googoo",en,2026-09-30 14:34:56,2026-10-01 06:33:07,2026,9,30,Wednesday,"3pm (TIME), 7pm (TIME)",2
Times of India,TOI WORLD DESK,worlds richest woman alice walton builds a 250 million tuitionfree medical school,alice waltons fortune remains closely tied to her familys walmart holdings while her public work has increasingly focused on art medicine and philanthropy forbes estimated her wealth at nearly 120 billion in march 2026 outside walmart she has committed 250 million to a medical school and 350 million toward a new healthcare campus in bentonville,https://timesofindia.indiatimes.com/world/us/worlds-richest-woman-alice-walton-nears-120-billion-after-a-33-billion-rise-her-250-million-tuition-free-medical-school-marks-a-new-philanthropic-chapter/articleshow/134591409.cms,"million, alice, medical",en,2026-09-30 14:30:00,2026-10-03 05:44:44,2026,9,30,Wednesday,"alice walton builds (PERSON), 250 million (CARDINAL), nearly 120 billion (MONEY), march 2026 (DATE), 250 million (CARDINAL)",5
Hindustan Times,Unknown,arunachal vehicles torched mlas residence vandalised during siang dam project protests,protests against arunachals over 10000mw siang dam project intensified as vehicles were damaged and an mlas residence was allegedly vandalised,https://www.hindustantimes.com/india-news/arunachal-vehicles-torched-mla-s-residence-vandalised-during-siang-dam-project-protests-101790778587864.html,"vehicles, mlas, residence",en,2026-09-30 14:29:47,2026-10-01 06:33:07,2026,9,30,Wednesday,10000mw siang dam (LOC),1
India Today,Unknown,delimitation discontent why punish south india for its progress,delimitation discontent why punish south india for its progress,https://www.indiatoday.in/india-today-insight/story/delimitation-discontent-why-punish-south-india-for-its-progress-3006819-2026-09-30?utm_source=rss,"delimitation, discontent, punish",en,2026-09-30 14:26:51,2026-10-01 06:33:08,2026,9,30,Wednesday,"south india (LOC), south india (LOC)",2
India Today,Unknown,shehzad poonawalla calls swaras friends tukde gang as unlikely friendship begins,shehzad poonawalla calls swaras friends tukde gang as unlikely friendship begins,https://www.indiatoday.in/entertainment/ott/story/rise-and-fall-2-swara-bhasker-shehzad-poonawalla-unlikely-friendship-begins-3006792-2026-09-30?utm_source=rss,"shehzad, poonawalla, calls",en,2026-09-30 14:13:34,2026-10-01 06:33:08,2026,9,30,Wednesday,shehzad poonawalla (PERSON),1
India Today,Unknown,why coast guard banks on humantech doctrine for indias maritime security,why coast guard banks on humantech doctrine for indias maritime security,https://www.indiatoday.in/india-today-insight/story/why-coast-guard-banks-on-human-tech-doctrine-for-indias-maritime-security-3006637-2026-09-30?utm_source=rss,"coast, guard, banks",en,2026-09-30 14:12:08,2026-10-01 06:33:08,2026,9,30,Wednesday,"coast guard (ORG), coast guard (ORG)",2
India Today,Unknown,legal setback for hemant soren as court frames charges in 886acre land case,legal setback for hemant soren as court frames charges in acre land case,https://www.indiatoday.in/india/law-news/story/hemant-soren-bargayin-land-scam-jharkhand-high-court-rejects-plea-pmla-case-continues-3006742-2026-09-30?utm_source=rss,"legal, setback, hemant",en,2026-09-30 14:04:57,2026-10-01 06:33:09,2026,9,30,Wednesday,886acre (CARDINAL),1
Hindustan Times,Unknown,my dream is to make indias automotive industry the worlds no 1 nitin gadkari at ht auto awards,speaking at the ht auto awards union transport minister nitin gadkari said that indias automotive sector contributes over  2275 lakh crore to the economy,https://www.hindustantimes.com/india-news/my-dream-is-to-make-india-no-1-nitin-gadkari-on-auto-industry-s-global-ambition-ht-auto-awards-101790775838576.html,"automotive, nitin, gadkari",en,2026-09-30 13:59:05,2026-10-01 06:33:07,2026,9,30,Wednesday,"nitin gadkari (PERSON), over  2275 (CARDINAL)",2
Hindustan Times,Unknown,pm modi trump review bilateral ties discuss global peace trade defence,pm modi said the two sides agreed to maintain close engagement to take their comprehensive global strategic partnership forward,https://www.hindustantimes.com/india-news/pm-modi-speaks-to-trump-review-bilateral-ties-discuss-global-peace-trade-defence-101790776549926.html,"modi, global, trump",en,2026-09-30 13:57:16,2026-10-01 06:33:07,2026,9,30,Wednesday,two (CARDINAL),1
Hindustan Times,Unknown,flydubai news report says flydubai flights to israel halted over copilots omani background,flydubai news israeli transportation minister miri regev sought a halt to flydubai flights after unverified reports suggested the copilot was omani flydubais israel agreement requires pilots to be from countries with normalised ties with israel which does not include oman,https://www.hindustantimes.com/india-news/flydubai-flight-fz1073-emergency-landing-live-updates-hijacking-indian-pilot-smit-machchhar-israel-tel-aviv-saudi-101790775740291.html,"flydubai, israel, news",en,2026-09-30 13:53:49,2026-10-01 06:33:07,2026,9,30,Wednesday,"flydubai news report (ORG), israel (GPE), israeli (NORP), israel (GPE), israel (GPE)",5
Hindustan Times,Unknown,stabbed flydubai pilot smit machchhar is indian national worked with spicejet earlier,smit machchhar has been a captain on flydubais boeing 737 fleet since june 2022 according to his linkedin profile,https://www.hindustantimes.com/india-news/stabbed-flydubai-pilot-indian-national-smit-machchhar-was-former-spicejet-employee-dubai-tel-aviv-saudi-101790775056727.html,"flydubai, smit, machchhar",en,2026-09-30 13:33:38,2026-10-01 06:33:07,2026,9,30,Wednesday,"indian (NORP), boeing (ORG), 737 (PRODUCT), june 2022 (DATE)",4
Hindustan Times,Unknown,goa nightclub fire luthra brothers to compensate victims families  15 lakh each,the bombay high court at goa has given the victims families until october 12 to respond to the compensation proposal before deciding on the offer,https://www.hindustantimes.com/india-news/goa-nightclub-fire-luthra-brothers-offer-to-compensate-victims-families-15-lakh-each-101790775046567.html,"victims, families, nightclub",en,2026-09-30 13:30:46,2026-10-01 06:33:07,2026,9,30,Wednesday,"goa (ORG), luthra brothers (ORG), 15 (CARDINAL), october 12 (DATE)",4
Hindustan Times,Unknown,dangerous path india issues advisory for citizens after reports of recruitment in russian forces,the fresh advisory for indians travelling to russia was issued by the external affairs ministry against the backdrop of the death of 51 indians,https://www.hindustantimes.com/india-news/india-advisory-nationals-recruitments-russian-armed-forces-jobs-abroad-dangerous-path-mea-russia-travel-101790774759165.html,"advisory, indians, dangerous",en,2026-09-30 13:27:54,2026-10-01 06:33:07,2026,9,30,Wednesday,"india (GPE), russian (NORP), indians (NORP), russia (GPE), 51 (CARDINAL), indians (NORP)",6
India Today,Unknown,how allweather training helped indian archers win 3 compound golds at asian games,how allweather training helped indian archers win  compound golds at asian games,https://www.indiatoday.in/sports/asian-games/story/india-archery-all-weather-training-simulation-asian-games-golds-3006737-2026-09-30?utm_source=rss,"training, helped, indian",en,2026-09-30 13:19:10,2026-10-01 06:33:08,2026,9,30,Wednesday,"indian (NORP), 3 (CARDINAL), asian (NORP), indian (NORP), asian (NORP)",5
Hindustan Times,Unknown,this nonsense has to stop supreme court raps up police over coverup job in criminal investigation,top court came down heavily on up police over a biased investigation and has ordered the officer to explain the irregularties in the next hearing,https://www.hindustantimes.com/india-news/this-nonsense-has-to-stop-supreme-court-raps-up-police-over-cover-up-job-in-crime-investigation-ask-cbi-to-step-in-101790765323421.html,"court, police, over",en,2026-09-30 12:26:37,2026-10-01 06:33:07,2026,9,30,Wednesday,supreme court (ORG),1
Hindustan Times,Unknown,ht evening brief sept 30 flydubai lands in saudi arabia after hijack scare virat kohli rises to no 2 in odi rankings,here are the top headlines from the day covering india the world sports and entertainment,https://www.hindustantimes.com/india-news/ht-evening-news-brief-sept-30-flydubai-saudi-arabia-hijack-hashim-moosa-terrorist-j-k-virat-kohli-odi-rankings-netflix-101790767694726.html,"evening, brief, sept",en,2026-09-30 12:26:13,2026-10-01 06:33:07,2026,9,30,Wednesday,"sept 30 (DATE), saudi arabia (GPE), the day (DATE), india (GPE)",4
Hindustan Times,Unknown,centre hikes rabi msps for 202728 to boost oilseeds wheat raised by  25,the msp of safflower received the largest absolute hike of  675 per quintal up 103 to  7215 followed by rapeseed and mustard,https://www.hindustantimes.com/india-news/centre-hikes-rabi-msps-for-2027-28-to-boost-oilseeds-wheat-raised-by-25-101790770849979.html,"centre, hikes, rabi",en,2026-09-30 12:20:49,2026-10-01 06:33:07,2026,9,30,Wednesday,"202728 (CARDINAL), 25 (CARDINAL), 675 (CARDINAL), 103 (CARDINAL), 7215 (DATE)",5
India Today,Unknown,live israel condemns false flag theories alleging flydubai attack was staged,live israel condemns false flag theories alleging flydubai attack was staged,https://www.indiatoday.in/world/story/flydubai-flight-incident-live-updates-dubai-tel-aviv-emergency-landing-saudi-arabia-omani-pilot-3006669-2026-09-30?utm_source=rss,"live, israel, condemns",en,2026-09-30 12:17:38,2026-10-02 06:09:05,2026,9,30,Wednesday,"israel (GPE), israel (GPE)",2
Hindustan Times,Unknown,nandigram bypoll bjp moves supreme court over congress candidate milan pradhans bail order,milan pradhan walked out of the jail in the afternoon and said he would immediately start campaigning for the october 6 byelection,https://www.hindustantimes.com/india-news/bengal-congress-candidate-starts-nandigram-bypoll-campaign-after-release-from-jail-101790769587823.html,"milan, pradhan, nandigram",en,2026-09-30 11:59:47,2026-10-01 06:33:07,2026,9,30,Wednesday,"nandigram bypoll bjp (ORG), supreme court (ORG), congress (ORG), milan pradhans (PERSON), milan (GPE), the afternoon (TIME), october 6 (DATE)",7
Hindustan Times,Unknown,hyderabad woman dies after hotel stay with livein partner injuries found on body,police said nikitha and ravi teja had checked into a hotel room in the afternoon of september 21,https://www.hindustantimes.com/india-news/hyderabad-woman-dies-after-oyo-hotel-stay-with-live-in-partner-injuries-found-on-body-boyfriend-arrested-101790763811580.html,"hotel, hyderabad, woman",en,2026-09-30 11:45:53,2026-10-01 06:33:07,2026,9,30,Wednesday,"livein partner (ORG), the afternoon (TIME), september 21 (DATE)",3
Hindustan Times,Unknown,uttarakhand hc directs counting of votes in kichha municipal polls within 3 weeks,uttarakhand high court directs authorities to count votes in kichha and sirauli kalan municipal polls within three weeks after petitions challenged the deferment,https://www.hindustantimes.com/india-news/uttarakhand-hc-directs-counting-of-votes-in-kichha-municipal-polls-within-3-weeks-101790767244347.html,"uttarakhand, directs, votes",en,2026-09-30 11:20:43,2026-10-01 06:33:07,2026,9,30,Wednesday,"uttarakhand (ORG), 3 weeks (DATE), three weeks (DATE)",3
India Today,Unknown,hero indian captain on flydubai prevented a second 911 terror attack saved 174,hero indian captain on flydubai prevented a second  terror attack saved,https://www.indiatoday.in/world/story/indian-captain-flydubai-israel-tel-aviv-terror-attack-pilot-omani-national-3006600-2026-09-30?utm_source=rss,"hero, indian, captain",en,2026-09-30 11:17:44,2026-10-01 06:33:08,2026,9,30,Wednesday,"indian (NORP), second (ORDINAL), 911 (CARDINAL), 174 (CARDINAL), indian (NORP), second (ORDINAL)",6
Hindustan Times,Unknown,india bloc demands paper ballots targets cec gyanesh kuma and pm modi over voter roll row,opposition leaders plan nationwide save democracy marches from october 2 to 8 followed by an october 6 march to the election commission,https://www.hindustantimes.com/india-news/india-bloc-demands-paper-ballots-targets-cec-and-pm-modi-over-voter-roll-row-101790766405012.html,"october, india, bloc",en,2026-09-30 11:06:44,2026-10-01 06:33:07,2026,9,30,Wednesday,"india bloc (ORG), october 2 to 8 (DATE), october 6 march (DATE)",3
Hindustan Times,Unknown,sc plea seeks recall of cec law order over justice sharmas sons eci role,a plea in the supreme court seeks recall of its september 23 order on the cec law citing justice satish chandra sharmas sons role as eci counsel,https://www.hindustantimes.com/india-news/sc-plea-seeks-recall-of-cec-law-order-over-justice-sharma-s-son-s-eci-role-101790766224327.html,"plea, seeks, recall",en,2026-09-30 11:03:43,2026-10-01 06:33:07,2026,9,30,Wednesday,"the supreme court (ORG), september 23 (DATE)",2
Hindustan Times,Unknown,too much heat generated over deletion of capf contempt pleas supreme court says,supreme court says too much heat was generated over deleted contempt pleas on ips deputation asks parties to exchange pleadings fixes hearing for october 15,https://www.hindustantimes.com/india-news/too-much-heat-generated-over-deletion-of-capf-contempt-pleas-supreme-court-says-101790765568220.html,"much, heat, generated",en,2026-09-30 10:52:47,2026-10-01 06:33:07,2026,9,30,Wednesday,"supreme court (ORG), supreme court (ORG), october 15 (DATE)",3
Hindustan Times,Unknown,eight dhaba operators booked for cutting crash barriers on delhidehradun corridor,the eateries allegedly created unauthorised access points and obstructed an nhai team that had arrived to restore the barriers,https://www.hindustantimes.com/india-news/8-dhaba-operators-booked-for-cutting-crash-barriers-delhi-dehradun-corridor-101790762992722.html,"barriers, eight, dhaba",en,2026-09-30 10:25:32,2026-10-01 06:33:07,2026,9,30,Wednesday,"eight (CARDINAL), nhai (GPE)",2
Hindustan Times,Unknown,chennai pharma distributor arrested in karnataka counterfeit drug case police,the accused balasubramanian was brought to karnataka s bengaluru for questioning on wednesday in connection with an interstate counterfeit drug racket case,https://www.hindustantimes.com/india-news/chennai-pharma-distributor-arrested-in-karnataka-counterfeit-drug-case-police-101790763703427.html,"karnataka, counterfeit, drug",en,2026-09-30 10:21:42,2026-10-01 06:33:07,2026,9,30,Wednesday,"chennai pharma distributor (ORG), karnataka counterfeit drug (ORG), balasubramanian (NORP), karnataka s bengaluru (ORG), wednesday (DATE)",5
Hindustan Times,Unknown,commanders conference navy asked to maintain combat readiness strengthen maritime surveillance,commanders conference navy asked to maintain combat readiness strengthen maritime surveillance,https://www.hindustantimes.com/india-news/commanders-conference-navy-asked-to-maintain-combat-readiness-strengthen-maritime-surveillance-101790762301705.html,"commanders, conference, navy",en,2026-09-30 09:58:21,2026-10-01 06:33:07,2026,9,30,Wednesday,commanders conference navy (ORG),1
Hindustan Times,Unknown,supreme court rules out blanket cracker ban ahead of diwali it will hurt sentiments,the centre and expert bodies have been given until october 15 to assess how bariumcontaining green crackers affect ambient air quality,https://www.hindustantimes.com/india-news/sc-permits-next-gen-joint-green-crackers-gives-centre-time-to-assess-barium-variants-101790760762714.html,"supreme, court, rules",en,2026-09-30 09:32:42,2026-10-01 06:33:07,2026,9,30,Wednesday,"supreme court (ORG), october 15 (DATE)",2
Hindustan Times,Unknown,actionable intelligence led to killing of mostwanted let terrorist hashim moosa,moosa also known as asif fauji and suleiman was a pakistani national and a let operative believed to have infiltrated into india in 2023,https://www.hindustantimes.com/india-news/actionable-intelligence-led-to-killing-of-most-wanted-let-terrorist-hashim-moosa-101790758611552.html,"moosa, actionable, intelligence",en,2026-09-30 09:20:40,2026-10-01 06:33:07,2026,9,30,Wednesday,"pakistani (NORP), india (GPE), 2023 (DATE)",3
India Today,Unknown,woman gives up us green card moves back to india to build startup from scratch,woman gives up us green card moves back to india to build startup from scratch,https://www.indiatoday.in/trending-news/story/woman-gives-up-us-green-card-moves-back-to-india-to-build-startup-from-scratch-3006442-2026-09-30?utm_source=rss,"woman, gives, green",en,2026-09-30 09:16:05,2026-10-02 06:09:05,2026,9,30,Wednesday,"india (GPE), india (GPE)",2
Hindustan Times,Unknown,instagram temporarily restricts popular cartoonist satish acharyas account in india,after instagram restricted access to cartoonist satish acharyas account within india the kerala cartoon academy reportedly expressed solidarity with him,https://www.hindustantimes.com/india-news/instagram-temporarily-restricts-popular-cartoonist-satish-acharyas-account-in-india-101790741282339.html,"instagram, cartoonist, satish",en,2026-09-30 09:09:48,2026-10-01 06:33:07,2026,9,30,Wednesday,"india (GPE), india (GPE), kerala cartoon academy (ORG)",3
Times of India,TOI TECH DESK,in 2018 musk gave 480350 for flint school filters students drink from fountains,in a progressive move flint community schools have transitioned from bottled water to innovative water filtration systems a project backed by elon musk in 2018 thoroughly tested and redesigned these 130 stations now furnish clean water by eliminating harmful lead and bacteria while the water quality is confirmed safe the school will maintain the provision of bottled water as a precautionary measure,https://timesofindia.indiatimes.com/technology/tech-news/in-2018-elon-musk-donated-480350-for-flint-school-water-filters-four-years-later-redesigned-systems-allowed-students-to-drink-from-fountains-again-after-years-of-relying-on-alternative-supplies/articleshow/134585828.cms,"water, musk, flint",en,2026-09-30 07:50:58,2026-10-01 06:33:06,2026,9,30,Wednesday,"2018 (DATE), 480350 (DATE), 2018 (DATE), 130 (CARDINAL)",4
India Today,Unknown,is army chief dhiraj seth dancing with a majors wife this video is aiedited,is army chief dhiraj seth dancing with a majors wife this video is aiedited,https://www.indiatoday.in/fact-check/story/dhiraj-seth-viral-video-fact-check-ai-edited-cnn-supreet-sapra-fake-3006035-2026-09-29?utm_source=rss,"army, chief, dhiraj",en,2026-09-29 16:21:49,2026-10-03 05:44:45,2026,9,29,Tuesday,,0
India Today,Unknown,dont get catfished by ai this bangkok flood scene is not real,dont get catfished by ai this bangkok flood scene is not real,https://www.indiatoday.in/fact-check/story/bangkok-flood-video-fact-check-ai-generated-catfish-scene-not-real-3005983-2026-09-29?utm_source=rss,"catfished, bangkok, flood",en,2026-09-29 15:12:34,2026-10-03 05:44:45,2026,9,29,Tuesday,,0
India Today,Unknown,deepfake video of cop claiming lpu rape accused is bjp worker goes viral,deepfake video of cop claiming lpu rape accused is bjp worker goes viral,https://www.indiatoday.in/fact-check/story/lpu-rape-case-deepfake-video-phagwara-sp-bjp-link-claim-fact-check-3005768-2026-09-29?utm_source=rss,"deepfake, video, claiming",en,2026-09-29 11:47:33,2026-10-03 05:44:45,2026,9,29,Tuesday,,0
India Today,Unknown,goa records indias quickest severe heart attack response,goa records indias quickest severe heart attack response,https://www.indiatoday.in/health/story/goa-heart-attack-treatment-stemi-patients-stabilised-within-19-minutes-3005659-2026-09-29?utm_source=rss,"records, quickest, severe",en,2026-09-29 11:01:04,2026-10-02 06:09:06,2026,9,29,Tuesday,,0
India Today,Unknown,brazil teams traditional welcome in australia falsely shared as indian,brazil teams traditional welcome in australia falsely shared as indian,https://www.indiatoday.in/fact-check/story/fact-check-brazil-team-brisbane-aboriginal-welcome-video-falsely-shared-as-indian-3004883-2026-09-28?utm_source=rss,"brazil, traditional, welcome",en,2026-09-28 11:50:28,2026-10-02 06:09:06,2026,9,28,Monday,"brazil (GPE), australia (GPE), indian (NORP), brazil (GPE), australia (GPE), indian (NORP)",6
India Today,Unknown,is america really buying less from china,is america really buying less from china,https://www.indiatoday.in/diu/story/us-imports-from-china-fall-below-8-percent-during-xi-trump-trade-truce-3002148-2026-09-24?utm_source=rss,"america, really, buying",en,2026-09-24 13:54:03,2026-10-03 05:44:45,2026,9,24,Thursday,"america (GPE), china (GPE), america (GPE), china (GPE)",4
India Today,Unknown,who pays when an indian family falls sick,who pays when an indian family falls sick,https://www.indiatoday.in/diu/story/private-hospital-costs-india-births-16-times-government-care-3000518-2026-09-23?utm_source=rss,"pays, when, indian",en,2026-09-23 05:17:14,2026-10-03 05:44:45,2026,9,23,Wednesday,"indian (NORP), indian (NORP)",2
