source_name,author,title,description,url,keyword,language,published_date,collected_at,year,month,day,weekday,entities,entity_count,keybert_keywords,yake_keywords
GNews,Unknown,india must uphold indus waters treaty court rules what was pakistans case  the indian express,india must uphold indus waters treaty court rules what was pakistans case  the indian express,https://news.google.com/rss/articles/CBMirgFBVV95cUxPRko4SW5Ba1IzejBIMEhFNi1NMXhOZy01WHJhS2lNYk12bXRER1ZXUExsaGNQTHpFUlROeGhVWFdjRGxFLWxYeVFldk41MHdab3ZVNWU4TFVFZU5zWnhZd3ZzZHhNS3BRVy10el8yYWx5TEMxT3d3MjlwOXg3TlRFZFhJR09WVHJUa2lUSXQtYXRKODJ5bFdfN2UtTHZORzZNRGRuZlQ4MjNqM0RVbWfSAbQBQVVfeXFMTm1qNGhmRmUtelhCRllYNi0xdVk1V2Fxelc4UGRsdzZ0MWs0cHdYRllQUFd2ekdEZzhlX1g0a2V6SVk0NE0xWlBfVFJ6c3kyM0JBVHExNlI4TVlVTnBLRTdIZ3Bxb05DZGc1N2FWTHhjVG1zMndILXpSaERyRWRmNjJVaDRzbmdnY0U3WDB6WldYUVVRNWxsOEkzSVRudXQtdld5RnV5SE9mNXNoU3pBYk90UDhv?oc=5&hl=en-US&gl=US&ceid=US:en,"india, must, uphold",en,2026-09-01 05:41:29,2026-09-01 05:41:29,2026,9,1,Tuesday,"india (GPE), indian (NORP), india (GPE), indian (NORP)",4,"indus waters, rules pakistans, pakistans case","['uphold indus waters', 'indus waters treaty', 'waters treaty court', 'treaty court rules', 'india must uphold']"
GNews,Unknown,supreme court panel submits roadmap to modernise courts across india seeks stronger government funding  lawbeat,supreme court panel submits roadmap to modernise courts across india seeks stronger government funding  lawbeat,https://news.google.com/rss/articles/CBMi2AFBVV95cUxQdzhUMlNBVlRUX0pWMTJyVU51TF9QMWJ0di1wMGlLUE8xTWQtQmo2cDFlWjZXcGFqQUJqRnE4WTR1UF8xa2pReF9uQ054SEk4ZkxncXlkSWE1WmxRdGVkWFNGbHIwV2FkcEd4ZUZONW9wanlMQlFGUHIyUGgyNG1jdmJHMVFZZE1DTnJyLXltNllqTVktbF9xYTE0SXhxcHNuWWM4MDRDZFRUbEtDeS1DTlRGMXlMc1J2d3Q4UzJKME1Ubk1vaGRwRjdhcVRDNjVybGVRRmx3dFnSAd4BQVVfeXFMUHpCTDc4RXFiU19wNlpWVXhPeVdKR2dkdzVkYVAwbzdKT0xiZHdUaDcyQ2JKUFhveDF6V1Y3ZC1TWmxfaFBubExjNzZwOURDU1RkOHI4RE9VbFh4aFZOVE42clpzWU52allsMmt4VmpDbVFkN3lieG11eEc2ODNiTXF2UWVEaVhWYjNnTldZcEFNVUU4aVpYYi1aR184S0ZMYXJkU2VzWjk4aW1lVndkU1B1aGVkc2JtZXpLWmlZWmMzYUZOcXc5ak45bE0tcThuRnExSWRmRmN1U2tSeEhn?oc=5&hl=en-US&gl=US&ceid=US:en,"supreme, court, panel",en,2026-09-01 05:41:29,2026-09-01 05:41:29,2026,9,1,Tuesday,"supreme court (ORG), india (GPE), supreme court (ORG), india (GPE)",4,"courts india, modernise courts, india seeks","['government funding lawbeat', 'supreme court panel', 'panel submits roadmap', 'india seeks stronger', 'seeks stronger government']"
GNews,Unknown,what two districts can teach india about dealing with rural waste  thehinducom,what two districts can teach india about dealing with rural waste  thehinducom,https://news.google.com/rss/articles/CBMi2gFBVV95cUxQUHk4eGJ3N3V6dWJ4ejVwY0k1RlZtMjVGVHE3VEhxN1BiYWFhaDV2dnk0bURjTHdUQ3ZfbGFwbGJfTV84dGRPTXAxTHhMWHNnLWROd2VqSlVidC10MmZJQkp5dk9KZTItVlNKeVg5cEVzN2I4R2d0NWZuZTNXTVlUYUVyUWpCYWxYbHhjTGlDYXJTd2Z5TVRFcDZzQk5TQ2dmMHpPRTRXM1o0MEt2QkhhTXU3TlNPNXZwT3lrYUVNM2JaMktocF9taXdIaHM5dUtJUU96X3ExS1NIQdIB4AFBVV95cUxQbDVGa1gzSW5MZ3RjZmNfdGpaU3dqU1VzSnh0Ui1iMkUzeUZhSEVzaEgzLWYwT2E3N3BYYkxYRHZHYWRid0Z4emgyRVlRcDZSR3R1ZWNWV0FzOVgzV1VrVWJPWXVUX296aFNWSFhjRzgyTDBaOFFEU1JtSnV6VEdjeXpiZHpweWttLWEwTWlqRTRLb2RqQzlqM2xDWmRid2lCbkdPejlyNnBrYXY1NnUyLU9TWjRiVEVMZzIzRmMtRjJhT3FjS1R3cEktTzhfeEM3WlRQbVlzS09yckVkdUhtNg?oc=5&hl=en-US&gl=US&ceid=US:en,"districts, teach, india",en,2026-09-01 05:41:29,2026-09-01 05:41:29,2026,9,1,Tuesday,"two (CARDINAL), india (GPE), two (CARDINAL), india (GPE)",4,"rural waste, waste thehinducom, teach india","['rural waste thehinducom', 'waste thehinducom', 'districts can teach', 'teach india', 'india about dealing']"
GNews,Unknown,indias nuclear expansion has a fuelcycle blind spot  orfonlineorg,indias nuclear expansion has a fuelcycle blind spot  orfonlineorg,https://news.google.com/rss/articles/CBMilwFBVV95cUxNSTRmNUM2MDVpV0tQNmo1cDZWTkFNODg2THBWTWd4RUJtOWZTSzNWQWZIanBTVDNfWDdGOUliTy1KUTZMUVFSYjcwZU9ZdURUYXNnV2ItQ25VdUZHTHpzX2RzdmZZTnpNM1JCajlUSUlPeGlGZ0JLdVNmUnZVRUFTUTZCSW1yUDhfYWZGbDN5cVZLTXJqNEpn?oc=5&hl=en-US&gl=US&ceid=US:en,"indias, nuclear, expansion",en,2026-09-01 05:41:29,2026-09-01 05:41:29,2026,9,1,Tuesday,,0,"indias nuclear, nuclear expansion, expansion fuelcycle","['indias nuclear expansion', 'blind spot orfonlineorg', 'fuelcycle blind spot', 'indias nuclear', 'spot orfonlineorg']"
GNews,Unknown,indias economy expands 78 in fiscal first quarter beating estimates  cnbc,indias economy expands 78 in fiscal first quarter beating estimates  cnbc,https://news.google.com/rss/articles/CBMieEFVX3lxTE5VUHRrSEZkQjRLdU45aWVFOXhYUGRXakdZQkdEeEY2cmpSOWpaQkppN3g2c2ZWM2FBMThSNFZWWmE2ejJhRUZkdHktTUNOd09NcFdQQVdLVzNFQXJfNzhYVHBvXzVDTEZncFNPVlFESlk0eUpSNHN6S9IBfkFVX3lxTE9yRnEyYnVhc0JpZ1JMR2VHTU4yblZVUC00b0d3emtycHNnUUlzeU5sOWticWwzenFHU0lKcllpSWF1LTVPUVgzeDRxdW1ZU3FkU2NlcVZWQUJMVFd2OXlRTjY5Mlk4NWNqR0NxY1VtY0xOVkxVd3N5WTJIZG5nUQ?oc=5&hl=en-US&gl=US&ceid=US:en,"indias, economy, expands",en,2026-09-01 05:41:28,2026-09-01 05:41:28,2026,9,1,Tuesday,"78 (CARDINAL), fiscal first quarter (DATE), cnbc (ORG), 78 (CARDINAL), fiscal first quarter (DATE), cnbc (ORG)",6,"expands 78, 78 fiscal, indias economy","['indias economy expands', 'beating estimates cnbc', 'quarter beating estimates', 'indias economy', 'economy expands']"
GNews,Unknown,sonia gandhis book penguin india lawyers asked for changes and cuts in several chapters  the indian express,sonia gandhis book penguin india lawyers asked for changes and cuts in several chapters  the indian express,https://news.google.com/rss/articles/CBMi4AFBVV95cUxQcGkyOEVPdlpRU25Gdl8xRmh6TTRRMHJDaE1PcEZFR1cyWlYtbV9SSzBZNTNpS1kwTjE4LWdqcEg1ZFVNQzYwQ2pEc2VKbzFkZTJHRlhoWTUzSGpteHkwN1lCdzN1ZXNJS3MxYnU0ZjV6SWstZ25PWUFsTU1EOGNKVDBYbFVKdkQyX3V2R1ZYaHpHeGlXUW5TODZuTF9ibnNWZWlwZ3FsYjgxbWlMUXZzVkZKY193VFBnMHRaWWxpWlUtYTNQVGp2SzNBdWMwR3JvY19kZlFpeXlWX1Z2aHJ2VdIB5wFBVV95cUxQM241UEtlcV9hNHlKbUtiOW01RXN0UlJXOTByZG1qaHhrN3ZrRW1LN2FfdUtFaXc0Zm0tODQwdmI5U3VPaE8tNXQwVXA2TlVtTUpQZ2lyNzk0eGZiTkQ0N2lwam1QbjhkTlluTTNLbXVFdnBnN1JNYnlwcG9hbHg1UUZ1NjNTc3BhU1RlOHlPZVFqOWxIRm5GeE0zZlo0RGRvSWlIZThIc0pwcEl1WVI5RTFNYmNCMWhRRW4yQWYwX2QtTVJLbFhtakthQktOZG1PNERhVTVYV093Y1QwZ1FhWUtBa2VPZmM?oc=5&hl=en-US&gl=US&ceid=US:en,"sonia, gandhis, book",en,2026-09-01 05:41:28,2026-09-01 05:41:28,2026,9,1,Tuesday,"penguin india (WORK_OF_ART), indian (NORP), penguin india (WORK_OF_ART), indian (NORP)",4,"gandhis book, sonia gandhis, india lawyers","['sonia gandhis book', 'gandhis book penguin', 'book penguin india', 'penguin india lawyers', 'india lawyers asked']"
GNews,Unknown,india smashes growth forecasts as investment surges in apriljune  reuters,india smashes growth forecasts as investment surges in apriljune  reuters,https://news.google.com/rss/articles/CBMigAFBVV95cUxOOWt2ZFNZVXBBeVItLUpMOVktRlBOME11YWduTkoySi1LV3F2Tk95U1Y3MnVYOXVSejd2OEJnZ0RlVlZXcEpSWVNScXlVWWQwb0REbldJSlNEZ1hkLXhwejNHV0I3R1Fqemt2TFJJTmZpTjJHNmV3QkNNUWt4a0Y3Zg?oc=5&hl=en-US&gl=US&ceid=US:en,"india, smashes, growth",en,2026-09-01 05:41:28,2026-09-01 05:41:28,2026,9,1,Tuesday,"india (GPE), apriljune   (ORG), reuters (ORG), reuters (ORG)",4,"growth forecasts, forecasts investment, investment surges","['india smashes growth', 'smashes growth forecasts', 'india smashes', 'apriljune reuters', 'smashes growth']"
GNews,Unknown,india rejects hague court order to restore indus waters pact with pakistan  al jazeera,india rejects hague court order to restore indus waters pact with pakistan  al jazeera,https://news.google.com/rss/articles/CBMitgFBVV95cUxPOWtocnoyOE9FOWZWRnljU2kyYmd4cEJpTTZOdDVGcE4xR3p6QTIyMlBCUkhoVGc3M19LTktJQnFJN1FjakMtNG4tR0lRbEltSVlvVlE1ejVORDlkV2lieGdUVldvbUpKNi1FWHAxelhUUkJWd05GVVVzbHkzVGplNG93SXMzMFVWVEhnOW04Ukw5RHRwV2JMVFZneE1mZzB3RVRLY19FclROa3RvTFl1dl9id1pHZ9IBuwFBVV95cUxOazdnenVUT1RYZy1qQkI4el9EcUs4cll2SnF4dDlPUWZrNzJPbURuWnh6VFFDZGdtaEEtVmtzeGg1WmUyamN0d0R4YmdxYWxxa2UxcUQtallYM2ZLaXZnS0lVaXdOc1VJZHdpNmxzVWV5Y2F5dm5VN1FsVHh1azNZOG5xX3dxMVR4MWhCUU1RRFY5eEhsSlpWWDFNTWxqN051cXNFdjhNeUdaZWJZYTRpOHFBdG55Yk5aUU44?oc=5&hl=en-US&gl=US&ceid=US:en,"india, rejects, hague",en,2026-09-01 05:41:28,2026-09-01 05:41:28,2026,9,1,Tuesday,"india (GPE), pakistan (GPE), al jazeera india rejects hague court (ORG), pakistan (GPE), al jazeera (ORG)",5,"rejects hague, indus waters, india rejects","['india rejects hague', 'rejects hague court', 'hague court order', 'restore indus waters', 'indus waters pact']"
GNews,Unknown,indias gdp beats growth forecast at 78  financial times,indias gdp beats growth forecast at 78  financial times,https://news.google.com/rss/articles/CBMihAFBVV95cUxPaVhISnpJVzJlQWliUHRRT2VYN1VDcGdhUld6dDF4Z25IZnl3ZnB0b0xXcm1BVG5qanRoODFYMU9RbXdCMTBVeF9iVDZQMWNhdkp0eEc2ZjNyakJXczhDUzNGV1A5UWhhNWNnRVZ1cXJJdjRqbzRZdDN6TUJBRlI5azRQT3Y?oc=5&hl=en-US&gl=US&ceid=US:en,"indias, beats, growth",en,2026-09-01 05:41:28,2026-09-01 05:41:28,2026,9,1,Tuesday,"78 (CARDINAL), 78 (CARDINAL)",2,"indias gdp, gdp beats, growth forecast","['indias gdp beats', 'financial times', 'gdp beats growth', 'beats growth forecast', 'indias gdp']"
GNews,Unknown,indias economy posts robust growth despite mideast energy shock  wsj,indias economy posts robust growth despite mideast energy shock  wsj,https://news.google.com/rss/articles/CBMitwFBVV95cUxNUVc4dE84NzVQb2s1aWYyazVWUFRYQ3BrLU9DUTMwR2RHeDVGc2llQW4tcmNCVVdYNzFwaU9YTlRJeDJ6dkV3UXFrVV9DNGFOVWpmTnRnalBJTVlPT2N0T1dZTHR4elZlYU1fQ1JXVUxDQVVrQUxlV3hlUmFSUjFXaTNhYXRoUV9qOVdTS2Rwd2IzU2prekhGNThVay1wMUFnbG1oaEhxVlJDQVpwc202UHVwNFE1bG8?oc=5&hl=en-US&gl=US&ceid=US:en,"indias, economy, posts",en,2026-09-01 05:41:28,2026-09-01 05:41:28,2026,9,1,Tuesday,"mideast (LOC), mideast (LOC)",2,"indias economy, robust growth, mideast energy","['indias economy posts', 'energy shock wsj', 'economy posts robust', 'posts robust growth', 'mideast energy shock']"
GNews,Unknown,what will sonia gandhis memoir reveal about indias most powerful dynasty  bbc,what will sonia gandhis memoir reveal about indias most powerful dynasty  bbc,https://news.google.com/rss/articles/CBMiWkFVX3lxTE1VeVlLOUh2Zy1NMkFLME9SZnpReWFSUjN1TU1CQ0V4dUVHYlBHRVlHNGgzcnl5NU8xcHJ6d3Q1Vk9pSXZaMWNobVlUQzluLUZrMHNiTllOZ1hPZw?oc=5&hl=en-US&gl=US&ceid=US:en,"will, sonia, gandhi",en,2026-09-01 05:41:28,2026-09-01 05:41:28,2026,9,1,Tuesday,"bbc (ORG), bbc (ORG)",2,"gandhis memoir, sonia gandhis, sonia","['powerful dynasty bbc', 'sonia gandhis memoir', 'gandhis memoir reveal', 'dynasty bbc', 'sonia gandhis']"
GNews,Unknown,putinmodi meeting at sco can russiaindia ties hold  dwcom,putinmodi meeting at sco can russiaindia ties hold  dwcom,https://news.google.com/rss/articles/CBMiqwFBVV95cUxOeVhRZ011VmlmTFpzd3lQcmt3ekd0UTIyYTc5WmMwN1JJUEJEWjcwZXprU3JTV215SXo0ZmdFUjRVUXlzT1luRTZMTklvWVJSa0VaZ3Q4WlZqdVhWamUxOXU2SkVQbGVwVi01ZG9TT2UtUkZObXFVRGVuc1NSaXUwbFFrS0FpZ0c0VEttN2hEY01WS2FvbW5ndE9BVEk0VzFnMC1kdUdXbXBaZnfSAasBQVVfeXFMUDRRMFZkWnJCakxlVkktR2toSXQwNDRqdVNkY004aG14VVNQbmtwTXdmS1BqVzFSUEdpUXc2ZndWTXBxM3NCR3R6NlNWY1VQbURhT2pKQzlQd3V0anlOVGQ0SVpqMG55Ujh3WUNjZ19UNWdYZzZKcE5RM3JqM2dFSW5RSk1LbzlyWkp0YkRXTlRIenlyYmdJa0FIODN3cHYzaXIxcy1qZkF0dFQw?oc=5&hl=en-US&gl=US&ceid=US:en,"putin, modi, meeting",en,2026-09-01 05:41:28,2026-09-01 05:41:28,2026,9,1,Tuesday,,0,"russiaindia ties, putinmodi meeting, sco russiaindia","['ties hold dwcom', 'russiaindia ties hold', 'putinmodi meeting', 'hold dwcom', 'meeting at sco']"
GNews,Unknown,handscomb given australia a callup with eye on india series  cricinfo,handscomb given australia a callup with eye on india series  cricinfo,https://news.google.com/rss/articles/CBMiqAFBVV95cUxQNXRmcEE1dnU4U3N1Y0xwS0kxM25XWGpHckE4Z05fTVB0SGxRemZVZkpXR3FrVDY0SHUxLW00Wk1mMHEzdkJVa3lQemtDTFEzUjd3eC0wQzJyMi1ZS2Z5X2puZnZ5VklxMGhRS1BERVczNEhiZEl0clVNZ09OeEdrMk0xUHNvdG5rZlV5b0RRNlZMMGdTRUEydGRua3VyNURQWTZ3TENBQWHSAboBQVVfeXFMTjVnaVBqQTNrcWNzTC1OTWZqVEk4dkVxc2dHWVctWU43c2Y0eHRQYXZCT1Zad3d0R2tpMUZ1TzkzS2JjNlFNeXJkYTZ4MFo1eVZSMUs3RnFoWEtoMEZteGFnbjRIU1dTN08tQ3B5dFRPUmJRV24tOEl4VTJyS2d2TjhLdFE1OVBDamlQWGtna3g3b1BiTnk4QjVzazJxQTdROS05TVZtcDg5b0FEZXFNclFheHFuLS1RMG5B?oc=5&hl=en-US&gl=US&ceid=US:en,"handscomb, given, australia",en,2026-09-01 05:41:28,2026-09-01 05:41:28,2026,9,1,Tuesday,"handscomb given australia (ORG), india (GPE), australia (GPE), india (GPE)",4,"cricinfo, series cricinfo, handscomb given","['india series cricinfo', 'handscomb given australia', 'series cricinfo', 'australia a callup', 'callup with eye']"
GNews,Unknown,3 reasons why gdp growth overshot expectations and why indias resilience comes amid lingering risks  the indian express,3 reasons why gdp growth overshot expectations and why indias resilience comes amid lingering risks  the indian express,https://news.google.com/rss/articles/CBMirgFBVV95cUxNUndkVFd5MkVrN0g5RzNObU5tR1ZNMlpwOGhKQ0E3OVdTODR6WFRmbFc1RUxPTUpWOFBZbmRzUnpyc3gzVGxjQmM5QnlEQW9LbGpvZTV1VC02WHB6U3hQR05xdHRmeUx4S3RnRG4wMVg0UUF2Q25uTVFialRpMW5jRFFpT0YtUWQ1MXhTNGFPeldybEVtTDE5cUsxVUtyM2dXWDg0bm8xeXgwMDByMUHSAbQBQVVfeXFMTXZ3bklaTTZtMnk2VnJValpKTTVnbHR2czJTSV8wV2hucHd1RUVUT0tGcVM3QlpiMjBxT1FUVXFheHZQSk5zbWw3bnBmRmZNSGp0MHFRNno1amlQVHVqZi1kOUZYY1A0aDRlMlQ0Y2tQcnljR2h3bThISlMyU2pJVXRtcnp1ZGEwb0Z5WGpmSDZCaVVZVUp0eGRCeFdTMUR1aU16YXg3Y2VLckl2ZFBMWl9PVjlG?oc=5&hl=en-US&gl=US&ceid=US:en,"reasons, growth, overshot",en,2026-09-01 05:41:28,2026-09-01 05:41:28,2026,9,1,Tuesday,"3 (CARDINAL), indian (NORP), 3 (CARDINAL), indian (NORP)",4,"expectations indias, indias resilience, reasons gdp","['gdp growth overshot', 'growth overshot expectations', 'amid lingering risks', 'reasons why gdp', 'indian express']"
GNews,Unknown,indias ruling classes and the global crisis  monthly review,indias ruling classes and the global crisis  monthly review,https://news.google.com/rss/articles/CBMihgFBVV95cUxNSE5KSWZHMzNmcklGRmUwdENuX1ZuWnFsMW9VcFBQY2xGUGNsQWY5WFVxam0yaHlocDRLX2dnM3JOWlNmRFRIVWV1QWpnUEhOQWxxSXhBSm45dmY4dFUwUDNPYXFPbTVQNnA3cDhwd1drRFdSM1A0b1gzSm1kY3BEcGQyY3RhQQ?oc=5&hl=en-US&gl=US&ceid=US:en,"india, ruling, classes",en,2026-09-01 05:41:28,2026-09-01 05:41:28,2026,9,1,Tuesday,"monthly (DATE), monthly (DATE)",2,"indias ruling, global crisis, indias","['indias ruling classes', 'crisis monthly review', 'global crisis monthly', 'indias ruling', 'monthly review']"
GNews,Unknown,the indomediterranean mapping the geopolitics of the indiaitaly strategic partnership  india foundation,the indomediterranean mapping the geopolitics of the indiaitaly strategic partnership  india foundation,https://news.google.com/rss/articles/CBMi2AFBVV95cUxPbjB5XzFvcGpmMFlHZlhyZ3F2ejN3SkxTcVkyQmZaaWVaOEVoZUlOcTZfNzJQdm1EQXNRbFFlM0t6WWp0Z3Bnb0dRWlFnRzRiSkpEWi1nOE5jZ1dadGUwVF8tdnBoMFgwUXVDRXg2R25HbkxNaFdVSGNlc0czZ19YWjVPQVVVY2RHNHZOVFhENk5KY2dxVXdoYUJtVkxUOG4wd3R3dTRQU084Qnl0Ylhtb2dyMThHU3hCeTZ1RzRWZEpOQ0lTSDRXTjZiOW9FQ2w3cGRKMmFVVHc?oc=5&hl=en-US&gl=US&ceid=US:en,"india, indo, mediterranean",en,2026-09-01 05:41:28,2026-09-01 05:41:28,2026,9,1,Tuesday,"india (GPE), india (GPE)",2,"geopolitics indiaitaly, indiaitaly strategic, indomediterranean mapping","['partnership india foundation', 'indiaitaly strategic partnership', 'strategic partnership india', 'india foundation', 'indomediterranean mapping']"
GNews,Unknown,indias gdp growth at 78 in q1 slower than last quarter but quicker than last year  thehinducom,indias gdp growth at 78 in q1 slower than last quarter but quicker than last year  thehinducom,https://news.google.com/rss/articles/CBMi3gFBVV95cUxONG9mLTFvSXlYSGE5dnFTX3VMNzdhYXdoT3BKWXpYXzhNa2lUa1U2dDZPZkR2VFdrc3NMeUxZUE9Galh2NWV1c2taeWNYeUpsYTN6VFJvMHdTbG94Z2R2YWtyZERpc0hwdGluYU5BcC1Jc0drSkdVOGdUSmtVZkR4aXM2RFB6S2pKT3JOUndSTXJTc1JZOF9xQ24zeExDSjI0UVdacTVMRVY4ZFFKc2hNRi1vLUFwc2w5Zjlldnd0NnI0ZEM5ZFM3Sy1kTWNNUUhGaUlYVjJBbmJCMHFackHSAeQBQVVfeXFMTWVQYkZndVA5S1hSaXNOSW4wVTZhdHk5dGN6bjBlN1dDcElGejhyUXRzOXhzUzdQeDR3ZWxBSmRjZUEwZFBEY3NTT0d1eS1vLXloWVp6X05Ha2czYVZhS1E2R0tqQUtJRlNnLW5GZnBGS01lbXVfcVdPYW1MMzA1UTNzT09uZGY3dWl2ODVKN1JmRXhsdUpOaWZwVFphbms2Wm9LQ3d4MDNPcnJET29mM2Q4T1o0cG9iemE4MTRlVVhKNjVfNDhScWZsNmdVTWtydHA5V0R2aTRjZ2lGOWZ1RUQtZkZy?oc=5&hl=en-US&gl=US&ceid=US:en,"than, last, indias",en,2026-09-01 05:41:28,2026-09-01 05:41:28,2026,9,1,Tuesday,"78 (CARDINAL), last quarter (DATE), last year (DATE), 78 (CARDINAL), last quarter (DATE), last year (DATE)",6,"indias gdp, gdp growth, q1 slower","['indias gdp growth', 'indias gdp', 'year thehinducom', 'gdp growth', 'quarter but quicker']"
GNews,Unknown,a particular issue penguin india on impasse over sonia gandhi memoir  the times of india,a particular issue penguin india on impasse over sonia gandhi memoir  the times of india,https://news.google.com/rss/articles/CBMi0gFBVV95cUxQZmpmS0FWRE5rTkhBR2ZQWWI5cXhLbjY3ZkpHZEJ5ZmRSVmVMWUl2SHBkQUxsaVpFS05fLW5CZ045S0dyMXIzSGt5QndWVm1WQzVGVWxSTjRLVF9HZEFQTjJ2Z3U2TGV4N2I2SU4xQ05aS0hadVR4WHBia1JOYUt1Z2RhZ2o1YVlBTExVZVI4U2NBV3k0di1lNFlLeU93STlQSjNWYlpkVGpMMHJnc1pJd1RjSlE4eUZSRHdVTnhvWDF6YjBCNUp0S3NVbkxrUVU1dmfSAdcBQVVfeXFMUGkzd1NmSUV5UWp6Z19CZTBYUmtfTWQtVVB1NnMwV2k3cEdPd0pyR0s4YlRtcUV4QWRyRnpSaVNBdTgxc2FvRlRKd1paUnFQdFdoWFUxb1JiVk16SDFZMVdFb0h6LVNhUFoxbUM1ZTQwZlE1N1AxYkM0d0FJX1pGM24xbXJVeVk0WHJVRktITjM3eTJqY0pVS3BWNXR0TU1VVmYxNWdjYm43TVlKQ2xEU0hIeC1sb1YxQnZEUFp3clNKaHlBVUE4b2RvOEpRX09OdmNVZkFTQWs?oc=5&hl=en-US&gl=US&ceid=US:en,"india, particular, issue",en,2026-09-01 05:41:28,2026-09-01 05:41:28,2026,9,1,Tuesday,"india (GPE), gandhi memoir (PERSON), india (GPE), india (GPE), gandhi memoir (PERSON), india (GPE)",6,"gandhi memoir, sonia gandhi, impasse sonia","['sonia gandhi memoir', 'issue penguin india', 'issue penguin', 'impasse over sonia', 'sonia gandhi']"
GNews,Unknown,hague court orders india to uphold indus waters treaty suspends work on its hydropower project  asia news network,hague court orders india to uphold indus waters treaty suspends work on its hydropower project  asia news network,https://news.google.com/rss/articles/CBMivAFBVV95cUxPSTgteFBlTUdKQ1BfSVZyMEpvRUdBWVN1SzlJd2RnQjI5NEtlYzhtOUFuVklXSng4MDdqem55RHZuR0NTLWk5dzhObVp4amVCdC16TVRVYVJCOEdqaEZ1R0M0R0Y5bkQ1c1lxeEFORGZMNnh5TmNmeHR2a1FST3pjVW8xaG9QREVqRk1xSTRfeVhUaEdFY3ZNVXJXdnMwV1V2M2JZdFV6YnFzTUFabzAtSnM0ZG9qSVczcjZ5OA?oc=5&hl=en-US&gl=US&ceid=US:en,"hague, court, orders",en,2026-09-01 05:41:28,2026-09-01 05:41:28,2026,9,1,Tuesday,"hague court (ORG), india (GPE), india (GPE)",3,"indus waters, treaty suspends, waters treaty","['hague court orders', 'court orders india', 'uphold indus waters', 'indus waters treaty', 'waters treaty suspends']"
GNews,Unknown,india media baron subhash chandras insolvency settlement sparks feud with mukesh ambani  financial times,india media baron subhash chandras insolvency settlement sparks feud with mukesh ambani  financial times,https://news.google.com/rss/articles/CBMihAFBVV95cUxPY0FaNGd5NmphYzZUbEk4VUx4WDdOUHU2c2pRVl8yeHBEX05uRDhwUFdHbVBTNWxSdTJnNkZOTXJIN1k4U0RwVTV6Z0pGVW03S2g1a0xGSElqYnV0aFFvcFdJSXNWR0hzQ1VaUXlWcFJTbnUtMkpaa3NpZ2hSY1JQcjhtQlE?oc=5&hl=en-US&gl=US&ceid=US:en,"india, media, baron",en,2026-09-01 05:41:28,2026-09-01 05:41:28,2026,9,1,Tuesday,"india (GPE), mukesh ambani (PERSON), india (GPE), mukesh ambani (PERSON)",4,"feud mukesh, mukesh ambani, chandras insolvency","['india media baron', 'ambani financial times', 'media baron subhash', 'baron subhash chandras', 'subhash chandras insolvency']"
GNews,Unknown,no jurisdiction india rejects illegal court of arbitrations indus waters treaty award  the times of india,no jurisdiction india rejects illegal court of arbitrations indus waters treaty award  the times of india,https://news.google.com/rss/articles/CBMi5wFBVV95cUxQY1A4Y1FKNjg3QzFFckxZdmQ1Mm5NUjNMcDRYd0QtQ3NRTXl3dll3b1RUV1NFdi1mT01DbzgxcC1OV1RTSkpicnBqYXlWUHVwQWR1dnY5a1R0a0tRcTlpRHZmWklHUVlyLVFzSU40MktraG8yS3N5UVZRbDJLSGxhNlcyWTFrYWMwMlVZU1cxNlVCTzgyYW16NXZHRFBUTXBYM2poT3lxOWhjNW9DTmU5Qkp6eXpQZ2x6YzhsWWhGSkktQVRyZVcwN1BWTm1hTm0zcmNxU3prR2QybE5sdjM5UFQ5cjBQWG8?oc=5&hl=en-US&gl=US&ceid=US:en,"india, jurisdiction, rejects",en,2026-09-01 05:41:28,2026-09-01 05:41:28,2026,9,1,Tuesday,india (GPE),1,"jurisdiction india, arbitrations indus, india rejects","['rejects illegal court', 'arbitrations indus waters', 'indus waters treaty', 'waters treaty award', 'jurisdiction india rejects']"
GNews,Unknown,no jurisdiction india rejects hague courts indus waters treaty ruling  ndtv,no jurisdiction india rejects hague courts indus waters treaty ruling  ndtv,https://news.google.com/rss/articles/CBMitAFBVV95cUxOSGJEN3lxNzJDaVNCVC1MaXlhN2VpVk9nQVVLN3EzMl9lQUFkTmpKNFFsZFNvLWNLeUc5SjVYUzROZ1N4MUtVbDZIV1J2UnlsbV90b0VtTy02ZVdyc3dZME01bzhZUW9sQTB0RFIzUXRhVlpZc043aEhEM0pJU0RPRkxuak9VTms1YU50cElUYXBYYjhRd0dBNUdta2NhaHNFRUZSbEx6RGVzdEYtaHZiNmVEWGHSAbwBQVVfeXFMTmxKNk1CN0dpZGZpY0I5ck5jdy03SkJ1TzU2VWdyaEwwM19CWGM2ZXdEdEFoUm9Rb2JPd2FhbDhVTXlVb2F0cE5yS0x6R3lCenFVWEQ3dkZ1OFB6NkZhNmUzckJIbWdJajR0b1dyTnpadFRQeGJRYXZFYzd2U0dnOXgzQkw4Y3B5aVNmSmpIeEh1Q0xnNG5xX3Q4aDdXcmdlLWoydjV6aGRmdXFlcm9wWFVia2ZtUjd6VENDaHc?oc=5&hl=en-US&gl=US&ceid=US:en,"jurisdiction, india, rejects",en,2026-09-01 05:41:28,2026-09-01 05:41:28,2026,9,1,Tuesday,,0,"jurisdiction india, hague courts, rejects hague","['treaty ruling ndtv', 'jurisdiction india rejects', 'india rejects hague', 'rejects hague courts', 'hague courts indus']"
GNews,Unknown,citing lack of jurisdiction india rejects hague courts indus waters treaty ruling  thehinducom,citing lack of jurisdiction india rejects hague courts indus waters treaty ruling  thehinducom,https://news.google.com/rss/articles/CBMi1wFBVV95cUxOVkM1a05mQkRlS25sRXpoaEM3dkk4cmxLN1VFU2ZUMldfbWQ3bC05N2dncFV0T1Q0ZHFUV2QxM0lDd1Z5bTB0bmFVanVrYWMzY3VUVW92cUpLWlZTbzNFMll0QndNVklCTU5IdDlqNXN6Q2ZCazZKYXBFYlNSMERxQklFTUVqOUhlTXE5YkdIZUcteXA5aXVoMU5LUmlTV2xFU19LMWZYRldSX0dSR1FuV2ppNEQ0T1hVOHFmUElRdkdpZG9zUGVodVVBUGVNYU5fM096RFdyd9IB3gFBVV95cUxNVUg5cDRnbnJ3RGNFbEJiU0hVd1pQeFVUZ09Mdk1kZWJJVktkclI2UkVQa2d6ZnJYM0hqS1V3VW0xSVJOVjB1WDFpd3dDMU9CRXJuMVpmQmNtWm9hR2xvZEZZR00zWkVOc0gtM3B6d21aSVk0ZmQ3b1pkbWQ2cFlUZklGV3JGd0xSTlhJeFdrWmRCQWNmRzRzUW5INTZ1bnZBN2FtbUFTSlpSZXJGN2NfUkhJT2dFUTl0dTZwQkRqOGg5bkYtOUg4djdOWXpsd0FVRHlRT2t4VVJSTjJvcGc?oc=5&hl=en-US&gl=US&ceid=US:en,"citing, lack, jurisdiction",en,2026-09-01 05:41:28,2026-09-01 05:41:28,2026,9,1,Tuesday,"india (GPE), india (GPE)",2,"jurisdiction india, courts indus, indus waters","['treaty ruling thehinducom', 'jurisdiction india rejects', 'india rejects hague', 'rejects hague courts', 'hague courts indus']"
GNews,Unknown,indias modi tells russias putin that the war in ukraine must end for humanitys sake  reuters,indias modi tells russias putin that the war in ukraine must end for humanitys sake  reuters,https://news.google.com/rss/articles/CBMivgFBVV95cUxPX1JRSVpMMVp5U0JZRXJRaXk3TTBZSjZqcXNTSTN4QjFBT1RTNGwyZ0hWa216TW94TjNkdE1XZ2lMWnVNMDhsSzczaHRpeWItSDNKREdvdTRSTlBDR3NrUFI5VUJKUnd0N2RyOVdHWmwwM3lFQXNiQnBLUHJTNFFBaGZRNEZ6a2M3Ymh2OEk2VFYzalRISUJCSTM0Y0c4QjNDR2tmU291UzdQWm91V0NpUFZzU0FGYnNZS3hKUEhB?oc=5&hl=en-US&gl=US&ceid=US:en,"india, modi, tells",en,2026-09-01 05:41:28,2026-09-01 05:41:28,2026,9,1,Tuesday,"putin (PERSON), putin (PERSON), reuters (ORG)",3,"ukraine end, war ukraine, putin war","['humanitys sake reuters', 'indias modi', 'sake reuters', 'modi tells russias', 'russias putin']"
GNews,Unknown,indian pm modi implores putin to end ukraine war amid us tariff threat on russian oil  cnbc,indian pm modi implores putin to end ukraine war amid us tariff threat on russian oil  cnbc,https://news.google.com/rss/articles/CBMiggFBVV95cUxNN2xOMTZWRlBPVG9URC1jc01hN2Ytd2daYmJCS0lvYlJaOGs5U3Jwcm55ZXlBenpQcERvcUdLdERXTF95RmM2TThVXzNZSDZVWHdQdUp2UW1oMjVSRnlxZzRPenVmVmpsWnNmMFZIOV9IYUljSEVhcFJYOUZZaG5LOVlR0gGHAUFVX3lxTFBIT0hRTmZMMTQ2MnlLV2Y2UU1IYVRZZktxNl9PcVl2VURxWlRZVFQxN2s4RDRNT2JJa2F3VFJpQ08wZEhadTVzOFFPdHh5MDNwZUZQMC1mQ085X1hpZjJXSkxvVHFpM3NVWWF6blRQbkxBTTBaMGlkcVdZUEtqbXNVZFVSWnRUVQ?oc=5&hl=en-US&gl=US&ceid=US:en,"indian, modi, implores",en,2026-09-01 05:41:28,2026-09-01 05:41:28,2026,9,1,Tuesday,"indian (NORP), putin (PERSON), russian (NORP), cnbc (ORG), indian pm (PRODUCT), putin (PERSON), russian (NORP), cnbc (ORG)",8,"putin end, end ukraine, implores putin","['russian oil cnbc', 'modi implores putin', 'end ukraine war', 'ukraine war amid', 'indian pm modi']"
GNews,Unknown,sco summit 2026 live updates pm modi putin travel together to attend world nomad games in kyrgyzstan  the times of india,sco summit 2026 live updates pm modi putin travel together to attend world nomad games in kyrgyzstan  the times of india,https://news.google.com/rss/articles/CBMihwJBVV95cUxOTE5uU3gyUEQ0TG9DSzRUa2pXM2piQW1YeDlPOHNxZlItbHdGZ1BMRU5malJJMHBxd0lOSldOeER5TXMyRFJVam9lS05VWWZIZ3VYM0ppSGdiZUNYcmFOY05aTWw4cHdSRGZwWm1TaG5pSXVsa0tWN0w1LVdrR1BLRTVTVFhFdVVkMUhiVDBqWTkzSnpHeFRwdVRjcDJ6TERqUGtEWUI4ZWRMc0lnZmMwQ0ZuVkJwM3hwallFbmJnZUJvYnpEc2c1YzNZek1IbGxsVkRpcU10OUFURmpRR0JPRGxBdXVvQ2RBblBITUYxQ3prNmlMa0dmS2ZNQjRBYzA1X3hUeEE3VdIBjAJBVV95cUxQY0w4clVRZ2hvc19MRXUtU0I5RjlrUktTamtkTFZqWDd1aGt4czM4OFFPMDJwWVhFUWJ6XzdhOWFIZjh1WVd0RmkxLWFaZ1pxcnpKYWpXNVhKbGplcjlKaDRaT0FISW1CYjEtV0c2bHU2Q3hrMWVDUXVPOTFkZTNKVGgzb3NZUGhSUi1KY1UyRjRURjVyeTNYQkVQSDFTWnlOd1p5d01FajB1SElXTnlpUjZWY2RkczRnNEJucVI1bnB5eC1OeGZyeWNsdmJzb3FuY2xHOVh2eTlCY0ZYWWZtcUdhNlFWVlFCRkFEQ01RUzRZUDhXbGZPa1JBTkRCak1oTU1KcGw0ZmtpNjVH?oc=5&hl=en-US&gl=US&ceid=US:en,"summit, live, updates",en,2026-09-01 05:41:28,2026-09-01 05:41:28,2026,9,1,Tuesday,"sco (PERSON), 2026 (DATE), putin (PERSON), nomad games (PERSON), kyrgyzstan (GPE), the times of (ORG), india sco summit (ORG), 2026 (DATE), putin (PERSON), nomad games (PERSON), kyrgyzstan (GPE), the times of india (ORG)",12,"sco summit, summit 2026, modi putin","['sco summit', 'modi putin travel', 'attend world nomad', 'world nomad games', 'live updates']"
GNews,Unknown,deadly span on vulture safety in india threat of electrocution  thehinducom,deadly span on vulture safety in india threat of electrocution  thehinducom,https://news.google.com/rss/articles/CBMiwwFBVV95cUxPVHpIWGZ3SllMVUNLRG45TUJNQWVkX1lRV1pFMHlwOUV5Q3VXbnN3Q1lVenB5bkdJaDU1VHdVSHY0d1VOUE9haUYtWnlqS0RfMXV1TlVaLTZhLTh3akZyNW85c2FaUDZGUmQ3LXNYU1dQdDgtV1NoQldvSXFYN0hTLXU1ZGZ2V2pUYjdUQlJUaXZpME9NR0ZxVWhKSHdldTdxMlJJZDFXOFlWd0dqbmFESms4Z3hfenU4T19IUGJkUEZZLUXSAcoBQVVfeXFMTl96ZGZPcXVXSDRvQm1GSkFUb1JmdG0zaXJCSllYOFZmcnFBZG9aaTFZaTB2SkRQN2gyZlZIOEV3Y0hoMGJYc192aFliVVREZ3hIWUZMR2V1S2t3aW5oTlRUU3VUZjlETVFlNnJFMGFrUjRDaDZoWC1xYWtXWXJBWVo1N1FJR3dRX3dDZmJhcG1RUWZfdXdIRjlmRXM0aDJzbV96cnI2dTNyTFFrWEpjcF9NMWhQOU9FRkRIZ3B1YmVyRWhiRkdBNGo2Zw?oc=5&hl=en-US&gl=US&ceid=US:en,"deadly, span, vulture",en,2026-09-01 05:41:28,2026-09-01 05:41:28,2026,9,1,Tuesday,"india (GPE), india (GPE)",2,"vulture safety, vulture, span vulture","['deadly span', 'electrocution thehinducom', 'span on vulture', 'vulture safety', 'safety in india']"
GNews,Unknown,make in india on high seas kochi firm unveils five indigenous watercraft lines to cut imports eye global markets  thewirein,make in india on high seas kochi firm unveils five indigenous watercraft lines to cut imports eye global markets  thewirein,https://news.google.com/rss/articles/CBMihgJBVV95cUxQbjNmb19PcDJEcEFlRDdwaDhMcXRtYmltM21Rc0hXbnJvNHNyM3I5V0ttMFhCWmVWY21qbUFxd3JVSklKN0o0QWNBQmp6SjRsejZPN0JPbTE0SjB0cjFGanZXckVxYTcyWjVaYUlheXhPeEpzQlhrMlR0T19zRU5hbjV3aFh0eGVLM255QmNWSDJubTl6d0NkLUhjZVJWVTM0MGdmSE9IUVRjUWZUWDFEdVVYZ1NCTHNlZnRkLVhZRGxqTkozUV9jMjdhVzBkZjRjaFdJT3FwbjY2MEFOa19MLUNxQkhEbTR2YmlUWG81R2prNzA1MUpxbmVjeE1ZaS1NWjlHb25R0gGGAkFVX3lxTFBuM2ZvX09wMkRwQWVEN3BoOExxdG1iaW0zbVFzSFducm80c3IzcjlXS20wWEJaZVZjbWptQXF3clVKSUo3SjRBY0FCanpKNGx6Nk83Qk9tMTRKMHRyMUZqdldyRXFhNzJaNVphSWF5eE94SnNCWGsyVHRPX3NFTmFuNXdoWHR4ZUszbnlCY1ZIMm5tOXp3Q2QtSGNlUlZVMzQwZ2ZIT0hRVGNRZlRYMUR1VVhnU0JMc2VmdGQtWFlEbGpOSjNRX2MyN2FXMGRmNGNoV0lPcXBuNjYwQU5rX0wtQ3FCSERtNHZiaVRYbzVHams3MDUxSnFuZWN4TVlpLU1aOUdvblE?oc=5&hl=en-US&gl=US&ceid=US:en,"make, india, high",en,2026-09-01 05:41:28,2026-09-01 05:41:28,2026,9,1,Tuesday,"india (GPE), five (CARDINAL), india (GPE), five (CARDINAL)",4,"seas kochi, kochi firm, make india","['global markets thewirein', 'high seas kochi', 'seas kochi firm', 'kochi firm unveils', 'indigenous watercraft lines']"
GNews,Unknown,why h1n1 is hitting some indian cities harder than others this year  ndtv,why h1n1 is hitting some indian cities harder than others this year  ndtv,https://news.google.com/rss/articles/CBMipwFBVV95cUxOVVduQ3VLLVVGWHgzdVg4SlVsaHdQdlNyUWs4YjJkcDBXYjEwUjNFSTJVeldCWDI1YmlobDRCcDNDbDVqMmJRYWx5MTJrZ1dGRnNTN1RzaGNKdXNudUowVFpqeVBOcVZJWWM3TkJjQy1YVFh4bEdmLUNaTXRoX3NJNkd2cmhaSlM4R0dFS21laDJ5UG5ERzhJdDRiaVZMVzVYQjUwcml3QQ?oc=5&hl=en-US&gl=US&ceid=US:en,"hitting, some, indian",en,2026-09-01 05:41:28,2026-09-01 05:41:28,2026,9,1,Tuesday,"h1n1 (GPE), indian (NORP), this year (DATE), h1n1 (GPE), indian (NORP), this year (DATE)",6,"h1n1 hitting, indian cities, hitting indian","['indian cities harder', 'year ndtv', 'hitting some indian', 'indian cities', 'cities harder']"
GNews,Unknown,invisible markets visible harms rethinking data brokerage in india  live law,invisible markets visible harms rethinking data brokerage in india  live law,https://news.google.com/rss/articles/CBMitgFBVV95cUxOR0U5SnlFWXpKNTFIam1IMnhDQzRhdmN6dmxZelBMRGxlSWNKbFF0dElYXzN3OWNoWEtMNVB4amZodmg4RzItYnpBaUY3UGdZV1gyamRMbGdEMEQ4TWlKZ29Rck1wb3JpVlBaYlJla3BXRGE1U2M1R2YyMDBoUnlfTU5VdXZXWkVaYUJsSEp2RDdKS1VHVHY3X1FodDVoazRIUUx2RUVPdzVqWUFmblNEbl9Nak9qUdIBuwFBVV95cUxPRXcwcXY0cG9LNWtIY1lNbjRydFh2czRMZ1k4ZTJUd19GbFl6T0hJSnZPSHVYYUlrS3JVaS1wbHVBeHVZNldBSFE3MDFnSlVqaV8tTzRnNXRrTTJ2ZWZyNkd0ZTJtX1BFamZhTEx5YllPeVlYN0ZHcVZnWDFSVnd1clptLUZpU2lpQWg5T05oa2V3WGh4MF85clVQc1Y5aDJseW9mTjZCTG12TDFldXpXdEZLeUpseDlrQldF?oc=5&hl=en-US&gl=US&ceid=US:en,"invisible, markets, visible",en,2026-09-01 05:41:28,2026-09-01 05:41:28,2026,9,1,Tuesday,"india (GPE), india (GPE)",2,"invisible markets, brokerage india, markets visible","['invisible markets visible', 'india live law', 'markets visible harms', 'visible harms rethinking', 'harms rethinking data']"
GNews,Unknown,view indias gdp grows betterthanexpected at 78 in apriljune  reuters,view indias gdp grows betterthanexpected at 78 in apriljune  reutersstrong numbers pm modi hails 78 gdp growth hits out at jhooth ki goonj  the times of indiaindia leads major economies in q1 growth  ndtv,https://news.google.com/rss/articles/CBMiiwFBVV95cUxNd3pJY2JhQ3prT1M1ZnJkQ3RXa21UMHQ5N2VMV2JKbzRId0t4bkttRUY2ZmZfbmJ0UENmd21nUVBqallrN2VpQ3BEcnNHNXhWWmdaWEhLbXdBNlNfbkZWSVZKb2dVR3BoSnBrNEVKUG1QYkZGcVBIY2NSM2RTTlY5c1dXaXQtNWY0eEtF?oc=5&hl=en-US&gl=US&ceid=US:en,"view, india, grows",en,2026-09-01 05:41:28,2026-09-01 05:41:28,2026,9,1,Tuesday,"78 (CARDINAL), 78 (CARDINAL), reutersstrong (PERSON), 78 (CARDINAL), jhooth ki (PERSON)",5,"indias gdp, gdp growth, gdp grows","['indias gdp grows', 'gdp grows betterthanexpected', 'view indias gdp', 'reuters view indias', 'indiaindia leads major']"
GNews,Unknown,uniqlo muji japan inc is betting big on india as china risks deepen  bbc,uniqlo muji japan inc is betting big on india as china risks deepen  bbc,https://news.google.com/rss/articles/CBMiWkFVX3lxTFBQQW1lZm81M0hmckhEU2s5ZV81TkRScC1mYVl2OU5MWUFGVGxNbnR0SUlRcFpzeTcwSU5INW5YQkhNcXVfQWVPSjFZcVBwYzREX0x2dlg3dEJxQQ?oc=5&hl=en-US&gl=US&ceid=US:en,"uniqlo, muji, japan",en,2026-09-01 05:41:28,2026-09-01 05:41:28,2026,9,1,Tuesday,"muji japan inc (ORG), india (GPE), china (GPE), bbc (ORG), muji japan inc (ORG), india (GPE), china (GPE), bbc (ORG)",8,"japan betting, china risks, india china","['uniqlo muji japan', 'risks deepen bbc', 'china risks deepen', 'uniqlo muji', 'deepen bbc']"
GNews,Unknown,doomsayers doomed india bloomed pm modi says gdp growth exemplary  ndtv,doomsayers doomed india bloomed pm modi says gdp growth exemplary  ndtv,https://news.google.com/rss/articles/CBMivgFBVV95cUxPMDlfR3phcWR2bkV3Sm9SZUg2S01EMHBTam1QRkRfSmZURmFEN2xWOGt0c1ZjTHU5TkZjbnQ2QXBKM096c1JVZ0x5MXJ6a1pueWdBUTZsQ05rUW9qa1ZVMkFxaWZhdjRGWlF6bEtYS29kSTVSWVhNa1BDX0ZuRERaSVB6LUI1WVJkTHhkMl9GMHl6X0lvVzNYdng2NTJRWU9uRFg4Y1BEdlhwY0hDbkppWl9BbkNyanNkZ1NObUx30gHGAUFVX3lxTE1SU1VyZjRzTVc5bEZrWXJDLWwyMnFBMGlnWE84aXZYQmNIbTg5TVJVY0dLQmdtcDNFbmN0WnEzdlMxWFVNYTBEbmpITkdwcWpoRURYNWxJSzd2OHdTQkg0RkFEaUlUMmg5cXRTZ2dWM3lZOWJXZnM0NDdDbW56UnRFUzJPOGpNVGZCSXRTZHZ0VW4tYTk1NmFScWxia1dIQXNmcGxnWm95Rm1wb0UyVkluUldEcTktZUg2TVRNRzdVWm1Jckczdw?oc=5&hl=en-US&gl=US&ceid=US:en,"doomsayers, doomed, india",en,2026-09-01 05:41:28,2026-09-01 05:41:28,2026,9,1,Tuesday,"india (GPE), india (GPE)",2,"gdp growth, doomed india, says gdp","['doomsayers doomed india', 'growth exemplary ndtv', 'doomed india bloomed', 'gdp growth exemplary', 'doomsayers doomed']"
GNews,Unknown,assessing overcapacity risk in indias solar pv manufacturing market  institute for energy economics and financial analysis ieefa,assessing overcapacity risk in indias solar pv manufacturing market  institute for energy economics and financial analysis ieefa,https://news.google.com/rss/articles/CBMilwFBVV95cUxNektmOTJWcW85MC1TVlVZWlZyWG1sV0YwaHVROGtBMGdPd19VX0o5ZTFJQURmbDloS1RGT1Rrb0NOTXFFWFFoTElZTERUaDl3TXFDR0VQOVlRWTE3a0FwWUtad19EOWlxVHZEYmowdG1uWGx3WW1TcTRBLWN1dDNOdXRvTnl2aXdYQ0NUNHV0dmV1MXZmWFpv?oc=5&hl=en-US&gl=US&ceid=US:en,"assessing, overcapacity, risk",en,2026-09-01 05:41:28,2026-09-01 05:41:28,2026,9,1,Tuesday,,0,"overcapacity risk, assessing overcapacity, solar pv","['assessing overcapacity risk', 'financial analysis ieefa', 'manufacturing market institute', 'assessing overcapacity', 'analysis ieefa']"
GNews,Unknown,indias pm modi urges end to ukraine war in talks with russias putin  al jazeera,indias pm modi urges end to ukraine war in talks with russias putin  al jazeera,https://news.google.com/rss/articles/CBMiugFBVV95cUxPUm5qWHZRNGw0RFg1THJlMm92R0FZUXl6TWp4dXNESm5RQ2J3eGdXZXc1anF3S3c0RlQ3aUc3eUpTaGtoazZFX2xpRUwxZzQ2MUJiM1Boa0VtclFoV1pweEFoRGtJV0lPYjFpWWtPcEljVzJhb0M4Mk4zb2p2OTdsaExsOE5YUGtHMFlEQldlMjBzYlhzdGlLRnBfa0huZzd1d3FDWklDTjJRbUIyUXpSeTU1YmlsZW9qMWfSAb8BQVVfeXFMTXRHRWo4OXRHMU1LN0xHQ3lXczdsc0h4ai0yaFBFTXIxSFFsdVpFYmNGQjNZbjZubFB2MVZuMTM3a3lKWjFUU05FQ3RWaUVqTF9CWHQySElOMzRadnB2VXhMY3VLSktjeUlYa20wZVlaaHo4RG5FZDRvZlI5cGwxSFo2NTE4TTBtUVdsYWMtVU9HbmxraG9na1hPcnh6OGs2a001M0VzQjVMLU1oQzAwemt5eTlLRU9yMTlyNTdTbEE?oc=5&hl=en-US&gl=US&ceid=US:en,"indias, modi, urges",en,2026-09-01 05:41:28,2026-09-01 05:41:28,2026,9,1,Tuesday,"putin  al jazeera (PERSON), putin  al jazeera (PERSON)",2,"end ukraine, ukraine war, talks russias","['modi urges end', 'indias pm modi', 'putin al jazeera', 'modi urges', 'urges end']"
GNews,Unknown,watch why indias modi urged putin at sco to end ukraine war  bloombergcom,watch why indias modi urged putin at sco to end ukraine war  bloombergcom,https://news.google.com/rss/articles/CBMirgFBVV95cUxQUmxvODNDM3lVN3BNNk1jRGpCdWUwWkJHXzhtY2dHYjMyUjJmazY5Yy1GT1VCMUFvVW5Cd0hELXZ0dDhWUy1YV0tJVWlTYlp5eE8wQlBlc2RaalVQQk5fcnExTGgzeko1YmNXT1lmTjNsOFBLdlJfdkcxN3kyNFdMTG1LUkV2WHFNNjVHY3dqMUxoQWkwUnJuOWdiUDRIZ3VuMUFYbm1zY3dPemF3ZFE?oc=5&hl=en-US&gl=US&ceid=US:en,"watch, india, modi",en,2026-09-01 05:41:28,2026-09-01 05:41:28,2026,9,1,Tuesday,"putin (PERSON), putin (PERSON)",2,"putin sco, urged putin, modi urged","['ukraine war bloombergcom', 'indias modi urged', 'modi urged putin', 'end ukraine war', 'watch why indias']"
GNews,Unknown,early and substantial parsing the fine print of the indiachina border talks  thewirein,early and substantial parsing the fine print of the indiachina border talks  thewirein,https://news.google.com/rss/articles/CBMimAFBVV95cUxQejM5NjNUWkYyVW55Q1hHeWk0d0Y3RW91dGp0OExhQnZfYjdGYnh4cWhERUFPX1NTTkNuaGVmU2IzcUZXLUZiaGhDdVBZb3g3ajZtaTRibzEzSXZTdWliV2M4MVlUMUJYbXlzemJ4VlhoMlVabHI3aUI0dzJQblltMHVPOWxaVlVlTUU1VzNuYk9vVGxpd0dSQdIBngFBVV95cUxQYWd1RHhfdXVDcmtXNE1KcmNqVHluNVd2VGZUQXpoeGZ4REw3eEM1bldsUEpYbFN2M2RrSG5Qd3JtaWJzTFBPdFVRVk9EUnlnOTh2R1ktNWRkM0RxMTVJSEtNbWFxeXZ3cFFWeUd0bDBVamtZN2IyODI2R3ZXUEt3SFhrV29wdzZHVGNPcFNMbUMtbEdGcXlveGI0Wmo0Zw?oc=5&hl=en-US&gl=US&ceid=US:en,"early, substantial, parsing",en,2026-09-01 05:41:28,2026-09-01 05:41:28,2026,9,1,Tuesday,,0,"indiachina border, border talks, indiachina","['border talks thewirein', 'indiachina border talks', 'early and substantial', 'talks thewirein', 'substantial parsing']"
GNews,Unknown,india central bank likely steps in before market open to lift rupee  traders  reuters,india central bank likely steps in before market open to lift rupee  traders  reuters,https://news.google.com/rss/articles/CBMiuAFBVV95cUxNNTdaenhmM2drRVNXbTQ1bXlGa0o1N1cyTkFFX09lQ2NFX2FQYXZIazdiRkNpSjliVFlZWURWMW9MOFd4Y0NxdUdnSmp1dm1HRkJPRkQ1UDlnc2hraHA4LWJtcE5tLS1YQzQzSFpqejZ0TVlfTUp4WFlmcGtOV2lsdktBYW1fVG5QMUJ0VW82d3d0NUdoRW93TUxLY0tHeTh6ZEdZeHI2NUw2dzlsUUVQSXluN0habjVJ?oc=5&hl=en-US&gl=US&ceid=US:en,"india, central, bank",en,2026-09-01 05:41:28,2026-09-01 05:41:28,2026,9,1,Tuesday,"india central bank (ORG), reuters india central bank (ORG), reuters (ORG)",3,"rupee traders, traders reuters, lift rupee","['india central bank', 'rupee traders reuters', 'lift rupee traders', 'india central', 'traders reuters']"
GNews,Unknown,state of exception on india the un cerd report  thehinducom,state of exception on india the un cerd report  thehinducom,https://news.google.com/rss/articles/CBMirgFBVV95cUxNaUdTbGhHZE93THFBYlRoTlFicm1hZmZXZWh6TVRLYkZzTmFpb3A1X253OFZSSDExcUVEeGNnblBTdVVqZUxmVk5MZUJNdlRrbTg0U3RRaXlnQU1XcF9XQ1RPaWNJNzZWc1g1Y0NaeVVsR3lTZlpQbi1TWjBkaGU5QTE4TWNENXF1Z25jOG11M19DeVpyY0U3Xy1sYTdfZDloc3JNeWg1Zk5YT0xDTEHSAbQBQVVfeXFMUDVzNXVSMWQ1T0ljd09hR05yR3pnazNFMVdnTnFIMFV5MUxEMzhMTjVESWlpRXV3YWx4WUoyZkdsYzI2T1ZVUnMwUzF5aUE1NEJrbWtHd0JBdVR1MThTR09HTGM1QkRjWXBoajhEZ1N2YnRwNGVlTjVXdzNBTlBiRTBVeDBydW1IUHpwWHRCaW5iRVJRbXdhU19NVzBuczMtVjExOE1yS1FOaks3eWxLWnpid21Y?oc=5&hl=en-US&gl=US&ceid=US:en,"state, exception, india",en,2026-09-01 05:41:28,2026-09-01 05:41:28,2026,9,1,Tuesday,"india (GPE), un (ORG), india (GPE), un (ORG)",4,"exception india, report thehinducom, india cerd","['cerd report thehinducom', 'state of exception', 'report thehinducom', 'exception on india', 'cerd report']"
GNews,Unknown,firecracker factory blast in india kills 8 children  al jazeera,firecracker factory blast in india kills 8 children  al jazeera,https://news.google.com/rss/articles/CBMilwFBVV95cUxQSUJrYXB1UzZrdksyR0RVSEJmTUtjbUVtVnNsUS1vLU5oX3VrLVQ3bGZVWkU0cDd6Rm15cU00SUNGNFF3SXVORExqekEzV3FRUF8zdmhUbWRrWlg5Y1dfQlI1N21sT3EzYlVTb2VXUGtxS0wyVGJrUGRNS2dxRWpNNUh1S19peV9vaWE3dmpBOVpvNC1UaDB30gGcAUFVX3lxTE9qbDhBdm96RHJRZmhQUkl3Wm5Ra3dNWjJ1RXIzNlI5ZlZXN1hrbkp6NGc2bkF6Ml9CWW5rTEJnUkVHSDdkeXlZcms5ZmZRQ2RVOVdSbng2OVlNYmxNMnhLQzFBX19jOUg0Nk4yQmVXazVBVFB6U0ZWNVo1WUdka0Z2azJyd0Q0eFlGaEJLaTJBUGJnNkx6OVFjaUdldQ?oc=5&hl=en-US&gl=US&ceid=US:en,"firecracker, factory, blast",en,2026-09-01 05:41:28,2026-09-01 05:41:28,2026,9,1,Tuesday,"india (GPE), 8 (CARDINAL), al jazeera (ORG), india (GPE), 8 (CARDINAL), al jazeera (ORG)",6,"blast india, firecracker factory, al jazeera","['firecracker factory blast', 'children al jazeera', 'firecracker factory', 'india kills', 'factory blast']"
GNews,Unknown,the view from india newsletter israels strategic predicaments  thehinducom,the view from india newsletter israels strategic predicaments  thehinducom,https://news.google.com/rss/articles/CBMitAFBVV95cUxQMVptbEs4Z2NPY0E4NnM0Wm04TE1iOTlhQ2dHQ2ZuNFJnNGtwbmNabEZ5SDFhMGVPTDYydktDT1pkLVR0UTV0QWZSZGs1RFVhRE4wNUw5MGgwYVEzb2JiOFhfQmZCN1dqSnpSZjl0Y2syRE9DdzRjQ2czTkpzVHdYRjh6T1R1S0xIV3d5OURINXJ6ZW1hbXgzdU44S0ExekNoODJmcmJhTVF2UFJEYjRqQ25RaUfSAbsBQVVfeXFMTkVreVM2d29KRVhGX2hSdFBkUkJPd3dab3pMRkNWXzFaN1FtNjNNODlsVk9mRzBuOHV5RjFqbS1JanVzYjdXcXFRV2lyVzZGbldyWkVvVWVIalBzYXIycnFsOTR0WEJRZkhDaUZodHFQeFp6OXJFU0NoVEtYYXNoRGFaLUt0Smt4SWZzQXFGVFRSdmxPN2VVeTRCX1p3S0pWNDk1UkUyRGU3RGVMSGR4eHpudHhIbkhCSk9CNA?oc=5&hl=en-US&gl=US&ceid=US:en,"view, india, newsletter",en,2026-09-01 05:41:28,2026-09-01 05:41:28,2026,9,1,Tuesday,"india (GPE), india (GPE)",2,"israels strategic, newsletter israels, predicaments thehinducom","['strategic predicaments thehinducom', 'india newsletter israels', 'newsletter israels strategic', 'israels strategic predicaments', 'predicaments thehinducom']"
GNews,Unknown,this is the cheapest country to visit from india in october  cond nast traveller india,this is the cheapest country to visit from india in october  cond nast traveller india,https://news.google.com/rss/articles/CBMimAFBVV95cUxNN1R2WE0wQm5fU3VDenJLazQ2aHg2RDZhV3BIZnhaX3V4OFpaWFhIOVlVTkJkQ041am1wSi1GYVhoNGw4cTJGYklVZHhreHJRV09aWTZxRnJZVDFiUU9zazB6QWdtdWw0VkJkME1LOUp5TjdydEJHdlRTc3V3bTd5czZUZVRoSWRWRW9MQ0Ntd1BRVTZpOFRqWQ?oc=5&hl=en-US&gl=US&ceid=US:en,"india, cheapest, country",en,2026-09-01 05:41:28,2026-09-01 05:41:28,2026,9,1,Tuesday,"india (GPE), october (DATE), cond nast (ORG), india (GPE), india (GPE), october (DATE), cond nast (ORG), india (GPE)",8,"visit india, traveller india, cheapest country","['october cond nast', 'cond nast traveller', 'nast traveller india', 'cheapest country', 'country to visit']"
GNews,Unknown,oracle layoffs microsoft pips workforce restructuring hits indias tech sector  the new indian express,oracle layoffs microsoft pips workforce restructuring hits indias tech sector  the new indian express,https://news.google.com/rss/articles/CBMiywFBVV95cUxNelpkeFFBZVo4b2ZsMGlSNTZFYWdaXy11cmJtN2czTnI1WnBHNlJ0SGZFa2FrRWV6bldYblU3eHJwVG1lcTh0T0NoOXc3UTRoZTBPeU1Xbk5qbjdWenkxVF9PVkxSek9RWjd6cXZQeTA4TzkzU09aVWRGZThCTzRCU1JLenRmUUVQRTZHaGlZaWVIam4yTUdBVVRjSTBlS1VvYzR2eFI5OGlwY3RtWW5UdXVNMEN4T3RZSVN3UFRTMHVwTzNwalZqdXRRVdIB2AFBVV95cUxQVExsRlk2clB0cElhaWVKMTc3UXlpNDFlM00wM3FRSkpHM2lEMGR2R000ZlpWN3pJbXZVQkJQWUgyZXdCS3l2OENVZmdqTnFhNG1icTBRMVdaVGROS3lySDY5U1Zpc1J0U2xXaEpfMGNvWGNEalE1UTA0dFRsTkNMVkF4Zm1LWmR0SC1qZkQyUW0xRDNtS1NReV9FSUo0dXF0UHo1ZHBmVWsxQmhMMF9FVVN4QkFKWkwtdFgwTllpRUo0cVFaREZudG4xdVRnOU9ZemVvdTJERFI?oc=5&hl=en-US&gl=US&ceid=US:en,"oracle, layoffs, microsoft",en,2026-09-01 05:41:28,2026-09-01 05:41:28,2026,9,1,Tuesday,"oracle layoffs microsoft pips (ORG), indian (NORP), microsoft (ORG), indian (NORP)",4,"oracle layoffs, layoffs microsoft, pips workforce","['oracle layoffs microsoft', 'layoffs microsoft pips', 'microsoft pips workforce', 'pips workforce restructuring', 'workforce restructuring hits']"
GNews,Unknown,india achieved 78 growth despite wars instability pm modi  dd india,india achieved 78 growth despite wars instability pm modi  dd india,https://news.google.com/rss/articles/CBMikwFBVV95cUxPVndBVXgyWmFCQl82UVg0VXhxdkxJNXE2MGdHQTVWWTVfVHBPRzdKZnJUNC1RSGpENlJVY3o5aFpZcVozMkZaeDQ2M1NUVXlMazVQckVVN0JMTy1qMUpTcXBWWERuckloU1owSnUyWHptRmUzOEpGNXBaTTZERFRNZkVxdjR0TWs3YWJWY21HQjd6dTg?oc=5&hl=en-US&gl=US&ceid=US:en,"india, achieved, growth",en,2026-09-01 05:41:28,2026-09-01 05:41:28,2026,9,1,Tuesday,"india (GPE), 78 (CARDINAL), india (GPE), india (GPE), 78 (CARDINAL), india (GPE)",6,"india achieved, 78 growth, dd india","['growth despite wars', 'india achieved', 'wars instability', 'instability pm modi', 'achieved']"
GNews,Unknown,india takes part in 2day g20 fmcbg meeting in asheville us today  news on air,india takes part in 2day g20 fmcbg meeting in asheville us today  news on air,https://news.google.com/rss/articles/CBMilgFBVV95cUxNUUdYWGJwaTNFTkZkQnNrbzFQeEFIdjVHVlVzcGkydzl3cW9NaVMzUGt6UWRIZkNGcWRJWVhLeXg1dDg0cDJoU3VNZXpWSE5pZk5pWl9Da2szcWt0dGhiSXAtTnItRUZEejQ2aWcxZV9mYkhUM2tLOTlDME1lUUt4R0JwUkZlSVR1aWhGNlNHOUU0bFdVX2c?oc=5&hl=en-US&gl=US&ceid=US:en,"india, takes, part",en,2026-09-01 05:41:28,2026-09-01 05:41:28,2026,9,1,Tuesday,"india (GPE), 2day (DATE), asheville us (FAC), today (DATE), 2day (DATE), asheville us (FAC), today (DATE)",7,"fmcbg meeting, g20 fmcbg, fmcbg","['india takes part', 'fmcbg meeting', 'meeting in asheville', 'asheville us today', 'india']"
GNews,Unknown,in touch with stakeholders over chabahar port india amid usiran tensions  ndtv,in touch with stakeholders over chabahar port india amid usiran tensions  ndtv,https://news.google.com/rss/articles/CBMitAFBVV95cUxQSGtic1NSVUhZN1JrZDczWHNFUzk0bTl4WXBPcUFxeHVMRWFvVF9mU2djM2luNUM3QmpuT2pWaVVzNkRLWlJrd3pFQVRiNzJfXzRJdTNiX1RjRzF6TlBhTWdJeFJCT1NuaXZIQkp3S2JxTVdpaTlBbjg1QXhERk00blVVVGlFa0pmVGFJdWdSYnFHX1QyMmwxZ2pzRTBGdTQ3NHA4bTdDMFBrYXZwZTBWR25YaHrSAbwBQVVfeXFMTldhUjYtUWNTaF8yY0hsMWdOWVB1NFBMVTNMTlk3b2poQkRVMGU5S3N0UXA4LUJPUGhjXzV5ZUtLa1RxbERBUGptUnhBUlMzcVI4M0hGWW8wUXJCcUxqeU9YS09hZzV0MEtyQ0dvdjk1YVM3dl9aQk83MXRxaEx5Nm1jOVZxa240VlFESW5KLUhqVy1IT3BGdmJDb3UyeElxdlVTcmhHMGNPYlpqMWRuWG1xa0h3YWNnVVl2aG4?oc=5&hl=en-US&gl=US&ceid=US:en,"touch, stakeholders, over",en,2026-09-01 05:41:28,2026-09-01 05:41:28,2026,9,1,Tuesday,"india (GPE), india (GPE)",2,"stakeholders chabahar, chabahar port, port india","['usiran tensions ndtv', 'chabahar port india', 'port india amid', 'india amid usiran', 'amid usiran tensions']"
GNews,Unknown,world must move from endless war to end of war pm modi to putin  thehinducom,world must move from endless war to end of war pm modi to putin  thehinducom,https://news.google.com/rss/articles/CBMirwFBVV95cUxQVlZuU0R4VHM3MHdJWXRGR25OT3ZBRVNQdjVqOU9maTFnMUUxRGIwbmRKdkVYZ2dUdmtQbDJxQTF2SFJLWTBzUmE5UEJoNEgyVFpIX2p4cnZfLVRidWJ6bGdSaXBjLVRYd25vUFlwZGpKUXl4R0NuREFyQXJmT0NmR1M1RXhNSl90aVBxalczZlFxT1ljMmtkMzdUNzRuRUp5eFV1OE9ZNndaeDhzRWc00gG2AUFVX3lxTFBiMF9ZakJIeEZGMlJGd1J5VmlBUzUwaUVLWk1HRDlRX0tTZjMyTUlOSFZoVjh1SWlZOXZlMzVYWklBcmVOblUtTU1LVEVuaW4tSWxsb0lEc0ptd2dqVFFJQVRvZUhPSGVEWWZjSnJNdUE4MG54RDR4N213czUxYS14djJfQUtpMDVxX1pUTEZqNFNMZkpodlRjWlYxQlNsQ2s2RUJXanpzNFItd1YzYW41TnppVnln?oc=5&hl=en-US&gl=US&ceid=US:en,"world, must, move",en,2026-09-01 05:41:28,2026-09-01 05:41:28,2026,9,1,Tuesday,"putin (PERSON), putin (PERSON)",2,"putin thehinducom, modi putin, end war","['world must move', 'putin thehinducom', 'move from endless', 'modi to putin', 'endless war']"
GNews,Unknown,indias growth beat suggests economy on cusp of investment boom  bloombergcom,indias growth beat suggests economy on cusp of investment boom  bloombergcom,https://news.google.com/rss/articles/CBMitAFBVV95cUxQOGJLYVRFN2w1M3ZPVTA2Q1NoSkROZWQ3WV9nbGpQdjNwczhUeF91Y0tZMGp1eHpPTlUyZF9mWlBXWlJZbEZKOXpkNGlLd0RhaFdGOEZSN1Q1UlVuY3hMSEN3eEU4MFBnS1cwNXZGbzdWM3NoRnhCaEVfbGdXbkJQOEhlS0ItVXNnR2ZsOTNxNERMQzk4clFBaWFlWHZHbFI0a1FMRDduMlZGcGVIbzJOR1U2QXE?oc=5&hl=en-US&gl=US&ceid=US:en,"indias, growth, beat",en,2026-09-01 05:41:28,2026-09-01 05:41:28,2026,9,1,Tuesday,,0,"indias growth, investment boom, boom bloombergcom","['indias growth beat', 'investment boom bloombergcom', 'growth beat suggests', 'beat suggests economy', 'indias growth']"
GNews,Unknown,51 of 227 indians recruited in russian army are dead centre  ndtv,51 of 227 indians recruited in russian army are dead centre  ndtv,https://news.google.com/rss/articles/CBMiogFBVV95cUxPZko1aGpCMXprZzFmZUdMYm0yb3FMM2JqbTNBZE1YUnRhUGZWZGRoQ1RkLWtsaHBhWFlWUE85RkJiMDgxYnVHc1UyOWxsVEs4NUpRXzgxNkw5NWZrWkh6bU8wXzlsaU9YcW5fd3dRUEp3cE51VWdFeXlZVFZJT1FrajlzQ0t4enBfQVNEQnhEb0Rta2ZDOGF2M0lUM2dtdlptcnfSAaoBQVVfeXFMTl9FUERBTnRzWFNWN2I2VHJxUm9xZEZBN1lYakoyME5uV0s5amtXOTVXZGZvaVZoaDF3bnJvcDlnb21lLVFFVC16S19GQW1pOXFveUlmX09tak8xTlhTQUl2LUkxRnZZY2szTG5pZnVfWkt3OVpzVUp1X3E5WXZYeUU1Z2FVUE5CcmJldHJRZndEZWUwTlJzcHVocjBXeWQ0TWdCY0REVWY3Mmc?oc=5&hl=en-US&gl=US&ceid=US:en,"indians, recruited, russian",en,2026-09-01 05:41:28,2026-09-01 05:41:28,2026,9,1,Tuesday,"51 (CARDINAL), 227 (CARDINAL), indians (NORP), russian (NORP), 51 (CARDINAL), 227 (CARDINAL), indians (NORP), russian (NORP)",8,"recruited russian, indians recruited, russian army","['dead centre ndtv', 'indians recruited', 'centre ndtv', 'recruited in russian', 'russian army']"
India Today,Unknown,iphone 16 plus gets rs 14000 discount on flipkart details here,iphone  plus gets rs  discount on flipkart details here,https://www.indiatoday.in/visualstories/technology/iphone-16-plus-gets-rs-14000-discount-on-flipkart-details-here-285198-31-08-2026?utm_source=rss,"iphone, plus, gets",en,2026-09-01 05:35:02,2026-09-01 05:41:21,2026,9,1,Tuesday,"16 (CARDINAL), 14000 (CARDINAL)",2,"discount flipkart, iphone 16, 14000 discount","['flipkart details', 'discount on flipkart', 'flipkart', 'details', 'details here iphone']"
India Today,Unknown,iphone air now available under rs 90000 and you should not miss it,iphone air now available under rs  and you should not miss it,https://www.indiatoday.in/visualstories/technology/iphone-air-now-available-under-rs-90000-and-you-should-not-miss-it-285199-31-08-2026?utm_source=rss,"iphone, available, under",en,2026-09-01 05:35:02,2026-09-01 05:41:21,2026,9,1,Tuesday,,0,"iphone air, miss iphone, air available","['iphone air', 'air', 'miss', 'miss it iphone', 'iphone']"
India Today,Unknown,samsung galaxy s26 is available at cheaper price know the deal,samsung galaxy s is available at cheaper price know the deal,https://www.indiatoday.in/visualstories/technology/samsung-galaxy-s26-is-available-at-cheaper-price-know-the-deal-285200-31-08-2026?utm_source=rss,"samsung, galaxy, available",en,2026-09-01 05:35:02,2026-09-01 05:41:21,2026,9,1,Tuesday,samsung (ORG),1,"galaxy s26, deal samsung, samsung galaxy","['cheaper price', 'deal samsung galaxy', 'samsung galaxy', 'deal samsung', 'cheaper']"
India Today,Unknown,iphone 17 available under rs 54000 on flipkart for limited time,iphone  available under rs  on flipkart for limited time,https://www.indiatoday.in/visualstories/technology/iphone-17-available-under-rs-54000-on-flipkart-for-limited-time-285196-31-08-2026?utm_source=rss,"iphone, available, under",en,2026-09-01 05:35:02,2026-09-01 05:41:21,2026,9,1,Tuesday,17 (CARDINAL),1,"iphone 17, iphone available, iphone","['limited time iphone', 'flipkart for limited', 'limited time', 'time iphone', 'flipkart']"
India Today,Unknown,indian students heading to canada must show more funds from september 1,indian students heading to canada must show more funds from september,https://www.indiatoday.in/education-today/study-abroad/story/canada-study-permit-funds-indian-students-increase-september-1-2026-2984266-2026-09-01?utm_source=rss,"indian, students, heading",en,2026-09-01 05:29:23,2026-09-01 05:41:20,2026,9,1,Tuesday,"indian (NORP), canada (GPE), september 1 (DATE), indian (NORP), canada (GPE), september (DATE)",6,"canada funds, indian students, funds september","['indian students heading', 'indian students', 'funds from september', 'students heading', 'heading to canada']"
India Today,Unknown,samay rainas lawyer on why they are keeping a close watch on indias got latent 2,samay rainas lawyer on why they are keeping a close watch on indias got latent,https://www.indiatoday.in/entertainment/ott/story/samay-raina-indias-got-latent-2-controversy-lawyer-review-creativity-2984250-2026-09-01?utm_source=rss,"samay, lawyer, keeping",en,2026-09-01 05:14:40,2026-09-01 05:41:20,2026,9,1,Tuesday,2 (CARDINAL),1,"samay rainas, watch indias, latent samay","['samay rainas lawyer', 'samay rainas', 'indias got latent', 'rainas lawyer', 'keeping a close']"
Hindustan Times,Unknown,sc awaits guvs call on mp ministers prosecution for op sindoor remarks against colonel,the sits investigation is complete but filing the report depends on the sanction which has been pending since august 2025,https://www.hindustantimes.com/india-news/supreme-court-awaits-governor-call-on-madhya-pradesh-minister-prosecution-kunwar-vijay-operation-sindoor-colonel-sofiya-101788233927345.html,"awaits, call, ministers",en,2026-09-01 05:14:34,2026-09-01 05:41:20,2026,9,1,Tuesday,august 2025 (DATE),1,"ministers prosecution, sanction pending, guvs mp","['awaits guvs call', 'pending since august', 'awaits guvs', 'guvs call', 'ministers prosecution']"
India Today,Unknown,nepal floods 11000 rescued as toll hits 939 and 4000 remain missing,nepal floods  rescued as toll hits  and  remain missing,https://www.indiatoday.in/world/story/nepal-floods-rescue-11000-saved-939-dead-4000-missing-ptag-2984259-2026-09-01?utm_source=rss,"nepal, floods, rescued",en,2026-09-01 05:12:27,2026-09-01 05:41:20,2026,9,1,Tuesday,"11000 (CARDINAL), 939 (CARDINAL), 4000 (CARDINAL)",3,"nepal floods, missing nepal, floods 11000","['remain missing nepal', 'missing nepal floods', 'nepal floods rescued', 'rescued as toll', 'toll hits']"
India Today,Unknown,sbi took rs 1 lakh crore haircut in 300 nclt cases over nine years,sbi took rs  lakh crore haircut in  nclt cases over nine years,https://www.indiatoday.in/business/story/sbi-nclt-haircut-rs-1-lakh-crore-309-cases-rti-report-money-borrowed-written-off-2984247-2026-09-01?utm_source=rss,"took, lakh, crore",en,2026-09-01 05:12:26,2026-09-01 05:41:20,2026,9,1,Tuesday,"1 (CARDINAL), 300 (CARDINAL), nine years (DATE), nine years (DATE)",4,"crore haircut, years sbi, sbi took","['lakh crore haircut', 'crore haircut', 'lakh crore', 'nclt cases', 'years sbi']"
Times of India,SHIVANGHI PAYAL,rupee gains 26 paise as 78 gdp growth offsets global market jitters,on tuesday the indian rupee showcased its strength appreciating against the us dollar this upward shift is attributed to vigorous domestic economic growth alongside strong portfolio inflows notably the rupee found temporary support from mscirelated investments overcoming the initial sluggishness in domestic stocks and foreign institutional selling this performance reflects indias robust economic resilience in the face of global uncertainties,https://timesofindia.indiatimes.com/business/india-business/rupee-jumps-26-paise-against-us-dollar-after-strong-gdp-numbers/articleshow/133668922.cms,"rupee, growth, global",en,2026-09-01 05:04:31,2026-09-01 05:41:20,2026,9,1,Tuesday,"26 (CARDINAL), 78 (CARDINAL), tuesday (DATE), indian (NORP), us (GPE)",5,"rupee gains, notably rupee, rupee showcased","['gdp growth offsets', 'alongside strong portfolio', 'strong portfolio inflows', 'portfolio inflows notably', 'found temporary support']"
Times of India,TNN,ghaziabad man ploughs car into 3 at petrol pump after being asked to park properly,a speeding car injured three people at a ghaziabad petrol pump on sunday night the driver allegedly rammed into workers and customers after an argument over parking one victim was thrown nearly five feet into the air by the severe impact the accused driver identified as deepu was arrested by police on monday two diesel dispensing machines at the petrol pump also sustained damage,https://timesofindia.indiatimes.com/city/ghaziabad/video-ghaziabad-man-ploughs-car-into-3-at-petrol-pump-after-being-asked-to-park-properly/articleshow/133668899.cms,"into, petrol, pump",en,2026-09-01 05:02:50,2026-09-01 05:41:20,2026,9,1,Tuesday,"3 (CARDINAL), three (CARDINAL), sunday night (TIME), one (CARDINAL), nearly five feet (QUANTITY), monday (DATE), two (CARDINAL)",7,"ploughs car, rammed workers, petrol pump","['diesel dispensing machines', 'ghaziabad petrol pump', 'ghaziabad man ploughs', 'man ploughs car', 'speeding car injured']"
Times of India,TOI SCIENCE DESK,man bought 51000 acres of degraded florida land and turned it into restoration,advocating for biodiversity eo wilson suggests that dedicating half of earth to nature is crucial for preventing a sixth mass extinction in conjunction mc davis has embarked on an ambitious project to restore the longleaf pine ecosystem in the southeastern us investing extensively in native species reintroduction and tree planting his nokuse plantation represents a major step toward preserving essential habitats for countless species,https://timesofindia.indiatimes.com/science/a-man-bought-51000-acres-of-degraded-land-in-florida-decades-later-it-became-the-largest-private-restoration-project-east-of-the-mississippi/articleshow/133645561.cms,"species, bought, acres",en,2026-09-01 04:55:17,2026-09-01 05:41:20,2026,9,1,Tuesday,"51000 acres (QUANTITY), florida (GPE), eo wilson (PERSON), half (CARDINAL), sixth (ORDINAL), davis (PERSON)",6,"pine ecosystem, degraded florida, mass extinction","['degraded florida land', 'sixth mass extinction', 'longleaf pine ecosystem', 'nokuse plantation represents', 'preserving essential habitats']"
Times of India,TOI SCIENCE DESK,brazils humpback whales rebound from 2000 to nearly 35000 in two decades,brazils humpback whale population has recovered from about 2000 to nearly 35000 after commercial whaling pushed the species close to extinction protection measures and a global whaling ban helped the whales return to brazils waters scientists are now studying their migration family links and behaviour while tracking threats from fishing nets ships and warming seas,https://timesofindia.indiatimes.com/science/once-hunted-to-near-extinction-brazils-humpback-whales-make-a-stunning-comeback-population-surges-from-just-2000-to-nearly-35000-in-two-decades/articleshow/133644223.cms,"humpback, whales, nearly",en,2026-09-01 04:55:12,2026-09-01 05:41:20,2026,9,1,Tuesday,"2000 (DATE), nearly 35000 (CARDINAL), two decades (DATE), about 2000 (CARDINAL), nearly 35000 (CARDINAL)",5,"whale population, whales rebound, whales return","['decades brazils humpback', 'humpback whales rebound', 'humpback whale population', 'extinction protection measures', 'migration family links']"
Hindustan Times,Unknown,sonam wangchuk explains why he softened dharmendra pradhan resignation demand,by 22 i didnt see resignation as the first priority sonam wangchuk said adding that he was also considering the damage the continued demand was causing,https://www.hindustantimes.com/india-news/sonam-wangchuk-explains-why-he-softened-dharmendra-pradhan-resignation-demand-101788234480116.html,"sonam, wangchuk, resignation",en,2026-09-01 04:53:39,2026-09-01 05:41:20,2026,9,1,Tuesday,"sonam (NORP), dharmendra pradhan (PERSON), 22 (CARDINAL), first (ORDINAL), sonam (NORP)",5,"pradhan resignation, softened dharmendra, dharmendra pradhan","['softened dharmendra pradhan', 'sonam wangchuk explains', 'priority sonam wangchuk', 'dharmendra pradhan resignation', 'pradhan resignation demand']"
India Today,Unknown,who is purnima tiwari the actor who plays rambeti in hanuman ansh,who is purnima tiwari the actor who plays rambeti in hanuman ansh,https://www.indiatoday.in/movies/bollywood/story/purnima-tiwari-hanuman-ansh-actor-ram-beti-transformation-2984232-2026-09-01?utm_source=rss,"purnima, tiwari, actor",en,2026-09-01 04:49:16,2026-09-01 05:41:21,2026,9,1,Tuesday,"purnima tiwari (PERSON), purnima tiwari (PERSON)",2,"tiwari actor, rambeti hanuman, purnima tiwari","['hanuman ansh', 'purnima tiwari', 'tiwari the actor', 'actor who plays', 'plays rambeti']"
Hindustan Times,Unknown,palwal 6 killed after van carrying pilgrims collides with truck on kmp eway,a senior police officer said that the impact of the collision was so intense that the bolero was wrecked and several of the pilgrims were trapped inside it,https://www.hindustantimes.com/india-news/6-killed-after-van-carrying-pilgrims-collides-with-parked-truck-on-kmp-eway-in-palwal-101788237902336.html,"pilgrims, palwal, killed",en,2026-09-01 04:45:01,2026-09-01 05:41:20,2026,9,1,Tuesday,"6 (CARDINAL), van (PERSON), kmp (ORG)",3,"palwal killed, palwal, wrecked pilgrims","['senior police officer', 'van carrying pilgrims', 'carrying pilgrims collides', 'killed after van', 'van carrying']"
Times of India,DHANANJAY MAHAPATRA,cjps proposed march on sep 5 an attempt to create lawlessness before brics pil in sc,the supreme court has refused to issue interim orders regarding requests to postpone a planned march as petitioners expressed concerns over potential disorder during the upcoming brics summit the court underscored that law enforcement must maintain order and adhere to the law notices were sent to the centre with the case scheduled for a hearing on september tenth urging both protesters and law enforcement to comply with legal standards,https://timesofindia.indiatimes.com/india/cjps-proposed-march-on-sep-5-an-attempt-to-create-lawlessness-before-brics-pil-in-sc/articleshow/133668483.cms,"march, brics, court",en,2026-09-01 04:42:47,2026-09-01 05:41:20,2026,9,1,Tuesday,"the supreme court (ORG), september tenth (DATE)",2,"planned march, proposed march, cjps proposed","['cjps proposed march', 'petitioners expressed concerns', 'september tenth urging', 'issue interim orders', 'upcoming brics summit']"
Hindustan Times,Unknown,quad energy ministers to meet on g20 sidelines,the quad grouping consisting of india japan australia and united states announced plans to convene the fuel security forum at the g20 summit,https://www.hindustantimes.com/india-news/quad-energy-ministers-to-meet-on-g20-sidelines-101788231171597.html,"quad, energy, ministers",en,2026-09-01 04:41:29,2026-09-01 05:41:20,2026,9,1,Tuesday,"india (GPE), japan (GPE), australia (GPE), united states (GPE)",4,"meet g20, g20 summit, energy ministers","['india japan australia', 'united states announced', 'states announced plans', 'fuel security forum', 'quad energy ministers']"
Times of India,SHREEDHAR RATHI,mumbai gets costlier from today cng milk autotaxi fares all rise together,mumbai residents face increased costs for cng and piped cooking gas autorickshaw and taxi fares also rose significantly from september first buffalo milk prices have gone up by nine rupees per litre these multiple hikes affect daily expenses for millions of people rising input costs and transportation expenses drive these price adjustments,https://timesofindia.indiatimes.com/city/mumbai/mumbai-gets-costlier-from-today-cng-milk-auto-taxi-fares-all-rise-together/articleshow/133668295.cms,"mumbai, milk, taxi",en,2026-09-01 04:37:59,2026-09-01 05:41:20,2026,9,1,Tuesday,"mumbai (GPE), today (DATE), september first (DATE), nine (CARDINAL), daily (DATE), millions (CARDINAL)",6,"milk prices, milk autotaxi, increased costs","['residents face increased', 'piped cooking gas', 'cooking gas autorickshaw', 'multiple hikes affect', 'hikes affect daily']"
Times of India,LAIRENLAKPAM WARLI,chenab river water level rises in jampks reasi as salal dam opens 4 gates,the chenab rivers water level rose in reasi district on tuesday authorities opened four gates of the salal dam to manage increased reservoir inflow this action followed continuous rainfall in the upper catchment areas of the region water is now being released downstream in a controlled and regulated manner officials are closely monitoring the reservoirs water level and inflow conditions,https://timesofindia.indiatimes.com/city/jammu/chenab-river-water-level-rises-in-jks-reasi-as-salal-dam-opens-4-gates/articleshow/133668193.cms,"water, level, chenab",en,2026-09-01 04:31:08,2026-09-01 05:41:20,2026,9,1,Tuesday,"4 (CARDINAL), tuesday (DATE), four (CARDINAL)",3,"chenab river, chenab rivers, salal dam","['salal dam opens', 'chenab river water', 'chenab rivers water', 'river water level', 'rivers water level']"
India Today,Unknown,can a roller coaster ride cause brain haemorrhage neurologist explains the risk,can a roller coaster ride cause brain haemorrhage neurologist explains the risk,https://www.indiatoday.in/health/story/can-a-roller-coaster-ride-cause-brain-haemorrhage-neurologist-explains-the-risk-2984221-2026-09-01?utm_source=rss,"roller, coaster, ride",en,2026-09-01 04:28:11,2026-09-01 05:41:21,2026,9,1,Tuesday,,0,"brain haemorrhage, haemorrhage neurologist, roller coaster","['roller coaster ride', 'brain haemorrhage neurologist', 'haemorrhage neurologist explains', 'explains the risk', 'roller coaster']"
India Today,Unknown,gurugram ceo says indian parents treat sleep like a crime sparks debate,gurugram ceo says indian parents treat sleep like a crime sparks debate,https://www.indiatoday.in/trending-news/story/gurugram-ceo-says-indian-parents-treat-sleep-like-a-crime-sparks-debate-2984214-2026-09-01?utm_source=rss,"gurugram, says, indian",en,2026-09-01 04:27:25,2026-09-01 05:41:21,2026,9,1,Tuesday,"indian (NORP), indian (NORP)",2,"indian parents, gurugram ceo, treat sleep","['crime sparks debate', 'indian parents treat', 'parents treat sleep', 'gurugram ceo', 'sparks debate']"
NDTV,Unknown,pm modis jhooth ki goonj attack at rahul gandhi after 78 gdp growth,pm narendra modi congratulates citizens over latest gdp growth data,https://www.ndtv.com/india-news/pm-modis-jhooth-ki-goonj-attack-at-rahul-gandhi-after-7-8-gdp-growth-11984913#publisher=newsstand,"modi, growth, jhooth",en,2026-09-01 04:23:11,2026-09-01 05:41:20,2026,9,1,Tuesday,"jhooth ki (PERSON), 78 (DATE)",2,"narendra modi, pm modis, modi congratulates","['gdp growth data', 'latest gdp growth', 'narendra modi congratulates', 'modi congratulates citizens', 'gdp growth']"
NDTV,Unknown,stock market live updates sensex today sensex drops 150 points amid usiran tensions,sensex today stock market nifty share market live news updates,https://www.ndtv.com/business-news/stock-market-sensex-share-market-nifty-live-updates-today-1-september-us-iran-war-oil-prices-11984701#publisher=newsstand,"market, sensex, stock",en,2026-09-01 04:20:59,2026-09-01 05:41:20,2026,9,1,Tuesday,"today (DATE), 150 (CARDINAL), today (DATE)",3,"sensex drops, sensex today, updates sensex","['points amid usiran', 'amid usiran tensions', 'today sensex drops', 'market nifty share', 'nifty share market']"
Times of India,TRISHA MAHAJAN,commercial lpg prices raised by rs 95 for every 19kg cylinder atf rates also hiked,news article about commercial lpg prices raised by rs 95 for every 19kg cylinder atf rates also hiked,https://timesofindia.indiatimes.com/business/india-business/commercial-lpg-prices-raised-by-rs-2-for-every-5kg-cylinder-atf-rates-also-hiked/articleshow/133667240.cms,"commercial, prices, raised",en,2026-09-01 04:00:31,2026-09-01 05:41:20,2026,9,1,Tuesday,"95 (CARDINAL), 19kg (QUANTITY), 95 (CARDINAL), 19kg (QUANTITY)",4,"lpg prices, commercial lpg, lpg","['cylinder atf rates', 'lpg prices raised', 'commercial lpg prices', 'cylinder atf', 'lpg prices']"
Times of India,TNN,3 of family killed as landslide debris hits house amid heavy rain in almora,tragedy struck in udyuda village as heavy rains led to a catastrophic landslide burying a family under tons of debris prema devi her son manish and daughter kalpana lost their lives during the disaster that occurred after a night of intense rainfall despite prompt rescue efforts the team could only recover their bodies marking a somber day for the neighborhood,https://timesofindia.indiatimes.com/city/dehradun/3-of-family-killed-as-landslide-debris-hits-house-amid-heavy-rain-in-almora/articleshow/133667353.cms,"family, landslide, debris",en,2026-09-01 03:57:24,2026-09-01 05:41:20,2026,9,1,Tuesday,"3 (CARDINAL), daughter kalpana (PERSON)",2,"killed landslide, family killed, almora tragedy","['amid heavy rain', 'heavy rains led', 'house amid heavy', 'hits house amid', 'almora tragedy struck']"
Hindustan Times,Unknown,dont buy gold dont marry abroad pm modi revives swadeshi pitch amid indias gdp growth,pm modi said india was progressing rapidly despite global uncertainty wars and disruptions to supply chains he also appeared to target rahul gandhi,https://www.hindustantimes.com/india-news/dont-buy-gold-dont-marry-abroad-pm-modi-revives-pitch-swadeshi-amid-indias-gdp-growth-q1-financial-year-fy27-101788234403907.html,"modi, india, gold",en,2026-09-01 03:54:48,2026-09-01 05:41:20,2026,9,1,Tuesday,"swadeshi (ORG), india (GPE)",2,"india progressing, modi said, pm modi","['target rahul gandhi', 'revives swadeshi pitch', 'swadeshi pitch amid', 'global uncertainty wars', 'modi revives swadeshi']"
Times of India,SAHIL MALHOTRA,hardik pandyas comeback plans hit a fresh roadblock,hardik pandyas return to international cricket is set to face another setback due to a leg niggle casting doubts on his participation in the upcoming t20i series against afghanistan he remains under observation by the medical team at bcci coe,https://timesofindia.indiatimes.com/sports/cricket/news/hardik-pandyas-comeback-plans-hit-a-fresh-roadblock/articleshow/133667119.cms,"hardik, pandya, comeback",en,2026-09-01 03:53:20,2026-09-01 05:41:20,2026,9,1,Tuesday,"afghanistan (GPE), bcci coe (ORG)",2,"hardik pandyas, pandyas return, pandyas comeback","['comeback plans hit', 'leg niggle casting', 'niggle casting doubts', 'pandyas comeback plans', 'fresh roadblock hardik']"
NDTV,Unknown,russia bids to sell five more op sindoor legend s400 missile systems to india,india has so far got four of the five s400 units ordered under the first contract signed in 2018,https://www.ndtv.com/world-news/russia-bids-to-sell-five-more-operation-sindoor-legend-s-400-missiles-to-india-11984897#publisher=newsstand,"five, india, russia",en,2026-09-01 03:51:59,2026-09-01 05:41:20,2026,9,1,Tuesday,"russia (GPE), five (CARDINAL), india india (ORG), four (CARDINAL), five (CARDINAL), first (ORDINAL), 2018 (DATE)",7,"s400 missile, russia bids, systems india","['russia bids', 'sindoor legend', 'missile systems', 'units ordered', 'bids to sell']"
Times of India,VIVEK DUBEY,strong numbers pm modi hails 78 gdp growth hits out at jhooth ki goonj,news article about strong numbers pm modi hails 78 gdp growth hits out at jhooth ki goonj,https://timesofindia.indiatimes.com/business/india-business/strong-numbers-pm-modi-hails-7-8-gdp-growth-hits-out-at-jhooth-ki-goonj/articleshow/133667225.cms,"strong, numbers, modi",en,2026-09-01 03:50:19,2026-09-01 05:41:20,2026,9,1,Tuesday,"78 (CARDINAL), jhooth ki goonj news (PERSON), 78 (CARDINAL), jhooth ki (PERSON)",4,"gdp growth, 78 gdp, gdp","['gdp growth hits', 'modi hails', 'gdp growth', 'numbers pm modi', 'growth hits']"
Hindustan Times,Unknown,tricked gangraped threatened minor recalls horror on greater noidadelhi bus,the survivor alleged in her complaint that the two accused sexually assaulted her and threatened to kill her when she tried to resist,https://www.hindustantimes.com/india-news/misled-into-boarding-bus-received-death-threat-what-survivor-told-cops-on-gangrape-in-greater-noida-delhi-101788232272940.html,"threatened, tricked, gang",en,2026-09-01 03:48:00,2026-09-01 05:41:20,2026,9,1,Tuesday,two (CARDINAL),1,"gangraped threatened, threatened minor, tricked gangraped","['tricked gangraped threatened', 'minor recalls horror', 'greater noidadelhi bus', 'accused sexually assaulted', 'gangraped threatened minor']"
Times of India,VIJAYA SRIVASTAVA,100yearold hindu temple demolished in pakistans punjab,a historic hindu temple in pakistans punjab province was demolished on august 21 minority groups allege religious zealots targeted the site for adjacent madrassa land the government claims torrential rains caused the temples collapse demands for an investigation and restoration have been triggered by the incident local hindu leaders express fear and call for government action against perpetrators,https://timesofindia.indiatimes.com/world/pakistan/100-year-old-hindu-temple-demolished-in-pakistans-punjab/articleshow/133667007.cms,"hindu, temple, demolished",en,2026-09-01 03:39:21,2026-09-01 05:41:20,2026,9,1,Tuesday,"100yearold (CARDINAL), pakistans (NORP), august 21 (DATE)",3,"temple demolished, demolished pakistans, temple pakistans","['minority groups allege', 'pakistans punjab province', 'groups allege religious', 'allege religious zealots', 'religious zealots targeted']"
Times of India,TOI TECH DESK,in 1998 steve jobs convinced a 37yearold tim cook to join nearbankrupt apple,tim cook has transitioned from apple ceo to executive chairman after fifteen years john ternus now leads the company taking over from cooks tenure cook joined apple in 1998 when the company faced significant financial challenges he defied peer advice and trusted his intuition to join steve jobs this move proved pivotal for apples eventual monumental commercial success,https://timesofindia.indiatimes.com/technology/tech-news/in-1998-steve-jobs-convinced-a-37-year-old-tim-cook-to-join-near-bankrupt-apple-heres-the-story-he-told-to-make-him-leave-worlds-biggest-pc-company/articleshow/133667170.cms,"cook, apple, steve",en,2026-09-01 03:38:10,2026-09-01 05:41:20,2026,9,1,Tuesday,"1998 (DATE), steve jobs (PERSON), tim (PERSON), tim cook (PERSON), apple (ORG), fifteen years (DATE), john ternus now (PERSON), 1998 (DATE), steve (PERSON)",9,"apple ceo, tim cook, joined apple","['monumental commercial success', 'fifteen years john', 'years john ternus', 'faced significant financial', 'significant financial challenges']"
NDTV,Unknown,over 100yearold hindu temple razed in pakistan to make space for madrassa report,the government however claimed that the 100125yearold temple collapsed,https://www.ndtv.com/world-news/over-100-year-old-hindu-temple-razed-in-pakistan-to-use-land-for-madrassa-report-11984846#publisher=newsstand,"year, temple, over",en,2026-09-01 03:34:00,2026-09-01 05:41:20,2026,9,1,Tuesday,"100yearold (CARDINAL), pakistan (GPE), 100125yearold (CARDINAL)",3,"temple collapsed, 100yearold hindu, hindu temple","['hindu temple razed', 'hindu temple', 'temple collapsed', 'razed in pakistan', 'pakistan to make']"
NDTV,Unknown,jet fuel prices hiked by 546 amid iran war will flight travel get costlier,the increase in jet fuel price comes amid a rise in global crude oil prices,https://www.ndtv.com/india-news/jet-fuel-prices-for-domestic-airlines-hiked-by-5-46-to-rs-121-28-per-litre-11984810#publisher=newsstand,"fuel, prices, amid",en,2026-09-01 03:31:46,2026-09-01 05:41:20,2026,9,1,Tuesday,"546 (CARDINAL), iran war (EVENT)",2,"prices hiked, fuel prices, fuel price","['global crude oil', 'fuel prices hiked', 'jet fuel prices', 'jet fuel price', 'amid iran war']"
Times of India,SMRITI JAIN,top stocks to buy or sell stock market recommendations for today  check list,stock market recommendations indusind bank computer age management services cams and dixon technologies india are the top stocks to buy that have been picked by somil mehta head of retail research mirae asset sharekhan for september 1 2026,https://timesofindia.indiatimes.com/business/india-business/top-stock-recommendations-for-september-01-2026-indusind-bank-computer-age-management-services-cams-dixon-technologies-patanjali-foods-to-buy-or-sell-today/articleshow/133655625.cms,"stocks, stock, market",en,2026-09-01 03:21:00,2026-09-01 05:41:20,2026,9,1,Tuesday,"today (DATE), dixon technologies (ORG), india (GPE), somil (PERSON), september 1 2026 (DATE)",5,"market recommendations, stocks buy, india stocks","['stock market recommendations', 'market recommendations indusind', 'sell stock market', 'list stock market', 'today check list']"
Hindustan Times,Unknown,boy 9 chasing kite falls into 45foot borewell in rajasthans alwar rescued,the nineyearold boy was rushed to the alwar district hospital for a medical examination and doctors said he was fine,https://www.hindustantimes.com/india-news/boy-9-chasing-kite-falls-into-45-foot-borewell-in-rajasthan-s-alwar-rescued-101788232740200.html,"alwar, chasing, kite",en,2026-09-01 03:20:00,2026-09-01 05:41:20,2026,9,1,Tuesday,"9 (CARDINAL), rajasthans alwar (ORG), the alwar district hospital (ORG)",3,"boy rushed, kite falls, chasing kite","['chasing kite falls', 'rajasthans alwar rescued', 'alwar district hospital', 'chasing kite', 'borewell in rajasthans']"
Times of India,TNN,how teens plea for help after tiff with parents ended in gangrape on moving bus,a 17yearold girl seeking help after leaving home was gangraped on a moving sleeper bus  two men offered her a ride then sexually assaulted her for about thirty kilometers  they abandoned the teenager near kashmere gate after the alleged crime  police arrested the driver and conductor within hours of the complaint being filed  the incident raises safety concerns for passengers on private buses,https://timesofindia.indiatimes.com/city/delhi/were-going-your-way-how-teens-search-for-help-after-tiff-with-parents-ended-in-gang-rape-dumped-30km-away-at-kashmere-gate/articleshow/133666783.cms,"help, moving, teen",en,2026-09-01 03:19:53,2026-09-01 05:41:19,2026,9,1,Tuesday,"17yearold (CARDINAL), two (CARDINAL), about thirty kilometers (QUANTITY), hours (TIME)",4,"teens plea, abandoned teenager, gangrape moving","['alleged crime police', 'crime police arrested', 'incident raises safety', 'raises safety concerns', 'moving sleeper bus']"
Times of India,GLOBAL SPORTS DESK,jimmy butler injury update warriors star gets potential return timeline,golden state warriors forward jimmy butler out since tearing his acl during the 202526 season may return earlier than expected nba insider brett siegel has pointed to christmas day as a possible target with a broader window stretching into january or february 2027 depending on recovery progress butler also remains part of ongoing trade speculation after being linked to the failed giannis antetokounmpo pursuit with his expiring 568 million salary making him a likely trade chip if the warriors struggle this season,https://timesofindia.indiatimes.com/sports/nba/top-stories/jimmy-butler-injury-update-nba-insider-drops-potential-return-timeline-for-warriors-star-amid-intense-trade-speculation/articleshow/133666802.cms,"butler, warriors, jimmy",en,2026-09-01 03:12:42,2026-09-01 05:41:20,2026,9,1,Tuesday,"jimmy butler (PERSON), jimmy butler (PERSON), the 202526 season (DATE), brett siegel (PERSON), christmas day (DATE), january (DATE), february 2027 (DATE), giannis (NORP), 568 million (CARDINAL)",9,"jimmy butler, butler injury, butler","['million salary making', 'timeline golden state', 'expected nba insider', 'nba insider brett', 'insider brett siegel']"
Hindustan Times,Unknown,ht morning news brief september 1 india defies biggest oil shock tim cook signs off as apple ceo,from politics and world news to sports and entertainment  heres everything you need to start your day informed,https://www.hindustantimes.com/india-news/india-gdp-growth-2026-economy-tim-cook-delhi-noida-gangrape-fda-badshah-divorce-latest-news-today-101788231644604.html,"news, morning, brief",en,2026-09-01 03:08:36,2026-09-01 05:41:20,2026,9,1,Tuesday,"morning (TIME), september 1 (DATE), india (GPE), tim cook (PERSON), day (DATE)",5,"morning news, apple ceo, news brief","['india defies biggest', 'defies biggest oil', 'biggest oil shock', 'oil shock tim', 'shock tim cook']"
Times of India,JYOTIRMOY HALDER,alcaraz makes winning us open return after injury i had more nerves than usual,carlos alcaraz returned to grand slam action with a straightsets win over roman safiullin at the us open easing concerns about his wrist injury the spaniard said he felt completely painfree and wants to enjoy the tournament defending champion aryna sabalenka also won her opener while novak djokovics early exit and jannik sinners injury boost alcarazs title chances,https://timesofindia.indiatimes.com/sports/tennis/top-stories/carlos-alcaraz-makes-winning-us-open-return-after-wrist-injury-i-had-more-nerves-than-usual/articleshow/133666727.cms,"injury, alcaraz, open",en,2026-09-01 03:06:10,2026-09-01 05:41:20,2026,9,1,Tuesday,"alcaraz (ORG), carlos alcaraz (PERSON), us (GPE)",3,"alcaraz returned, carlos alcaraz, alcaraz","['grand slam action', 'felt completely painfree', 'tournament defending champion', 'defending champion aryna', 'champion aryna sabalenka']"
Hindustan Times,Unknown,an english noblewoman on the tigers trail,on september 3 1758 268 years ago this week a girl child was born into a titled family of shropshire the english county that borders wales,https://www.hindustantimes.com/india-news/an-english-noblewoman-on-the-tiger-s-trail-101788207107895.html,"english, noblewoman, tigers",en,2026-09-01 03:05:30,2026-09-01 05:41:20,2026,9,1,Tuesday,"english (NORP), september 3 1758 (DATE), 268 years ago this week (DATE), english (NORP)",4,"family shropshire, shropshire english, shropshire","['trail on september', 'years ago', 'borders wales', 'tigers trail', 'ago this week']"
Hindustan Times,Unknown,cid detains bjp leader in kpsc recruitment probe,bengaluru the criminal investigation department cid has detained bjp leader basavaraj kannale in delhi in connection with alleged irregularities in the kpsc recruitment of 400 veterinary officers and is questioning his suspected links with ias officer gyanendra kumar gangwar who was taken into custody in the same case officials said on monday,https://www.hindustantimes.com/india-news/cid-detains-bjp-leader-in-kpsc-recruitment-probe-101788206758889.html,"leader, kpsc, recruitment",en,2026-09-01 03:05:00,2026-09-01 05:41:20,2026,9,1,Tuesday,"basavaraj kannale (PERSON), 400 (CARDINAL), gyanendra kumar (PERSON), monday (DATE)",4,"cid detained, detained bjp, kpsc recruitment","['detains bjp leader', 'kpsc recruitment probe', 'detained bjp leader', 'bjp leader basavaraj', 'recruitment probe bengaluru']"
Hindustan Times,Unknown,tncongress leaders meet tn cm c joseph vijay at secretariat,the top brass of the tamil nadu congress including state president b manickam tagore and mp praveen chakravarthy met chief minister c joseph vijay at the secretariat in chennai on monday,https://www.hindustantimes.com/india-news/tncongress-leaders-meet-tn-cm-c-joseph-vijay-at-secretariat-101788206747365.html,"congress, joseph, vijay",en,2026-09-01 03:04:30,2026-09-01 05:41:20,2026,9,1,Tuesday,"joseph vijay (PERSON), the tamil nadu congress (ORG), joseph vijay (PERSON), monday (DATE)",4,"tncongress leaders, meet tn, tncongress","['tncongress leaders meet', 'tamil nadu congress', 'nadu congress including', 'congress including state', 'including state president']"
Hindustan Times,Unknown,food safety dept raids 16 sweet units seizes products worth  59l,bengaluru food safety officials seized food products worth  5,https://www.hindustantimes.com/india-news/food-safety-dept-raids-16-sweet-units-seizes-products-worth-59l-101788206704984.html,"food, safety, products",en,2026-09-01 03:04:10,2026-09-01 05:41:20,2026,9,1,Tuesday,"16 (CARDINAL), 59l (CARDINAL), 5 (CARDINAL)",3,"seized food, seizes products, bengaluru food","['seizes products worth', 'sweet units seizes', 'safety dept raids', 'food products worth', 'bengaluru food safety']"
Hindustan Times,Unknown,friend arrested for murder of two keralam women in california police,a woman from keralam has been arrested by police in california united states in connection with the alleged murders of two other women from the state their families said,https://www.hindustantimes.com/india-news/friend-arrested-for-murder-of-two-keralam-women-in-california-police-101788206704770.html,"arrested, keralam, women",en,2026-09-01 03:04:00,2026-09-01 05:41:20,2026,9,1,Tuesday,"two (CARDINAL), keralam (NORP), california (GPE), keralam (GPE), california united states (GPE), two (CARDINAL)",6,"keralam arrested, friend arrested, murder keralam","['california united states', 'friend arrested', 'california united', 'alleged murders', 'united states']"
Hindustan Times,Unknown,patients forced to clean hospital sewage 2 booked,bidar a case has been registered against two officials at savanur taluk hospital in haveri district after two patients were allegedly made to remove human waste from an overflowing sewage pit on the hospital premises police said on monday,https://www.hindustantimes.com/india-news/patients-forced-to-clean-hospital-sewage-2-booked-101788206687779.html,"hospital, patients, sewage",en,2026-09-01 03:03:30,2026-09-01 05:41:20,2026,9,1,Tuesday,"2 (CARDINAL), two (CARDINAL), savanur taluk hospital (ORG), haveri (ORG), two (CARDINAL), monday (DATE)",6,"hospital sewage, sewage booked, bidar case","['remove human waste', 'overflowing sewage pit', 'savanur taluk hospital', 'hospital premises police', 'clean hospital sewage']"
Hindustan Times,Unknown,purification row congress stages protest over fir against rahul gandhi,they denounced the bjps alleged caste discrimination with leaders urging protests and media outreach to uphold social justice values,https://www.hindustantimes.com/india-news/congress-stages-protests-across-states-over-fir-against-rahul-101788206147860.html,"purification, congress, stages",en,2026-09-01 03:02:00,2026-09-01 05:41:20,2026,9,1,Tuesday,"congress (ORG), gandhi (PERSON)",2,"protest fir, bjps alleged, denounced bjps","['purification row congress', 'row congress stages', 'bjps alleged caste', 'alleged caste discrimination', 'uphold social justice']"
Hindustan Times,Unknown,19member team from india begins dnatesting in nepal,new delhi a 19member team of dna experts from india has begun a painstaking task of collecting preserving and analysing biological samples to identify hundreds of victims of the devastating flash floods in nepal and ultimately helping authorities in returning the bodies to their relatives,https://www.hindustantimes.com/india-news/19member-team-from-india-begins-dna-testing-in-nepal-101788206027067.html,"member, team, india",en,2026-09-01 03:01:20,2026-09-01 05:41:20,2026,9,1,Tuesday,"19member (CARDINAL), india (GPE), new delhi (GPE), 19member (CARDINAL), india (GPE), hundreds (CARDINAL)",6,"dnatesting nepal, begins dnatesting, dnatesting","['india begins dnatesting', 'analysing biological samples', 'devastating flash floods', 'ultimately helping authorities', 'india begins']"
Hindustan Times,Unknown,race against time as 600 remain trapped in nepal hydro project tunnels,nepals national disaster risk reduction and management authority had estimated 639 people to be missing at these hydropower sites,https://www.hindustantimes.com/india-news/race-against-time-as-600-remain-trapped-in-hydro-project-tunnels-101788205906959.html,"race, against, time",en,2026-09-01 03:01:00,2026-09-01 05:41:20,2026,9,1,Tuesday,"600 (CARDINAL), 639 (CARDINAL)",2,"tunnels nepals, trapped nepal, nepal hydro","['hydro project tunnels', 'national disaster risk', 'disaster risk reduction', 'nepal hydro project', 'tunnels nepals national']"
NDTV,Unknown,indianorigin taxi driver convicted of rape no longer a us citizen,singh remained in the us without authorisation for years,https://www.ndtv.com/world-news/indian-origin-man-gurmeet-singhs-us-citizenship-revoked-after-15-years-over-rape-conviction-11984575#publisher=newsstand,"indian, origin, taxi",en,2026-09-01 03:00:24,2026-09-01 05:41:20,2026,9,1,Tuesday,"us (GPE), singh (GPE), us (GPE), years (DATE)",4,"indianorigin taxi, driver convicted, citizen singh","['indianorigin taxi driver', 'taxi driver convicted', 'citizen singh remained', 'indianorigin taxi', 'authorisation for years']"
Hindustan Times,Unknown,pm modi holds talks with kyrgyzstan armenia leaders,prime minister narendra modi met the leaders of armenia and kyrgyzstan on the margins of the shanghai cooperation organisation sco summit in bishkek on monday and reviewed bilateral cooperation in key areas such as defence trade and technology,https://www.hindustantimes.com/india-news/pm-modi-holds-talks-with-kyrgyzstan-armenia-leaders-101788205666887.html,"modi, kyrgyzstan, armenia",en,2026-09-01 02:59:20,2026-09-01 05:41:20,2026,9,1,Tuesday,"kyrgyzstan (GPE), narendra (PERSON), kyrgyzstan (GPE), the shanghai cooperation organisation sco summit (ORG), monday (DATE)",5,"talks kyrgyzstan, modi met, narendra modi","['prime minister narendra', 'organisation sco summit', 'modi holds talks', 'leaders prime minister', 'minister narendra modi']"
NDTV,Unknown,delhi traffic police issues advisory for brics 2026 motorcade rehearsal,commuters travelling toward major transit hubs have been advised to plan their travel,https://www.ndtv.com/delhi-news/delhi-traffic-police-issues-advisory-for-brics-2026-motorcade-rehearsal-11984762#publisher=newsstand,"delhi, traffic, police",en,2026-09-01 02:58:37,2026-09-01 05:41:20,2026,9,1,Tuesday,2026 (DATE),1,"delhi traffic, 2026 motorcade, advisory brics","['delhi traffic police', 'motorcade rehearsal commuters', 'traffic police issues', 'police issues advisory', 'rehearsal commuters travelling']"
Hindustan Times,Unknown,women entering public sphere will cause destruction keralam muslim clerics remarks spark row,a prominent muslim cleric in keralam has drawn criticism after exhorting women to remain confined to their homes and claiming that their entry into the public sphere would lead to destruction,https://www.hindustantimes.com/india-news/women-entering-public-sphere-will-cause-destruction-keralam-muslim-cleric-s-remarks-spark-row-101788204047441.html,"women, public, sphere",en,2026-09-01 02:56:30,2026-09-01 05:41:20,2026,9,1,Tuesday,"keralam muslim (NORP), muslim (NORP), keralam (GPE)",3,"destruction keralam, keralam muslim, cleric keralam","['remarks spark row', 'clerics remarks spark', 'muslim clerics remarks', 'entering public sphere', 'prominent muslim cleric']"
Hindustan Times,Unknown,sc declines to intervene in cjps sept 5 protest,the supreme court on monday declined to interfere with the proposed september 5 protest march in delhi by the cockroach janata party cjp saying it was for the centre and delhi governments to take a call on lawandorder arrangements and stressing that all stakeholders were expected to act peacefully and within the legal framework,https://www.hindustantimes.com/india-news/sc-declines-to-intervene-in-cjp-s-sept-5-protest-101788200847319.html,"protest, delhi, declines",en,2026-09-01 02:43:00,2026-09-01 05:41:20,2026,9,1,Tuesday,"sept 5 (DATE), the supreme court (ORG), monday (DATE), september 5 (DATE), delhi (GPE), the cockroach janata party (ORG)",6,"intervene cjps, declines intervene, protest supreme","['cockroach janata party', 'janata party cjp', 'protest march', 'proposed september', 'legal framework']"
India Today,Unknown,why indian hockeys crisis begins at the grassroots and bleeds to the top,why indian hockeys crisis begins at the grassroots and bleeds to the top,https://www.indiatoday.in/sports/hockey/story/indian-hockey-crisis-grassroots-failure-hil-world-cup-2983759-2026-09-01?utm_source=rss,"indian, crisis, begins",en,2026-09-01 02:31:56,2026-09-01 05:41:21,2026,9,1,Tuesday,"indian (NORP), indian (NORP)",2,"hockeys crisis, indian hockeys, hockeys","['indian hockeys crisis', 'hockeys crisis begins', 'indian hockeys', 'hockeys crisis', 'crisis begins']"
India Today,Unknown,mumbai taxi auto rides get costlier from today as minimum fares revised,mumbai taxi auto rides get costlier from today as minimum fares revised,https://www.indiatoday.in/cities/mumbai/story/mumbai-auto-rickshaw-taxi-fares-revised-september-1-2984171-2026-09-01?utm_source=rss,"mumbai, taxi, auto",en,2026-09-01 02:31:41,2026-09-01 05:41:21,2026,9,1,Tuesday,"today (DATE), today (DATE)",2,"mumbai taxi, rides costlier, minimum fares","['mumbai taxi auto', 'minimum fares revised', 'taxi auto rides', 'mumbai taxi', 'fares revised']"
India Today,Unknown,lanka opens door for tamil refugees eases return after decades of exile in india,lanka opens door for tamil refugees eases return after decades of exile in india,https://www.indiatoday.in/world/story/sri-lanka-refugees-in-india-voluntary-return-temporary-passports-government-decision-approved-2983423-2026-09-01?utm_source=rss,"lanka, opens, door",en,2026-09-01 02:30:00,2026-09-01 05:41:20,2026,9,1,Tuesday,"decades (DATE), india (GPE), decades (DATE), india (GPE)",4,"tamil refugees, door tamil, lanka opens","['lanka opens door', 'tamil refugees eases', 'refugees eases return', 'lanka opens', 'exile in india']"
Times of India,TANUJ LAKHINA,from watching anime to translating shuttlers young interpreters untold story,behind the bwf world championship interviews were interpreters carrying the weight of accuracy at the recently concluded tournament in new delhi young language experts in mandarin japanese and korean navigated highpressure media interactions preparing with archival footage and ai tools to ensure players words crossed cultural and linguistic barriers without losing their meaning,https://timesofindia.indiatimes.com/sports/badminton/from-watching-shin-chan-doraemon-and-k-dramas-to-translating-shuttlers-words-to-the-world-how-young-interpreters-found-their-way-to-badmintons-biggest-stage/articleshow/133657044.cms,"young, interpreters, watching",en,2026-09-01 02:30:00,2026-09-01 05:41:20,2026,9,1,Tuesday,"new delhi (GPE), mandarin (LANGUAGE), japanese (NORP), korean (NORP)",4,"young interpreters, interviews interpreters, cultural linguistic","['bwf world championship', 'world championship interviews', 'recently concluded tournament', 'korean navigated highpressure', 'navigated highpressure media']"
NDTV,Unknown,cng prices rise by rs 2 in mumbai amid middle east crisis,cng price hike in mumbai mgl said the middle east crisis has pushed up price of natural gas,https://www.ndtv.com/business-news/mahanagar-gas-price-hike-cng-prices-rise-by-rs-2-domestic-png-by-rs-1-in-mumbai-amid-middle-east-crisis-11984592#publisher=newsstand,"mumbai, middle, east",en,2026-09-01 02:21:01,2026-09-01 05:41:20,2026,9,1,Tuesday,"2 (CARDINAL), mumbai (GPE), middle east (LOC), mumbai (GPE), mgl (ORG), middle east (LOC)",6,"cng prices, cng price, prices rise","['middle east crisis', 'amid middle east', 'east crisis cng', 'mumbai amid middle', 'cng prices rise']"
Times of India,JYOTIRMOY HALDER,my daughter will be very proud messis teammates pay heartfelt tribute,lionel messis argentina teammates have paid emotional tribute after the legendary captain announced his international retirement emi martinez angel di maria lisandro lautaro martinez and leandro paredes praised his leadership friendship humility and impact on their careers messi leaves as argentinas mostcapped player and leading scorer having won two copa america titles and the 2022 world cup,https://timesofindia.indiatimes.com/sports/football/top-stories/my-daughter-will-be-very-proud-lionel-messis-teammates-pay-heartfelt-tribute/articleshow/133666088.cms,"messi, teammates, tribute",en,2026-09-01 02:15:58,2026-09-01 05:41:20,2026,9,1,Tuesday,"angel di maria lisandro lautaro martinez (PERSON), two (CARDINAL), america (GPE), 2022 (DATE)",4,"proud messis, messis teammates, messis argentina","['legendary captain announced', 'international retirement emi', 'maria lisandro lautaro', 'leandro paredes praised', 'leadership friendship humility']"
NDTV,Unknown,51 of 227 indians recruited in russian army are dead centre,india monitors release and repatriation of indian nationals recruited into russian forces,https://www.ndtv.com/india-news/51-of-227-indians-recruited-in-russian-army-are-dead-centre-11984631#publisher=newsstand,"recruited, russian, indians",en,2026-09-01 02:08:43,2026-09-01 05:41:20,2026,9,1,Tuesday,"51 (CARDINAL), 227 (CARDINAL), indians (NORP), russian (NORP), india (GPE), indian (NORP), russian (NORP)",7,"recruited russian, repatriation indian, indians recruited","['dead centre india', 'centre india monitors', 'india monitors release', 'indian nationals recruited', 'russian forces']"
Times of India,SHIVANGHI PAYAL,oil climbs past 90 as middle east conflict keeps strait of hormuz shut,on tuesday oil prices saw a significant uptick driven by escalating tensions between the us and iran and looming risks to supply chains brent crude hit 9104 while wti crude climbed to 8655 per barrel the strait of hormuz is a focal point of concern for global oil supply stability additionally there are efforts in venezuela aimed at replenishing us oil reserves,https://timesofindia.indiatimes.com/business/international-business/oil-climbs-past-90-as-middle-east-conflict-keeps-strait-of-hormuz-shut/articleshow/133665918.cms,"strait, hormuz, supply",en,2026-09-01 02:03:16,2026-09-01 05:41:20,2026,9,1,Tuesday,"middle east (LOC), tuesday (DATE), us (GPE), iran (GPE), 9104 (DATE), 8655 (CARDINAL), venezuela (GPE)",7,"oil climbs, oil prices, global oil","['brent crude hit', 'middle east conflict', 'significant uptick driven', 'oil climbs past', 'supply chains brent']"
Hindustan Times,Unknown,from greater noida to delhi 47km bus ride ends in gangrape of 16yearold,the class 11 student who lives in mainpuri left home on august 3 without informing her parents the delhi police said,https://www.hindustantimes.com/india-news/greater-noida-delhi-gang-rape-minor-pari-chowk-kashmere-gate-delhi-police-up-police-101788226668795.html,"delhi, greater, noida",en,2026-09-01 02:00:34,2026-09-01 05:41:20,2026,9,1,Tuesday,"47km (QUANTITY), 16yearold (CARDINAL), 11 (CARDINAL), mainpuri (GPE), august 3 (DATE)",5,"ends gangrape, 47km bus, gangrape 16yearold","['bus ride ends', 'mainpuri left home', 'bus ride', 'student who lives', 'home on august']"
Times of India,VIJAYA SRIVASTAVA,a particular issue penguin india on impasse over sonia gandhi memoir,penguin random house india has decided to pause the publication of sonia gandhis memoir citing an editorial disagreement the publisher clarifies that this choice was not influenced by outside pressure but rather emerged from routine editorial evaluations during the review process some proposed changes were accepted while others were not in the end an unresolved issue led to the books nonrelease in india which the authors team acknowledged,https://timesofindia.indiatimes.com/india/a-particular-issue-penguin-india-on-impasse-over-sonia-gandhi-memoir/articleshow/133665902.cms,"india, issue, penguin",en,2026-09-01 02:00:09,2026-09-01 05:41:20,2026,9,1,Tuesday,"india (GPE), gandhi memoir penguin random house (PERSON), india (GPE), india (GPE)",4,"publication sonia, gandhis memoir, india authors","['sonia gandhi memoir', 'sonia gandhis memoir', 'gandhis memoir citing', 'authors team acknowledged', 'gandhi memoir penguin']"
Times of India,JYOTIRMOY HALDER,australia lose patience as star batter left out of odi squad,australia have dropped marnus labuschagne from their odi squad for tours of zimbabwe and south africa after a poor run of form his test future is also uncertain travis head and mitchell marsh return while joel davies earns his first odi callup spencer johnson and billy stanlake strengthen the pace attack as australia prepares for the 2027 world cup,https://timesofindia.indiatimes.com/sports/cricket/news/australia-lose-patience-as-star-batter-left-out-of-odi-squad-for-zimbabwe-and-south-africa-tours/articleshow/133665722.cms,"australia, squad, lose",en,2026-09-01 01:50:03,2026-09-01 05:41:20,2026,9,1,Tuesday,"australia (GPE), australia (GPE), south africa (GPE), mitchell marsh (PERSON), first (ORDINAL), johnson (PERSON), australia (GPE), 2027 (DATE)",8,"australia dropped, australia prepares, australia lose","['star batter left', 'dropped marnus labuschagne', 'uncertain travis head', 'mitchell marsh return', 'joel davies earns']"
NDTV,Unknown,gujarat man dies by suicide at same spot where son was killed 14 years ago,the man jumped in front of a moving train in the same area where his son was killed,https://www.ndtv.com/india-news/gujarat-man-dies-by-suicide-at-same-spot-where-son-was-killed-14-years-ago-11984522#publisher=newsstand,"same, where, killed",en,2026-09-01 01:46:06,2026-09-01 05:41:20,2026,9,1,Tuesday,"gujarat (NORP), 14 years ago (DATE)",2,"son killed, man dies, gujarat man","['gujarat man dies', 'son was killed', 'years ago', 'gujarat man', 'dies by suicide']"
Hindustan Times,Unknown,below normal rain likely in september after warmest august since 1901 imd,the overall monsoon deficit stood at 14 on august 31 with this expected to increase through september,https://www.hindustantimes.com/india-news/below-normal-rain-likely-in-september-after-warmest-august-since-1901-imd-forecast-101788226428562.html,"september, august, below",en,2026-09-01 01:41:17,2026-09-01 05:41:20,2026,9,1,Tuesday,"september (DATE), august (DATE), 1901 (DATE), 14 (CARDINAL), august 31 (DATE), september (DATE)",6,"monsoon deficit, overall monsoon, monsoon","['monsoon deficit stood', 'normal rain', 'monsoon deficit', 'deficit stood', 'expected to increase']"
NDTV,Unknown,2 dead after stabbing at new yorks times square attacker killed,police reportedly do not believe the stabbing was terrorrelated,https://www.ndtv.com/world-news/woman-shot-by-police-after-stabbing-two-people-at-new-yorks-times-square-report-11984362#publisher=newsstand,"stabbing, dead, york",en,2026-09-01 01:33:12,2026-09-01 05:41:20,2026,9,1,Tuesday,2 (CARDINAL),1,"stabbing terrorrelated, dead stabbing, believe stabbing","['yorks times square', 'times square attacker', 'square attacker killed', 'attacker killed police', 'killed police reportedly']"
Times of India,ANUJA JAISWAL,power failure hits jaipur centres again aiims cre exam cancelled,news article about power failure hits jaipur centres again aiims cre exam cancelled,https://timesofindia.indiatimes.com/india/power-failure-hits-jaipur-centres-again-aiims-cre-exam-cancelled/articleshow/133665651.cms,"power, failure, hits",en,2026-09-01 01:14:57,2026-09-01 05:41:20,2026,9,1,Tuesday,,0,"exam cancelled, jaipur centres, power failure","['failure hits jaipur', 'hits jaipur centres', 'aiims cre exam', 'power failure hits', 'cre exam cancelled']"
Hindustan Times,Unknown,indias us lpg imports surge 254 to 26 billion in q1 fy27 crude purchases fall 575,indias crude oil imports from the us fell from 370 billion in apriljune 2025 to 157 billion in apriljune 2026,https://www.hindustantimes.com/india-news/india-us-lpg-imports-surge-254-to-2-6-billion-in-q1-fy27-trade-economy-gdp-modi-west-asia-us-iran-war-petrol-crude-oil-101788224174284.html,"billion, indias, imports",en,2026-09-01 01:08:33,2026-09-01 05:41:20,2026,9,1,Tuesday,"254 (CARDINAL), fy27 (PRODUCT), 575 (CARDINAL), us (GPE), 370 billion (MONEY), 2025 (DATE), 157 billion (CARDINAL), 2026 (DATE)",8,"indias lpg, indias crude, oil imports","['billion in apriljune', 'lpg imports surge', 'crude purchases fall', 'indias crude oil', 'crude oil imports']"
Hindustan Times,Unknown,indians seeking green card may have to wait for up to 179 years analysis shows,currently 996599 indian professionals and dependents are stuck in a visa backlog for green card categories with wait times potentially stretching to decades,https://www.hindustantimes.com/india-news/indians-seeking-us-green-card-may-have-to-wait-for-up-to-179-years-nfap-analysis-shows-101788223050892.html,"green, card, wait",en,2026-09-01 01:02:34,2026-09-01 05:41:20,2026,9,1,Tuesday,"indians (NORP), up to 179 years (DATE), 996599 (PRODUCT), indian (NORP), decades (DATE)",5,"green card, visa backlog, indians seeking","['years analysis shows', 'indians seeking green', 'times potentially stretching', 'seeking green card', 'green card categories']"
Hindustan Times,Unknown,india shrugs off oil shock to post 78 growth in q1 pm modi hails herculean feat,the latest gdp data which now incorporates producer price indices has also made an upward revision to the gdp numbers in the quarter ending march 2026,https://www.hindustantimes.com/india-news/india-shrugs-off-oil-shock-to-post-7-8-growth-in-q1-rbi-gdp-growth-fy27-us-iran-war-west-asia-pm-modi-101788223457369.html,"india, shrugs, shock",en,2026-09-01 00:52:15,2026-09-01 05:41:20,2026,9,1,Tuesday,"india (GPE), 78 (CARDINAL), q1 pm (TIME), the quarter ending march 2026 (DATE)",4,"latest gdp, gdp numbers, gdp","['quarter ending march', 'modi hails herculean', 'hails herculean feat', 'incorporates producer price', 'producer price indices']"
Times of India,TOI ENTERTAINMENT DESK,tupac shakur death case duane keffe d davis convicted of firstdegree murder,duane davis was convicted of orchestrating tupac shakurs 1996 murder  the jury reached its verdict after nearly thirty years since the shooting occurred  prosecutors presented multiple statements where davis admitted responsibility for the fatal incident  his defense argued he was lying but no witness corroborated this claim  davis now faces a potential life sentence for his role in the crime,https://timesofindia.indiatimes.com/entertainment/english/hollywood/news/duane-keffe-d-davis-convicted-of-first-degree-murder-in-orchestrating-1996-killing-of-rap-icon-tupac-shakur/articleshow/133665508.cms,"davis, tupac, shakur",en,2026-09-01 00:42:58,2026-09-01 05:41:20,2026,9,1,Tuesday,"duane keffe (PERSON), davis (PERSON), 1996 (DATE), nearly thirty years (DATE), davis (PERSON), davis (PERSON)",6,"davis convicted, tupac shakur, shakur death","['orchestrating tupac shakurs', 'tupac shakur death', 'shakur death case', 'shooting occurred prosecutors', 'occurred prosecutors presented']"
Times of India,TNN,haldwani purification row day after fir against rahul bjp cong trade barbs,the congress party slammed the fir against rahul gandhi calling it casteist  bjp countered that rahul raised the issue belatedly after a threat from kharge  an fir was registered against rahul gandhi under various sections and the scst act  the complainant alleged rahul gave a caste angle to cleaning work at the rally  uttarakhand cm stated state residents are unaware of kharges caste,https://timesofindia.indiatimes.com/india/haldwani-purification-row-day-after-fir-against-rahul-bjp-cong-trade-barbs/articleshow/133664929.cms,"rahul, against, gandhi",en,2026-08-31 22:30:26,2026-09-01 05:41:20,2026,8,31,Monday,"haldwani (PERSON), row day (DATE), the congress party (ORG), gandhi (PERSON), gandhi (PERSON), uttarakhand cm (ORG)",6,"haldwani purification, haldwani, kharges caste","['haldwani purification row', 'purification row day', 'cong trade barbs', 'congress party slammed', 'stated state residents']"
Times of India,VISHWA MOHAN,imd predicts belownormal rainfall over india in september,september rainfall across india is predicted to be below normal concluding the monsoon season deficiently august was the warmest on record with several regions experiencing record high temperatures cumulative rainfall from june to august shows a significant deficit impacting agricultural sowing and increasing irrigation costs strong el nio conditions are expected to persist negatively affecting monsoon rainfall patterns neutral indian ocean dipole conditions will not benefit the monsoon this year,https://timesofindia.indiatimes.com/india/imd-predicts-below-normal-rainfall-over-country-in-september/articleshow/133662921.cms,"rainfall, monsoon, below",en,2026-08-31 21:28:33,2026-09-01 05:41:20,2026,8,31,Monday,"imd (ORG), india (GPE), september (DATE), september (DATE), india (GPE), the monsoon season (DATE), august (DATE), june (DATE), august (DATE), el nio (GPE), indian (NORP), this year (DATE)",12,"rainfall india, monsoon rainfall, september rainfall","['imd predicts belownormal', 'high temperatures cumulative', 'significant deficit impacting', 'deficit impacting agricultural', 'impacting agricultural sowing']"
Times of India,SACHIN PARASHAR,its time to move from endless war to end of war pm modi to putin,prime minister narendra modi urged president vladimir putin to end the ongoing conflict he emphasized that humanitys wellbeing depends on moving from endless war to peace india supports all efforts to resolve issues peacefully and swiftly discussions also covered expanding cooperation in various key sectors both leaders agreed to maintain contact to strengthen their partnership,https://timesofindia.indiatimes.com/india/its-time-to-move-from-endless-war-to-end-of-war-pm-to-putin/articleshow/133662824.cms,"endless, modi, putin",en,2026-08-31 20:51:50,2026-09-01 05:41:20,2026,8,31,Monday,"putin (PERSON), narendra (PERSON), vladimir putin (PERSON), india (GPE)",4,"putin end, modi putin, end war","['prime minister narendra', 'urged president vladimir', 'humanitys wellbeing depends', 'peace india supports', 'resolve issues peacefully']"
Hindustan Times,Unknown,shivraj reviews watershed scheme calls for faster implementation to achieve droughtfree india,shivraj reviews watershed scheme calls for faster implementation to achieve droughtfree india,https://www.hindustantimes.com/india-news/shivraj-reviews-watershed-scheme-calls-for-faster-implementation-to-achieve-drought-free-india-101788202200746.html,"shivraj, reviews, watershed",en,2026-08-31 18:50:00,2026-09-01 05:41:20,2026,8,31,Monday,india (GPE),1,"droughtfree india, watershed scheme, achieve droughtfree","['shivraj reviews watershed', 'achieve droughtfree india', 'reviews watershed scheme', 'watershed scheme calls', 'shivraj reviews']"
India Today,Unknown,parked vehicles eat up 60 bengaluru road space minister seeks regulatory body,parked vehicles eat up  bengaluru road space minister seeks regulatory body,https://www.indiatoday.in/cities/bengaluru/story/bengaluru-parking-crisis-parked-vehicles-take-60-road-space-minister-seeks-regulator-2984123-2026-08-31?utm_source=rss,"parked, vehicles, bengaluru",en,2026-08-31 18:28:19,2026-09-01 05:41:21,2026,8,31,Monday,60 (CARDINAL),1,"vehicles eat, eat bengaluru, parked vehicles","['road space minister', 'space minister seeks', 'minister seeks regulatory', 'parked vehicles eat', 'bengaluru road space']"
Times of India,GLOBAL SPORTS DESK,d4vds private lawyers withdraw from case why did he switch to a public defender,d4vds private attorneys have withdrawn from representing him in the murder case involving 14yearold celeste rivas hernandez during an august 31 2026 hearing the los angeles county public defenders office was appointed as his new legal team burke has pleaded not guilty remains jailed without bail and faces multiple charges after a july preliminary hearing found enough evidence for trial his next court appearance is expected in october 2026,https://timesofindia.indiatimes.com/world/us-streamers/d4vds-private-lawyers-withdraw-from-murder-case-as-public-defender-takes-over-his-legal-representation/articleshow/133660730.cms,"private, case, public",en,2026-08-31 18:25:30,2026-09-01 05:41:20,2026,8,31,Monday,"august 31 2026 (DATE), los angeles (GPE), july (DATE), october 2026 (DATE)",4,"defender d4vds, d4vds private, attorneys withdrawn","['celeste rivas hernandez', 'private lawyers withdraw', 'murder case involving', 'los angeles county', 'legal team burke']"
Times of India,GLOBAL SPORTS DESK,caitlin clark vs sophie cunningham net worth 2026 who is richer,caitlin clarks net worth is projected at 20 million dollars by 2026 sophie cunninghams estimated net worth stands at 3 million dollars in the same year clarks substantial earnings stem from extensive endorsement deals and commercial opportunities cunningham has built her wealth through her wnba career and other ventures this comparison highlights the significant financial disparity between the two players,https://timesofindia.indiatimes.com/sports/international-sports/caitlin-clark-vs-sophie-cunningham-net-worth-comparison-2026-which-indiana-fever-guard-is-richer-inside-their-wnba-careers-endorsements-and-more/articleshow/133649644.cms,"clark, cunningham, worth",en,2026-08-31 18:00:00,2026-09-01 05:41:20,2026,8,31,Monday,"caitlin clark vs sophie cunningham (PERSON), 2026 (DATE), caitlin clarks (PERSON), 20 million dollars (MONEY), 2026 sophie (QUANTITY), 3 million dollars (MONEY), the same year (DATE), two (CARDINAL)",8,"net worth, richer caitlin, vs sophie","['substantial earnings stem', 'extensive endorsement deals', 'significant financial disparity', 'net worth stands', 'estimated net worth']"
Hindustan Times,Unknown,should move from endless war to end of war pm modi tells russian prez putin,modi made the remarks when he met putin on the margins of sco summit their first inperson engagement since the indiarussia summit in new delhi last december,https://www.hindustantimes.com/india-news/should-move-from-endless-war-to-end-of-war-pm-modi-tells-russian-prez-putin-101788198825616.html,"modi, putin, summit",en,2026-08-31 17:53:45,2026-09-01 05:41:20,2026,8,31,Monday,"russian (NORP), putin (PERSON), putin (PERSON), first (ORDINAL), new delhi (GPE), last december (DATE)",6,"putin modi, putin, prez putin","['russian prez putin', 'prez putin modi', 'putin modi made', 'delhi last december', 'move from endless']"
Times of India,SANDEEP RAI,distinct cash shortfall rs 74 crore in pnb vault swapped with fake notes in up,authorities are reeling after discovering that 74 crore in actual cash was exchanged for phony currency at a saharanpur pnb vault an fir has been filed against involved bank staff and private citizens in response to this astonishing theft a special investigation team has been set up for a thorough investigation,https://timesofindia.indiatimes.com/city/agra/rs-7-4-cr-in-pnb-vault-swapped-with-fake-notes/articleshow/133660104.cms,"cash, crore, vault",en,2026-08-31 17:43:07,2026-09-01 05:41:20,2026,8,31,Monday,"74 (CARDINAL), 74 (CARDINAL)",2,"crore pnb, pnb vault, cash shortfall","['distinct cash shortfall', 'pnb vault swapped', 'saharanpur pnb vault', 'involved bank staff', 'special investigation team']"
India Today,Unknown,indias economy grows 78 in apriljune quarter,indias economy grows  in apriljune quarter,https://www.indiatoday.in/programme/news-today/video/indias-economy-grows-78-in-april-june-quarter-2984100-2026-08-31?utm_source=rss,"economy, grows, quarter",en,2026-08-31 17:41:59,2026-09-01 05:41:21,2026,8,31,Monday,"78 (CARDINAL), apriljune quarter (DATE), quarter (CARDINAL)",3,"indias economy, quarter indias, economy grows","['indias economy grows', 'apriljune quarter indias', 'quarter indias economy', 'indias economy', 'economy grows']"
Times of India,GURMIT BEDI,september 2026 monthly horoscope signs see openings and cautions,september brings transformative astrological insights as celestial movements play a key role for all zodiac signs with venus gracing libra starting september 2 relationships and social interactions take center stage meanwhile the exaltation of mercury in virgo from september 7 fosters enhanced decisionmaking and workplace productivity as the month unfolds focus shifts to health daily routines and fulfilling obligations presenting numerous avenues for personal and career advancement,https://timesofindia.indiatimes.com/astrology/horoscope/september-2026-monthly-horoscope-what-changes-what-improves-and-what-needs-care-for-each-moon-sign/articleshow/133649740.cms,"september, signs, monthly",en,2026-08-31 17:30:00,2026-09-01 05:41:20,2026,8,31,Monday,"september 2026 (DATE), monthly (DATE), september (DATE), september 2 (DATE), september 7 (DATE), the month (DATE), daily (DATE)",7,"virgo september, monthly horoscope, astrological insights","['fosters enhanced decisionmaking', 'monthly horoscope signs', 'brings transformative astrological', 'transformative astrological insights', 'celestial movements play']"
Hindustan Times,Unknown,taxi autorickshaw fares to increase in mumbai region from tuesday,the fare hike of  1 for autorickshaws and  2 for blackandyellow taxis was approved by the mumbai metropolitan region transport authority mmrta,https://www.hindustantimes.com/india-news/taxi-autorickshaw-fares-to-increase-in-mumbai-region-from-tuesday-101788195271193.html,"mumbai, region, taxi",en,2026-08-31 16:59:28,2026-09-01 05:41:20,2026,8,31,Monday,"mumbai (GPE), tuesday (DATE), 1 (CARDINAL), 2 (CARDINAL), the mumbai metropolitan region transport authority mmrta (ORG)",5,"increase mumbai, autorickshaw fares, taxi autorickshaw","['transport authority mmrta', 'metropolitan region transport', 'region transport authority', 'mumbai metropolitan region', 'authority mmrta']"
Hindustan Times,Unknown,supreme court collegium picks new rajasthan hc chief justice amid graft allegations against justice sharma,the supreme court collegiums recommendation came on a day rajasthan hcs acting chief justice sanjeev prakash sharma opted out of judicial work until sept 5,https://www.hindustantimes.com/india-news/raj-hc-acting-cj-opts-out-of-judicial-work-till-sept-5-amid-allegations-101788195222307.html,"justice, supreme, court",en,2026-08-31 16:53:41,2026-09-01 05:41:20,2026,8,31,Monday,"supreme court (ORG), the supreme court (ORG), sept 5 (DATE)",3,"justice sharma, chief justice, court collegium","['court collegium picks', 'court collegiums recommendation', 'supreme court collegium', 'supreme court collegiums', 'amid graft allegations']"
Hindustan Times,Unknown,anna hazare admitted to mumbai hospitals icu with acute dehydration kidney issue,hazare who was admitted to the bombay hospital is in the intensive care unit icu under dr gautam bhansali,https://www.hindustantimes.com/india-news/anna-hazare-admitted-to-mumbai-hospital-icu-with-acute-dehydration-kidney-issue-101788191654114.html,"hazare, admitted, hospital",en,2026-08-31 15:59:01,2026-09-01 05:41:20,2026,8,31,Monday,"anna hazare (PERSON), mumbai (GPE), the bombay hospital (ORG), dr gautam bhansali (PERSON)",4,"anna hazare, acute dehydration, hospital intensive","['acute dehydration kidney', 'dehydration kidney issue', 'intensive care unit', 'anna hazare admitted', 'kidney issue hazare']"
Hindustan Times,Unknown,saudidelhi air india express flight makes emergency landing after bomb note found in lavatory,according to police all 32 passengers onboard were safely deboarded at terminal 2 while security personnel are conducting a thorough check of the aircraft,https://www.hindustantimes.com/india-news/saudidelhi-air-india-express-flight-makes-emergency-landing-after-bomb-note-found-in-lavatory-101788189916049.html,"saudi, delhi, india",en,2026-08-31 15:47:42,2026-09-01 05:41:20,2026,8,31,Monday,"air india express (ORG), 32 (CARDINAL), 2 (CARDINAL)",3,"emergency landing, saudidelhi air, landing bomb","['saudidelhi air india', 'air india express', 'india express flight', 'express flight makes', 'flight makes emergency']"
Hindustan Times,Unknown,7 die 5 injured as bus collides headon with truck in assam police,according to the investigating officer dhiren saika sonowal the bus carried 14 passengers including a driver and a helper,https://www.hindustantimes.com/india-news/7-die-5-injured-as-bus-collides-head-on-with-truck-in-assam-police-101788190780325.html,"injured, collides, head",en,2026-08-31 15:39:39,2026-09-01 05:41:20,2026,8,31,Monday,"7 (CARDINAL), 5 (CARDINAL), 14 (CARDINAL)",3,"bus collides, injured bus, bus carried","['investigating officer dhiren', 'officer dhiren saika', 'dhiren saika sonowal', 'bus collides headon', 'passengers including']"
Hindustan Times,Unknown,unjhas isabgol trade grinds to a halt over gst,the rulings have created uncertainty among traders in unjha where a large part of rajasthans isabgol reaches for processing,https://www.hindustantimes.com/india-news/unjhas-isabgol-trade-grinds-to-a-halt-over-gst-101788189219776.html,"isabgol, unjhas, trade",en,2026-08-31 15:13:39,2026-09-01 05:41:20,2026,8,31,Monday,rajasthans (NORP),1,"traders unjha, unjhas isabgol, rajasthans isabgol","['isabgol trade grinds', 'rajasthans isabgol reaches', 'unjhas isabgol trade', 'reaches for processing', 'trade grinds']"
Hindustan Times,Unknown,penguin india denies external pressure over sonia gandhi memoir impasse on particular issue,the publishing house revealed that there was an impasse over a particular issue during sonia gandhis belonging a journey of love discussions,https://www.hindustantimes.com/india-news/penguin-india-denies-external-pressure-over-sonia-gandhi-memoir-impasse-on-particular-issue-101788185702126.html,"over, sonia, gandhi",en,2026-08-31 15:12:29,2026-09-01 05:41:20,2026,8,31,Monday,"penguin india denies (ORG), gandhi memoir (PERSON)",2,"pressure sonia, india denies, penguin india","['penguin india denies', 'india denies external', 'denies external pressure', 'publishing house revealed', 'sonia gandhi memoir']"
Hindustan Times,Unknown,pm modi russias putin repeat carpool diplomacy at 2026 sco after tianjin ride,the trip happened following the bilateral meeting between the two leaders on the sidelines of the shanghai cooperation organisation sco summit,https://www.hindustantimes.com/india-news/pm-modi-russias-putin-repeat-carpool-diplomacy-at-2026-sco-after-tianjin-ride-101788188331137.html,"modi, russia, putin",en,2026-08-31 15:08:09,2026-09-01 05:41:20,2026,8,31,Monday,"putin (PERSON), 2026 (DATE), tianjin (GPE), two (CARDINAL), the shanghai cooperation organisation sco summit (ORG)",5,"sco tianjin, 2026 sco, modi russias","['organisation sco summit', 'modi russias putin', 'russias putin repeat', 'putin repeat carpool', 'repeat carpool diplomacy']"
Times of India,VISHANT AGARWALA,nepal tragedy owners missing dog refuses to leave floodhit trishuli home,a blackandwhite dog remains at the site of four homes destroyed by a flood  he refuses to leave the muddy patch where his home once stood  rescue workers and jcbs clear debris around the steadfast canine  volunteers offer food and water which he accepts quietly when alone  displaced residents understand his loyalty to his former territory,https://timesofindia.indiatimes.com/world/south-asia/nepal-tragedy-owners-missing-dog-refuses-to-leave-flood-hit-trishuli-home/articleshow/133655596.cms,"refuses, leave, flood",en,2026-08-31 14:38:54,2026-09-01 05:41:20,2026,8,31,Monday,"four (CARDINAL), jcbs clear debris (ORG)",2,"missing dog, dog remains, blackandwhite dog","['nepal tragedy owners', 'tragedy owners missing', 'stood rescue workers', 'jcbs clear debris', 'steadfast canine volunteers']"
Hindustan Times,Unknown,tcs ion deeply regrets jaipur neetpg power failure says working to fix it urgently,tcs ion said the examination centre in jaipur had experience power failures during the neetpg test as well as the aiims cre exam,https://www.hindustantimes.com/india-news/tcs-ion-deeply-regrets-jaipur-neet-pg-power-failure-says-working-to-fix-it-urgently-101788186185727.html,"jaipur, neet, power",en,2026-08-31 14:28:46,2026-09-01 05:41:20,2026,8,31,Monday,jaipur (GPE),1,"failures neetpg, neetpg power, jaipur neetpg","['aiims cre exam', 'ion deeply regrets', 'tcs ion deeply', 'urgently tcs ion', 'experience power failures']"
Hindustan Times,Unknown,ht evening news brief august 31 pm modi meets putin pezeshkian vaibhav sooryavanshi makes another record,todays big headlines in 5 minutes your quick brief on politics national and global events entertainment and sports,https://www.hindustantimes.com/india-news/ht-evening-news-brief-august-31-pm-modi-meets-putin-pezeshkian-vaibhav-sooryavanshi-makes-another-record-101788178163758.html,"brief, evening, news",en,2026-08-31 14:28:26,2026-09-01 05:41:20,2026,8,31,Monday,"evening (TIME), august 31 pm (DATE), putin (PERSON), 5 minutes (TIME)",4,"news brief, evening news, modi meets","['modi meets putin', 'meets putin pezeshkian', 'putin pezeshkian vaibhav', 'pezeshkian vaibhav sooryavanshi', 'vaibhav sooryavanshi makes']"
India Today,Unknown,after sugar shock why indians are shedding onion tears,after sugar shock why indians are shedding onion tears,https://www.indiatoday.in/india-today-insight/story/after-sugar-shock-why-indians-are-shedding-onion-tears-2983798-2026-08-31?utm_source=rss,"sugar, shock, indians",en,2026-08-31 14:24:55,2026-09-01 05:41:20,2026,8,31,Monday,"indians (NORP), indians (NORP)",2,"onion tears, indians shedding, shedding onion","['shedding onion tears', 'onion tears', 'sugar shock', 'shock why indians', 'indians are shedding']"
India Today,Unknown,how naveen patnaiks mines law pushback puts odishas bjp mps in a spot,how naveen patnaiks mines law pushback puts odishas bjp mps in a spot,https://www.indiatoday.in/india-today-insight/story/how-naveen-patnaiks-mines-law-pushback-puts-odishas-bjp-mps-in-a-spot-2983805-2026-08-31?utm_source=rss,"naveen, mines, pushback",en,2026-08-31 14:24:49,2026-09-01 05:41:20,2026,8,31,Monday,,0,"patnaiks mines, odishas bjp, naveen patnaiks","['naveen patnaiks mines', 'patnaiks mines law', 'mines law pushback', 'law pushback puts', 'pushback puts odishas']"
India Today,Unknown,why controversy trailed prashant kishors visit to bihar chief secy pratyaya amrit,why controversy trailed prashant kishors visit to bihar chief secy pratyaya amrit,https://www.indiatoday.in/india-today-insight/story/why-controversy-trailed-prashant-kishors-visit-to-bihar-chief-secy-pratyaya-amrit-2983813-2026-08-31?utm_source=rss,"controversy, trailed, prashant",en,2026-08-31 14:24:42,2026-09-01 05:41:20,2026,8,31,Monday,,0,"visit bihar, pratyaya amrit, prashant kishors","['secy pratyaya amrit', 'controversy trailed prashant', 'trailed prashant kishors', 'prashant kishors visit', 'bihar chief secy']"
Hindustan Times,Unknown,political graffiti is back on jadavpur universitys whitewashed walls,the students federation of india sfi jadavpur unit announced its reclaim your wall programme in a social media post on sunday evening,https://www.hindustantimes.com/india-news/political-graffiti-returns-in-ju-a-day-after-uni-whitewashed-it-over-cm-remarks-101788185918398.html,"jadavpur, political, graffiti",en,2026-08-31 14:18:37,2026-09-01 05:41:20,2026,8,31,Monday,"jadavpur universitys (PERSON), india (GPE), jadavpur unit (PERSON), sunday (DATE), evening (TIME)",5,"graffiti jadavpur, political graffiti, reclaim wall","['social media post', 'jadavpur universitys whitewashed', 'universitys whitewashed walls', 'india sfi jadavpur', 'sfi jadavpur unit']"
Hindustan Times,Unknown,pm modis peace message from land of gandhi buddha to putin over russiaukraine war during sco meet,pm modi said during his meeting with putin that the land of gandhi and the land of buddha share a single message the path of peace,https://www.hindustantimes.com/india-news/pm-modi-peace-message-from-land-of-gandhi-buddha-to-putin-over-russia-ukraine-war-during-sco-meet-says-end-war-101788185228401.html,"land, modi, peace",en,2026-08-31 14:15:05,2026-09-01 05:41:20,2026,8,31,Monday,"gandhi buddha (PERSON), putin (PERSON), sco meet (FAC), putin (PERSON), gandhi (PERSON)",5,"modis peace, peace message, gandhi land","['modis peace message', 'land of gandhi', 'russiaukraine war', 'war during sco', 'sco meet']"
Hindustan Times,Unknown,ban on gutkha pan masala in gujarat extended for another year effective from september 13,the ban will apply to gutkha and pan masala containing tobacco or nicotine irrespective of the name by which they are known,https://www.hindustantimes.com/india-news/ban-on-gutkha-pan-masala-in-gujarat-extended-for-another-year-effective-from-september-13-101788184784128.html,"gutkha, masala, gujarat",en,2026-08-31 14:05:57,2026-09-01 05:41:20,2026,8,31,Monday,"pan masala (PERSON), gujarat (GPE), another year (DATE), september 13 (DATE), pan masala (PERSON)",5,"ban gutkha, masala gujarat, gutkha pan","['gutkha pan masala', 'effective from september', 'pan masala', 'gujarat extended', 'year effective']"
India Today,Unknown,land grab for madrassa 100yearold hindu temple razed in pak govt blames rain,land grab for madrassa yearold hindu temple razed in pak govt blames rain,https://www.indiatoday.in/world/story/pakistan-punjab-hindu-temple-demolition-narowal-rebuild-demand-ptag-2983910-2026-08-31?utm_source=rss,"land, grab, madrassa",en,2026-08-31 13:48:33,2026-09-01 05:41:20,2026,8,31,Monday,"100yearold (CARDINAL), madrassa yearold (ORG)",2,"hindu temple, temple razed, grab madrassa","['pak govt blames', 'hindu temple razed', 'govt blames rain', 'yearold hindu temple', 'blames rain land']"
Hindustan Times,Unknown,mcd demolishes structures around jama masjid as part of encroachment removal drive,mcd officials said that the encroachment removal drive was being undertaken in compliance with the directions of the delhi high court,https://www.hindustantimes.com/india-news/mcd-demolishes-structures-around-jama-masjid-as-part-of-encroachment-removal-drive-101788183700047.html,"encroachment, removal, drive",en,2026-08-31 13:41:39,2026-09-01 05:41:20,2026,8,31,Monday,,0,"mcd demolishes, demolishes structures, jama masjid","['encroachment removal drive', 'delhi high court', 'removal drive mcd', 'mcd demolishes structures', 'drive mcd officials']"
Hindustan Times,Unknown,2 women rescued from gb road brothel 3 held for forcing in prostitution cop,police said that another 28yearold woman also approached the police post and was rescued from the brothel,https://www.hindustantimes.com/india-news/2-women-rescued-from-gb-road-brothel-3-held-for-forcing-in-prostitution-cop-101788182913523.html,"rescued, brothel, police",en,2026-08-31 13:28:32,2026-09-01 05:41:20,2026,8,31,Monday,"2 (CARDINAL), 3 (CARDINAL), 28yearold (CARDINAL)",3,"rescued brothel, road brothel, brothel held","['prostitution cop police', 'held for forcing', 'woman also approached', 'women rescued', 'road brothel']"
Hindustan Times,Unknown,goa opposition members disrupt house over disallowed land conversion question,opposition leader yuri alemo of congress who was among the legislators later marshalled out said the speaker disallowed three questions,https://www.hindustantimes.com/india-news/goa-opposition-members-disrupt-house-over-disallowed-land-conversion-question-101788181413060.html,"opposition, disallowed, members",en,2026-08-31 13:03:32,2026-09-01 05:41:20,2026,8,31,Monday,"yuri alemo (PERSON), congress (ORG), three (CARDINAL)",3,"goa opposition, question opposition, disallowed questions","['goa opposition members', 'members disrupt house', 'leader yuri alemo', 'opposition members disrupt', 'disallowed land conversion']"
Hindustan Times,Unknown,congress to hold massive protests over fir against rahul gandhi kcvenugopal,the fir was registered by the haldwani police on sunday a day after rahul gandhi addressed a press conference to seek a firover the purification ritual,https://www.hindustantimes.com/india-news/congress-to-hold-massive-protests-over-fir-against-rahul-gandhi-kcvenugopal-101788180993295.html,"rahul, gandhi, congress",en,2026-08-31 12:56:32,2026-09-01 05:41:20,2026,8,31,Monday,"congress (ORG), gandhi (PERSON), the haldwani police (ORG), sunday a day (DATE), gandhi (PERSON)",5,"protests fir, fir registered, fir rahul","['hold massive protests', 'rahul gandhi kcvenugopal', 'rahul gandhi addressed', 'rahul gandhi', 'congress to hold']"
Hindustan Times,Unknown,two kerala women killed in california one murdered in flat another hit by suv friend detained,the incident took place in milpitas with the deceased identified as anjana hari 35 who hailed from thrissur and ann mathew 40 from thiruvananthapuram,https://www.hindustantimes.com/india-news/two-kerala-women-killed-in-california-one-murdered-in-flat-another-hit-by-suv-friend-detained-milpitas-police-101788171329487.html,"kerala, women, killed",en,2026-08-31 12:55:49,2026-09-01 05:41:20,2026,8,31,Monday,"two (CARDINAL), california (GPE), one (CARDINAL), anjana hari (PERSON), 35 (CARDINAL), ann mathew (PERSON), 40 (CARDINAL)",7,"women killed, kerala women, california murdered","['kerala women killed', 'suv friend detained', 'anjana hari', 'ann mathew', 'kerala women']"
Hindustan Times,Unknown,pm modi meets irans pezeshkian at sco discusses west asia war trade expansion,pm modis post on diversifying and expanding trade with iran comes a week after the us treasury department announced new sanctions targeting irans economy,https://www.hindustantimes.com/india-news/pm-modi-meets-iran-president-pezeshkian-at-sco-discusses-west-asia-war-trade-expansion-us-iran-conflict-101788179386654.html,"iran, trade, modi",en,2026-08-31 12:48:41,2026-09-01 05:41:20,2026,8,31,Monday,"sco (ORG), west asia war (LOC), iran (GPE), a week (DATE), the us treasury department (ORG)",5,"trade iran, modi meets, meets irans","['sco discusses west', 'discusses west asia', 'west asia war', 'treasury department announced', 'targeting irans economy']"
Hindustan Times,Unknown,delhi police tells sc it no longer wishes to pursue 13 firs from neet protests in july,earlier in the day the centre had filed an application before the top court to quash the firs against the neet protesters,https://www.hindustantimes.com/india-news/delhi-police-tells-supreme-court-no-longer-wish-to-pursue-13-firs-from-neet-protests-cjp-in-july-jantar-mantar-101788178229435.html,"firs, neet, delhi",en,2026-08-31 12:14:17,2026-09-01 05:41:20,2026,8,31,Monday,"delhi (GPE), 13 (CARDINAL), july earlier (DATE)",3,"neet protests, neet protesters, firs neet","['delhi police', 'wishes to pursue', 'neet protesters', 'longer wishes', 'protests in july']"
India Today,Unknown,techie explains why moving from delhi to bengaluru for more money may not pay off,techie explains why moving from delhi to bengaluru for more money may not pay off,https://www.indiatoday.in/trending-news/story/techie-explains-why-moving-from-delhi-to-bengaluru-for-more-money-may-not-pay-off-2983752-2026-08-31?utm_source=rss,"techie, explains, moving",en,2026-08-31 11:32:25,2026-09-01 05:41:21,2026,8,31,Monday,"techie (PERSON), delhi (GPE), delhi (GPE)",3,"bengaluru money, delhi bengaluru, moving delhi","['techie explains', 'explains why moving', 'moving from delhi', 'delhi to bengaluru', 'techie']"
Hindustan Times,Unknown,india rejects court of arbitrations indus waters treaty award illegally constituted has no jurisdiction,the mea said the haguebased court has no jurisdiction to pronounce on indias sovereign decisions and that the treaty will remain in abeyance,https://www.hindustantimes.com/india-news/india-rejects-illegal-court-of-arbitrations-award-on-indus-waters-treaty-has-no-jurisdiction-101788175567329.html,"court, treaty, jurisdiction",en,2026-08-31 11:29:56,2026-09-01 05:41:20,2026,8,31,Monday,india (GPE),1,"india rejects, arbitrations indus, indias sovereign","['arbitrations indus waters', 'award illegally constituted', 'indus waters treaty', 'waters treaty award', 'treaty award illegally']"
Hindustan Times,Unknown,delhi cm condemns 3yearolds assault at maujpur playschool orders sealing of premises strictest action,delhi cm gupta said that police investigation into the matter was underway,https://www.hindustantimes.com/india-news/delhi-cm-rekha-gupta-condemns-3-year-olds-assault-at-maujpur-playschool-orders-sealing-of-premises-strictest-action-101788174819986.html,"delhi, condemns, year",en,2026-08-31 11:17:03,2026-09-01 05:41:20,2026,8,31,Monday,"delhi cm condemns (PERSON), 3yearolds (CARDINAL), delhi cm gupta (PERSON)",3,"assault maujpur, 3yearolds assault, cm condemns","['maujpur playschool orders', 'playschool orders sealing', 'premises strictest action', 'strictest action delhi', 'assault at maujpur']"
Hindustan Times,Unknown,kerala ministers slam muslim clerics confine women to homes remark,the remark came days after a circular issued by the ap faction of samastha that sought to restrict the participation of muslim women in public events,https://www.hindustantimes.com/india-news/not-fit-for-society-kerala-ministers-slam-muslim-cleric-s-sexist-remark-101788174631394.html,"muslim, women, remark",en,2026-08-31 11:10:30,2026-09-01 05:41:20,2026,8,31,Monday,"kerala ministers slam (PERSON), muslim (NORP), days (DATE), muslim (NORP)",4,"kerala ministers, kerala, muslim women","['kerala ministers slam', 'ministers slam muslim', 'clerics confine women', 'slam muslim clerics', 'muslim clerics confine']"
Hindustan Times,Unknown,4th indogerman environmental forum to be held in delhi on tuesday,india and germany are holding the forum in association with the asiapacific committee of german business and indian industry associations,https://www.hindustantimes.com/india-news/4th-indo-german-environmental-forum-to-be-held-in-delhi-on-tuesday-101788174571984.html,"german, forum, indo",en,2026-08-31 11:09:31,2026-09-01 05:41:20,2026,8,31,Monday,"4th (ORDINAL), delhi (GPE), tuesday (DATE), india (GPE), germany (GPE), german (NORP), indian (NORP)",7,"environmental forum, indogerman environmental, forum association","['indogerman environmental forum', 'indian industry associations', 'indogerman environmental', 'held in delhi', 'delhi on tuesday']"
Hindustan Times,Unknown,jharkhand police announce cash reward for info on last top maoist 5 accomplices,the six maoists are believed to have left west singhbhum and are holed up in east singhbhum and neighbouring west bengal,https://www.hindustantimes.com/india-news/jharkhand-police-announce-cash-reward-for-info-on-last-top-maoist-5-accomplices-101788172470672.html,"west, singhbhum, jharkhand",en,2026-08-31 10:34:30,2026-09-01 05:41:20,2026,8,31,Monday,"5 (CARDINAL), six (CARDINAL)",2,"jharkhand police, jharkhand, accomplices maoists","['jharkhand police announce', 'neighbouring west bengal', 'police announce cash', 'announce cash reward', 'left west singhbhum']"
Hindustan Times,Unknown,5 sentenced to life for rape of minor girl on navratri in gujarat after two years each fined  50000,the incident of gangrape occurring during navratri a festival dedicated to goddess amba cannot be treated lightly the court observed as per the prosecution,https://www.hindustantimes.com/india-news/5-sentenced-to-life-for-rape-of-minor-girl-on-navratri-in-gujarat-after-two-years-each-fined-rs-50000-101788171247251.html,"navratri, sentenced, life",en,2026-08-31 10:27:05,2026-09-01 05:41:20,2026,8,31,Monday,"5 (CARDINAL), gujarat (GPE), two years (DATE), 50000 (CARDINAL)",4,"navratri gujarat, girl navratri, occurring navratri","['sentenced to life', 'years each fined', 'life for rape', 'rape of minor', 'minor girl']"
India Today,Unknown,lexus es 350h launched in india at rs 6610 lakh claims 2522kmpl efficiency,lexus es h launched in india at rs  lakh claims kmpl efficiency,https://www.indiatoday.in/auto/cars/story/lexus-es-350h-launched-in-india-at-rs-6610-lakh-claims-2522kmpl-efficiency-2983682-2026-08-31?utm_source=rss,"lexus, launched, india",en,2026-08-31 10:20:20,2026-09-01 05:41:21,2026,8,31,Monday,"350h (PRODUCT), india (GPE), 6610 (CARDINAL), 2522kmpl (CARDINAL), india (GPE)",5,"efficiency lexus, 2522kmpl efficiency, lexus es","['lakh claims kmpl', 'claims kmpl efficiency', 'launched in india', 'lakh claims', 'claims kmpl']"
India Today,Unknown,cancer drugs show promise against chronic nerve pain in new study,cancer drugs show promise against chronic nerve pain in new study,https://www.indiatoday.in/health/story/cancer-drugs-could-help-ease-chronic-nerve-pain-new-study-finds-2983615-2026-08-31?utm_source=rss,"cancer, drugs, show",en,2026-08-31 09:44:14,2026-09-01 05:41:21,2026,8,31,Monday,,0,"nerve pain, chronic nerve, pain new","['cancer drugs show', 'drugs show promise', 'chronic nerve pain', 'cancer drugs', 'drugs show']"
Hindustan Times,Unknown,84yearold businessman arrested in chennai for sexually assaulting girl,further probe revealed that the he had rented a house in teynampet and entrusted its management to his accomplice shanthi and her husband mahendra simhan,https://www.hindustantimes.com/india-news/84yearold-businessman-arrested-in-chennai-for-sexually-assaulting-girl-101788162487336.html,"year, businessman, arrested",en,2026-08-31 09:35:57,2026-09-01 05:41:20,2026,8,31,Monday,"84yearold (CARDINAL), mahendra (PERSON)",2,"arrested chennai, businessman arrested, arrested","['husband mahendra simhan', 'sexually assaulting girl', 'businessman arrested', 'mahendra simhan', 'arrested in chennai']"
Hindustan Times,Unknown,shikshagraha partners with teach for india to strengthen public education,shikshagraha partners with teach for india to strengthen public education,https://www.hindustantimes.com/india-news/shikshagraha-partners-with-teach-for-india-to-strengthen-public-education-101788167858173.html,"shikshagraha, partners, teach",en,2026-08-31 09:17:37,2026-09-01 05:41:20,2026,8,31,Monday,"india (GPE), india (GPE)",2,"teach india, shikshagraha partners, shikshagraha","['strengthen public education', 'shikshagraha partners', 'public education', 'partners with teach', 'teach for india']"
Hindustan Times,Unknown,delhi police vanish during crime only show up to assault kids dipke on greater noida gangrape,the gangrape took place when the sleeper bus was travelling between mainpuri in uttar pradesh and kashmere gate in the capital,https://www.hindustantimes.com/india-news/greater-noida-up-delhi-gangrape-bus-minor-police-latest-news-updates-cjp-abhijeet-dipke-police-101788167332880.html,"gangrape, delhi, police",en,2026-08-31 09:14:15,2026-09-01 05:41:20,2026,8,31,Monday,"delhi (GPE), mainpuri (GPE)",2,"police vanish, delhi police, vanish crime","['delhi police vanish', 'assault kids dipke', 'greater noida gangrape', 'delhi police', 'police vanish']"
Hindustan Times,Unknown,justice mishras appointment as punjab  haryana hc chief delayed aap govt yet to respond,people aware of the matter said that the union law ministry had sent the collegiums recommendation to the punjab government for its comments but the state was yet to respond,https://www.hindustantimes.com/india-news/justice-mishra-s-appointment-as-punjab-haryana-hc-chief-delayed-aap-govt-yet-to-respond-101788167490016.html,"punjab, respond, justice",en,2026-08-31 09:11:29,2026-09-01 05:41:20,2026,8,31,Monday,"mishras (ORG), the union law ministry (ORG)",2,"mishras appointment, appointment punjab, justice mishras","['justice mishras appointment', 'respond people aware', 'chief delayed aap', 'delayed aap govt', 'union law ministry']"
Hindustan Times,Unknown,night play kyss mha warns malicious android apps porn being used to steal money,an advisory issued on august 26 identified apps operating under names such as night play reloop kyss vimo rivo nexo and vixa,https://www.hindustantimes.com/india-news/mha-issues-advisory-on-malicious-android-apps-used-to-steal-money-take-control-of-phones-101788166771628.html,"night, play, kyss",en,2026-08-31 08:59:31,2026-09-01 05:41:20,2026,8,31,Monday,"apps (PERSON), august 26 (DATE)",2,"apps porn, malicious android, play kyss","['identified apps operating', 'mha warns malicious', 'warns malicious android', 'vimo rivo nexo', 'night play reloop']"
Hindustan Times,Unknown,goa wont table anticonversion bill in house as mlas push back,bjp lawmaker michael lobo said the government acted in haste in having the bill cleared in the cabinet,https://www.hindustantimes.com/india-news/anticonversion-bill-won-t-be-tabled-in-goa-assembly-bjp-lawmaker-101788165390367.html,"bill, table, anti",en,2026-08-31 08:36:30,2026-09-01 05:41:20,2026,8,31,Monday,"goa (ORG), michael lobo (PERSON)",2,"goa wont, goa, table anticonversion","['goa wont table', 'wont table anticonversion', 'mlas push back', 'push back bjp', 'back bjp lawmaker']"
Hindustan Times,Unknown,goa nightclub fire case sc upholds hc order cancelling bail of club owners,goa nightclub fire case sc upholds hc order cancelling bail of club owners,https://www.hindustantimes.com/india-news/goa-nightclub-fire-case-sc-upholds-hc-order-cancelling-bail-of-club-owners-101788165207459.html,"nightclub, fire, case",en,2026-08-31 08:33:27,2026-09-01 05:41:20,2026,8,31,Monday,goa (ORG),1,"cancelling bail, bail club, goa nightclub","['goa nightclub fire', 'nightclub fire case', 'order cancelling bail', 'goa nightclub', 'club owners']"
Hindustan Times,Unknown,zomato bans analogue paneer on its platform asks restaurants to switch to dairy,with immediate effect dishes that restaurant partners have declared as containing analogue dairy have been removed from zomato,https://www.hindustantimes.com/india-news/zomato-bans-analogue-paneer-on-its-platform-asks-restaurants-to-switch-to-dairy-101788162058983.html,"zomato, analogue, dairy",en,2026-08-31 07:44:20,2026-09-01 05:41:20,2026,8,31,Monday,,0,"zomato bans, analogue paneer, zomato","['bans analogue paneer', 'zomato bans analogue', 'effect dishes', 'partners have declared', 'zomato bans']"
Hindustan Times,Unknown,manipur 9 naga mlas write to home minister shah seek action against kukizo leaders,the letter also sought action against deputy chief minister nemcha kipgen who belongs to the kukizo community,https://www.hindustantimes.com/india-news/manipur-9-naga-mlas-write-to-home-minister-shah-seek-action-against-kuki-zo-leaders-101788161968468.html,"minister, action, against",en,2026-08-31 07:39:28,2026-09-01 05:41:20,2026,8,31,Monday,"9 (CARDINAL), shah seek (PERSON), nemcha kipgen (PERSON)",3,"manipur naga, naga mlas, kukizo leaders","['naga mlas write', 'shah seek action', 'home minister shah', 'minister shah seek', 'deputy chief minister']"
India Today,Unknown,speeding suv crushes woman against pole in up cctv captures horror,speeding suv crushes woman against pole in up cctv captures horror,https://www.indiatoday.in/india/uttar-pradesh/video/hapur-accident-speeding-bolero-suv-crushes-woman-against-pole-cctv-captures-horror-2983534-2026-08-31?utm_source=rss,"speeding, crushes, woman",en,2026-08-31 07:26:01,2026-09-01 05:41:21,2026,8,31,Monday,"cctv (ORG), cctv (ORG)",2,"suv crushes, speeding suv, crushes woman","['speeding suv crushes', 'cctv captures horror', 'suv crushes woman', 'speeding suv', 'captures horror']"
Hindustan Times,Unknown,crpf refused to share information on pellet use during student protests says tmc leader saket gokhale,trinamool congress tmc leader saket gokhale said the crpf must provide the information as the it relates to a human rights violation,https://www.hindustantimes.com/india-news/crpf-refused-to-share-info-on-pellet-use-during-student-protests-saket-gokhale-101788161069549.html,"crpf, information, leader",en,2026-08-31 07:24:29,2026-09-01 05:41:20,2026,8,31,Monday,"tmc leader (PERSON), congress (ORG)",2,"crpf refused, said crpf, crpf provide","['tmc leader saket', 'leader saket gokhale', 'congress tmc leader', 'saket gokhale trinamool', 'gokhale trinamool congress']"
Hindustan Times,Unknown,delhi draft electoral roll out around 477 lakh names excluded after sir final list on november 4,the draft roll contains around 975 lakh electors whose enumeration forms were received and digitised during the sir exercise,https://www.hindustantimes.com/india-news/delhi-draft-electoral-roll-out-47-7-lakh-names-excluded-after-sir-final-list-on-november-4-101788160525672.html,"draft, roll, around",en,2026-08-31 07:22:45,2026-09-01 05:41:20,2026,8,31,Monday,"477 (CARDINAL), november 4 (DATE), 975 (CARDINAL)",3,"delhi draft, lakh electors, electors enumeration","['delhi draft electoral', 'sir final list', 'draft electoral roll', 'list on november', 'lakh electors']"
Hindustan Times,Unknown,sc refuses to restrict cjps september 5 march in delhi says authorities expected to maintain order,the supreme court observed that there were no compelling circumstances to presume that anything untoward will happen during the cjp march,https://www.hindustantimes.com/india-news/sc-refuses-to-restrict-cjp-september-5-march-in-delhi-says-authorities-expected-to-maintain-law-101788160374279.html,"march, refuses, restrict",en,2026-08-31 07:20:50,2026-09-01 05:41:20,2026,8,31,Monday,"september 5 march (DATE), delhi (GPE), the supreme court (ORG)",3,"restrict cjps, cjp march, sc refuses","['restrict cjps september', 'supreme court observed', 'cjps september', 'refuses to restrict', 'delhi says authorities']"
Times of India,HEENA GUPTA,anthropic warns claude users of malware stealing login sessions and draining usage,ai powerhouse anthropic has issued a warning to claude users regarding a significant security violation infostealer malware is seizing control of active login sessions and evading established security protocols this enables attackers to access and misuse accounts without permission in response anthropic is signing out affected users and refunding any unauthorized expenses users are advised to update their passwords and eliminate malware from compromised devices,https://timesofindia.indiatimes.com/technology/tech-news/anthropic-has-warning-for-claude-users-we-have-recently-seen-some-/articleshow/133645571.cms,"users, anthropic, malware",en,2026-08-31 07:10:13,2026-09-01 05:41:20,2026,8,31,Monday,,0,"users malware, stealing login, malware stealing","['stealing login sessions', 'active login sessions', 'significant security violation', 'security violation infostealer', 'evading established security']"
Hindustan Times,Unknown,sc refuses to entertain plea of family court judges seeking elevation to high court,sc refuses to entertain plea of family court judges seeking elevation to high court,https://www.hindustantimes.com/india-news/sc-refuses-to-entertain-plea-of-family-court-judges-seeking-elevation-to-high-court-101788160178360.html,"court, refuses, entertain",en,2026-08-31 07:09:37,2026-09-01 05:41:20,2026,8,31,Monday,,0,"plea family, family court, sc refuses","['judges seeking elevation', 'family court judges', 'court judges seeking', 'refuses to entertain', 'entertain plea']"
Hindustan Times,Unknown,congress threatens to quit alliance if tvk backs vijay for pm instead of rahul gandhi,following the assembly elections the congress joined hands with the tvk to form the ruling government in tamil nadu,https://www.hindustantimes.com/india-news/back-rahul-gandhi-or-congress-minister-s-big-warning-after-tvk-s-pm-push-for-vijay-101788156061462.html,"congress, threatens, quit",en,2026-08-31 06:42:30,2026-09-01 05:41:20,2026,8,31,Monday,"congress (ORG), gandhi (PERSON), congress (ORG)",3,"government tamil, alliance tvk, tamil","['tvk backs vijay', 'congress joined hands', 'tamil nadu', 'threatens to quit', 'quit alliance']"
Hindustan Times,Unknown,like gold kept safely in box women must remain in homes islamic cleric in kerala,the islamic scholar further claimed that the purdah system was meant to keep women safe,https://www.hindustantimes.com/india-news/kerala-grand-mufti-says-women-must-remain-confined-to-homes-like-gold-kept-safely-in-box-sheikh-abubakr-ahmad-101788154963565.html,"women, islamic, like",en,2026-08-31 06:37:10,2026-09-01 05:41:20,2026,8,31,Monday,"islamic (NORP), kerala (GPE), islamic (NORP)",3,"kerala islamic, cleric kerala, purdah meant","['homes islamic cleric', 'women safe', 'gold kept safely', 'safely in box', 'remain in homes']"
Hindustan Times,Unknown,tata advanced systems limited signs mou to coproduce javelin missile in india,tasl and the jjv will explore establishing a final assembly and integration facility for the javelin aur  and component production capabilities,https://www.hindustantimes.com/india-news/tata-advanced-systems-limited-signs-mou-to-co-produce-javelin-missile-in-india-101788157590486.html,"javelin, tata, advanced",en,2026-08-31 06:26:30,2026-09-01 05:41:20,2026,8,31,Monday,"tata (ORG), india (GPE)",2,"javelin missile, missile india, coproduce javelin","['component production capabilities', 'tata advanced systems', 'advanced systems limited', 'systems limited signs', 'limited signs mou']"
Hindustan Times,Unknown,conman sukesh sentenced to 8 yrs in jail by delhi court for impersonating sc judge,the court said that the sentences cannot be permitted to merge into one another or to operate merely concurrently,https://www.hindustantimes.com/india-news/conman-sukesh-sentenced-to-8-yrs-in-jail-by-delhi-court-for-impersonating-sc-judge-101788157407821.html,"court, conman, sukesh",en,2026-08-31 06:23:27,2026-09-01 05:41:20,2026,8,31,Monday,"8 (CARDINAL), delhi court (ORG)",2,"sukesh sentenced, conman sukesh, delhi court","['conman sukesh sentenced', 'conman sukesh', 'yrs in jail', 'operate merely concurrently', 'sukesh sentenced']"
Hindustan Times,Unknown,aimim worker stabbed to death by gang near his hyderabad home,mahboob ali in his mid50s was attacked with knives by a group of five people,https://www.hindustantimes.com/india-news/aimim-worker-mahboob-ali-stabbed-to-death-by-gang-near-his-hyderabad-vatepally-home-101788156840657.html,"aimim, worker, stabbed",en,2026-08-31 06:20:24,2026-09-01 05:41:20,2026,8,31,Monday,"aimim (PERSON), his mid50s (DATE), five (CARDINAL)",3,"worker stabbed, aimim worker, stabbed death","['aimim worker stabbed', 'hyderabad home mahboob', 'home mahboob ali', 'aimim worker', 'worker stabbed']"
Hindustan Times,Unknown,everyone gone now no hope sonam wangchuk says cjp leaders wanted to end protest after july 20 crackdown,wangchuk said cjps leadership was deeply demoralised after the police action at jantar mantar and had asked him to help craft a message encouraging protesters,https://www.hindustantimes.com/india-news/everyone-gone-now-no-hope-sonam-wangchuk-says-cjp-leaders-wanted-to-end-protest-after-july-20-jantar-mantar-crackdown-101788150599443.html,"wangchuk, everyone, gone",en,2026-08-31 06:15:05,2026-09-01 05:41:20,2026,8,31,Monday,"july 20 (DATE), jantar mantar (ORG)",2,"cjp leaders, cjps leadership, end protest","['message encouraging protesters', 'hope sonam wangchuk', 'cjp leaders wanted', 'protest after july', 'encouraging protesters']"
Hindustan Times,Unknown,kiren rijiju fumes after viral video shows indian flag desecration in new york will cost you dearly,the purported video now doing rounds on social media shows a man desecrating the indian flag outside madison square garden in new york,https://www.hindustantimes.com/india-news/kiren-rijiju-fumes-after-viral-video-shows-indian-flag-desecration-in-new-york-will-cost-you-dearly-101788153730575.html,"video, shows, indian",en,2026-08-31 06:05:49,2026-09-01 05:41:20,2026,8,31,Monday,"indian (NORP), new york (GPE), indian (NORP), madison square garden (FAC), new york (GPE)",5,"indian flag, kiren rijiju, desecrating indian","['kiren rijiju fumes', 'madison square garden', 'indian flag desecration', 'social media shows', 'shows indian flag']"
India Today,Unknown,indian army pilots pull off daring rescue at 18600 ft,indian army pilots pull off daring rescue at  ft,https://www.indiatoday.in/newsmo/short-videos/indian-army-pilots-pull-off-daring-rescue-at-18600-ft-2982904-2026-08-30?utm_source=rss,"indian, army, pilots",en,2026-08-30 08:18:38,2026-09-01 05:41:21,2026,8,30,Sunday,"indian (NORP), 18600 (CARDINAL), indian (NORP)",3,"rescue 18600, indian army, rescue ft","['army pilots pull', 'indian army pilots', 'army pilots', 'pilots pull', 'pull off daring']"
India Today,Unknown,warning signals  india today mood of the nation survey,warning signals  india today mood of the nation survey,https://www.indiatoday.in/magazine/cover-story/story/20260907-warning-signals-india-today-mood-of-the-nation-survey-2982012-2026-08-29?utm_source=rss,"warning, signals, india",en,2026-08-29 11:48:28,2026-09-01 05:41:21,2026,8,29,Saturday,"india (GPE), today (DATE), india (GPE), today (DATE)",4,"signals india, india today, warning signals","['warning signals india', 'signals india today', 'india today mood', 'warning signals', 'nation survey']"
India Today,Unknown,economy  growth without gain,economy  growth without gain,https://www.indiatoday.in/magazine/mood-of-the-nation/story/20260907-economy-growth-without-gain-2982009-2026-08-29?utm_source=rss,"economy, growth, without",en,2026-08-29 11:47:19,2026-09-01 05:41:21,2026,8,29,Saturday,,0,"economy growth, growth gain, growth","['economy growth', 'growth without gain', 'economy', 'gain', 'growth']"
India Today,Unknown,the rs 606 problem what happens when india puts a price on upi,the rs  problem what happens when india puts a price on upi,https://www.indiatoday.in/diu/story/upi-merchant-fee-parliament-removes-ban-rs-606-average-may-limit-impact-2976676-2026-08-21?utm_source=rss,"problem, happens, when",en,2026-08-21 12:11:23,2026-09-01 05:41:21,2026,8,21,Friday,"606 (CARDINAL), india (GPE), india (GPE)",3,"upi rs, rs 606, price upi","['india puts', 'puts a price', 'price on upi', 'india', 'puts']"
India Today,Unknown,the cheapest ai in the world is indian it is also the weakest,the cheapest ai in the world is indian it is also the weakest,https://www.indiatoday.in/diu/story/indian-ai-models-sarvam-lags-us-china-globally-2975793-2026-08-20?utm_source=rss,"cheapest, world, indian",en,2026-08-20 11:59:22,2026-09-01 05:41:21,2026,8,20,Thursday,"indian (NORP), indian (NORP)",2,"cheapest ai, indian weakest, ai world","['world is indian', 'weakest', 'cheapest', 'world', 'indian']"
India Today,Unknown,the rain is falling just not where india farms,the rain is falling just not where india farms,https://www.indiatoday.in/diu/story/india-monsoon-rainfall-deficit-46-districts-dry-kharif-sowing-el-nino-2971390-2026-08-14?utm_source=rss,"rain, falling, just",en,2026-08-14 13:51:16,2026-09-01 05:41:21,2026,8,14,Friday,india (GPE),1,"india farms, rain falling, rain","['india farms', 'rain is falling', 'farms', 'rain', 'falling']"
India Today,Unknown,parliament passed 12 bills on nine only the minister spoke,parliament passed  bills on nine only the minister spoke,https://www.indiatoday.in/diu/story/lok-sabha-monsoon-session-nine-bills-passed-without-debate-mps-spoke-12-hours-2970467-2026-08-13?utm_source=rss,"parliament, passed, bills",en,2026-08-13 12:58:43,2026-09-01 05:41:21,2026,8,13,Thursday,"parliament (ORG), 12 (CARDINAL), nine (CARDINAL), nine (CARDINAL)",4,"parliament passed, spoke parliament, 12 bills","['minister spoke parliament', 'spoke parliament passed', 'parliament passed bills', 'minister spoke', 'parliament passed']"
