keyword,prediction_date,forecasting_date,forecast_score,predicted_viral,viral_probability,is_anomaly,anomaly_score,india_trend_score,trend_rank
gta|live|gta5|gtav|gaming,2026-09-07,2026-10-07,0.180923827941172,1,0.9995086,1,0.872255152758882,11.5031,1
flatbed|truck|mcqueen|transportation|pothole|car|beamng|drive,2026-09-07,2026-10-07,0.180923827941172,1,0.9991524,1,0.7621414439549312,8.7001,2
free|fire|live|playing|ranked|awm|speed|game,2026-09-07,2026-10-07,0.180923827941172,1,0.999453,1,0.6442934587241289,5.4934,3
gta|live|don|blink|secret|mod|activated|gta5,2026-09-07,2026-10-07,0.180923827941172,1,0.9995086,1,0.6332430547306075,4.4909,4
wwe|2k25|live|unbelievable|finish|best|match|ever,2026-09-07,2026-10-07,0.180923827941172,1,0.9995086,1,0.5959609132930878,4.2894,5
gta|live|don|blink|secret|mod|activated|gtalive,2026-09-07,2026-10-07,0.180923827941172,1,0.9995086,1,0.6016765069634327,4.0897,6
live|gta|gameplay|raajoo|gaming,2026-09-07,2026-10-07,0.180923827941172,1,0.999453,1,0.6025512397789203,4.0896,7
spider|man|rescue|batman|iron|venom|funny|game,2026-09-07,2026-10-07,0.180923827941172,1,0.9991524,1,0.5987066886506427,3.5047,8
live|free|fire|rank|season|push,2026-09-07,2026-10-07,0.180923827941172,1,0.999453,1,0.5422321168877385,3.4898,9
serious|rank|push|live|bin|zaid|gaming|binzaid,2026-09-07,2026-10-07,0.180923827941172,1,0.999453,1,0.5420009450770951,3.4882,10
gta|live|shortsfeed|shortslive|shorts|gta5,2026-09-07,2026-10-07,0.180923827941172,1,0.9995086,1,0.5568790983068026,3.2877,11
live|gta|gameplay|gta5|gtav|gaming,2026-09-07,2026-10-07,0.180923827941172,1,0.999453,1,0.527402453262615,3.2857,12
aaj|banaunga|streak|300k,2026-09-07,2026-10-07,0.180923827941172,1,0.999453,1,0.4989333596020158,2.8854,13
live|top|grandmaster|push|free|fire|shorts|shortslive,2026-09-07,2026-10-07,0.180923827941172,1,0.999453,1,0.4801563414042799,2.6841,14
indian|theft|auto|simulator|gameplay,2026-09-07,2026-10-07,0.180923827941172,1,0.999453,1,0.461097999771689,2.6828,15
granny|live|gameplay|shorts|shortsfeed|shortslive|horror,2026-09-07,2026-10-07,0.180923827941172,1,0.9994666,1,0.441573058521683,2.4834,16
horror|game|granny|shortslive|shorts|live|gaming|ericislive,2026-09-07,2026-10-07,0.180923827941172,1,0.999453,1,0.4600763606400957,2.4832,17
wwe|2k25|live|best|match|ever|played|unbelievable,2026-09-07,2026-10-07,0.180923827941172,1,0.9995086,1,0.4487244164132224,2.282,18
chain|together|live|ajaykhutail|shortslive|chaintogethergame,2026-09-07,2026-10-07,0.180923827941172,1,0.9995086,1,0.4189640017981817,2.281,19
gta|live|gta5|shortslive|gaming,2026-09-07,2026-10-07,0.180923827941172,1,0.9995086,1,0.4235409541477425,2.2809,20
gta|live|shortsfeed|shortlive|gta5|shorts,2026-09-07,2026-10-07,0.180923827941172,1,0.99965525,1,0.453250813456818,2.0817,21
gta|live|mrrajaplay|gtalive|gtaonline|gta5|gtav|gaming,2026-09-07,2026-10-07,0.180923827941172,1,0.9995086,1,0.51183593760868,1.8847,22
gta|live|train|100|luxury|cars,2026-09-07,2026-10-07,0.180923827941172,1,0.9995086,1,0.4121087367739674,1.8801,23
free|fire|live|daku|freefirelive|shorts,2026-09-07,2026-10-07,0.180923827941172,1,0.9995086,1,0.3696233548306439,1.6794,24
grandmaster|live|rank|push|free|fire|telugu|munna,2026-09-07,2026-10-07,0.180923827941172,1,0.999453,1,0.3454923222280894,1.4805,25
gyangaming|gta|live,2026-09-07,2026-10-07,0.180923827941172,1,0.999453,1,0.3594671359665127,1.4795,26
flatbed|mcqueen|transportation|truck|speedbumps|cars|train|beamng,2026-09-07,2026-10-07,0.180923827941172,1,0.9991524,1,0.3529266466471787,1.479,27
gameplay|aawara|gamer|free|fire|live|freefirelive|freefire,2026-09-07,2026-10-07,0.180923827941172,1,0.999453,1,0.3443452809137111,1.4783,28
gta|live|crazy|missions|funny|moments|prime|gourav,2026-09-07,2026-10-07,0.180923827941172,1,0.9994666,1,0.3601739687825662,1.4779,29
gora|ruth|gayi|pihar|chali|shiv|gaura|bhajan,2026-09-07,2026-10-07,0.180923827941172,1,0.999453,1,0.3393593381826733,1.4772,30
chain|together|mvp|vishu|shortslive|shortsfeed|shots|chaintogethergame,2026-09-07,2026-10-07,0.180923827941172,1,0.9995086,1,0.3393378246745193,1.4772,31
spider|man|against|tung|sahur|motorcycle|rainbow|spiders,2026-09-07,2026-10-07,0.180923827941172,1,0.9991524,1,0.4009339115160239,1.2899,32
tgr|nst|back|tonde|gamer|shortsfeed|tondaegamer|nstwinsff,2026-09-07,2026-10-07,0.180923827941172,1,0.9995086,1,0.3183991760267503,1.2796,33
ind|pmwc|ewc,2026-09-07,2026-10-07,0.180923827941172,1,0.9991524,1,0.322199381466788,1.2789,34
granny|horror|game|live|shortslive|shorts|gaming|gabruislive,2026-09-07,2026-10-07,0.180923827941172,1,0.9995086,1,0.3202432221118415,1.276,35
gta|live|royal|sumeet|shortslive|shortsfeed|gta5|gtaonline,2026-09-07,2026-10-07,0.180923827941172,1,0.9995086,1,0.3187988362263672,1.2755,36
chunni|mein|sonam|gujari|love|kush|meena,2026-09-07,2026-10-07,0.180923827941172,1,0.999453,1,0.2992996871682836,1.2747,37
impossible|zoo|missions|live|zoonomaly|granny|shorts|shortsfeed,2026-09-07,2026-10-07,0.180923827941172,1,0.99965525,1,0.3054264103814096,1.2743,38
hindi|tez|ffmic|2026|fall|knockout|stage|week,2026-09-07,2026-10-07,0.180923827941172,1,0.9991524,1,0.3040179064695829,1.0773,39
hardest|granny|escape|together|challenge|ever|grannygame,2026-09-07,2026-10-07,0.180923827941172,1,0.9994666,1,0.3539380986005712,1.077,40
black|panther|attack|live,2026-09-07,2026-10-07,0.180923827941172,1,0.9995086,1,0.2912022597537342,1.0739,41
gta|daily|chill|stream|chaos|live|gta5|shorts,2026-09-07,2026-10-07,0.180923827941172,1,0.9995086,1,0.2771132678366221,1.0734,42
live|wwe|2k25|gameplay|shorts|shortsfeed,2026-09-07,2026-10-07,0.180923827941172,1,0.9995086,1,0.2771416167052634,1.0732,43
gaura|ruth|gayi|pihar|chali|shiv|parvati|bhaja,2026-09-07,2026-10-07,0.180923827941172,1,0.999453,1,0.2549469815558992,1.073,44
can|stop|horror|baby|yellow,2026-09-07,2026-10-07,0.180923827941172,1,0.9994666,1,0.2654887119148028,1.0729,45
chain|together|live|stream|shortslive|chaintogethergame|gmryash,2026-09-07,2026-10-07,0.180923827941172,1,0.9995086,1,0.2550095565307824,1.0727,46
dil|walon|basti|hai|dance|version|trending,2026-09-07,2026-10-07,0.180923827941172,1,0.999453,1,0.2573032480068942,1.0724,47
lionel messi,2026-09-07,2026-10-07,0.180923827941172,1,0.99957746,1,0.397460696231582,0.8789,48
nainar nagendran,2026-09-07,2026-10-07,0.180923827941172,1,0.99957746,1,0.397460696231582,0.8789,49
mariners vs phillies,2026-09-07,2026-10-07,0.180923827941172,1,0.99957746,1,0.397460696231582,0.8789,50
coal india share,2026-09-07,2026-10-07,0.180923827941172,1,0.99957746,1,0.397460696231582,0.8789,51
rajat patidar,2026-09-07,2026-10-07,0.180923827941172,1,0.99957746,1,0.397460696231582,0.8789,52
weather chandigarh,2026-09-07,2026-10-07,0.180923827941172,1,0.99957746,1,0.397460696231582,0.8789,53
augmont share price,2026-09-07,2026-10-07,0.180923827941172,1,0.99957746,1,0.397460696231582,0.8789,54
hindi|tez|ffmic|2026|fall|group|stage|week,2026-09-07,2026-10-07,0.180923827941172,1,0.9991524,0,0.2419826536510196,0.8783,55
badge|lobby|free|fire|live|malayalam,2026-09-07,2026-10-07,0.180923827941172,1,0.999453,0,0.222484911645471,0.8759,56
maine|tere|bharose|hanuman|suneel|lodhi|ansh|neem,2026-09-07,2026-10-07,0.180923827941172,1,0.9991524,1,0.2485113195254373,0.874,57
gta|live|attack|mod|activated|street|gtalive|gta5,2026-09-07,2026-10-07,0.180923827941172,1,0.9995086,1,0.2645499676184519,0.8737,58
free|fire|live|pritigaming|rank|push|playing|subs,2026-09-07,2026-10-07,0.180923827941172,1,0.999453,0,0.2289493854330258,0.8729,59
gta|live|100,2026-09-07,2026-10-07,0.180923827941172,1,0.9994666,0,0.2370595877189741,0.8715,60
rajeev|yadav|khushi|kakkar|goli|choli|par|chaltau,2026-09-07,2026-10-07,0.180923827941172,1,0.999453,0,0.2298243060377605,0.871,61
modified|mahindra|thar|games|indian|red|gadi|wala,2026-09-07,2026-10-07,0.180923827941172,1,0.9991524,0,0.2171525767782048,0.8709,62
shiv|charcha|bhajan|geet|vivah,2026-09-07,2026-10-07,0.180923827941172,1,0.999453,0,0.2132422837284227,0.8707,63
hill|climb|recode|dheerugamerlive|shortsfeed|livestream|bgmilive|m24,2026-09-07,2026-10-07,0.180923827941172,1,0.9995086,0,0.2204852406322789,0.8705,64
khesari|lal|yadav|baje|gana|bolbam,2026-09-07,2026-10-07,0.180923827941172,1,0.999453,0,0.2143372615266134,0.8704,65
nas|kyu|dukhei|anjali|raghav|karan|chaudhary|braj,2026-09-07,2026-10-07,0.180923827941172,1,0.999453,0,0.2157041479496167,0.8704,66
vaibhav sooryavanshi,2026-09-07,2026-10-07,0.180923827941172,1,0.9994505,1,0.4017182731844613,0.7871,67
milky mist share price,2026-09-07,2026-10-07,0.180923827941172,1,0.9994505,1,0.3950271412790647,0.7308,68
minecraft|hardcore|all|bosses|day|kaicenat,2026-09-07,2026-10-07,0.180923827941172,1,0.9991524,1,0.5003699857451676,0.6881,69
pmwc|grand|finals|watchparty|day|ewc|2026|lolzzzgaming,2026-09-07,2026-10-07,0.180923827941172,1,0.9991524,1,0.2513383425203936,0.6791,70
iqoo|pro|series|season|playoffs|day|iqooproseries|iqooz11,2026-09-07,2026-10-07,0.180923827941172,1,0.9991524,0,0.2166598551460714,0.678,71
ffmic|2026|fall|knockout|stage|day|watch|party,2026-09-07,2026-10-07,0.180923827941172,1,0.9991524,0,0.2150691807758415,0.6779,72
ffmic|2026|fall|watch|party|top|kon|karega,2026-09-07,2026-10-07,0.180923827941172,1,0.9991524,0,0.2187386595599141,0.6778,73
gta|live|gamer|gtalive|gtaonline|gta5|gtav|gaming,2026-09-07,2026-10-07,0.180923827941172,1,0.9995086,1,0.3053394185705039,0.6745,74
tuntun|yadav|raksha|bandhan|special|2026|bhojpuri|rakhi,2026-09-07,2026-10-07,0.180923827941172,1,0.9991524,0,0.1994478785653715,0.6741,75
finally|update|here|bgmi|solo|squad|shortsfeed|shortslive,2026-09-07,2026-10-07,0.180923827941172,1,0.9995086,0,0.1920587795335407,0.6739,76
tuntun|yadav|raksha|bandhan|majduri|karatani|rakhi|geet,2026-09-07,2026-10-07,0.180923827941172,1,0.9991524,0,0.1968684661310635,0.6736,77
free|fire|live|1v1|guild|test|team|code,2026-09-07,2026-10-07,0.180923827941172,1,0.9994666,0,0.1984434047736747,0.673,78
hariyali teej kab ki hai,2026-09-07,2026-10-07,0.180923827941172,1,0.99957746,1,0.2707232203371946,0.6726,79
shiprocket,2026-09-07,2026-10-07,0.180923827941172,1,0.99957746,1,0.2707232203371946,0.6726,80
skymet weather,2026-09-07,2026-10-07,0.180923827941172,1,0.99957746,1,0.2707232203371946,0.6726,81
indian post gds,2026-09-07,2026-10-07,0.180923827941172,1,0.99957746,1,0.2707232203371946,0.6726,82
hcl tech share price,2026-09-07,2026-10-07,0.180923827941172,1,0.99957746,1,0.2707232203371946,0.6726,83
ambala news,2026-09-07,2026-10-07,0.180923827941172,1,0.99957746,1,0.2707232203371946,0.6726,84
amit|ashik|srishti|bharti|simran|arya|raksha|bandhan,2026-09-07,2026-10-07,0.180923827941172,1,0.9992206,0,0.1919617383530473,0.6726,85
anaya bangar,2026-09-07,2026-10-07,0.180923827941172,1,0.99957746,1,0.2707232203371946,0.6726,86
h-1b visa,2026-09-07,2026-10-07,0.180923827941172,1,0.99957746,1,0.2707232203371946,0.6726,87
infosys ceo,2026-09-07,2026-10-07,0.180923827941172,1,0.99957746,1,0.2707232203371946,0.6726,88
sensex live,2026-09-07,2026-10-07,0.180923827941172,1,0.99957746,1,0.2707232203371946,0.6726,89
sawan shivratri,2026-09-07,2026-10-07,0.180923827941172,1,0.99957746,1,0.2707232203371946,0.6726,90
satyendar jain,2026-09-07,2026-10-07,0.180923827941172,1,0.99957746,1,0.2707232203371946,0.6726,91
sara bejlek,2026-09-07,2026-10-07,0.180923827941172,1,0.99957746,1,0.2707232203371946,0.6726,92
hikaru nakamura,2026-09-07,2026-10-07,0.180923827941172,1,0.99957746,1,0.2707232203371946,0.6726,93
inox wind share price,2026-09-07,2026-10-07,0.180923827941172,1,0.99957746,1,0.2707232203371946,0.6726,94
skyways air services share price,2026-09-07,2026-10-07,0.180923827941172,1,0.99957746,1,0.2707232203371946,0.6726,95
angel one share price,2026-09-07,2026-10-07,0.180923827941172,1,0.99957746,1,0.2707232203371946,0.6726,96
shadab khan,2026-09-07,2026-10-07,0.180923827941172,1,0.99957746,1,0.2707232203371946,0.6726,97
santos fc vs palmeiras,2026-09-07,2026-10-07,0.180923827941172,1,0.99957746,1,0.2707232203371946,0.6726,98
ifci share price,2026-09-07,2026-10-07,0.180923827941172,1,0.99957746,1,0.2707232203371946,0.6726,99
rvnl share price,2026-09-07,2026-10-07,0.180923827941172,1,0.99957746,1,0.2707232203371946,0.6726,100
hull city,2026-09-07,2026-10-07,0.180923827941172,1,0.99957746,1,0.2707232203371946,0.6726,101
hrehaan roshan,2026-09-07,2026-10-07,0.180923827941172,1,0.99957746,1,0.2707232203371946,0.6726,102
sco summit,2026-09-07,2026-10-07,0.180923827941172,1,0.99957746,1,0.2707232203371946,0.6726,103
phillies vs marlins,2026-09-07,2026-10-07,0.180923827941172,1,0.99957746,1,0.2707232203371946,0.6726,104
mirzapur movie review box office,2026-09-07,2026-10-07,0.180923827941172,1,0.99957746,1,0.2707232203371946,0.6726,105
mls,2026-09-07,2026-10-07,0.180923827941172,1,0.99957746,1,0.2707232203371946,0.6726,106
దొంగతనం,2026-09-07,2026-10-07,0.180923827941172,1,0.99957746,1,0.2707232203371946,0.6726,107
మద్యం,2026-09-07,2026-10-07,0.180923827941172,1,0.99957746,1,0.2707232203371946,0.6726,108
మహిళల ఆసియా కప్,2026-09-07,2026-10-07,0.180923827941172,1,0.99957746,1,0.2707232203371946,0.6726,109
షఫాలీ వర్మ,2026-09-07,2026-10-07,0.180923827941172,1,0.99957746,1,0.2707232203371946,0.6726,110
ಬಿ. ನಾಗೇಂದ್ರ,2026-09-07,2026-10-07,0.180923827941172,1,0.99957746,1,0.2707232203371946,0.6726,111
ಬಿಗ್ ಬಾಸ್ - ಸೀಸನ್ 13,2026-09-07,2026-10-07,0.180923827941172,1,0.99957746,1,0.2707232203371946,0.6726,112
18 august,2026-09-07,2026-10-07,0.180923827941172,1,0.99957746,1,0.2707232203371946,0.6726,113
19 august 2026,2026-09-07,2026-10-07,0.180923827941172,1,0.99957746,1,0.2707232203371946,0.6726,114
20 august,2026-09-07,2026-10-07,0.180923827941172,1,0.99957746,1,0.2707232203371946,0.6726,115
ટેસ્ટ ક્રિકેટ,2026-09-07,2026-10-07,0.180923827941172,1,0.99957746,1,0.2707232203371946,0.6726,116
சீனா,2026-09-07,2026-10-07,0.180923827941172,1,0.99957746,1,0.2707232203371946,0.6726,117
raghav chadha,2026-09-07,2026-10-07,0.180923827941172,1,0.99957746,1,0.2707232203371946,0.6726,118
ராசி பலன்,2026-09-07,2026-10-07,0.180923827941172,1,0.99957746,1,0.2707232203371946,0.6726,119
வானிலை,2026-09-07,2026-10-07,0.180923827941172,1,0.99957746,1,0.2707232203371946,0.6726,120
అల్లు అర్జున్,2026-09-07,2026-10-07,0.180923827941172,1,0.99957746,1,0.2707232203371946,0.6726,121
എം.എ. ബേബി,2026-09-07,2026-10-07,0.180923827941172,1,0.99957746,1,0.2707232203371946,0.6726,122
త్రివిక్రమ్ శ్రీనివాస్,2026-09-07,2026-10-07,0.180923827941172,1,0.99957746,1,0.2707232203371946,0.6726,123
cambridge professor jason arday,2026-09-07,2026-10-07,0.180923827941172,1,0.99957746,1,0.2707232203371946,0.6726,124
cboe volatility index,2026-09-07,2026-10-07,0.180923827941172,1,0.99957746,1,0.2707232203371946,0.6726,125
central zone vs east zone,2026-09-07,2026-10-07,0.180923827941172,1,0.99957746,1,0.2707232203371946,0.6726,126
शिक्षा मंत्री,2026-09-07,2026-10-07,0.180923827941172,1,0.99957746,1,0.2707232203371946,0.6726,127
श्रेयंका पाटील,2026-09-07,2026-10-07,0.180923827941172,1,0.99957746,1,0.2707232203371946,0.6726,128
संभागीय आयुक्त,2026-09-07,2026-10-07,0.180923827941172,1,0.99957746,1,0.2707232203371946,0.6726,129
समाचार खबरें,2026-09-07,2026-10-07,0.180923827941172,1,0.99957746,1,0.2707232203371946,0.6726,130
सिंध,2026-09-07,2026-10-07,0.180923827941172,1,0.99957746,1,0.2707232203371946,0.6726,131
सोनल दिनुषा,2026-09-07,2026-10-07,0.180923827941172,1,0.99957746,1,0.2707232203371946,0.6726,132
ভারতীয় রেল,2026-09-07,2026-10-07,0.180923827941172,1,0.99957746,1,0.2707232203371946,0.6726,133
சென்னை மெட்ரோ,2026-09-07,2026-10-07,0.180923827941172,1,0.99957746,1,0.2707232203371946,0.6726,134
bayern munich jamal musiala,2026-09-07,2026-10-07,0.180923827941172,1,0.99957746,1,0.2707232203371946,0.6726,135
is today bank holiday,2026-09-07,2026-10-07,0.180923827941172,1,0.99957746,1,0.2707232203371946,0.6726,136
jagran,2026-09-07,2026-10-07,0.180923827941172,1,0.99957746,1,0.2707232203371946,0.6726,137
jamal musiala,2026-09-07,2026-10-07,0.180923827941172,1,0.99957746,1,0.2707232203371946,0.6726,138
jammu weather,2026-09-07,2026-10-07,0.180923827941172,1,0.99957746,1,0.2707232203371946,0.6726,139
jana nayagan ott release date,2026-09-07,2026-10-07,0.180923827941172,1,0.99957746,1,0.2707232203371946,0.6726,140
javagal srinath,2026-09-07,2026-10-07,0.180923827941172,1,0.99957746,1,0.2707232203371946,0.6726,141
jhoan duran,2026-09-07,2026-10-07,0.180923827941172,1,0.99957746,1,0.2707232203371946,0.6726,142
rajiv gandhi,2026-09-07,2026-10-07,0.180923827941172,1,0.99957746,1,0.2707232203371946,0.6726,143
realme 16x 5g,2026-09-07,2026-10-07,0.180923827941172,1,0.99957746,1,0.2707232203371946,0.6726,144
barish,2026-09-07,2026-10-07,0.180923827941172,1,0.99957746,1,0.2707232203371946,0.6726,145
karoline leavitt,2026-09-07,2026-10-07,0.180923827941172,1,0.99957746,1,0.2707232203371946,0.6726,146
bajaj auto share price,2026-09-07,2026-10-07,0.180923827941172,1,0.99957746,1,0.2707232203371946,0.6726,147
lafc vs querétaro,2026-09-07,2026-10-07,0.180923827941172,1,0.99957746,1,0.2707232203371946,0.6726,148
peter navarro,2026-09-07,2026-10-07,0.180923827941172,1,0.99957746,1,0.2707232203371946,0.6726,149
leagues cup,2026-09-07,2026-10-07,0.180923827941172,1,0.99957746,1,0.2707232203371946,0.6726,150
live score cricket,2026-09-07,2026-10-07,0.180923827941172,1,0.99957746,1,0.2707232203371946,0.6726,151
aryan juyal,2026-09-07,2026-10-07,0.180923827941172,1,0.99957746,1,0.2707232203371946,0.6726,152
pranav constructions ipo gmp,2026-09-07,2026-10-07,0.180923827941172,1,0.99957746,1,0.2707232203371946,0.6726,153
arjun ayanki,2026-09-07,2026-10-07,0.180923827941172,1,0.99957746,1,0.2707232203371946,0.6726,154
lunar eclipses,2026-09-07,2026-10-07,0.180923827941172,1,0.99957746,1,0.2707232203371946,0.6726,155
mann ki baat,2026-09-07,2026-10-07,0.180923827941172,1,0.99957746,1,0.2707232203371946,0.6726,156
mansur abdul-malik,2026-09-07,2026-10-07,0.180923827941172,1,0.99957746,1,0.2707232203371946,0.6726,157
mateusz gamrot,2026-09-07,2026-10-07,0.180923827941172,1,0.99957746,1,0.2707232203371946,0.6726,158
medhavi bidhuri,2026-09-07,2026-10-07,0.180923827941172,1,0.99957746,1,0.2707232203371946,0.6726,159
mehidy hasan miraz,2026-09-07,2026-10-07,0.180923827941172,1,0.99957746,1,0.2707232203371946,0.6726,160
milad un nabi 2026 date in india,2026-09-07,2026-10-07,0.180923827941172,1,0.99957746,1,0.2707232203371946,0.6726,161
ny red bulls vs nashville,2026-09-07,2026-10-07,0.180923827941172,1,0.99957746,1,0.2707232203371946,0.6726,162
ola electric share price,2026-09-07,2026-10-07,0.180923827941172,1,0.99957746,1,0.2707232203371946,0.6726,163
pat cummins,2026-09-07,2026-10-07,0.180923827941172,1,0.99957746,1,0.2707232203371946,0.6726,164
lamine camara,2026-09-07,2026-10-07,0.180923827941172,1,0.99957746,1,0.2707232203371946,0.6726,165
मतदाता,2026-09-07,2026-10-07,0.180923827941172,1,0.99957746,1,0.2707232203371946,0.6726,166
मनन कुमार मिश्रा,2026-09-07,2026-10-07,0.180923827941172,1,0.99957746,1,0.2707232203371946,0.6726,167
मीरवाइज उमर फारूक,2026-09-07,2026-10-07,0.180923827941172,1,0.99957746,1,0.2707232203371946,0.6726,168
मोहसिन खान,2026-09-07,2026-10-07,0.180923827941172,1,0.99957746,1,0.2707232203371946,0.6726,169
युवराज सिंह,2026-09-07,2026-10-07,0.180923827941172,1,0.99957746,1,0.2707232203371946,0.6726,170
राष्ट्रगीत,2026-09-07,2026-10-07,0.180923827941172,1,0.99957746,1,0.2707232203371946,0.6726,171
राहु,2026-09-07,2026-10-07,0.180923827941172,1,0.99957746,1,0.2707232203371946,0.6726,172
वित्तीय संकट,2026-09-07,2026-10-07,0.180923827941172,1,0.99957746,1,0.2707232203371946,0.6726,173
वीडियो,2026-09-07,2026-10-07,0.180923827941172,1,0.99957746,1,0.2707232203371946,0.6726,174
व्हाट्सएप,2026-09-07,2026-10-07,0.180923827941172,1,0.99957746,1,0.2707232203371946,0.6726,175
chicago fire fc vs santos laguna standings,2026-09-07,2026-10-07,0.180923827941172,1,0.99957746,1,0.2707232203371946,0.6726,176
chini ka rate,2026-09-07,2026-10-07,0.180923827941172,1,0.99957746,1,0.2707232203371946,0.6726,177
coco gauff,2026-09-07,2026-10-07,0.180923827941172,1,0.99957746,1,0.2707232203371946,0.6726,178
हिंदी मूवी,2026-09-07,2026-10-07,0.180923827941172,1,0.99957746,1,0.2707232203371946,0.6726,179
डायमंड लीग,2026-09-07,2026-10-07,0.180923827941172,1,0.99957746,1,0.2707232203371946,0.6726,180
दिव्या मित्तल आईएएस,2026-09-07,2026-10-07,0.180923827941172,1,0.99957746,1,0.2707232203371946,0.6726,181
धनु,2026-09-07,2026-10-07,0.180923827941172,1,0.99957746,1,0.2707232203371946,0.6726,182
नाग पंचमी कब है,2026-09-07,2026-10-07,0.180923827941172,1,0.99957746,1,0.2707232203371946,0.6726,183
नोएडा इंटरनेशनल एयरपोर्ट,2026-09-07,2026-10-07,0.180923827941172,1,0.99957746,1,0.2707232203371946,0.6726,184
पी॰ चिदंबरम,2026-09-07,2026-10-07,0.180923827941172,1,0.99957746,1,0.2707232203371946,0.6726,185
फरक्का,2026-09-07,2026-10-07,0.180923827941172,1,0.99957746,1,0.2707232203371946,0.6726,186
फ्लिपकार्ट,2026-09-07,2026-10-07,0.180923827941172,1,0.99957746,1,0.2707232203371946,0.6726,187
बलूचिस्तान,2026-09-07,2026-10-07,0.180923827941172,1,0.99957746,1,0.2707232203371946,0.6726,188
बांगलादेश वि ऑस्ट्रेलिया,2026-09-07,2026-10-07,0.180923827941172,1,0.99957746,1,0.2707232203371946,0.6726,189
22 august 2026,2026-09-07,2026-10-07,0.180923827941172,1,0.99957746,1,0.2707232203371946,0.6726,190
26 august 2026,2026-09-07,2026-10-07,0.180923827941172,1,0.99957746,1,0.2707232203371946,0.6726,191
अंतरिक्ष यान,2026-09-07,2026-10-07,0.180923827941172,1,0.99957746,1,0.2707232203371946,0.6726,192
अधिग्रहण,2026-09-07,2026-10-07,0.180923827941172,1,0.99957746,1,0.2707232203371946,0.6726,193
community shield,2026-09-07,2026-10-07,0.180923827941172,1,0.99957746,1,0.2707232203371946,0.6726,194
భారత అండర్-19 క్రికెట్ జట్టు,2026-09-07,2026-10-07,0.180923827941172,1,0.99957746,1,0.2707232203371946,0.6726,195
పాముకాటు,2026-09-07,2026-10-07,0.180923827941172,1,0.99957746,1,0.2707232203371946,0.6726,196
കടലിടുക്ക്,2026-09-07,2026-10-07,0.180923827941172,1,0.99957746,1,0.2707232203371946,0.6726,197
ఎరువు,2026-09-07,2026-10-07,0.180923827941172,1,0.99957746,1,0.2707232203371946,0.6726,198
11 august,2026-09-07,2026-10-07,0.180923827941172,1,0.99957746,1,0.2707232203371946,0.6726,199
സൗദി അറേബ്യ,2026-09-07,2026-10-07,0.180923827941172,1,0.99957746,1,0.2707232203371946,0.6726,200
സ്വര്ണം,2026-09-07,2026-10-07,0.180923827941172,1,0.99957746,1,0.2707232203371946,0.6726,201
സുകുമാരക്കുറുപ്പ്,2026-09-07,2026-10-07,0.180923827941172,1,0.99957746,1,0.2707232203371946,0.6726,202
വിരമിക്കല്,2026-09-07,2026-10-07,0.180923827941172,1,0.99957746,1,0.2707232203371946,0.6726,203
വിമാനത്താവളം,2026-09-07,2026-10-07,0.180923827941172,1,0.99957746,1,0.2707232203371946,0.6726,204
ബി. നാഗേന്ദ്ര,2026-09-07,2026-10-07,0.180923827941172,1,0.99957746,1,0.2707232203371946,0.6726,205
13 august,2026-09-07,2026-10-07,0.180923827941172,1,0.99957746,1,0.2707232203371946,0.6726,206
monterrey vs nashville,2026-09-07,2026-10-07,0.180923827941172,1,0.99957746,1,0.2707232203371946,0.6726,207
murli manohar joshi,2026-09-07,2026-10-07,0.180923827941172,1,0.99957746,1,0.2707232203371946,0.6726,208
भारत के विदेशी मुद्रा भंडार,2026-09-07,2026-10-07,0.180923827941172,1,0.99957746,1,0.2707232203371946,0.6726,209
aus बनाम ban,2026-09-07,2026-10-07,0.180923827941172,1,0.99957746,1,0.2707232203371946,0.6726,210
nashville vs san luis,2026-09-07,2026-10-07,0.180923827941172,1,0.99957746,1,0.2707232203371946,0.6726,211
nic,2026-09-07,2026-10-07,0.180923827941172,1,0.99957746,1,0.2707232203371946,0.6726,212
niroshan dickwella,2026-09-07,2026-10-07,0.180923827941172,1,0.99957746,1,0.2707232203371946,0.6726,213
nitish rajput news,2026-09-07,2026-10-07,0.180923827941172,1,0.99957746,1,0.2707232203371946,0.6726,214
nse holidays,2026-09-07,2026-10-07,0.180923827941172,1,0.99957746,1,0.2707232203371946,0.6726,215
15 august video,2026-09-07,2026-10-07,0.180923827941172,1,0.99957746,1,0.2707232203371946,0.6726,216
17 august,2026-09-07,2026-10-07,0.180923827941172,1,0.99957746,1,0.2707232203371946,0.6726,217
పాము,2026-09-07,2026-10-07,0.180923827941172,1,0.99957746,1,0.2707232203371946,0.6726,218
దేవ్దత్ పడిక్కల్,2026-09-07,2026-10-07,0.180923827941172,1,0.99957746,1,0.2707232203371946,0.6726,219
মানসী সিনহা,2026-09-07,2026-10-07,0.180923827941172,1,0.99957746,1,0.2707232203371946,0.6726,220
রুক্মিণী মৈত্র,2026-09-07,2026-10-07,0.180923827941172,1,0.99957746,1,0.2707232203371946,0.6726,221
ब्रह्मपुत्र,2026-09-07,2026-10-07,0.180923827941172,1,0.99957746,1,0.2707232203371946,0.6726,222
भरत सिंह,2026-09-07,2026-10-07,0.180923827941172,1,0.99957746,1,0.2707232203371946,0.6726,223
august 19,2026-09-07,2026-10-07,0.180923827941172,1,0.99957746,1,0.2707232203371946,0.6726,224
weather report,2026-09-07,2026-10-07,0.180923827941172,1,0.99957746,1,0.2707232203371946,0.6726,225
adrian newey,2026-09-07,2026-10-07,0.180923827941172,1,0.99957746,1,0.2707232203371946,0.6726,226
ugc net,2026-09-07,2026-10-07,0.180923827941172,1,0.99957746,1,0.2707232203371946,0.6726,227
us open,2026-09-07,2026-10-07,0.180923827941172,1,0.99957746,1,0.2707232203371946,0.6726,228
varalakshmi,2026-09-07,2026-10-07,0.180923827941172,1,0.99957746,1,0.2707232203371946,0.6726,229
varamahalakshmi wishes in kannada,2026-09-07,2026-10-07,0.180923827941172,1,0.99957746,1,0.2707232203371946,0.6726,230
adani power share price,2026-09-07,2026-10-07,0.180923827941172,1,0.99957746,1,0.2707232203371946,0.6726,231
gilderoy lockhart,2026-09-07,2026-10-07,0.180923827941172,1,0.99957746,1,0.2707232203371946,0.6726,232
bigg boss 20 bhagirath bhatt,2026-09-07,2026-10-07,0.180923827941172,1,0.99957746,1,0.2707232203371946,0.6726,233
tbz share price,2026-09-07,2026-10-07,0.180923827941172,1,0.99957746,1,0.2707232203371946,0.6726,234
tharahai cuthbert,2026-09-07,2026-10-07,0.180923827941172,1,0.99957746,1,0.2707232203371946,0.6726,235
tiranga,2026-09-07,2026-10-07,0.180923827941172,1,0.99957746,1,0.2707232203371946,0.6726,236
today day,2026-09-07,2026-10-07,0.180923827941172,1,0.99957746,1,0.2707232203371946,0.6726,237
today special,2026-09-07,2026-10-07,0.180923827941172,1,0.99957746,1,0.2707232203371946,0.6726,238
अपघात,2026-09-07,2026-10-07,0.180923827941172,1,0.99957746,1,0.2707232203371946,0.6726,239
alia bhatt sharvari alpha ott premiere,2026-09-07,2026-10-07,0.180923827941172,1,0.99957746,1,0.2707232203371946,0.6726,240
amanda anisimova,2026-09-07,2026-10-07,0.180923827941172,1,0.99957746,1,0.2707232203371946,0.6726,241
sun pharma share price,2026-09-07,2026-10-07,0.180923827941172,1,0.99957746,1,0.2707232203371946,0.6726,242
surya grahan 2026,2026-09-07,2026-10-07,0.180923827941172,1,0.99957746,1,0.2707232203371946,0.6726,243
tajinder singh,2026-09-07,2026-10-07,0.180923827941172,1,0.99957746,1,0.2707232203371946,0.6726,244
tamil nadu premier league,2026-09-07,2026-10-07,0.180923827941172,1,0.99957746,1,0.2707232203371946,0.6726,245
tamil news,2026-09-07,2026-10-07,0.180923827941172,1,0.99957746,1,0.2707232203371946,0.6726,246
tata power share price,2026-09-07,2026-10-07,0.180923827941172,1,0.99957746,1,0.2707232203371946,0.6726,247
tbz share,2026-09-07,2026-10-07,0.180923827941172,1,0.99957746,1,0.2707232203371946,0.6726,248
slk vs abf,2026-09-07,2026-10-07,0.180923827941172,1,0.99957746,1,0.2707232203371946,0.6726,249
slk vs gaw,2026-09-07,2026-10-07,0.180923827941172,1,0.99957746,1,0.2707232203371946,0.6726,250
smaran ravichandran,2026-09-07,2026-10-07,0.180923827941172,1,0.99957746,1,0.2707232203371946,0.6726,251
sofia kenin,2026-09-07,2026-10-07,0.180923827941172,1,0.99957746,1,0.2707232203371946,0.6726,252
sonal dinusha,2026-09-07,2026-10-07,0.180923827941172,1,0.99957746,1,0.2707232203371946,0.6726,253
trinbago knight riders barbados tridents,2026-09-07,2026-10-07,0.180923827941172,1,0.99957746,1,0.2707232203371946,0.6726,254
अमावस्या कब है,2026-09-07,2026-10-07,0.180923827941172,1,0.99957746,1,0.2707232203371946,0.6726,255
आम्रपाली दुबे,2026-09-07,2026-10-07,0.180923827941172,1,0.99957746,1,0.2707232203371946,0.6726,256
ईद कब है,2026-09-07,2026-10-07,0.180923827941172,1,0.99957746,1,0.2707232203371946,0.6726,257
गूगल,2026-09-07,2026-10-07,0.180923827941172,1,0.99957746,1,0.2707232203371946,0.6726,258
8वें वेतन आयोग,2026-09-07,2026-10-07,0.180923827941172,1,0.99957746,1,0.2707232203371946,0.6726,259
जीतन राम मांझी,2026-09-07,2026-10-07,0.180923827941172,1,0.99957746,1,0.2707232203371946,0.6726,260
झारखंड,2026-09-07,2026-10-07,0.180923827941172,1,0.99957746,1,0.2707232203371946,0.6726,261
dc film lokesh kanagaraj,2026-09-07,2026-10-07,0.180923827941172,1,0.99957746,1,0.2707232203371946,0.6726,262
deepa jewellers ipo gmp today,2026-09-07,2026-10-07,0.180923827941172,1,0.99957746,1,0.2707232203371946,0.6726,263
devan,2026-09-07,2026-10-07,0.180923827941172,1,0.99957746,1,0.2707232203371946,0.6726,264
dhoot transmission ipo gmp,2026-09-07,2026-10-07,0.180923827941172,1,0.99957746,1,0.2707232203371946,0.6726,265
abhimanyu easwaran,2026-09-07,2026-10-07,0.180923827941172,1,0.99957746,1,0.2707232203371946,0.6726,266
wings vs fever,2026-09-07,2026-10-07,0.180923827941172,1,0.99957746,1,0.2707232203371946,0.6726,267
durand cup mohun bagan live score,2026-09-07,2026-10-07,0.180923827941172,1,0.99957746,1,0.2707232203371946,0.6726,268
weather prayagraj,2026-09-07,2026-10-07,0.180923827941172,1,0.99957746,1,0.2707232203371946,0.6726,269
elina svitolina,2026-09-07,2026-10-07,0.180923827941172,1,0.99957746,1,0.2707232203371946,0.6726,270
esds software solution ipo,2026-09-07,2026-10-07,0.180923827941172,1,0.99957746,1,0.2707232203371946,0.6726,271
evin lewis,2026-09-07,2026-10-07,0.180923827941172,1,0.99957746,1,0.2707232203371946,0.6726,272
fabrizio romano,2026-09-07,2026-10-07,0.180923827941172,1,0.99957746,1,0.2707232203371946,0.6726,273
faria abdullah,2026-09-07,2026-10-07,0.180923827941172,1,0.99957746,1,0.2707232203371946,0.6726,274
flood situation near baitarani river,2026-09-07,2026-10-07,0.180923827941172,1,0.99957746,1,0.2707232203371946,0.6726,275
galle international stadium weather,2026-09-07,2026-10-07,0.180923827941172,1,0.99957746,1,0.2707232203371946,0.6726,276
vibe movie release date,2026-09-07,2026-10-07,0.180923827941172,1,0.99957746,1,0.2707232203371946,0.6726,277
vijay salgaonkar,2026-09-07,2026-10-07,0.180923827941172,1,0.99957746,1,0.2707232203371946,0.6726,278
vishal garg,2026-09-07,2026-10-07,0.180923827941172,1,0.99957746,1,0.2707232203371946,0.6726,279
vizag airport,2026-09-07,2026-10-07,0.180923827941172,1,0.99957746,1,0.2707232203371946,0.6726,280
weather meerut,2026-09-07,2026-10-07,0.180923827941172,1,0.99957746,1,0.2707232203371946,0.6726,281
weather new delhi,2026-09-07,2026-10-07,0.180923827941172,1,0.99957746,1,0.2707232203371946,0.6726,282
weather patna,2026-09-07,2026-10-07,0.180923827941172,1,0.99957746,1,0.2707232203371946,0.6726,283
ekadashi kab hai,2026-09-07,2026-10-07,0.180923827941172,1,0.99957746,1,0.2707232203371946,0.6726,284
csr|push|region|999|400k|shortslive|verticallive|freefire,2026-09-07,2026-10-07,0.180923827941172,1,0.9994666,0,0.1909113716474841,0.6718,285
bgmi|here|naruto|season|conqueror|hoga,2026-09-07,2026-10-07,0.180923827941172,1,0.999453,0,0.1876991108573142,0.6718,286
granny|live|horror|gameplay|shortslive|shortsfeed|ishowspeed|short,2026-09-07,2026-10-07,0.180923827941172,1,0.9995086,0,0.237897644840301,0.6714,287
gta|live|journey|billion|gta5|gtav|gaming|shortsfeed,2026-09-07,2026-10-07,0.180923827941172,1,0.9995086,0,0.2008033262048347,0.6711,288
live|hanuman|jayanti,2026-09-07,2026-10-07,0.180923827941172,1,0.99957436,0,0.1839899016001657,0.6705,289
ekadashi|vrat|aarti|mata|hindi,2026-09-07,2026-10-07,0.180923827941172,1,0.99949706,0,0.1848937310365983,0.6704,290
maine|tere|bharose|hanuman|ansh|neem|karoli|baba,2026-09-07,2026-10-07,0.180923827941172,1,0.9991524,0,0.1874650691773343,0.6703,291
chained|together|live|king|sachu|shortslive|chaintogethergame,2026-09-07,2026-10-07,0.180923827941172,1,0.9995086,0,0.1810026918670221,0.6699,292
finally|update|here|bgmi|shortsfeed|shortslive,2026-09-07,2026-10-07,0.180923827941172,1,0.9994666,0,0.1827487027604872,0.6696,293
high court of bombay,2026-09-07,2026-10-07,0.180923827941172,1,0.99957746,1,0.2922799989717694,0.6696,294
teri|yaadon|chadar|odhe|dil|tera|naam|liya,2026-09-07,2026-10-07,0.180923827941172,1,0.999453,0,0.1966922377232325,0.6695,295
live|venkateshwara|suprabhatha|bhakthi|nidhi,2026-09-07,2026-10-07,0.180923827941172,1,0.999453,0,0.1825017713291928,0.6694,296
granny|khele|shortslive|shorts|live|gaming,2026-09-07,2026-10-07,0.180923827941172,1,0.9994666,0,0.1940439451137232,0.6694,297
chained|together|sagar|plays|shortslive|chaintogethergame|sagarplays01,2026-09-07,2026-10-07,0.180923827941172,1,0.9995086,0,0.1902602136262453,0.6693,298
mohabbat|dil|sakoon|hai|aitbaar|kumar|sanu|alka,2026-09-07,2026-10-07,0.180923827941172,1,0.999453,0,0.1912409639778258,0.6691,299
radha|tamanna|hai|kanha|mujhe|mil|jaye|radhe,2026-09-07,2026-10-07,0.180923827941172,1,0.999453,0,0.1881430840270677,0.6691,300
anju|upadhyay|amrit,2026-09-07,2026-10-07,0.180923827941172,1,0.999453,0,0.1837411011711317,0.669,301
பரந்தூர்,2026-09-07,2026-10-07,0.180923827941172,1,0.99957746,1,0.3096372562961497,0.6665,302
पटना,2026-09-07,2026-10-07,0.180923827941172,1,0.99957746,1,0.3096372562961497,0.6665,303
xauusd,2026-09-07,2026-10-07,0.180923827941172,1,0.99957746,1,0.3218543065029675,0.6631,304
અભિનેતા,2026-09-07,2026-10-07,0.180923827941172,1,0.99957746,1,0.3409790591910452,0.6561,305
nifty50,2026-09-07,2026-10-07,0.180923827941172,1,0.99957746,1,0.3464103949347111,0.6523,306
uttar pradesh,2026-09-07,2026-10-07,0.180923827941172,1,0.99957746,1,0.3469506223870763,0.6484,307
अरुणा ईरानी,2026-09-07,2026-10-07,0.180923827941172,1,0.99957746,1,0.3525421539167105,0.6407,308
பெட்ரோல்,2026-09-07,2026-10-07,0.180923827941172,1,0.99957746,1,0.3525421539167105,0.6407,309
hdfc bank share price,2026-09-07,2026-10-07,0.180923827941172,1,0.99957746,1,0.3525421539167105,0.6407,310
libra horoscope today,2026-09-07,2026-10-07,0.180923827941172,1,0.99957746,1,0.3520157563553029,0.6366,311
పోలీసులు,2026-09-07,2026-10-07,0.180923827941172,1,0.99957746,1,0.3520157563553029,0.6366,312
bhagwant mann,2026-09-07,2026-10-07,0.180923827941172,1,0.99957746,1,0.3521547986044604,0.6326,313
lumino industries share price,2026-09-07,2026-10-07,0.180923827941172,1,0.99957746,1,0.3521547986044604,0.6326,314
najmul hossain shanto,2026-09-07,2026-10-07,0.180923827941172,1,0.99957746,1,0.3529554118536773,0.6247,315
बाज़ार,2026-09-07,2026-10-07,0.180923827941172,1,0.99957746,1,0.3520999007821304,0.6206,316
hdfc share price,2026-09-07,2026-10-07,0.180923827941172,1,0.99957746,1,0.3567891961146141,0.6129,317
sachin tendulkar,2026-09-07,2026-10-07,0.180923827941172,1,0.99957746,1,0.3587008337018494,0.609,318
happiest minds share price,2026-09-07,2026-10-07,0.180923827941172,1,0.99957746,1,0.3587008337018494,0.609,319
result,2026-09-07,2026-10-07,0.180923827941172,1,0.99957746,1,0.3599646306983172,0.601,320
anupama parameswaran,2026-09-07,2026-10-07,0.180923827941172,1,0.99957746,1,0.3565573307489739,0.5969,321
weather ahmedabad,2026-09-07,2026-10-07,0.180923827941172,1,0.99957746,1,0.3562999081559201,0.5928,322
maps,2026-09-07,2026-10-07,0.180923827941172,1,0.99957746,1,0.3562999081559201,0.5928,323
cag,2026-09-07,2026-10-07,0.180923827941172,1,0.9994531,1,0.3560597437042987,0.5888,324
उत्तर प्रदेश पुलिस,2026-09-07,2026-10-07,0.180923827941172,1,0.9994531,1,0.3560597437042987,0.5888,325
ബസ്,2026-09-07,2026-10-07,0.180923827941172,1,0.9993729,1,0.3538447200164482,0.5847,326
pune,2026-09-07,2026-10-07,0.180923827941172,1,0.9993729,1,0.3538447200164482,0.5847,327
कंपनी,2026-09-07,2026-10-07,0.180923827941172,1,0.9993729,1,0.3538447200164482,0.5847,328
imd rain alert bihar jharkhand,2026-09-07,2026-10-07,0.180923827941172,1,0.9993729,1,0.3543236310176121,0.5807,329
मुख्य न्यायाधीश,2026-09-07,2026-10-07,0.180923827941172,1,0.9993729,1,0.3556605410749193,0.5768,330
मुद्रा,2026-09-07,2026-10-07,0.180923827941172,1,0.9993729,1,0.3556605410749193,0.5768,331
aaj tak live,2026-09-07,2026-10-07,0.180923827941172,1,0.9993729,1,0.3535039267457044,0.5727,332
sl vs ind,2026-09-07,2026-10-07,0.180923827941172,1,0.9993729,1,0.3562336718996785,0.5648,333
abishek porel,2026-09-07,2026-10-07,0.180923827941172,1,0.9993729,1,0.3562336718996785,0.5648,334
songs,2026-09-07,2026-10-07,0.180923827941172,1,0.9993729,1,0.3564738951999718,0.5608,335
কর্মকর্তা,2026-09-07,2026-10-07,0.180923827941172,1,0.9993729,1,0.3576016996856317,0.5569,336
from,2026-09-07,2026-10-07,0.180923827941172,1,0.9993729,1,0.3576016996856317,0.5569,337
estonia|minister|quits,2026-09-07,2026-10-07,0.180923827941172,1,0.99720436,1,0.388620915722055,0.5283,338
விலை,2026-09-07,2026-10-07,0.180923827941172,1,0.9993729,1,0.353839581866577,0.5207,339
విజయ్,2026-09-07,2026-10-07,0.180923827941172,1,0.9993729,1,0.353360998255678,0.5167,340
vn,2026-09-07,2026-10-07,0.180923827941172,1,0.9993729,1,0.353839581866577,0.5127,341
ಹೆಚ್.ಡಿ.ಕುಮಾರಸ್ವಾಮಿ,2026-09-07,2026-10-07,0.180923827941172,1,0.9993729,1,0.3528827383383853,0.5087,342
amit shah,2026-09-07,2026-10-07,0.180923827941172,1,0.9993729,1,0.352165954909083,0.5006,343
epic|battle|prehistoric|elephant|rex|dinosaurs|wild|animals,2026-09-07,2026-10-07,0.180923827941172,1,0.9991524,1,0.2881553170253643,0.4981,344
shan masood,2026-09-07,2026-10-07,0.180923827941172,1,0.9697202,1,0.3506863935969362,0.4951,345
pmwc|ewc|group|stage|day|watchparty|snax,2026-09-07,2026-10-07,0.180923827941172,1,0.9991524,1,0.3587356226752498,0.4882,346
pmwc|ewc|grand|finals|watchparty|live|paris,2026-09-07,2026-10-07,0.180923827941172,1,0.9991524,1,0.3883669916839013,0.4879,347
రంభ ఊర్వశి మేనక,2026-09-07,2026-10-07,0.180923827941172,1,0.9697202,1,0.3489338534464645,0.487,348
eng बनाम pak,2026-09-07,2026-10-07,0.180923827941172,1,0.9697202,1,0.3489338534464645,0.487,349
ark|survival|evolved,2026-09-07,2026-10-07,0.180923827941172,1,0.999453,0,0.1936616717377118,0.485,350
tatvdarshi|masoom|sharma|harry|lather|thinker|haryanvi|2026,2026-09-07,2026-10-07,0.180923827941172,1,0.9991524,1,0.2801949873232966,0.4829,351
watched|avengers|doomsday|25x|speed|here|what|found,2026-09-07,2026-10-07,0.180923827941172,1,0.9991524,0,0.1904558696696377,0.4818,352
poor|rich|simulator|malayalam,2026-09-07,2026-10-07,0.180923827941172,1,0.9991524,0,0.1690626896592934,0.4794,353
avengers|doomsday|breakdown,2026-09-07,2026-10-07,0.180923827941172,1,0.9991524,0,0.1957049724078431,0.4792,354
mallepoola|pallaki|ravi|teja|prakash|dappu|srinu|shiva,2026-09-07,2026-10-07,0.180923827941172,1,0.9991524,1,0.3229924836298029,0.479,355
pmwc|ewc|survival|stage|watchparty|snax,2026-09-07,2026-10-07,0.180923827941172,1,0.9991524,0,0.2294614330340844,0.4789,356
free|fire|live|sudip|sarkar|freefirelive|sudipsarkar|verticallive,2026-09-07,2026-10-07,0.180923827941172,1,0.999453,0,0.1800696947538838,0.4787,357
hoke|rahega|aggressive|conqueror|rank|push|lolzzzgaming,2026-09-07,2026-10-07,0.180923827941172,1,0.999453,0,0.177252313310175,0.4782,358
playing|subscribers|road|freefirelive|shortsfeed|femalegamer|1million|annuplay,2026-09-07,2026-10-07,0.180923827941172,1,0.999453,0,0.1592460569034779,0.4769,359
codenames|s8ul,2026-09-07,2026-10-07,0.180923827941172,1,0.999453,0,0.1550802278168821,0.4768,360
build|base|rng|roblox,2026-09-07,2026-10-07,0.180923827941172,1,0.9991524,0,0.1641679355658326,0.4763,361
iqoo|pro|series|season|grand|finals|day|iqooproseries,2026-09-07,2026-10-07,0.180923827941172,1,0.9991524,0,0.1531403352614681,0.4743,362
king|ghidorah|team|shimo|godzilla|kong|hunting|series,2026-09-07,2026-10-07,0.180923827941172,1,0.9991524,0,0.1432401576199909,0.473,363
solo|kills|hoke|rahega|classic|hacker|what|bgmi,2026-09-07,2026-10-07,0.180923827941172,1,0.9991524,0,0.1510003545709744,0.473,364
king|free|fire|shortlive,2026-09-07,2026-10-07,0.180923827941172,1,0.999453,0,0.1326840069231139,0.4729,365
static|pulse|gaming|live|spider|man|aura,2026-09-07,2026-10-07,0.180923827941172,1,0.9994666,0,0.2558690372443047,0.4722,366
finding|every|anomaly|school,2026-09-07,2026-10-07,0.180923827941172,1,0.9991524,0,0.1454994488476763,0.4718,367
ramba|oorvasi|menaka|teaser|allari|naresh|surbhi|chandra,2026-09-07,2026-10-07,0.180923827941172,1,0.9991524,0,0.1621879789118292,0.4716,368
ramba|oorvasi|menaka|allari|naresh|surbhi|chandra|mohan,2026-09-07,2026-10-07,0.180923827941172,1,0.9991524,0,0.1517513738070398,0.471,369
free|fire|india|coming|soon|shorts|live|freefire,2026-09-07,2026-10-07,0.180923827941172,1,0.9994666,0,0.1214023440803877,0.4703,370
tehelka|blaster|region|top|live|tls|warrior|stream,2026-09-07,2026-10-07,0.180923827941172,1,0.9991524,0,0.1335419590005739,0.4695,371
pmwc|ewc|finals|pubg|mobile|world|cup|2026,2026-09-07,2026-10-07,0.180923827941172,1,0.9991524,0,0.1535656260601049,0.4694,372
top|heroic|grandmaster|free|fire|live|rank|push,2026-09-07,2026-10-07,0.180923827941172,1,0.999453,0,0.1214820240692726,0.4688,373
irumudi|kattu|ravi|teja|prakash|ananthu|shiva|nirvana,2026-09-07,2026-10-07,0.180923827941172,1,0.9991524,0,0.1761086425484373,0.4687,374
pushpa|live|journey|zero|billion|gta5|gtav|gaming,2026-09-07,2026-10-07,0.180923827941172,1,0.9995086,0,0.1584562254511627,0.4686,375
powerful|ganesh|bhajan|2026,2026-09-07,2026-10-07,0.180923827941172,1,0.99957436,0,0.1186840200109055,0.4684,376
mecha|chameleon|free|fire|giveaway,2026-09-07,2026-10-07,0.180923827941172,1,0.9995086,0,0.1184178515905963,0.4683,377
update|kamla|attack|bhootiya|jungal|indian|theft|auto,2026-09-07,2026-10-07,0.180923827941172,1,0.9995086,0,0.1182178327486588,0.4682,378
granny|live|horror|gameplay|shortslive|shortsfeed|short,2026-09-07,2026-10-07,0.180923827941172,1,0.9996258,0,0.1844303226622981,0.4682,379
mohe|mor|banaiyo|radha|apne|vrindavan|peaceful|krishna,2026-09-07,2026-10-07,0.180923827941172,1,0.99957436,0,0.1146223210577111,0.4678,380
yaalalo|irumudi|ravi|teja|prakash|hesham|shiva|nirvana,2026-09-07,2026-10-07,0.180923827941172,1,0.9991524,0,0.1541710362244549,0.4678,381
extreme|thar|crash|superhero|mayhem|shreyashgamer,2026-09-07,2026-10-07,0.180923827941172,1,0.9994666,0,0.1627346159289221,0.4678,382
live|raghavendrasuprabhatha|bhakthi|nidhi,2026-09-07,2026-10-07,0.180923827941172,1,0.99957436,0,0.1173763817599672,0.4677,383
maine|tere|bharose|hanuman|ansh|neem|karoli|maharaj,2026-09-07,2026-10-07,0.180923827941172,1,0.9991524,0,0.1182408617395552,0.4677,384
aaqa|milad|aaya|naat|2026|eid|nabi|juloos,2026-09-07,2026-10-07,0.180923827941172,1,0.9992472,0,0.1157234184780713,0.4675,385
collection|challenge|who|has|better|free|fire|zin,2026-09-07,2026-10-07,0.180923827941172,1,0.9995086,0,0.1132888565777605,0.4675,386
kya|hai|indian|theft|auto|simulator|livestream|shortfeed,2026-09-07,2026-10-07,0.180923827941172,1,0.9995086,0,0.1171013726432556,0.4673,387
pal|sawan|somwar|katha|shiv,2026-09-07,2026-10-07,0.180923827941172,1,0.9991524,0,0.1149196620764104,0.4672,388
path|sampurn|sunderkand,2026-09-07,2026-10-07,0.180923827941172,1,0.99957436,0,0.1150676185261848,0.4672,389
shilpi|raj|garda|uda|dehab|bhojpuri|2026,2026-09-07,2026-10-07,0.180923827941172,1,0.9991524,0,0.1225232897517861,0.4672,390
adhyatma|ramayanam|day,2026-09-07,2026-10-07,0.180923827941172,1,0.99934036,0,0.1154940295841773,0.4672,391
modified|mahindra|thar|games|indian|blue|gadi|wala,2026-09-07,2026-10-07,0.180923827941172,1,0.999453,0,0.1132815553307791,0.4668,392
अफ़ग़ानिस्तान,2026-09-07,2026-10-07,0.180923827941172,1,0.9697202,1,0.3461413012498335,0.4668,393
gta|live|today|something|crazy|will|happen,2026-09-07,2026-10-07,0.180923827941172,1,0.99965525,0,0.1539343420041931,0.4667,394
maine|tere|bharose|viral|hanuman|bhajan,2026-09-07,2026-10-07,0.180923827941172,1,0.99957436,0,0.1109427752322853,0.4666,395
live,2026-09-07,2026-10-07,0.180923827941172,1,0.99957436,0,0.1118495408232209,0.4665,396
live|top|grandmaster|push|free|fire|long,2026-09-07,2026-10-07,0.180923827941172,1,0.9994666,0,0.1100861499042683,0.4664,397
donald|dump|unknown|guess|who|wwe|2k25|live,2026-09-07,2026-10-07,0.180923827941172,1,0.9995086,0,0.1348734209090908,0.4661,398
krishn|janmashtami|katha|story,2026-09-07,2026-10-07,0.180923827941172,1,0.9991524,0,0.1134398855960351,0.4661,399
2026|janmashtami|krishna|bhajan,2026-09-07,2026-10-07,0.180923827941172,1,0.9991524,0,0.1245243550204178,0.466,400
nag|panchmi|gana|112|bishari|puja,2026-09-07,2026-10-07,0.180923827941172,1,0.99957436,0,0.1081806135130245,0.466,401
vande|mataram|august|independence|day|special|soma|dey,2026-09-07,2026-10-07,0.180923827941172,1,0.999453,0,0.1092324893861455,0.4659,402
bam|lahari|gajendra|phogat|sawan|2026|nonstop,2026-09-07,2026-10-07,0.180923827941172,1,0.99949706,0,0.1095897367923894,0.4658,403
nonstop|nirgun|bhajan|hindi|2026,2026-09-07,2026-10-07,0.180923827941172,1,0.999453,0,0.1073704840451757,0.4657,404
kaka|temporary|pyar|lyrics|darling|adaab|kharoud|latest,2026-09-07,2026-10-07,0.180923827941172,1,0.999453,0,0.1105803144338816,0.4657,405
wwe|2k25|live|kim|jong|gandhi|parliament|battle,2026-09-07,2026-10-07,0.180923827941172,1,0.9995086,0,0.1248380000211378,0.4656,406
dil|laga|liya|maine|tumse|pyaar|karke|hai,2026-09-07,2026-10-07,0.180923827941172,1,0.999453,0,0.1146245000960159,0.4656,407
2026|august|deshbhakti|independence|day,2026-09-07,2026-10-07,0.180923827941172,1,0.999453,0,0.1063814744277476,0.4656,408
sawan|somwar|bhajan,2026-09-07,2026-10-07,0.180923827941172,1,0.9992472,0,0.1086211554549886,0.4656,409
superhit|krishna|bhajan|janmashtami|special,2026-09-07,2026-10-07,0.180923827941172,1,0.999453,0,0.1090359767278491,0.4656,410
aditya|samrat|khushi|kakkar|bhojpuri|rangdari,2026-09-07,2026-10-07,0.180923827941172,1,0.999453,0,0.1116971932972594,0.4656,411
nonstop|krishna|bhajan|janmashtami|2026,2026-09-07,2026-10-07,0.180923827941172,1,0.9991524,0,0.1086410914684822,0.4655,412
pawan|singh|shilpi|raj|bhojpuri|2026,2026-09-07,2026-10-07,0.180923827941172,1,0.999453,0,0.1223343304522582,0.4655,413
krishna|janam|sohar|geet|viral,2026-09-07,2026-10-07,0.180923827941172,1,0.9991524,0,0.1145439804957406,0.4655,414
irumudi|love|raviteja|prakash|ananthu|shivanirvana|telugusongs2026,2026-09-07,2026-10-07,0.180923827941172,1,0.999453,0,0.1100299336446879,0.4655,415
chain|together|live|stream|shortslive|chaintogethergame|ninjatime1240,2026-09-07,2026-10-07,0.180923827941172,1,0.9995086,0,0.110399600377509,0.4655,416
radha|krishna|bhajan|2026,2026-09-07,2026-10-07,0.180923827941172,1,0.99957436,0,0.1061718340825205,0.4654,417
mujhe|jhula|bholenath|bhajan|2026,2026-09-07,2026-10-07,0.180923827941172,1,0.999453,0,0.1070915196133954,0.4654,418
lalahi|chhath|geet|halsashti,2026-09-07,2026-10-07,0.180923827941172,1,0.999453,0,0.1107393564459076,0.4654,419
live|aigirinandinistotram|bhakthinidhi,2026-09-07,2026-10-07,0.180923827941172,1,0.99949706,0,0.1079462193968685,0.4654,420
jack|aur|shinchan|mila|blue|diamond|house|indian,2026-09-07,2026-10-07,0.180923827941172,1,0.999453,0,0.108347065796049,0.4654,421
ind|pak|final|t20|match|gameplay,2026-09-07,2026-10-07,0.180923827941172,1,0.999453,0,0.1109414713574211,0.4654,422
2026|jukebox|non|stop|shiv|bhajan|nagpanchami|special,2026-09-07,2026-10-07,0.180923827941172,1,0.999453,0,0.1085854588105167,0.4654,423
main|saiyaan|gayi|romantic|mohabbatein|shah|rukh|khan,2026-09-07,2026-10-07,0.180923827941172,1,0.999453,0,0.1061380816222519,0.4654,424
ankush|raja|priyanka|singh|rakshabandhan|bhojpuri|2026,2026-09-07,2026-10-07,0.180923827941172,1,0.999453,0,0.1072587087294389,0.4654,425
tujhko|dulhan|banaoonga|chalo|ishq|ladaaye|govinda|rani,2026-09-07,2026-10-07,0.180923827941172,1,0.999453,0,0.1137057121086137,0.4653,426
pawan|singh|ravi|kishan|dhadkela|tohre|name|karejawa,2026-09-07,2026-10-07,0.180923827941172,1,0.999453,0,0.1053372107547971,0.4653,427
pandit|gaurangi|gauri|janmashtami|special|2026,2026-09-07,2026-10-07,0.180923827941172,1,0.999453,0,0.1086790597511582,0.4653,428
tainu|khabar|nahi,2026-09-07,2026-10-07,0.180923827941172,1,0.999453,0,0.1094057689812188,0.4653,429
mohabbat|dil|sakoon|hai|aitbaar|tumhaara|kumar|sanu,2026-09-07,2026-10-07,0.180923827941172,1,0.999453,0,0.1146173054183048,0.4652,430
hindi|gana|evergreen|purane|gane|sadabahar|filmi|90s,2026-09-07,2026-10-07,0.180923827941172,1,0.999453,0,0.1154945632905974,0.4652,431
hindi|bgmi|masters|series|season|super|weekend|day,2026-09-07,2026-10-07,0.180923827941172,1,0.9995086,0,0.1070915196133954,0.4652,432
barsaat|mausam|mein|naajayaz|naseeruddin|shah|kumar|sanu,2026-09-07,2026-10-07,0.180923827941172,1,0.999453,0,0.1085572399017138,0.4652,433
taal|mila|lyrical|aishwarya|rai|akshaye|khanna|alka,2026-09-07,2026-10-07,0.180923827941172,1,0.999453,0,0.1093721118929084,0.4652,434
firki|wali|instagram|trending|dance|cover|neelu|maurya,2026-09-07,2026-10-07,0.180923827941172,1,0.99957436,0,0.1078317663346934,0.4652,435
janmashtami|jhanki|dance|famous|radha|krishna|chhalkat|hamri,2026-09-07,2026-10-07,0.180923827941172,1,0.999453,0,0.1075605634357706,0.4652,436
evergreen|songs|90s|hindi|gana|hit|durga|boss,2026-09-07,2026-10-07,0.180923827941172,1,0.999453,0,0.1147617469313064,0.4652,437
live|lakshmi|devi|kannada|songs,2026-09-07,2026-10-07,0.180923827941172,1,0.99954814,0,0.1088845271420356,0.4652,438
mahalakshmi,2026-09-07,2026-10-07,0.180923827941172,1,0.999453,0,0.1089749871121643,0.4652,439
zinda|dil|alka|yagnik|songs|abbas|ashima|bhalla,2026-09-07,2026-10-07,0.180923827941172,1,0.999453,0,0.1155680338510319,0.4651,440
kitni|bechain|hoke|lyrical|alka|yagnik|udit|narayan,2026-09-07,2026-10-07,0.180923827941172,1,0.999453,0,0.1162744556491329,0.4651,441
din|teri|raahon|mein|naqaab|javed|ali|bobby,2026-09-07,2026-10-07,0.180923827941172,1,0.999453,0,0.1114827819417751,0.4651,442
hindi|best|old|remix|bollywood|nonstop|2025,2026-09-07,2026-10-07,0.180923827941172,1,0.999453,0,0.1117922767898828,0.4651,443
main|agar|saamne|bhi|jaaya|karo|raaz|dino,2026-09-07,2026-10-07,0.180923827941172,1,0.999453,0,0.1096128922877664,0.465,444
2026|raksha|bandhan|rakhi|gana,2026-09-07,2026-10-07,0.180923827941172,1,0.999453,0,0.1122004469184458,0.465,445
kitna|pyara|tujhe|rab|banaya|kare|dekhta|rahun,2026-09-07,2026-10-07,0.180923827941172,1,0.999453,0,0.1084718484587039,0.4649,446
indian|bike|driving|live|shortsfeed|shortslive|shorts|gaming,2026-09-07,2026-10-07,0.180923827941172,1,0.99965525,0,0.1148144252331718,0.4648,447
chain|together|live|stream|shotslive|chaintogether|gaming,2026-09-07,2026-10-07,0.180923827941172,1,0.99965525,0,0.1107276669894712,0.4646,448
விகடன்,2026-09-07,2026-10-07,0.180923827941172,1,0.9697202,1,0.3494704196655293,0.463,449
तस्करी,2026-09-07,2026-10-07,0.180923827941172,1,0.9697202,1,0.3494704196655293,0.463,450
rohit sharma,2026-09-07,2026-10-07,0.180923827941172,1,0.9697202,1,0.3456670300271782,0.4548,451
icc cricket,2026-09-07,2026-10-07,0.180923827941172,1,0.9697202,1,0.3456670300271782,0.4548,452
शहजाद पूनावाला,2026-09-07,2026-10-07,0.180923827941172,1,0.9697202,1,0.3438872718592839,0.4507,453
city,2026-09-07,2026-10-07,0.180923827941172,1,0.9697202,1,0.3438872718592839,0.4507,454
paypal,2026-09-07,2026-10-07,0.180923827941172,1,0.9697202,1,0.3397902295678354,0.4425,455
ajit doval,2026-09-07,2026-10-07,0.180923827941172,1,0.9697202,1,0.3386181213097613,0.4385,456
శుభ్మన్ గిల్,2026-09-07,2026-10-07,0.180923827941172,1,0.9697202,1,0.3350234169065684,0.4303,457
manipal hospital share price,2026-09-07,2026-10-07,0.180923827941172,1,0.9697202,1,0.3349462752169969,0.4183,458
kerala lottery results karunya plus,2026-09-07,2026-10-07,0.180923827941172,1,0.9697202,1,0.3349462752169969,0.4183,459
pay commission,2026-09-07,2026-10-07,0.180923827941172,1,0.9697202,1,0.3366125451095764,0.4144,460
iphone|available|under,2026-09-07,2026-10-07,0.180923827941172,1,0.99720436,1,0.3801844100541643,0.4112,461
ಶಿಕ್ಷಕ,2026-09-07,2026-10-07,0.180923827941172,1,0.9697202,1,0.3348421869180138,0.4063,462
apple iphone,2026-09-07,2026-10-07,0.180923827941172,1,0.9697202,1,0.3348421869180138,0.4063,463
hardik pandya,2026-09-07,2026-10-07,0.180923827941172,1,0.9697202,1,0.3348421869180138,0.4063,464
చైనా,2026-09-07,2026-10-07,0.180923827941172,1,0.9697202,1,0.3337466658712422,0.4022,465
पवन सिंह,2026-09-07,2026-10-07,0.180923827941172,1,0.9697202,1,0.3346775974622145,0.3983,466
phuket,2026-09-07,2026-10-07,0.180923827941172,1,0.9697202,1,0.3346775974622145,0.3983,467
কলকাতা হাইকোর্ট,2026-09-07,2026-10-07,0.180923827941172,1,0.9697202,1,0.3346775974622145,0.3983,468
delhi|building|collapse,2026-09-07,2026-10-07,0.180923827941172,1,0.99720436,1,0.3556963141804341,0.3934,469
market|sensex|stock,2026-09-07,2026-10-07,0.180923827941172,1,0.99720436,1,0.3665603937528241,0.3606,470
nepal|flash|floods,2026-09-07,2026-10-07,0.180923827941172,1,0.99720436,1,0.3218438125411538,0.3417,471
delhi|traffic|police,2026-09-07,2026-10-07,0.180923827941172,1,0.99720436,1,0.3041109119327773,0.3408,472
indus|waters|treaty,2026-09-07,2026-10-07,0.180923827941172,1,0.99720436,1,0.3028993529328405,0.3407,473
growth|less|than,2026-09-07,2026-10-07,0.180923827941172,1,0.99720436,1,0.2947263207248483,0.3403,474
india|growth|keeps,2026-09-07,2026-10-07,0.180923827941172,1,0.99720436,1,0.2915579656323877,0.3402,475
centre|appoints|chief,2026-09-07,2026-10-07,0.180923827941172,1,0.99720436,1,0.2859528711199979,0.3399,476
india|initiates|voluntary,2026-09-07,2026-10-07,0.180923827941172,1,0.99720436,1,0.2836880022500761,0.3398,477
shau|evans|dream|girl,2026-09-07,2026-10-07,0.180923827941172,1,0.99934036,1,0.2375211367430789,0.3134,478
abdon|mech|waiting|your|call|music,2026-09-07,2026-10-07,0.180923827941172,1,0.9991524,1,0.2399069652049973,0.3128,479
jisoo|click,2026-09-07,2026-10-07,0.180923827941172,1,0.9991524,1,0.7660029727276079,0.3121,480
nazar|lagi|music|akanksha|choudhary|goldie|sohel|asees,2026-09-07,2026-10-07,0.180923827941172,1,0.9991524,1,0.3295633739954038,0.3078,481
khesari|lal|yadav|piyela|ganja|mahima|singh|bolbam,2026-09-07,2026-10-07,0.180923827941172,1,0.9991524,1,0.2356577438056604,0.3077,482
enhypen|bloody|paradise,2026-09-07,2026-10-07,0.180923827941172,1,0.9991524,1,0.3776298178527676,0.307,483
kala|sheesha|bala|gadi,2026-09-07,2026-10-07,0.180923827941172,1,0.99934036,1,0.21423574591134,0.3047,484
jennie|fallen|angel,2026-09-07,2026-10-07,0.180923827941172,1,0.9991524,1,0.5784034364296753,0.3027,485
jironi|salim|sulaiman|dikshu|rahul|gautam|sharma|assamese,2026-09-07,2026-10-07,0.180923827941172,1,0.99934036,1,0.2117383094738282,0.3026,486
david|darlong|liam|maw|music|2026,2026-09-07,2026-10-07,0.180923827941172,1,0.9991524,1,0.2104282481852863,0.3026,487
back|chicken|super|weekend|day|bgms|vlog|tag,2026-09-07,2026-10-07,0.180923827941172,1,0.9991524,1,0.2116549723852667,0.3021,488
breaking|world|record|keyboard|escape,2026-09-07,2026-10-07,0.180923827941172,1,0.9991524,1,0.2722119607846518,0.3003,489
domination|continues|bgms|week|day|vlog|tag,2026-09-07,2026-10-07,0.180923827941172,1,0.9991524,1,0.2031666752016555,0.3003,490
you|left|movie|petsakrider|viralvideo|shortvideo,2026-09-07,2026-10-07,0.180923827941172,1,0.99934036,1,0.1975519618415722,0.3002,491
इंगलैंड बनाम पाकिस्तान,2026-09-07,2026-10-07,0.180923827941172,0,0.0018290937,1,0.2905832054653852,0.2997,492
stray|kids,2026-09-07,2026-10-07,0.180923827941172,1,0.9880755,1,0.6146656563461192,0.2996,493
bottom|top|hours|bgms|day|tag|week|vlog,2026-09-07,2026-10-07,0.180923827941172,1,0.9991524,1,0.1991796322744503,0.2996,494
top|table|bgms|week|day|vlog|tag,2026-09-07,2026-10-07,0.180923827941172,1,0.9991524,1,0.1986621352272643,0.2995,495
why|did|michael|hire|film|director|gta|gameplay,2026-09-07,2026-10-07,0.180923827941172,1,0.9991524,1,0.1943516067564478,0.2987,496
still|race|super|weekend|day|vlog|tag|bgms,2026-09-07,2026-10-07,0.180923827941172,1,0.9991524,1,0.1888530794429089,0.2981,497
srm|gaming|lekha|warrier|funny|war,2026-09-07,2026-10-07,0.180923827941172,1,0.99934036,1,0.1823655123169251,0.298,498
dindin|bawihte|bka|hnamte,2026-09-07,2026-10-07,0.180923827941172,1,0.9991524,1,0.1911606400808593,0.298,499
you|asked|listened|bgmi|lite|coming|soon|bgmilite,2026-09-07,2026-10-07,0.180923827941172,1,0.9991524,1,0.2115585418486049,0.2979,500
finally|bought|nissan|gtr|car|sale|expensive,2026-09-07,2026-10-07,0.180923827941172,1,0.9991524,1,0.243630371237037,0.2978,501
freefire|account|free|fire|banned|cheating|what|dmndheeraj,2026-09-07,2026-10-07,0.180923827941172,1,0.99934036,1,0.1819442881317405,0.2976,502
rocksun|prashasan|visualiser|prod|vedang,2026-09-07,2026-10-07,0.180923827941172,1,0.9991524,1,0.2120587974976063,0.2976,503
skibidi|toilet,2026-09-07,2026-10-07,0.180923827941172,1,0.9991524,1,0.4820622822363132,0.2973,504
chaliya|anju|sharma|kritika|malik|zaid|radha|krishna,2026-09-07,2026-10-07,0.180923827941172,1,0.9991524,1,0.1994061430030029,0.2964,505
red|flag|ost|you|maniac|william|jakrapatr|est,2026-09-07,2026-10-07,0.180923827941172,1,0.9991524,1,0.2179466856122097,0.2958,506
मोसमी पाऊस,2026-09-07,2026-10-07,0.180923827941172,0,0.0018290937,1,0.2905832054653852,0.2957,507
hentok|konyak|kenpu|min|lak|music|alih|wangha,2026-09-07,2026-10-07,0.180923827941172,1,0.9992206,1,0.1747478257616324,0.2955,508
gucci|girl|first|single|yuvaraj|chandran|karthik|rajan,2026-09-07,2026-10-07,0.180923827941172,1,0.9991524,1,0.175496854676988,0.2952,509
barixaare|baan|papon|shreya|ghoshal|music,2026-09-07,2026-10-07,0.180923827941172,1,0.9991524,1,0.1760304782294209,0.2949,510
teaser|power|star|pawan|singh|haqeeqat|releasing|soon,2026-09-07,2026-10-07,0.180923827941172,1,0.9991524,1,0.1773686656255643,0.2948,511
old|zompie|bundle|all|samurai|2400rs|kali|free,2026-09-07,2026-10-07,0.180923827941172,1,0.9992206,1,0.1703110324740036,0.2946,512
ob55|all|items|review|free|fire|max,2026-09-07,2026-10-07,0.180923827941172,1,0.99934036,1,0.1604412581860536,0.2936,513
naa|pushde|neha|kakkar|akanksha|chaudhary|yogesh|rawat,2026-09-07,2026-10-07,0.180923827941172,1,0.9991524,1,0.389217773051765,0.2934,514
built|minecraft|most|advanced|civilization,2026-09-07,2026-10-07,0.180923827941172,1,0.9991524,1,0.4242030009414893,0.2933,515
mendal|tarada|music,2026-09-07,2026-10-07,0.180923827941172,1,0.9991524,1,0.1641844525676942,0.2931,516
emiway|bantai|memax|safal|red|bull|bars|def,2026-09-07,2026-10-07,0.180923827941172,1,0.9991524,1,0.236333328950389,0.2929,517
tough|day|office|bgms|match|tag|vlog,2026-09-07,2026-10-07,0.180923827941172,1,0.9991524,1,0.1577554002973664,0.2926,518
god|gave|one|chance,2026-09-07,2026-10-07,0.180923827941172,1,0.9991524,1,0.1552643025623405,0.2925,519
how|destroyed|entire|minecraft|civilization,2026-09-07,2026-10-07,0.180923827941172,1,0.9991524,1,0.3748360967878421,0.2924,520
squad|found|groove|bgms|day|bts,2026-09-07,2026-10-07,0.180923827941172,1,0.9991524,1,0.1545350789037983,0.2922,521
aashish|yadav|khushi|kakkar|naginiya|magahi|2026,2026-09-07,2026-10-07,0.180923827941172,1,0.9991524,1,0.1666593340605756,0.292,522
indias|most|viewed|free|fire|shorts|reaction|desi,2026-09-07,2026-10-07,0.180923827941172,1,0.9991524,1,0.17685392448767,0.292,523
bewafa|naar|babbu|maan|sukh|deedar|gill|teaser,2026-09-07,2026-10-07,0.180923827941172,1,0.9991524,1,0.1570534198159615,0.2915,524
update|teaser|blox|fruits,2026-09-07,2026-10-07,0.180923827941172,1,0.9991524,1,0.3392823211417131,0.2907,525
ob55|mystery|shop|free|fire|max,2026-09-07,2026-10-07,0.180923827941172,1,0.99934036,1,0.1401532056643174,0.2904,526
chanchisokja|suaka|youtube|channel,2026-09-07,2026-10-07,0.180923827941172,1,0.9994142,1,0.1393262586260687,0.2902,527
vegeta|expose|reallty|freefire|freefiremax|vasugamer,2026-09-07,2026-10-07,0.180923827941172,1,0.9991524,1,0.1981008108902494,0.2899,528
spower|live|next|one,2026-09-07,2026-10-07,0.180923827941172,1,0.9991524,1,0.1545675246343514,0.2897,529
bohurupi|golden|daku|teaser|nandita|shiboprosad|jisshu|koushani,2026-09-07,2026-10-07,0.180923827941172,1,0.9991524,1,0.1599085042225502,0.2896,530
filmy|babe,2026-09-07,2026-10-07,0.180923827941172,1,0.9991524,1,0.143794954393266,0.2896,531
super|villain|free|fire,2026-09-07,2026-10-07,0.180923827941172,1,0.9992206,1,0.1424011710679527,0.2893,532
aashish|yadav|khushi|kakkar|bolbam|2026,2026-09-07,2026-10-07,0.180923827941172,1,0.9991524,1,0.1413668701388791,0.2892,533
city|girl|village|boy|aur|ladka|garena|free,2026-09-07,2026-10-07,0.180923827941172,1,0.9991524,1,0.1413855294182059,0.2884,534
ark|survival|evolved|our|1st|dragon|hunt,2026-09-07,2026-10-07,0.180923827941172,1,0.999453,1,0.1317772705875453,0.2882,535
happy|80th|independence|day|dallings|funwithsrbyt|freefire|srb,2026-09-07,2026-10-07,0.180923827941172,1,0.9991524,1,0.1354217941968039,0.2879,536
coming|back|gas|station|after|years,2026-09-07,2026-10-07,0.180923827941172,1,0.9991524,1,0.3475234436619784,0.2877,537
vsr|koi|kare|sikar|narvat|rathva|timli|2026,2026-09-07,2026-10-07,0.180923827941172,1,0.99934036,1,0.1261633444183123,0.2876,538
exposed|minecraft|strongest|player,2026-09-07,2026-10-07,0.180923827941172,1,0.9991524,1,0.2533983422061849,0.287,539
bhangarh|scariest|indian|horror|game,2026-09-07,2026-10-07,0.180923827941172,1,0.9991524,1,0.1215169454923744,0.2868,540
iari|wanpli|jngai|phi|music,2026-09-07,2026-10-07,0.180923827941172,1,0.99934036,1,0.1176335288490949,0.2865,541
srm|gaming|perfect|funny|war,2026-09-07,2026-10-07,0.180923827941172,1,0.9991524,1,0.1147793039567158,0.2858,542
reached|secret|stage|not|enter|speed|keyboard|escape,2026-09-07,2026-10-07,0.180923827941172,1,0.9991524,1,0.1579416087033489,0.2855,543
completed|keyboard|escape|roblox,2026-09-07,2026-10-07,0.180923827941172,1,0.9991524,1,0.1557039898450549,0.2853,544
created|minecraft|greatest|military,2026-09-07,2026-10-07,0.180923827941172,1,0.9991524,1,0.2857548750846791,0.2853,545
power|star|pawan|singh|ganu|papa|bolbam|2026,2026-09-07,2026-10-07,0.180923827941172,1,0.9991524,0,0.201079574540855,0.2849,546
indian|teams|international|pmwc|ewc|best|moments|casetoo,2026-09-07,2026-10-07,0.180923827941172,1,0.9991524,1,0.1094726831201801,0.2848,547
shelter,2026-09-07,2026-10-07,0.180923827941172,1,0.99949706,1,0.1064891433998918,0.2847,548
highs|lows|everything|between|bgms|super|weekend|vlog,2026-09-07,2026-10-07,0.180923827941172,1,0.9991524,1,0.1097666292037017,0.2846,549
chunni|sonu|nigam|renuka|panwar|charmee|zaveri|haryanvi,2026-09-07,2026-10-07,0.180923827941172,1,0.9991524,0,0.1582248332701722,0.2846,550
ended,2026-09-07,2026-10-07,0.180923827941172,1,0.9991524,1,0.128070015623669,0.2845,551
power|star|pawan|singh|baba|nayanawa|bhojpuri|bolbam,2026-09-07,2026-10-07,0.180923827941172,1,0.9991524,1,0.2826724063026686,0.2843,552
got|flying|ghast|pets|minecraft,2026-09-07,2026-10-07,0.180923827941172,1,0.9991524,1,0.1039813924214117,0.2843,553
champawa|kaliyan|maati|baani|jeewan|ram|sayo|komada,2026-09-07,2026-10-07,0.180923827941172,1,0.9991524,1,0.111970994339542,0.2843,554
not|alone|abandoned|carnival,2026-09-07,2026-10-07,0.180923827941172,1,0.99934036,1,0.1016224040457178,0.2842,555
teaser|khesari|lal|yadav|kangana|sharma|shilpi|raj,2026-09-07,2026-10-07,0.180923827941172,1,0.9991524,1,0.1209201875778416,0.2842,556
black|myth|zhong|kui|minutes|gameplay,2026-09-07,2026-10-07,0.180923827941172,1,0.9991524,0,0.2154616319051736,0.2842,557
shankar|udit|untalentedguy|kabir|prasad|baibhav|prusty,2026-09-07,2026-10-07,0.180923827941172,1,0.9991524,0,0.1409970830805628,0.2841,558
ferrari|kharcha,2026-09-07,2026-10-07,0.180923827941172,1,0.9992206,1,0.101872320394075,0.284,559
started|biggest|weapon|business|los|santos|gta6,2026-09-07,2026-10-07,0.180923827941172,1,0.99934036,1,0.1045103021973636,0.284,560
eliminator|what|jonathan|back|bgmi,2026-09-07,2026-10-07,0.180923827941172,1,0.9991524,0,0.1889579751742813,0.2838,561
gaddafi,2026-09-07,2026-10-07,0.180923827941172,1,0.9991524,1,0.1078002950418298,0.2837,562
esther|hnamte|miss|universe|india|2026,2026-09-07,2026-10-07,0.180923827941172,1,0.9991524,1,0.104929366310303,0.2836,563
thank|you,2026-09-07,2026-10-07,0.180923827941172,1,0.999453,1,0.1027473289663934,0.2835,564
ark|survival|evolved|boss|fight|hone|mahol,2026-09-07,2026-10-07,0.180923827941172,1,0.999453,1,0.1023642603263415,0.2835,565
lego|recreation|avengers|doomsday|theaters|december,2026-09-07,2026-10-07,0.180923827941172,1,0.9991524,0,0.1952091702775611,0.2834,566
noob|prank|badge|adam|bol|garena|free|fire,2026-09-07,2026-10-07,0.180923827941172,1,0.9991524,1,0.1247359114448366,0.2834,567
repo|time|serious|mode,2026-09-07,2026-10-07,0.180923827941172,1,0.999453,1,0.1012555306397215,0.2833,568
exposing|fake|conqueror|player|end|balak|buddhi|fame,2026-09-07,2026-10-07,0.180923827941172,1,0.9991524,1,0.1042286482414187,0.2832,569
bana|jpshetty|nihalrai|roopa|varkady|nrk|manohar|rai,2026-09-07,2026-10-07,0.180923827941172,1,0.99934036,1,0.099882003800497,0.2832,570
leader|board|ban|grandmaster|pushing|funwithsrbyt|freefire|rankpush,2026-09-07,2026-10-07,0.180923827941172,1,0.9991524,1,0.1000745359213018,0.2832,571
royal|rivaaj|gaman|santhal|gujarati|2026|lagan|geet,2026-09-07,2026-10-07,0.180923827941172,1,0.99934036,1,0.0992230786727543,0.2831,572
how|toxic|movie|kannada|review|rocking|star|yash,2026-09-07,2026-10-07,0.180923827941172,1,0.99934036,1,0.0997415676790091,0.2831,573
finally|caught|legendary|selyne|palword,2026-09-07,2026-10-07,0.180923827941172,1,0.9991524,0,0.12020601746902,0.283,574
jonathan|one|man|army|genesis|fire|bgms|league,2026-09-07,2026-10-07,0.180923827941172,1,0.9991524,1,0.0982323266111753,0.283,575
gogya|gang|santra|billo|funny|highlight,2026-09-07,2026-10-07,0.180923827941172,1,0.9992206,1,0.0967263346911966,0.283,576
backbone|gaming|community,2026-09-07,2026-10-07,0.180923827941172,1,0.9991524,0,0.1309754171348989,0.283,577
chicken|comeback|tag|reach|bgms|grand|finals|vlog,2026-09-07,2026-10-07,0.180923827941172,1,0.9991524,1,0.1159608886992745,0.283,578
100|days|you|can|craft|super|breads|minecraft,2026-09-07,2026-10-07,0.180923827941172,1,0.9991524,0,0.1813309751255075,0.2829,579
got|trapped|inside|haunted|elevator,2026-09-07,2026-10-07,0.180923827941172,1,0.99934036,1,0.094880676053401,0.2829,580
khesari|lal|yadav|khushi|kakkar|fulauna|samita|giri,2026-09-07,2026-10-07,0.180923827941172,1,0.9991524,0,0.2267796716203408,0.2828,581
got|summoned|lilyville|day,2026-09-07,2026-10-07,0.180923827941172,1,0.9991524,0,0.159384837139583,0.2827,582
dooranu|eravalli|beeru|viral|djbeeru,2026-09-07,2026-10-07,0.180923827941172,1,0.99934036,1,0.0922466287406605,0.2826,583
mirzapur|collab|free|rewards|para|samsung|a10|a20,2026-09-07,2026-10-07,0.180923827941172,1,0.9991524,1,0.0950807626075718,0.2824,584
ashish|yadav|rakshabandhan|geet|2026,2026-09-07,2026-10-07,0.180923827941172,1,0.9991524,1,0.093945652703422,0.2823,585
ramayana|breakdown,2026-09-07,2026-10-07,0.180923827941172,1,0.9991524,1,0.0928396049917337,0.2822,586
mirza|ranjit|bawa|desi|crew|manpreet|sagoo|tru,2026-09-07,2026-10-07,0.180923827941172,1,0.9991524,0,0.1867660911545177,0.2822,587
happy|independence|day|repo,2026-09-07,2026-10-07,0.180923827941172,1,0.999453,1,0.093166310021899,0.2822,588
entered|nether|minecraft,2026-09-07,2026-10-07,0.180923827941172,1,0.9991524,1,0.0916461735467256,0.2821,589
jail|star|raushan|rohi|hariyar|chudiya|kangana|maghi,2026-09-07,2026-10-07,0.180923827941172,1,0.9991524,1,0.0910653250305892,0.282,590
love|prank|school|friend|reject|kar|garena|free,2026-09-07,2026-10-07,0.180923827941172,1,0.9991524,1,0.0954281044342006,0.282,591
100|days|blocks|give|weapons|minecraft,2026-09-07,2026-10-07,0.180923827941172,1,0.9991524,0,0.1817728094094174,0.2819,592
kill|1000|youtubers|esports|players,2026-09-07,2026-10-07,0.180923827941172,1,0.9991524,0,0.0989776142912544,0.2817,593
maruti|visual|preet|pablo|luvmax,2026-09-07,2026-10-07,0.180923827941172,1,0.99934036,1,0.0888306398664169,0.2816,594
bought|every|mp40|skin|then|dropped|kills|solo,2026-09-07,2026-10-07,0.180923827941172,1,0.9991524,0,0.08910731410511,0.2815,595
finally|bgmi|lite|here|top|things|you|should,2026-09-07,2026-10-07,0.180923827941172,1,0.9991524,0,0.0912203782479538,0.2815,596
top|richest|telugu|community|collection|versus|free|fire,2026-09-07,2026-10-07,0.180923827941172,1,0.9991524,0,0.0847315291630862,0.2812,597
vegeta|destroyed|now|angry|max|exposed,2026-09-07,2026-10-07,0.180923827941172,1,0.9991524,0,0.0935114270004435,0.2811,598
planned|biggest|bank|robbery|gta|hindi|dubbed,2026-09-07,2026-10-07,0.180923827941172,1,0.9991524,0,0.0876865813396228,0.281,599
amitbhai|munnabhai|free|fire|gameplay|aukaat|baat,2026-09-07,2026-10-07,0.180923827941172,1,0.9991524,0,0.1238696502726511,0.2809,600
finally|godlike|wwcd|grand|finals|what|competition,2026-09-07,2026-10-07,0.180923827941172,1,0.99932134,0,0.0818783942623703,0.2809,601
panjaa|release|pawan|kalyan|sarah|jane|dias|vishnuvardhan,2026-09-07,2026-10-07,0.180923827941172,1,0.9991524,0,0.1042502899215978,0.2807,602
sure|barca|epic|messi|free|epics|all|update,2026-09-07,2026-10-07,0.180923827941172,1,0.9991524,0,0.0824803186062721,0.2806,603
ikon|gaman|santhal|gujarati|2026,2026-09-07,2026-10-07,0.180923827941172,1,0.99934036,0,0.0812432402851133,0.2806,604
rakesh|mishra|kahiyo|daya|karba|sachin|manisha|bolbam,2026-09-07,2026-10-07,0.180923827941172,1,0.9991524,0,0.083791388780383,0.2805,605
ladki|noob|aukat|bat|girls|boys|garena|free,2026-09-07,2026-10-07,0.180923827941172,1,0.9991524,0,0.0893050288442483,0.2805,606
someone|obsessed|love|ajnabee|unknown,2026-09-07,2026-10-07,0.180923827941172,1,0.9991524,0,0.086751783623115,0.2805,607
escape|artist|munna|bhai|left|sandhya|alone|mid,2026-09-07,2026-10-07,0.180923827941172,1,0.9995345,0,0.0765568618183874,0.2804,608
toxic|review|yash|kvn|production|geethu|mohandas|name,2026-09-07,2026-10-07,0.180923827941172,1,0.99934036,0,0.0809780318341435,0.2804,609
finally|answered|everything|you|asked,2026-09-07,2026-10-07,0.180923827941172,1,0.9991524,0,0.0834513722068861,0.2803,610
most|powerful|president|got|arrested|gta|gameplay|694,2026-09-07,2026-10-07,0.180923827941172,1,0.9991524,0,0.0785332148927749,0.2802,611
become|best|crewmate|among,2026-09-07,2026-10-07,0.180923827941172,1,0.99934036,0,0.0786548507008969,0.2802,612
found|scariest|secret|anomaly|hospital|roblox,2026-09-07,2026-10-07,0.180923827941172,1,0.9991524,0,0.1347905779603091,0.2801,613
banned|himlands|came|back|ep13|minecraft|smp,2026-09-07,2026-10-07,0.180923827941172,1,0.9991524,0,0.132099065279774,0.28,614
zero|hero|free|fire|redeem|codes|app|tonde,2026-09-07,2026-10-07,0.180923827941172,1,0.9991524,0,0.1240959570561995,0.2799,615
max|handcam|exposed|checked|vegeta|angry,2026-09-07,2026-10-07,0.180923827941172,1,0.9991524,0,0.0821960175656746,0.2798,616
ob55|diwali|magic|cube|store|update|para|samsung,2026-09-07,2026-10-07,0.180923827941172,1,0.9991524,0,0.0834892066982234,0.2798,617
time|end|horror|business|photomaly,2026-09-07,2026-10-07,0.180923827941172,1,0.9991524,0,0.0834550936364596,0.2797,618
इस्तीफा,2026-09-07,2026-10-07,0.180923827941172,0,0.0018290937,1,0.2889183565005466,0.2796,619
ob55|tripple|store|update|free|fire|max,2026-09-07,2026-10-07,0.180923827941172,1,0.9991524,0,0.0758583378821468,0.2795,620
devghar|raja|latest|bhojpuri|kanwar|geet|2026|khesari,2026-09-07,2026-10-07,0.180923827941172,1,0.9991524,0,0.1299944658039195,0.2794,621
noob|prank|school|friend|gaming|janti|maza|garena,2026-09-07,2026-10-07,0.180923827941172,1,0.9991524,0,0.0840183804297196,0.2792,622
bhangarh|untold|story|indian|horror|game,2026-09-07,2026-10-07,0.180923827941172,1,0.9991524,0,0.093735472160848,0.2792,623
opened|100|secret|rooms|found,2026-09-07,2026-10-07,0.180923827941172,1,0.9991524,0,0.0728780840417884,0.2792,624
today|day|escape|dig|island,2026-09-07,2026-10-07,0.180923827941172,1,0.999453,0,0.0728981475426193,0.2791,625
big|mafia|shocking|proposal|michael|gta|693,2026-09-07,2026-10-07,0.180923827941172,1,0.9991524,0,0.0732076197572648,0.2791,626
gas|station|has|guest|shift|midnight,2026-09-07,2026-10-07,0.180923827941172,1,0.9991524,0,0.0894860552901651,0.2789,627
revisited|our|skyblock|world|after|years,2026-09-07,2026-10-07,0.180923827941172,1,0.9991524,0,0.1243874902421278,0.2788,628
scarlet|bloodmoon|event|free|rewards|para|samsung|a10,2026-09-07,2026-10-07,0.180923827941172,1,0.9991524,0,0.0760101422987801,0.2787,629
soul|domination|what|went|wrong|tag,2026-09-07,2026-10-07,0.180923827941172,1,0.9991524,0,0.0721892216433114,0.2787,630
solo|finishes|bgms|jonathan|back|bgmi,2026-09-07,2026-10-07,0.180923827941172,1,0.9991524,0,0.0930990249666691,0.2787,631
khesari|lal|yadav|shilpi|raj|bhola|bhail|bhojpuri,2026-09-07,2026-10-07,0.180923827941172,1,0.9991524,0,0.126072780501145,0.2787,632
introducing|michael|epic|bodyguards|team|gta|gameplay,2026-09-07,2026-10-07,0.180923827941172,1,0.9991524,0,0.0729445230991483,0.2786,633
independence|day|event|all|rewards|para|samsung|a10,2026-09-07,2026-10-07,0.180923827941172,1,0.9991524,0,0.0782390455237096,0.2786,634
raga|panther|sab|set|hai|music|def|jam,2026-09-07,2026-10-07,0.180923827941172,1,0.9991524,0,0.0726545364480494,0.2786,635
vegeta|exposed|proofs|sudip|sarkar|garenafreefire,2026-09-07,2026-10-07,0.180923827941172,1,0.9991524,0,0.141864147523362,0.2786,636
naruto|chap1|return|all|free|rewards|para|samsung,2026-09-07,2026-10-07,0.180923827941172,1,0.9991524,0,0.0765003565684624,0.2785,637
lolzzz|shocking|reaction|tag|points|bomber|bgms|jonathan,2026-09-07,2026-10-07,0.180923827941172,1,0.9991524,0,0.0688541972383633,0.2782,638
toxic|review|breakdown|nanna|prakaara,2026-09-07,2026-10-07,0.180923827941172,1,0.99934036,0,0.0715266845750886,0.2782,639
why|got|every|rarest|item|lilyville,2026-09-07,2026-10-07,0.180923827941172,1,0.9991524,0,0.0694319959321712,0.2781,640
dhanda|nyoliwala|panamera|music,2026-09-07,2026-10-07,0.180923827941172,1,0.9991524,0,0.1583403948611036,0.278,641
legacy|battle|round|raftaarmusic|krsnaofficial,2026-09-07,2026-10-07,0.180923827941172,1,0.9991524,0,0.1031094595158554,0.2779,642
max|ipad|check|vegeta|hacker|exposed|blackshoutgaming,2026-09-07,2026-10-07,0.180923827941172,1,0.9991524,0,0.0878399745134113,0.2779,643
avengers|doomsday|special|look|reaction|man|fiction|reacts,2026-09-07,2026-10-07,0.180923827941172,1,0.99934036,0,0.0688901598074026,0.2778,644
global|efootball|connect|version,2026-09-07,2026-10-07,0.180923827941172,1,0.9991524,0,0.1329410878692593,0.2778,645
avengers|doomsday|special|look|breakdown,2026-09-07,2026-10-07,0.180923827941172,1,0.9991524,0,0.0761222127011654,0.2778,646
tag|fire|nebula|domination|bgms|super|weekend|day,2026-09-07,2026-10-07,0.180923827941172,1,0.9991524,0,0.0659151463120338,0.2777,647
tohre|sain|kail|awadhesh|premi|yadav|shilpi|raj,2026-09-07,2026-10-07,0.180923827941172,1,0.99934036,0,0.0676835942494753,0.2777,648
efootball|2027|update|details|tournament|mode|other|features,2026-09-07,2026-10-07,0.180923827941172,1,0.99934036,0,0.0668287869062215,0.2777,649
aashish|yadav|khushi|kakkar|maghi|bolbam|2026,2026-09-07,2026-10-07,0.180923827941172,1,0.9991524,0,0.0661250816067635,0.2776,650
max|dominates|vegeta|angry|revenge|match|battleorbit,2026-09-07,2026-10-07,0.180923827941172,1,0.9991524,0,0.0672396851866185,0.2776,651
dil|kahani|dogri|pahari|love|2026|bishan|dass,2026-09-07,2026-10-07,0.180923827941172,1,0.9991524,0,0.0689577068818687,0.2775,652
awaken|ryden|ob55|weapon|test|para|samsung|a10,2026-09-07,2026-10-07,0.180923827941172,1,0.9991524,0,0.0680819420153594,0.2774,653
cute|girl|free|fire|garena|max|gaming,2026-09-07,2026-10-07,0.180923827941172,1,0.9991524,0,0.0945914613267412,0.2774,654
india|england|endgame,2026-09-07,2026-10-07,0.180923827941172,1,0.9991524,0,0.0883791702697079,0.2773,655
made|every|god|armour|minecraft|fleet|kingdom,2026-09-07,2026-10-07,0.180923827941172,1,0.9991524,0,0.1135424923240174,0.2772,656
legacy|redemption|round|raftaarmusic|krsnaofficial,2026-09-07,2026-10-07,0.180923827941172,1,0.9991524,0,0.1112405691563842,0.2772,657
bot|richest|players|collection|kings|free|fire|telugu,2026-09-07,2026-10-07,0.180923827941172,1,0.9991524,0,0.0621172039626325,0.2772,658
avengers|doomsday|2nd|breakdown,2026-09-07,2026-10-07,0.180923827941172,1,0.99934036,0,0.0648817830799447,0.2772,659
raushan|rohi|srishti|bharti|maghi|bolbam|2026,2026-09-07,2026-10-07,0.180923827941172,1,0.9991524,0,0.0669381515143835,0.2772,660
became|superhero|free|fire|tonde|gamer,2026-09-07,2026-10-07,0.180923827941172,1,0.9991524,0,0.0695729427869499,0.2772,661
avengers|doomsday|2nd|explained|hindi,2026-09-07,2026-10-07,0.180923827941172,1,0.99934036,0,0.0657945035115227,0.2771,662
more|poopy|business|shift|midnight,2026-09-07,2026-10-07,0.180923827941172,1,0.9991524,0,0.0794667914623181,0.2771,663
film|talk|jailer|1st|sambavam|dharman|toxic|today,2026-09-07,2026-10-07,0.180923827941172,1,0.99957436,0,0.0651845391322872,0.2771,664
tower|hell|roblox,2026-09-07,2026-10-07,0.180923827941172,1,0.9991524,0,0.0699599543854269,0.2771,665
s8ul|valo|super|battle|golf|meccha|chameleon|done,2026-09-07,2026-10-07,0.180923827941172,1,0.999453,0,0.0642569033507813,0.277,666
doomsday|special|look|reaction,2026-09-07,2026-10-07,0.180923827941172,1,0.9991524,0,0.073330278824323,0.277,667
naam|sujal|hisab|bajesh|vishay|red|bull|bars,2026-09-07,2026-10-07,0.180923827941172,1,0.9991524,0,0.0669689544669665,0.2769,668
morning|hunting|maja|bgmi,2026-09-07,2026-10-07,0.180923827941172,1,0.999453,0,0.0633177009490743,0.2769,669
ben10|free|fire|collab|reward|para|samsung|a10,2026-09-07,2026-10-07,0.180923827941172,1,0.9991524,0,0.0673963307172895,0.2769,670
leaked|rift|update|steal|egg|roblox,2026-09-07,2026-10-07,0.180923827941172,1,0.9991524,0,0.11119097209228,0.2769,671
aashish|yadav|ropani|2026,2026-09-07,2026-10-07,0.180923827941172,1,0.9991524,0,0.0649321283323922,0.2769,672
himlands|end|killwish|ep14|minecraft|smp,2026-09-07,2026-10-07,0.180923827941172,1,0.9991524,0,0.1410532821804078,0.2768,673
godl|international|domination|horaa|unreal|consistency,2026-09-07,2026-10-07,0.180923827941172,1,0.9991524,0,0.0647494086078852,0.2767,674
cousin|started|world|minecraft,2026-09-07,2026-10-07,0.180923827941172,1,0.99934036,0,0.0620213011304243,0.2767,675
godlike|domination|2v4|most|insane|wwcd|bgms|super,2026-09-07,2026-10-07,0.180923827941172,1,0.9991524,0,0.0593577874295092,0.2766,676
efootball|2027|confirmed|details|free|epic|tournament|mode,2026-09-07,2026-10-07,0.180923827941172,1,0.99934036,0,0.0612001929060008,0.2766,677
watchparty|ffmic2026|fall|group|iqoo|total|gaming|live,2026-09-07,2026-10-07,0.180923827941172,1,0.9991524,0,0.0588479659389465,0.2766,678
prime|diamond|free|fire|max,2026-09-07,2026-10-07,0.180923827941172,1,0.9991524,0,0.0591745758570719,0.2766,679
dadi|hot|air|balloon|leke|bhag|gaya|granny,2026-09-07,2026-10-07,0.180923827941172,1,0.9991524,0,0.0975977188731476,0.2765,680
saiabhyankkar|radhimaa|promo|bhagyashri|borse|think|indie,2026-09-07,2026-10-07,0.180923827941172,1,0.9991524,0,0.1205945032854841,0.2764,681
things|you|missed|avengers|doomsday|special|look,2026-09-07,2026-10-07,0.180923827941172,1,0.9991524,0,0.0575555083248343,0.2763,682
real|rey|mysterio|free|fire|tonde|gamer,2026-09-07,2026-10-07,0.180923827941172,1,0.9991524,0,0.0672854243265185,0.2761,683
power|star|pawan|singh|rupali|jadhav|bhojpuri|movie,2026-09-07,2026-10-07,0.180923827941172,1,0.9991524,0,0.0664617859078132,0.2761,684
jonathan|fire|domination|bgms|league|week|day,2026-09-07,2026-10-07,0.180923827941172,1,0.9991524,0,0.0557354057258888,0.2761,685
welcome|gangstar|city|ujjwal,2026-09-07,2026-10-07,0.180923827941172,1,0.9991524,0,0.0756627541496587,0.276,686
she|ain|easy|navaan|sandhu|rxtro|punjabi|songs,2026-09-07,2026-10-07,0.180923827941172,1,0.9991524,0,0.1225577472667482,0.276,687
toxic|english|review|release|date|box|office|collection,2026-09-07,2026-10-07,0.180923827941172,1,0.99934036,0,0.0576029156504998,0.276,688
most|insane|1000|among|outplay,2026-09-07,2026-10-07,0.180923827941172,1,0.9992785,0,0.0574781404668774,0.276,689
got|mysterious|bundle|solo|squad|gameplay,2026-09-07,2026-10-07,0.180923827941172,1,0.9991524,0,0.0541755622201414,0.2759,690
noob|player|need|help|free|fire|funny|garena,2026-09-07,2026-10-07,0.180923827941172,1,0.9991524,0,0.0677119528718561,0.2759,691
toxic|album|rocking|star|yash|kiara|advani|nayanthara,2026-09-07,2026-10-07,0.180923827941172,1,0.9991524,0,0.0645361508717646,0.2758,692
our|2026|epics|useless|efootball|2027|why|wasted,2026-09-07,2026-10-07,0.180923827941172,1,0.9991524,0,0.0560790976962493,0.2757,693
legacy|sounds|india|raftaarmusic|krsnaofficial,2026-09-07,2026-10-07,0.180923827941172,1,0.9991524,0,0.1032910683138397,0.2757,694
poor|rich|simulator|started|business|malayalam,2026-09-07,2026-10-07,0.180923827941172,1,0.9991524,0,0.0527209920937061,0.2756,695
tournament|live|tag|shoto|team|apex|gaming,2026-09-07,2026-10-07,0.180923827941172,1,0.9992472,0,0.0522497390499808,0.2756,696
hydro|quick|1v3|hunterz|one|man|army|bgms,2026-09-07,2026-10-07,0.180923827941172,1,0.9991524,0,0.0528769164253172,0.2755,697
arvind|akela|kallu|tum|mile|dil|khile|khushi,2026-09-07,2026-10-07,0.180923827941172,1,0.9991524,0,0.0524857116606409,0.2755,698
ant|hagu|gaman|santhal|gujarati|2026,2026-09-07,2026-10-07,0.180923827941172,1,0.9992206,0,0.0517286572352735,0.2755,699
irumudi|movie|review|reaction|raviteja,2026-09-07,2026-10-07,0.180923827941172,1,0.99934036,0,0.0537761840827034,0.2755,700
avengers|endgame|encore|reaction,2026-09-07,2026-10-07,0.180923827941172,1,0.9991524,0,0.0533273366496813,0.2754,701
pakistan national cricket team,2026-09-07,2026-10-07,0.180923827941172,0,0.0018290937,1,0.28590926574762,0.2754,702
aashish|yadav|chanda|raj|khatiya|hila|debo|maghi,2026-09-07,2026-10-07,0.180923827941172,1,0.9991524,0,0.0615627625974362,0.2754,703
treat|special|rawme|hooda|square|music|desi|hip,2026-09-07,2026-10-07,0.180923827941172,1,0.9991524,0,0.0724011758541813,0.2754,704
paran|yesaiya|johnjebaraj|johnjebarajnewsong|tamilchristiansongs|jjsongs,2026-09-07,2026-10-07,0.180923827941172,1,0.9991524,0,0.0541828746257596,0.2753,705
let|raka|deepak|dhillon,2026-09-07,2026-10-07,0.180923827941172,1,0.9991524,0,0.0521917424584917,0.2753,706
photoshoot|business|haunted|photomaly,2026-09-07,2026-10-07,0.180923827941172,1,0.9991524,0,0.0673472227813232,0.2752,707
secret|code|update|spider|fighter,2026-09-07,2026-10-07,0.180923827941172,1,0.9991524,0,0.0731319629690491,0.2752,708
tagontop|domination|hunterz|one|man|army,2026-09-07,2026-10-07,0.180923827941172,1,0.9991524,0,0.0521360503575885,0.2752,709
vegeta|max|angry|all|youtubers|one|match|clashadda,2026-09-07,2026-10-07,0.180923827941172,1,0.9991524,0,0.0490981357826278,0.2751,710
raushan|rohi|srishti|bharti|maghi,2026-09-07,2026-10-07,0.180923827941172,1,0.9991524,0,0.0687320041209534,0.2749,711
toxic|review|unbelievable|rocking|star|yash|level,2026-09-07,2026-10-07,0.180923827941172,1,0.9991524,0,0.0471190344912152,0.2749,712
became|billionaire|scratching|lottery|tickets,2026-09-07,2026-10-07,0.180923827941172,1,0.9991524,0,0.0638179949626443,0.2749,713
avengers|doomsday|special|look|detailed|breakdown,2026-09-07,2026-10-07,0.180923827941172,1,0.9991524,0,0.0474428619788239,0.2748,714
dark|reality|bixi|balak|buddhi|streamer,2026-09-07,2026-10-07,0.180923827941172,1,0.9991524,0,0.0465360139568027,0.2748,715
mannaru|mannar|muthu|santhosh|narayanan|rakitaa|entertainment,2026-09-07,2026-10-07,0.180923827941172,1,0.9991524,0,0.0571712062559813,0.2747,716
sudip|sarkar|exposed|vegeta|controversy|explained|blackshoutgaming,2026-09-07,2026-10-07,0.180923827941172,1,0.9991524,0,0.0499900471361131,0.2747,717
koi|naam|season|trending|indian|last|leaf|pictures,2026-09-07,2026-10-07,0.180923827941172,1,0.9991524,0,0.0470712360265974,0.2747,718
watchparty|ffmic|fall|group|table|toop|live|fozyajay,2026-09-07,2026-10-07,0.180923827941172,1,0.9991524,0,0.0461744027051173,0.2747,719
gaadi|jeevan|praak|paradox|lakshay|dhrruv|yogi|kripa,2026-09-07,2026-10-07,0.180923827941172,1,0.9991524,0,0.0583767207093546,0.2747,720
end|balak|buddhi|streamer|thebixiop,2026-09-07,2026-10-07,0.180923827941172,1,0.9991524,0,0.0468792050773976,0.2746,721
tung|bundle|return|free|event|para|samsung|a10,2026-09-07,2026-10-07,0.180923827941172,1,0.9991524,0,0.0518959056092666,0.2746,722
just|you|tarsem|jassar|pav|dharia|latest|punjabi,2026-09-07,2026-10-07,0.180923827941172,1,0.9991524,0,0.0632408041804481,0.2746,723
rivals|every|skincase|changes|loadout,2026-09-07,2026-10-07,0.180923827941172,1,0.9991524,0,0.0626308832411186,0.2746,724
unboxing|character|50k|carryminati,2026-09-07,2026-10-07,0.180923827941172,1,0.9991524,0,0.0446451568661843,0.2745,725
m1014|evo|gun|max|free|fire|city|girl,2026-09-07,2026-10-07,0.180923827941172,1,0.9991524,0,0.0495512491140617,0.2745,726
tianba|domination|back|form,2026-09-07,2026-10-07,0.180923827941172,1,0.9991524,0,0.0452138840739381,0.2745,727
toxic|review|yash|kadakk|cinema,2026-09-07,2026-10-07,0.180923827941172,1,0.9992206,0,0.0443186243477601,0.2745,728
dandakali|teaser|odia|movie|sidhant|mohapatra|suryamayee,2026-09-07,2026-10-07,0.180923827941172,1,0.99934036,0,0.0458343323546401,0.2744,729
ninga|kanikar|ellena|parasu|kolur|janapada|newsong,2026-09-07,2026-10-07,0.180923827941172,1,0.9991524,0,0.046615622433829,0.2744,730
don|miss|blox|fruits|update|here,2026-09-07,2026-10-07,0.180923827941172,1,0.9991524,0,0.044362314774272,0.2743,731
haiwaan|reaction,2026-09-07,2026-10-07,0.180923827941172,1,0.9991524,0,0.0446461592771718,0.2743,732
jabardasth|mahidhar|review|irumudi|raviteja|public|talk,2026-09-07,2026-10-07,0.180923827941172,1,0.99934036,0,0.0462830667580411,0.2742,733
toxic|technically|strong|reaction,2026-09-07,2026-10-07,0.180923827941172,1,0.9992785,0,0.0442294251124207,0.2742,734
toxic|reaction|life,2026-09-07,2026-10-07,0.180923827941172,1,0.9991524,0,0.0435991440153966,0.2741,735
son|thanjai|gamescom|2026,2026-09-07,2026-10-07,0.180923827941172,1,0.9991524,0,0.0421933973802278,0.2741,736
bol|bhavein|sidak|gill|jaanya|joshi|releasing|worldwide,2026-09-07,2026-10-07,0.180923827941172,1,0.9991524,0,0.043239646683852,0.274,737
should|not|have|entered|elevator,2026-09-07,2026-10-07,0.180923827941172,1,0.9992206,0,0.0435941159389807,0.2739,738
giveaway|customs|subscribers|rank|push|garena|free|fire,2026-09-07,2026-10-07,0.180923827941172,1,0.999453,0,0.0425806285102693,0.2739,739
legacy|promo|raftaarmusic|krsnaofficial,2026-09-07,2026-10-07,0.180923827941172,1,0.9991524,0,0.0427038891054404,0.2738,740
fishing|island|fun|how|fish|gameplay|vtg,2026-09-07,2026-10-07,0.180923827941172,1,0.9992206,0,0.0423849325204703,0.2738,741
played|squid|game|minecraft|200|players,2026-09-07,2026-10-07,0.180923827941172,1,0.9991524,0,0.0423952759951704,0.2737,742
hide|seek|amitbhai|sooneeta|badge99|triple|bhai|meccha,2026-09-07,2026-10-07,0.180923827941172,1,0.9991524,0,0.0695431672162567,0.2737,743
destroyed|most|toxic|smp|players|hardcore|minecraft|world,2026-09-07,2026-10-07,0.180923827941172,1,0.9991524,0,0.0518016553199509,0.2737,744
toxic|kannada|album|rocking|star|yash|kiara|advani,2026-09-07,2026-10-07,0.180923827941172,1,0.9991524,0,0.0600326294363298,0.2736,745
irumudi|reaction|man|fiction|reacts,2026-09-07,2026-10-07,0.180923827941172,1,0.9992206,0,0.0406721353156683,0.2736,746
ob55|naruto|diwali|cube|store|update|para|samsung,2026-09-07,2026-10-07,0.180923827941172,1,0.9991524,0,0.0456080798815142,0.2736,747
jailer|mania|started|suriya47|promo|teaser|seyon|climax,2026-09-07,2026-10-07,0.180923827941172,1,0.99934036,0,0.0416496174442344,0.2736,748
carryminati|character|release|crate|opening,2026-09-07,2026-10-07,0.180923827941172,1,0.9991524,0,0.0518509209271936,0.2736,749
yash|toxic|reaction|mind|blowing|hell,2026-09-07,2026-10-07,0.180923827941172,1,0.99934036,0,0.0401834094243569,0.2735,750
toxic|breakdown|reaction|yash|geethu|mohandas|delite|cinemas,2026-09-07,2026-10-07,0.180923827941172,1,0.99934036,0,0.0407110634204373,0.2735,751
1212|aslam|singer|mewati|latest,2026-09-07,2026-10-07,0.180923827941172,1,0.9991524,0,0.0487959212786832,0.2735,752
ffmic|2026|fall|week|grp|watch|party|tsg,2026-09-07,2026-10-07,0.180923827941172,1,0.9991524,0,0.04293153317285,0.2734,753
pmwc|situation|explained|rehost|finals|day,2026-09-07,2026-10-07,0.180923827941172,1,0.9991524,0,0.0402113941721345,0.2734,754
toxic|movie|review|reaction|yashtoxic|toxictrailer,2026-09-07,2026-10-07,0.180923827941172,1,0.99934036,0,0.0408960374693843,0.2733,755
toxic|reaction,2026-09-07,2026-10-07,0.180923827941172,1,0.9991524,0,0.0501993664185165,0.2732,756
bgmi|live|back|insta|iqoo|iqooz11,2026-09-07,2026-10-07,0.180923827941172,1,0.999453,0,0.0457575564953558,0.2732,757
vadakku|nanbar|collection|lakh|worth|likes|99999|tamilnadu,2026-09-07,2026-10-07,0.180923827941172,1,0.9992206,0,0.0391305111843176,0.2731,758
supercell|going|crazy|medal|event,2026-09-07,2026-10-07,0.180923827941172,1,0.9991524,0,0.0368227900023417,0.2731,759
tested|impossible|secret|tricks|rivals,2026-09-07,2026-10-07,0.180923827941172,1,0.9991524,0,0.0631197364629555,0.2731,760
pawdii|live|scrims|grind|intense|gameplay,2026-09-07,2026-10-07,0.180923827941172,1,0.9991524,0,0.0367954690218167,0.2731,761
ramayana|movie|review|krk|ramayan|ranbirkapoor|ramayanatrailer|trailerreview,2026-09-07,2026-10-07,0.180923827941172,1,0.99934036,0,0.0389125898729147,0.273,762
finally|tag|back|domination,2026-09-07,2026-10-07,0.180923827941172,1,0.9991524,0,0.0375346590399497,0.273,763
ashish|yadav|srishti|bharti|dulari|bahiniya|rakshabandhan|2026,2026-09-07,2026-10-07,0.180923827941172,1,0.9991524,0,0.0456985401452545,0.273,764
august|special|soldier|jinda|mission|tiranga|garena|free,2026-09-07,2026-10-07,0.180923827941172,1,0.9991524,0,0.0444883265649417,0.2729,765
spower|one|man|army|champions|here,2026-09-07,2026-10-07,0.180923827941172,1,0.9991524,0,0.0363593547578227,0.2729,766
michael|empire|danger|gta|gameplay|697,2026-09-07,2026-10-07,0.180923827941172,1,0.9991524,0,0.0350257848130569,0.2729,767
diwali|event|2026|all|free|rewards|para|samsung,2026-09-07,2026-10-07,0.180923827941172,1,0.9991524,0,0.0393973080974911,0.2729,768
50k|crate|opening|hoke|rahega|lolzzzgaming,2026-09-07,2026-10-07,0.180923827941172,1,0.999453,0,0.051210298593117,0.2729,769
complete|guide|efootball|2027|free|eto|epics|animations,2026-09-07,2026-10-07,0.180923827941172,1,0.99934036,0,0.0375779169826463,0.2729,770
rivals|skincases|choose|loadout|roblox,2026-09-07,2026-10-07,0.180923827941172,1,0.9991524,0,0.0419312129621308,0.2728,771
bhimacha|panthar|jaga|aahe|jaybhim|ambedkar|trending,2026-09-07,2026-10-07,0.180923827941172,1,0.9991524,0,0.0348238890999204,0.2728,772
live|kya|hogaya|fun|tls|warrior|stream|freefire,2026-09-07,2026-10-07,0.180923827941172,1,0.9991524,0,0.0354483763334247,0.2728,773
wolverine|ultron|returns|doomsday|men|movie|cast|marvel,2026-09-07,2026-10-07,0.180923827941172,1,0.9991524,0,0.034031144330706,0.2727,774
built|secret|under|water|farm|minecraft,2026-09-07,2026-10-07,0.180923827941172,1,0.9991524,0,0.0339748179279978,0.2727,775
law|siva|fair|unfair|live|checking|rbz|srm,2026-09-07,2026-10-07,0.180923827941172,1,0.99949706,0,0.035345162005102,0.2727,776
testing|tiktok|best|secret|hiding|spots|mecha|chameleon,2026-09-07,2026-10-07,0.180923827941172,1,0.9991524,0,0.0347316736874794,0.2727,777
koor|music|uzma|shafi|aatif|gulzar|lone|kashmiri,2026-09-07,2026-10-07,0.180923827941172,1,0.9991524,0,0.0359050229183942,0.2727,778
champion|rush|live|esports|iqoo|mafia|iqooz11,2026-09-07,2026-10-07,0.180923827941172,1,0.9991524,0,0.0357534639665946,0.2726,779
toxic|reaction|rocking|star|yash|geetu|mohandas|kiara,2026-09-07,2026-10-07,0.180923827941172,1,0.9992785,0,0.0359356294637297,0.2726,780
went|homeless|rich|hour,2026-09-07,2026-10-07,0.180923827941172,1,0.9991524,0,0.0346192621677289,0.2725,781
became|security|guard|funniest,2026-09-07,2026-10-07,0.180923827941172,1,0.9991524,0,0.0552603164460838,0.2725,782
raushan|rohi|srishti|bharti|maghi|2026,2026-09-07,2026-10-07,0.180923827941172,1,0.9991524,0,0.0364807703178931,0.2725,783
dakha|jwmwi|lingshar|monalisha|bigrai,2026-09-07,2026-10-07,0.180923827941172,1,0.9991524,0,0.0344476932461494,0.2724,784
trolling|friend|casino|win|funniest,2026-09-07,2026-10-07,0.180923827941172,1,0.9991524,0,0.0547481108452888,0.2724,785
finally|killed|ender|dragon|minecraft|vazha,2026-09-07,2026-10-07,0.180923827941172,1,0.99934036,0,0.0349579039854901,0.2724,786
law|siva|final|decision|live|checking|rbz|srm,2026-09-07,2026-10-07,0.180923827941172,1,0.9991524,0,0.0330185835768519,0.2724,787
raushan|rohi|taniya|maghi|rangdari,2026-09-07,2026-10-07,0.180923827941172,1,0.9991524,0,0.0369279117762371,0.2724,788
jana|nayagan|zee|thalapathy|vijay|pooja|hegde|anirudh,2026-09-07,2026-10-07,0.180923827941172,1,0.9991524,0,0.0341938891818656,0.2724,789
end|tommy|vercetti|gta|real|life,2026-09-07,2026-10-07,0.180923827941172,1,0.9991524,0,0.0439193384649181,0.2723,790
classroom|cursed|something|wrong,2026-09-07,2026-10-07,0.180923827941172,1,0.99934036,0,0.0345006249625232,0.2723,791
avengers|endgame|encore|tamil|breakdown,2026-09-07,2026-10-07,0.180923827941172,1,0.9991524,0,0.0327970236696384,0.2723,792
toxic|reaction|rocking|star|yash|kiaraadvani|nayanthara|geetumohandas,2026-09-07,2026-10-07,0.180923827941172,1,0.9991524,0,0.0323730865634035,0.2723,793
family|drama|gibin|gopinath|anjali|nair|annie|rose,2026-09-07,2026-10-07,0.180923827941172,1,0.9991524,0,0.0531550849718834,0.2723,794
one|block|have|100|players|minecraft,2026-09-07,2026-10-07,0.180923827941172,1,0.9991524,0,0.0337603971008002,0.2723,795
bethlehem|kudumba|unit|reaction|nivin|pauly|mamitha|baiju,2026-09-07,2026-10-07,0.180923827941172,1,0.99934036,0,0.0353368714947971,0.2723,796
dig|clean|roblox,2026-09-07,2026-10-07,0.180923827941172,1,0.9991524,0,0.0364209322562768,0.2723,797
built|secret|water|shelter|our|ghast|pets|minecraft,2026-09-07,2026-10-07,0.180923827941172,1,0.9991524,0,0.0309250764500763,0.2722,798
000|coins|italy|epic|boxdraw|football|2027|let,2026-09-07,2026-10-07,0.180923827941172,1,0.9991524,0,0.0336084467276409,0.2722,799
bor|keina|exchange|manipuri|feature|film|premiere|show,2026-09-07,2026-10-07,0.180923827941172,1,0.99957436,0,0.0351572028164591,0.2722,800
spent|infinite|robux|get|divine|pet|steal|egg,2026-09-07,2026-10-07,0.180923827941172,1,0.9991524,0,0.0422292672569693,0.2722,801
toxic|reaction|rocking|star|yash,2026-09-07,2026-10-07,0.180923827941172,1,0.99934036,0,0.0346610532787573,0.2722,802
custom|rooms|lolzzz|janta|bgmi|live|lolzzzgaming|iqooz11,2026-09-07,2026-10-07,0.180923827941172,1,0.999453,0,0.0391634410384451,0.2722,803
desert|eagle|only|ranked|challenge|free|fire|max,2026-09-07,2026-10-07,0.180923827941172,1,0.9991524,0,0.0319478921767426,0.2722,804
live|free|fire|tournament|ffmic|fall|2026|team,2026-09-07,2026-10-07,0.180923827941172,1,0.9991524,0,0.0328644921195361,0.2721,805
kill|10000rs|amit|bhai|custom|live|stream|all,2026-09-07,2026-10-07,0.180923827941172,1,0.9991524,0,0.0314149204654737,0.2721,806
toxic|analysis|breakdown|yash|kadakk|cinema,2026-09-07,2026-10-07,0.180923827941172,1,0.9992206,0,0.0332317449708586,0.2721,807
jignesh|barot|pive|mari|bhabhi|hum|gujarati|2026,2026-09-07,2026-10-07,0.180923827941172,1,0.99932134,0,0.0330143579573136,0.2721,808
toxic|rocking|star|yash|geetu|mohandas|kvn|monster,2026-09-07,2026-10-07,0.180923827941172,1,0.9991524,0,0.0315324705510001,0.272,809
hoke|rahega|conqueror|rank|push|what|lolzzzgaming,2026-09-07,2026-10-07,0.180923827941172,1,0.999453,0,0.0399478390958192,0.272,810
avengers|doomsday|reaction|doom,2026-09-07,2026-10-07,0.180923827941172,1,0.9991524,0,0.0362190437479444,0.2719,811
capybara|plants|roblox,2026-09-07,2026-10-07,0.180923827941172,1,0.9991524,0,0.0351814092801347,0.2719,812
free|epic|goal|poacher|etoo|skills|blitz|suarez,2026-09-07,2026-10-07,0.180923827941172,1,0.9991524,0,0.0304886131322763,0.2719,813
mahakali|shukracharya|war|cry|reaction,2026-09-07,2026-10-07,0.180923827941172,1,0.9991524,0,0.0353489976617367,0.2719,814
khalifa|reaction|prithviraj|sukumaran|vysakh|mohanlal|jakes|bejoy,2026-09-07,2026-10-07,0.180923827941172,1,0.9991524,0,0.0333667979581528,0.2718,815
radhika|sundari|rakesh|reeyan|dulal|manki|arjun|lakra,2026-09-07,2026-10-07,0.180923827941172,1,0.9991524,0,0.0315807726628832,0.2718,816
iqoo|pros|kon|jeetega|aaj|clash|squad|live,2026-09-07,2026-10-07,0.180923827941172,1,0.999453,0,0.0318791579544834,0.2718,817
first|day|school|went|terribly|wrong,2026-09-07,2026-10-07,0.180923827941172,1,0.9991524,0,0.0304616741869462,0.2718,818
michael|gifting|450|000|most|luxury|mansion|gta,2026-09-07,2026-10-07,0.180923827941172,1,0.9991524,0,0.0400119989610461,0.2718,819
world|most|insane|minecraft|hardcore|build|reaction,2026-09-07,2026-10-07,0.180923827941172,1,0.9992206,0,0.0325526308955199,0.2718,820
black|animation|last|boxdraw|efootball|gullit|zlatan|milan,2026-09-07,2026-10-07,0.180923827941172,1,0.99934036,0,0.0326826525966734,0.2718,821
italy|epic|pack|opening,2026-09-07,2026-10-07,0.180923827941172,1,0.9991524,0,0.0310706516559509,0.2718,822
toxic|movie|yash|review|kannada|million|mistake,2026-09-07,2026-10-07,0.180923827941172,1,0.99934036,0,0.0323252315637903,0.2718,823
ajit|halchal|golu|raja|chandan|ydav|babita|sagar,2026-09-07,2026-10-07,0.180923827941172,1,0.9991524,0,0.0313642586780433,0.2717,824
got|kidnapped|neighbor,2026-09-07,2026-10-07,0.180923827941172,1,0.9991524,0,0.0299530759759234,0.2717,825
first|mag|legendary|skin|bodyshot|machine|tonde|gamer,2026-09-07,2026-10-07,0.180923827941172,1,0.9991524,0,0.0335467373107378,0.2717,826
finally|got|badge,2026-09-07,2026-10-07,0.180923827941172,1,0.9991524,0,0.0339875218414452,0.2717,827
live|ob55|advance|server|vannu,2026-09-07,2026-10-07,0.180923827941172,1,0.999453,0,0.029496905405053,0.2717,828
tommy|vercetti|kidnapped|michael|family|gta|real|life,2026-09-07,2026-10-07,0.180923827941172,1,0.9991524,0,0.034146267173139,0.2717,829
ffmaml|main|event|group|axb|sea|freefire|freefirelive,2026-09-07,2026-10-07,0.180923827941172,1,0.9991524,0,0.0378958312589465,0.2716,830
meri|reel|viral|jaye|brajbhasha|arun|simra|muskan,2026-09-07,2026-10-07,0.180923827941172,1,0.9991524,0,0.0308088006216377,0.2716,831
avengers|doomsday|tamil|breakdown,2026-09-07,2026-10-07,0.180923827941172,1,0.99957436,0,0.0314952154566559,0.2716,832
saw|toxic|yash|review,2026-09-07,2026-10-07,0.180923827941172,1,0.9991524,0,0.0390133824778732,0.2716,833
horilwa|nilotpal|mrinal|folk|cafe,2026-09-07,2026-10-07,0.180923827941172,1,0.9991524,0,0.0306822734554068,0.2716,834
pawdii|live|scrims|grind,2026-09-07,2026-10-07,0.180923827941172,1,0.9991524,0,0.0310803920744752,0.2715,835
hunterz|did|again|can|godl|tag|qualify|playoffs,2026-09-07,2026-10-07,0.180923827941172,1,0.9991524,0,0.0292985952869373,0.2715,836
toxic|absolutely|wild,2026-09-07,2026-10-07,0.180923827941172,1,0.9880755,0,0.0512978528047305,0.2715,837
avengers|doomsday|thoughts|reeload|media,2026-09-07,2026-10-07,0.180923827941172,1,0.9992206,0,0.0299236373464097,0.2715,838
survived|world|strongest|tornado,2026-09-07,2026-10-07,0.180923827941172,1,0.9991524,0,0.0293320829256381,0.2714,839
grow|chicken|fighter|roblox,2026-09-07,2026-10-07,0.180923827941172,1,0.9991524,0,0.032037200363348,0.2714,840
michael|meets|dubai|most|powerful|prince|gta|real,2026-09-07,2026-10-07,0.180923827941172,1,0.9991524,0,0.0334763520385374,0.2714,841
build|orbital|strike|cannon|minecraft|hardcore,2026-09-07,2026-10-07,0.180923827941172,1,0.9991524,0,0.029900478207074,0.2714,842
reaction|toxic|rocking|star|yash|kiara|beat|blaster,2026-09-07,2026-10-07,0.180923827941172,1,0.9994142,0,0.0312710083077686,0.2714,843
first|boxdraw|efootball|2027|chelsea|epic|pack|opening,2026-09-07,2026-10-07,0.180923827941172,1,0.9991524,0,0.0295479984437656,0.2714,844
plus|two|biology|onam|exam|sure|questions|winner,2026-09-07,2026-10-07,0.180923827941172,1,0.99934036,0,0.0319075089005363,0.2714,845
tag|igl|problem|genesis|domination,2026-09-07,2026-10-07,0.180923827941172,1,0.9991524,0,0.0304258108300494,0.2713,846
jana|nayagan|thalapathy|vijay|last|anirudh|watch|now,2026-09-07,2026-10-07,0.180923827941172,1,0.9991524,0,0.0273498651577056,0.2713,847
క్రెడిట్ కార్డు,2026-09-07,2026-10-07,0.180923827941172,0,0.0013738334,1,0.2811678159998635,0.2712,848
avengers|doomsday|hidden|details|breakdown,2026-09-07,2026-10-07,0.180923827941172,1,0.9991524,0,0.0269584919556957,0.2712,849
jabardasth|mahidhar|review|toxic|yash|public|talk,2026-09-07,2026-10-07,0.180923827941172,1,0.9991524,0,0.028436175338121,0.2712,850
aashish|yadav|yashika|chandra|bolbam|2026,2026-09-07,2026-10-07,0.180923827941172,1,0.9991524,0,0.0285566837253568,0.2712,851
avengers|doomsday|special|look|breakdown|telugu|latest|avengersdoomsday,2026-09-07,2026-10-07,0.180923827941172,1,0.9991524,0,0.0281945587528978,0.2712,852
surprise|saturday|live|all|samurai|bundles|freefire|tondegamer,2026-09-07,2026-10-07,0.180923827941172,1,0.9991524,0,0.0300863068125947,0.2711,853
entered|end|defeated|ender|dragon|minecraft,2026-09-07,2026-10-07,0.180923827941172,1,0.9991524,0,0.0276249833070458,0.2711,854
nobody|realised|there|two|impostors|among,2026-09-07,2026-10-07,0.180923827941172,1,0.9992206,0,0.0296339454899586,0.2711,855
catch|billion|ducks|roblox,2026-09-07,2026-10-07,0.180923827941172,1,0.9991524,0,0.0296591834990065,0.2711,856
minecraft|1v3|manhunt|can|craft|guns,2026-09-07,2026-10-07,0.180923827941172,1,0.9992472,0,0.0261062169035456,0.2711,857
mirzapur|movie|reaction,2026-09-07,2026-10-07,0.180923827941172,1,0.9991524,0,0.0281148535716501,0.2711,858
cousin|played|flee|facility|friends,2026-09-07,2026-10-07,0.180923827941172,1,0.99934036,0,0.0315263981273504,0.2711,859
vrindavan|bihari|indresh|upadhyay|srishti|bhandari|janmashtami|bhajan,2026-09-07,2026-10-07,0.180923827941172,1,0.9991524,0,0.0292461507250942,0.271,860
yash|toxic|reaction|looks|insane,2026-09-07,2026-10-07,0.180923827941172,1,0.9991524,0,0.0273671458022386,0.2709,861
sahara|bodo|film|2026|mwkthang|narzary|monalisha|hazoary,2026-09-07,2026-10-07,0.180923827941172,1,0.99934036,0,0.0282574286518456,0.2709,862
conqueror|rank|push|tag|top|lolzzzgaming,2026-09-07,2026-10-07,0.180923827941172,1,0.9924786,0,0.036403654475347,0.2709,863
toxic|telugu|reaction|review|rocking|star|yash|movie,2026-09-07,2026-10-07,0.180923827941172,1,0.9991524,0,0.0288003930453749,0.2709,864
connected|doomsday|vision|quest|breakdown|hidden|details,2026-09-07,2026-10-07,0.180923827941172,1,0.9991524,0,0.026483451775249,0.2708,865
actually|fun|parkour|game|vholume,2026-09-07,2026-10-07,0.180923827941172,1,0.9880755,0,0.0355238151617131,0.2706,866
khalifa|reaction|prithviraj|sukumaran|vysakh|malayalam,2026-09-07,2026-10-07,0.180923827941172,1,0.9880755,0,0.0310071657846334,0.2704,867
mere|sher,2026-09-07,2026-10-07,0.180923827941172,1,0.9880755,0,0.0307523513663539,0.2704,868
lakh|inr|challenge|kab|hoga|lolzzzgaming,2026-09-07,2026-10-07,0.180923827941172,1,0.96323276,0,0.043138953055488,0.2697,869
hon|ble|vijay|oru|pere|varalaaru|jana|nayagan,2026-09-07,2026-10-07,0.180923827941172,1,0.9426975,0,0.0512905708163062,0.2691,870
finding|every|poppy|playtime|characters|roblox,2026-09-07,2026-10-07,0.180923827941172,1,0.95034117,0,0.0290674068639049,0.2684,871
film|talk|dharman|shooting|update|ajith|gladiators|str,2026-09-07,2026-10-07,0.180923827941172,1,0.95034117,0,0.0284839365128952,0.2684,872
guild|test|prank|first|time|only|girls|ghus,2026-09-07,2026-10-07,0.180923827941172,1,0.9426975,0,0.0326211310342963,0.2682,873
nebula|unstoppable|tag|points|wwcd,2026-09-07,2026-10-07,0.180923827941172,1,0.9426975,0,0.0288428117109407,0.268,874
scariest|sleep|paralysis|game|ever|made,2026-09-07,2026-10-07,0.180923827941172,1,0.93255323,0,0.0280939450817494,0.2675,875
सेना,2026-09-07,2026-10-07,0.180923827941172,0,0.0013738334,1,0.2738985993207776,0.2668,876
australia bangladesh,2026-09-07,2026-10-07,0.180923827941172,0,0.0013738334,1,0.2760768630271144,0.2629,877
lisa|sawadika|music,2026-09-07,2026-10-07,0.180923827941172,0,8.264597e-05,1,0.9721612005347544,0.2613,878
india|japan|play,2026-09-07,2026-10-07,0.180923827941172,0,0.00050516875,1,0.304771251173375,0.2576,879
india|qualify|asian,2026-09-07,2026-10-07,0.180923827941172,0,0.0006225004,1,0.2960682385255768,0.2572,880
মমতা বন্দ্যোপাধ্যায়,2026-09-07,2026-10-07,0.180923827941172,0,0.0013738334,1,0.2693851140066213,0.2546,881
अभिषेक शर्मा,2026-09-07,2026-10-07,0.180923827941172,0,0.0013738334,1,0.2693851140066213,0.2546,882
katseye|hootie|frutti,2026-09-07,2026-10-07,0.180923827941172,0,8.264597e-05,1,0.7180624111979108,0.2523,883
avengers|doomsday|special|look|theaters|december,2026-09-07,2026-10-07,0.180923827941172,0,8.264597e-05,1,0.6866517501917307,0.2518,884
yeshanagula|paradise|nani|keerthy|suresh|anirudh|ravichander|srikanth,2026-09-07,2026-10-07,0.180923827941172,0,8.264597e-05,1,0.6176241097538737,0.2419,885
whatever|you|hide|keep,2026-09-07,2026-10-07,0.180923827941172,0,8.264597e-05,1,0.5071132150136496,0.2398,886
toxic|hindi|rocking|star|yash|geetu|mohandas|kvn,2026-09-07,2026-10-07,0.180923827941172,0,8.264597e-05,1,0.5066268944751517,0.2395,887
khesari|lal|yadav|kangana|sharma|shilpi|raj|afeem,2026-09-07,2026-10-07,0.180923827941172,0,8.264597e-05,1,0.4630308161544226,0.2393,888
update|magnet|showcase|blox|fruits,2026-09-07,2026-10-07,0.180923827941172,0,8.853234e-05,1,0.3972112550185738,0.2391,889
chill|camp|free|fire|kya|hai|garena|max,2026-09-07,2026-10-07,0.180923827941172,0,0.33660626,0,0.0379187613253406,0.2381,890
world|largest|minecraft|build,2026-09-07,2026-10-07,0.180923827941172,0,8.264597e-05,1,0.4880966347452224,0.237,891
1000|players|simulate|mining|prison|minecraft,2026-09-07,2026-10-07,0.180923827941172,0,8.264597e-05,1,0.3634043878660506,0.2357,892
mirzapur|movie|hindi|ali|fazal|pankaj|tripathi|divyenndu,2026-09-07,2026-10-07,0.180923827941172,0,8.264597e-05,1,0.4704973875363407,0.2347,893
saiabhyankkar|radhimaa|music|bhagyashri|borse|vivek|thejo|bharathwaj,2026-09-07,2026-10-07,0.180923827941172,0,8.264597e-05,1,0.4016966782546298,0.234,894
avengers|endgame|encore|theaters|sep,2026-09-07,2026-10-07,0.180923827941172,0,8.264597e-05,1,0.3891637419855172,0.2334,895
gurnoor brar,2026-09-07,2026-10-07,0.180923827941172,0,0.0013738334,1,0.2427699721234897,0.2333,896
bse share,2026-09-07,2026-10-07,0.180923827941172,0,0.0013738334,1,0.2427699721234897,0.2333,897
bse share price,2026-09-07,2026-10-07,0.180923827941172,0,0.0013738334,1,0.2427699721234897,0.2333,898
irumudi|telugu|ravi|teja|priya|bhavani|shankar|shiva,2026-09-07,2026-10-07,0.180923827941172,0,8.528158e-05,1,0.3011232614082025,0.2331,899
vibe|cinemas|september|kunal|kemmu|preity|zinta|sparsh,2026-09-07,2026-10-07,0.180923827941172,0,8.264597e-05,1,0.4596495643482798,0.2325,900
tera|mera|rishta|continues|film|ballad|awarapan|emraan,2026-09-07,2026-10-07,0.180923827941172,0,8.264597e-05,1,0.3289323395239438,0.2322,901
awarapan|shivam|rage|vishesh|emraan|disha|shabana|puran,2026-09-07,2026-10-07,0.180923827941172,0,8.264597e-05,1,0.3607728655661313,0.2317,902
guru|randhawa|fine|shyt,2026-09-07,2026-10-07,0.180923827941172,0,8.264597e-05,1,0.3411924002482771,0.2306,903
first|day|gangstar|mirage|city,2026-09-07,2026-10-07,0.180923827941172,0,8.264597e-05,1,0.2895112295416999,0.2305,904
moonlight|honey|singh|priceless,2026-09-07,2026-10-07,0.180923827941172,0,8.264597e-05,1,0.2808307630659989,0.2299,905
daayra|meghna|gulzar|kareena|kapoor|khan|prithviraj|sukumaran,2026-09-07,2026-10-07,0.180923827941172,0,8.264597e-05,1,0.4082061392298848,0.2297,906
haiwaan|akshay|kumar|saif|ali|khan|boman|shriya,2026-09-07,2026-10-07,0.180923827941172,0,8.264597e-05,1,0.3723606206947834,0.2296,907
samjho|vvaan|sidharth|malhotra|tamannaah|jubin|nautiyal|tanishk,2026-09-07,2026-10-07,0.180923827941172,0,8.264597e-05,1,0.3952360460764728,0.2295,908
power|star|pawan|singh|haqeeqat|bhojpuri|2026,2026-09-07,2026-10-07,0.180923827941172,0,8.264597e-05,0,0.2551043075422602,0.2289,909
operation|cargo|ship|007|first|light,2026-09-07,2026-10-07,0.180923827941172,0,8.528158e-05,0,0.2182983894992791,0.2289,910
first|gta|gameplay|here,2026-09-07,2026-10-07,0.180923827941172,0,8.264597e-05,1,0.2789835804257223,0.2288,911
dhanda|nyoliwala|numbari|mirzapur|movie|cinemas|sep|2026,2026-09-07,2026-10-07,0.180923827941172,0,8.264597e-05,1,0.2437462679282169,0.2284,912
vvaan|teaser|sidharth|malhotra|tamannaah|bhatia|cinemas|25th,2026-09-07,2026-10-07,0.180923827941172,0,8.264597e-05,1,0.33521010404466,0.2275,913
paradise|hindi|teaser|nani|srikanth|odela|anirudh|ravichander,2026-09-07,2026-10-07,0.180923827941172,0,8.264597e-05,0,0.2101044522019984,0.2269,914
radhimaa|sai|smriti|think|indie,2026-09-07,2026-10-07,0.180923827941172,0,8.264597e-05,0,0.1882850691413205,0.2268,915
harry|potter|philosopher|stone|teaser|hbo|max,2026-09-07,2026-10-07,0.180923827941172,0,8.264597e-05,0,0.2417979516276225,0.2263,916
gunmaaster|teaser|emraan|genelia|aparshakti|aditya|datt|himesh,2026-09-07,2026-10-07,0.180923827941172,0,8.264597e-05,1,0.3122071831307269,0.2262,917
biggest|mission|first|light|gameplay,2026-09-07,2026-10-07,0.180923827941172,0,8.264597e-05,0,0.2328479698771244,0.2261,918
cham|bolaya|gaman|santhal|gujarati|2026,2026-09-07,2026-10-07,0.180923827941172,0,0.10489553,0,0.0299043773725751,0.2261,919
became|taxi|driver|gangstar|mirage|city,2026-09-07,2026-10-07,0.180923827941172,0,8.264597e-05,0,0.2251469679553743,0.2253,920
dhanda|nyoliwala|gaddafi|music,2026-09-07,2026-10-07,0.180923827941172,0,8.264597e-05,0,0.2518801521804751,0.2253,921
naa|pushde|teaser|neha|kakkar|akanksha|chaudhary|yogesh,2026-09-07,2026-10-07,0.180923827941172,0,8.264597e-05,0,0.1665352189682927,0.2252,922
mandaadi|tamil|soori|suhas|mahima|nambiar|prakash|mathimaran,2026-09-07,2026-10-07,0.180923827941172,0,8.264597e-05,1,0.285703752749384,0.2252,923
entity|hunting|minecraft,2026-09-07,2026-10-07,0.180923827941172,0,8.264597e-05,0,0.1807487258218957,0.2251,924
champion|rush|format|grandfinale|live|fozyajay|iqoo|iqooz11,2026-09-07,2026-10-07,0.180923827941172,0,0.080019444,0,0.0286120626159599,0.2248,925
toxic|review|yash|corner,2026-09-07,2026-10-07,0.180923827941172,0,0.07805782,0,0.0291699130816716,0.2247,926
testing|popular|scary|minecraft|myths|see|they|actually,2026-09-07,2026-10-07,0.180923827941172,0,8.264597e-05,0,0.2165629126784149,0.2245,927
how|started|war|between|dimensions|minecraft|smp,2026-09-07,2026-10-07,0.180923827941172,0,8.528158e-05,0,0.1085691811933497,0.2245,928
vaaroon|forever|mirzapur|movie|shreya|ghoshal|romy|anand,2026-09-07,2026-10-07,0.180923827941172,0,8.264597e-05,1,0.2712128231514472,0.2245,929
bhangarh|untold|story|horror|game,2026-09-07,2026-10-07,0.180923827941172,0,8.264597e-05,0,0.1554753030068213,0.224,930
ajnabee|unknown|indian|horror|game,2026-09-07,2026-10-07,0.180923827941172,0,8.264597e-05,0,0.166887312351518,0.2238,931
khalifa|prithviraj|sukumaran|vysakh|jinu|abhraham|jakes|bejoy,2026-09-07,2026-10-07,0.180923827941172,0,8.264597e-05,0,0.1906286978326732,0.2236,932
gta|grand|theft|auto|extended|gameplay,2026-09-07,2026-10-07,0.180923827941172,0,8.264597e-05,0,0.2101078454761607,0.2236,933
spending|infinite|robux|get|egg|steal|roblox,2026-09-07,2026-10-07,0.180923827941172,0,8.528158e-05,0,0.088733596036327,0.2236,934
stole|biggest|elemental|eggs|steal|egg|roblox,2026-09-07,2026-10-07,0.180923827941172,0,8.528158e-05,0,0.0913579919743107,0.2234,935
tera|mera|rishta|mustafa|zahid,2026-09-07,2026-10-07,0.180923827941172,0,8.264597e-05,0,0.1533056971844611,0.2232,936
pmwc|watchparty|rank|push|lolzzzgaming,2026-09-07,2026-10-07,0.180923827941172,0,8.528158e-05,0,0.1009170203307389,0.2231,937
trapped|every|scary|myth|minecraft,2026-09-07,2026-10-07,0.180923827941172,0,8.264597e-05,0,0.1988138163833666,0.2231,938
vishwanath|sons|telugu|suriya|mamitha|prakash|naga|vamsi,2026-09-07,2026-10-07,0.180923827941172,0,8.264597e-05,0,0.1725616249217881,0.2228,939
noob|pro|sea|control|fruit|bloxfruit|roblox,2026-09-07,2026-10-07,0.180923827941172,0,8.853234e-05,0,0.0666014809293528,0.2227,940
journey|nooooob|pro,2026-09-07,2026-10-07,0.180923827941172,0,8.264597e-05,0,0.1026628470302151,0.2223,941
not|ending|until|beat|every|game|kai|cenat,2026-09-07,2026-10-07,0.180923827941172,0,8.264597e-05,0,0.1927329327434878,0.2222,942
thalapathy|kacheri|tamil|hon|ble|vijay|jana|nayagan,2026-09-07,2026-10-07,0.180923827941172,0,8.264597e-05,0,0.1446960194641408,0.2222,943
sardar|tamil|karthi|suryah|malavika|ashika|mithran|sam,2026-09-07,2026-10-07,0.180923827941172,0,8.264597e-05,0,0.1884213078224317,0.2222,944
became|richest|car|dealer|sale|expensive,2026-09-07,2026-10-07,0.180923827941172,0,8.528158e-05,0,0.0593001744720526,0.2221,945
used|hacks|cheat|rivals|hide|seek|roblox,2026-09-07,2026-10-07,0.180923827941172,0,8.528158e-05,0,0.0903811635717718,0.2221,946
why|removed|every|mace|minecraft|smp,2026-09-07,2026-10-07,0.180923827941172,0,8.528158e-05,0,0.0837440405739478,0.2221,947
shift|midnight|can|survive|shapeshifters,2026-09-07,2026-10-07,0.180923827941172,0,8.264597e-05,0,0.1118077909497263,0.222,948
haiwaan|teaser|akshay|kumar|saif|ali|khan|priyadarshan,2026-09-07,2026-10-07,0.180923827941172,0,8.264597e-05,0,0.215333928970111,0.2219,949
revolutionaries|bhuvan|bam|rohit|saraf|pratibha|ranta|gurfateh,2026-09-07,2026-10-07,0.180923827941172,0,8.264597e-05,1,0.2461816097539997,0.2218,950
how|exposed|underwater|gang|minecraft|smp,2026-09-07,2026-10-07,0.180923827941172,0,8.528158e-05,0,0.0705576591005718,0.2218,951
kya|season|hoga|conqueror|what|lolzzzgaming,2026-09-07,2026-10-07,0.180923827941172,0,0.00013219127,0,0.0527971898199592,0.2217,952
pretended|noob|then|used|super|gaming|chairs|roblox,2026-09-07,2026-10-07,0.180923827941172,0,8.528158e-05,0,0.0522346032127558,0.2215,953
lakh|inr|challenge|conqueror|rank|push|lolzzzgaming,2026-09-07,2026-10-07,0.180923827941172,0,0.00013722987,0,0.0450237698428038,0.2215,954
booyah|10000|youtubers|esports|players,2026-09-07,2026-10-07,0.180923827941172,0,8.528158e-05,0,0.0666350316108921,0.2214,955
raushan|rohi|srishti|bharti|maghi|bolbam|divya,2026-09-07,2026-10-07,0.180923827941172,0,8.853234e-05,0,0.0403996067464277,0.2214,956
power|raushan|rohi|srishti|bharti|aparna|malik|rangdari,2026-09-07,2026-10-07,0.180923827941172,0,8.528158e-05,0,0.0524416322836518,0.2213,957
railway|chai|wala|indian|horror|game,2026-09-07,2026-10-07,0.180923827941172,0,8.528158e-05,0,0.0490485470414785,0.2213,958
escaping|mix|roblox,2026-09-07,2026-10-07,0.180923827941172,0,8.528158e-05,0,0.051015927858888,0.2213,959
breaking|world|record|keyboard|escape|roblox,2026-09-07,2026-10-07,0.180923827941172,0,8.264597e-05,0,0.0845924901596925,0.2213,960
minecraft|trapped,2026-09-07,2026-10-07,0.180923827941172,0,8.264597e-05,0,0.1409224104163798,0.2212,961
kalyana|virundhu|lyric|dorothy|maestro|ilaiyaraaja|karthik|subbaraj,2026-09-07,2026-10-07,0.180923827941172,0,8.264597e-05,0,0.1817184347362674,0.2212,962
long|cars|stairs|teardown,2026-09-07,2026-10-07,0.180923827941172,0,8.264597e-05,0,0.0871074981406043,0.2212,963
toxic|review|international|cinema,2026-09-07,2026-10-07,0.180923827941172,0,8.528158e-05,0,0.0608927328759357,0.2211,964
avengers|doomsday|explained|men|movie|doom|story|marvel,2026-09-07,2026-10-07,0.180923827941172,0,8.528158e-05,0,0.0384031863002366,0.2211,965
gandhari|taapsee|pannu|netflix|india,2026-09-07,2026-10-07,0.180923827941172,0,8.264597e-05,1,0.2367302725793756,0.2211,966
not|game,2026-09-07,2026-10-07,0.180923827941172,0,8.264597e-05,0,0.1597410697954235,0.2211,967
stole|biggest|eternal|eggs|steal|egg|roblox,2026-09-07,2026-10-07,0.180923827941172,0,8.264597e-05,0,0.0798079191850049,0.221,968
watchparty|ewc,2026-09-07,2026-10-07,0.180923827941172,0,8.853234e-05,0,0.0348436731002249,0.221,969
kab|hoga|lakh|inr|challenge|lolzzzgaming,2026-09-07,2026-10-07,0.180923827941172,0,0.00013219127,0,0.0410067683462765,0.221,970
roblox|giant|mini|hide|seek|rivals,2026-09-07,2026-10-07,0.180923827941172,0,8.264597e-05,0,0.0858350553849791,0.221,971
evil|hulk|secret|wars|gta|roastverse|180,2026-09-07,2026-10-07,0.180923827941172,0,8.528158e-05,0,0.0391810440541687,0.221,972
teaser|power|star|pawan|singh|rupali|jadhav|sapna,2026-09-07,2026-10-07,0.180923827941172,0,8.528158e-05,0,0.0398974521449699,0.221,973
became|strongest|monkey|roblox,2026-09-07,2026-10-07,0.180923827941172,0,8.853234e-05,0,0.0318330741448311,0.2209,974
chimna|badshah|divya|kumar|nagesh|morwekar|neha|khan,2026-09-07,2026-10-07,0.180923827941172,0,8.264597e-05,0,0.1601740089887973,0.2209,975
minecraft|you|can|craft|super|balls,2026-09-07,2026-10-07,0.180923827941172,0,8.264597e-05,0,0.0709650561103321,0.2209,976
mandaadi|teaser|tamil|soori|suhas|mahima|nambiar|prakash,2026-09-07,2026-10-07,0.180923827941172,0,8.264597e-05,0,0.1453012780912431,0.2209,977
exploring|bhangarh|fort|scary|unexpected|ending,2026-09-07,2026-10-07,0.180923827941172,0,8.853234e-05,0,0.0292463577574127,0.2208,978
toxic|hindi|reaction|rocking|star|yash,2026-09-07,2026-10-07,0.180923827941172,0,0.00018488185,0,0.0299479817585387,0.2208,979
ramayan|movie|drama,2026-09-07,2026-10-07,0.180923827941172,0,8.528158e-05,0,0.0425818248223352,0.2208,980
toxic|absolutely|shocking,2026-09-07,2026-10-07,0.180923827941172,0,8.528158e-05,0,0.0398962440158796,0.2208,981
free|fire|collection|versus|noob|diya|challenge|ruko,2026-09-07,2026-10-07,0.180923827941172,0,8.853234e-05,0,0.0308028113926011,0.2208,982
pramod|premi|yadav|hamar|ghar|jare|sapna|chauhan,2026-09-07,2026-10-07,0.180923827941172,0,8.853234e-05,0,0.0287454815801419,0.2208,983
shift|midnight|shapeshifters|got|chill,2026-09-07,2026-10-07,0.180923827941172,0,8.264597e-05,0,0.0836207732249289,0.2207,984
can|two|idiots|control|one|car|roblox,2026-09-07,2026-10-07,0.180923827941172,0,8.853234e-05,0,0.0282235654720185,0.2207,985
street|fighter|2026|movie,2026-09-07,2026-10-07,0.180923827941172,0,8.264597e-05,0,0.1974958815134098,0.2207,986
ramayana|english|dub|2026,2026-09-07,2026-10-07,0.180923827941172,0,8.264597e-05,0,0.1049215894776517,0.2207,987
confirm|next|gold|vault|bundle|gun|para|samsung,2026-09-07,2026-10-07,0.180923827941172,0,8.528158e-05,0,0.0335483922451469,0.2206,988
toxic|hindi|reaction|rocking|star|yash|geetu|mohandas,2026-09-07,2026-10-07,0.180923827941172,0,9.275363e-05,0,0.0272953880623844,0.2206,989
karuppu|title|theme,2026-09-07,2026-10-07,0.180923827941172,0,8.528158e-05,0,0.0282981788509614,0.2206,990
started|homeless|built|own|business,2026-09-07,2026-10-07,0.180923827941172,0,8.528158e-05,0,0.0277385945643081,0.2206,991
unboxed|most|satisfying|game|roblox,2026-09-07,2026-10-07,0.180923827941172,0,8.528158e-05,0,0.035008330498136,0.2206,992
idiots|trapped|pennywise|carnival|devour,2026-09-07,2026-10-07,0.180923827941172,0,8.853234e-05,0,0.0265433025179689,0.2206,993
old|wmax|back|solo|squad|gameplay|bgmi|live,2026-09-07,2026-10-07,0.180923827941172,0,0.00013219127,0,0.0266111494126277,0.2205,994
powerstar|pawan|singh|pukaar|latest|bhojpuri|kanwar|geet,2026-09-07,2026-10-07,0.180923827941172,0,8.264597e-05,0,0.1311592373894693,0.2205,995
ramba|oorvasi|menaka|reaction|man|fiction|reacts,2026-09-07,2026-10-07,0.180923827941172,0,0.0001780941,0,0.0291673365364377,0.2205,996
completing|world|monkey|escape|roblox,2026-09-07,2026-10-07,0.180923827941172,0,8.528158e-05,0,0.0328956737671763,0.2205,997
became|ranked|duos|roblox|rivals,2026-09-07,2026-10-07,0.180923827941172,0,8.264597e-05,0,0.0609954507393445,0.2205,998
testing|tiktok|viral|secret|hiding|spots|mecha|chameleon,2026-09-07,2026-10-07,0.180923827941172,0,8.528158e-05,0,0.0269307734178957,0.2205,999
cs2|ewc|grandfinals|watchparty|snax,2026-09-07,2026-10-07,0.180923827941172,0,0.00013219127,0,0.0294535451363476,0.2205,1000
senpai|spider|smartypie|realistic|build|battle,2026-09-07,2026-10-07,0.180923827941172,0,8.528158e-05,0,0.0335008478561185,0.2205,1001
modified|mahindra|thar|games|indian|white|gadi|wala,2026-09-07,2026-10-07,0.180923827941172,0,0.00016990432,0,0.0277507577793625,0.2205,1002
started|pet|shop|happened,2026-09-07,2026-10-07,0.180923827941172,0,8.528158e-05,0,0.0270007983433473,0.2204,1003
updates|ramayana|toxic|paradise|teaser|shanthi|kranthi|release,2026-09-07,2026-10-07,0.180923827941172,0,0.00010961316,0,0.0272493870789631,0.2204,1004
toxic|reaction|rocking|star|yash|geetu|mohandas|malayalam,2026-09-07,2026-10-07,0.180923827941172,0,8.528158e-05,0,0.035443444858081,0.2204,1005
escaping|tornado|funnel|runner,2026-09-07,2026-10-07,0.180923827941172,0,8.264597e-05,0,0.1278814222525148,0.2204,1006
mirzapur|movie|reaction|suraj|kumar,2026-09-07,2026-10-07,0.180923827941172,0,8.528158e-05,0,0.0275242759206454,0.2204,1007
toxic|reaction|man|fiction|reacts,2026-09-07,2026-10-07,0.180923827941172,0,8.528158e-05,0,0.0269462020211614,0.2204,1008
minecraft|death|swap|smarty|senpaispider,2026-09-07,2026-10-07,0.180923827941172,0,8.528158e-05,0,0.0537979422751388,0.2204,1009
udhayanidhi stalin,2026-09-07,2026-10-07,0.180923827941172,0,0.0010630084,1,0.226306133620442,0.2204,1010
washing|house|roblox,2026-09-07,2026-10-07,0.180923827941172,0,8.528158e-05,0,0.0307509314629484,0.2204,1011
traitors|season|prime|india,2026-09-07,2026-10-07,0.180923827941172,0,8.264597e-05,1,0.2224167235418171,0.2204,1012
live|free|fire|tournament|tsg|elite|tag|s8ul,2026-09-07,2026-10-07,0.180923827941172,0,0.00013219127,0,0.0269547890876716,0.2204,1013
yash|just|went|completely|insane|toxic|reaction|rocking,2026-09-07,2026-10-07,0.180923827941172,0,0.00010961316,0,0.0276340996521943,0.2203,1014
blox|fruits|magnet|fruit|update|countdown,2026-09-07,2026-10-07,0.180923827941172,0,8.528158e-05,0,0.0468687104559796,0.2203,1015
tried|everything|still|failed|after|2000|attempts|fall,2026-09-07,2026-10-07,0.180923827941172,0,9.275363e-05,0,0.02910132199107,0.2203,1016
omg|most|powerful|security|gta|real|life,2026-09-07,2026-10-07,0.180923827941172,0,8.528158e-05,0,0.0355653647238478,0.2203,1017
pak|reacts|toxic|hindi|rocking|star|yash|geetu,2026-09-07,2026-10-07,0.180923827941172,0,0.000114897106,0,0.0302896603869792,0.2203,1018
playing|lolzzzgaming|push,2026-09-07,2026-10-07,0.180923827941172,0,0.00013219127,0,0.0251988730315391,0.2203,1019
banger|music|badshah|sharvi|hiten|aveera|singh|desihiphop,2026-09-07,2026-10-07,0.180923827941172,0,8.264597e-05,0,0.1477647032851885,0.2203,1020
free|epic|eto|blitz|suarez|tournament|mode|efootball,2026-09-07,2026-10-07,0.180923827941172,0,9.275363e-05,0,0.0287003619206985,0.2203,1021
customers|shapeshifters|shift|midnight,2026-09-07,2026-10-07,0.180923827941172,0,8.528158e-05,0,0.0271955999893777,0.2202,1022
irumudi|telugu|reaction|ravi|teja|priya|bhavani|shankar,2026-09-07,2026-10-07,0.180923827941172,0,8.528158e-05,0,0.0268103282830699,0.2202,1023
hunterz|one|man|army|domination|playoffs|day,2026-09-07,2026-10-07,0.180923827941172,0,8.528158e-05,0,0.0263924763294658,0.2202,1024
tried|minecraft|1v4|deathswap|challenge,2026-09-07,2026-10-07,0.180923827941172,0,8.264597e-05,0,0.0600109954583373,0.2202,1025
toxic|movie|review|kannada,2026-09-07,2026-10-07,0.180923827941172,0,8.528158e-05,0,0.027293223999411,0.2202,1026
fought|100|players|roblox|rivals|impossible,2026-09-07,2026-10-07,0.180923827941172,0,8.528158e-05,0,0.042235460558663,0.2202,1027
pmwc|ewc|group|stage|day|watchparty|neyoo,2026-09-07,2026-10-07,0.180923827941172,0,0.00013219127,0,0.0324335018957316,0.2202,1028
yash|nanga|kyu|hai|toxic,2026-09-07,2026-10-07,0.180923827941172,0,8.528158e-05,0,0.0304314045048687,0.2202,1029
aahista|king|raja|hindustani|music,2026-09-07,2026-10-07,0.180923827941172,0,8.528158e-05,0,0.0365786206353923,0.2202,1030
teaser|review|dinesh|lal|yadav|nirahua|jhand,2026-09-07,2026-10-07,0.180923827941172,0,8.528158e-05,0,0.0275610805867959,0.2202,1031
stole|biggest|godzilla|eggs|steal|egg|monster|update,2026-09-07,2026-10-07,0.180923827941172,0,8.264597e-05,0,0.0641574328755242,0.2202,1032
rakesh|barot|gamda|dilnu|shu|thashe|gujarati|2026,2026-09-07,2026-10-07,0.180923827941172,0,9.275363e-05,0,0.02715749829919,0.2201,1033
case|raushan|rohi|srishti|bharti|maghi|rangdari|2026,2026-09-07,2026-10-07,0.180923827941172,0,8.264597e-05,0,0.0550009779093774,0.2201,1034
spending|9827348|robux|power|slap|roblox,2026-09-07,2026-10-07,0.180923827941172,0,8.528158e-05,0,0.0308325841580497,0.2201,1035
vct|pacific|stage|grand|finals|vctwatchparty,2026-09-07,2026-10-07,0.180923827941172,0,9.602776e-05,0,0.0278235280263363,0.2201,1036
micheal|attack|mafia|meeting|gta|real|life,2026-09-07,2026-10-07,0.180923827941172,0,8.528158e-05,0,0.0324908275048611,0.2201,1037
steal|egg|roblox,2026-09-07,2026-10-07,0.180923827941172,0,8.528158e-05,0,0.0299777866967471,0.2201,1038
franklin|shinchan|onam|exam|crying|gta,2026-09-07,2026-10-07,0.180923827941172,0,0.000100203026,0,0.027340980404927,0.2201,1039
ffmic|2026|fall|grp|watch|party|rntx|res,2026-09-07,2026-10-07,0.180923827941172,0,8.528158e-05,0,0.0272666964460383,0.22,1040
started|instagram|studio|simulator|malayalam,2026-09-07,2026-10-07,0.180923827941172,0,8.528158e-05,0,0.0273895225952574,0.22,1041
muthumani|music|dorothy|maestro|ilaiyaraaja|karthik|subbaraj,2026-09-07,2026-10-07,0.180923827941172,0,8.264597e-05,0,0.1332927385235114,0.22,1042
haiwaan|review,2026-09-07,2026-10-07,0.180923827941172,0,0.0001293746,0,0.0281082470758593,0.2199,1043
australian|couple|react|toxic|kannada,2026-09-07,2026-10-07,0.180923827941172,0,9.275363e-05,0,0.0273210159743311,0.2199,1044
toxic|reaction|yash|geetu|mohandas|nayanthara|kiara|rukmini,2026-09-07,2026-10-07,0.180923827941172,0,8.528158e-05,0,0.0270307503303189,0.2199,1045
bethlehem|kudumba|unit|girish|nivin|pauly|mamitha|baiju,2026-09-07,2026-10-07,0.180923827941172,0,8.264597e-05,0,0.1535333675333557,0.2199,1046
pros|iqoo|total|gaming|abhishek|clash|squad|iqooz11,2026-09-07,2026-10-07,0.180923827941172,0,0.00013219127,0,0.0272412425006486,0.2199,1047
grass|cutter|roblox,2026-09-07,2026-10-07,0.180923827941172,0,8.528158e-05,0,0.028259314906389,0.2199,1048
granny|hot|air|balloon|escape|here,2026-09-07,2026-10-07,0.180923827941172,0,8.528158e-05,0,0.0301641727322374,0.2199,1049
meccha|chameleon|can|use|only|one|color,2026-09-07,2026-10-07,0.180923827941172,0,0.000100203026,0,0.0267577327686133,0.2198,1050
game|trolled|hard|fall|again|gameplay,2026-09-07,2026-10-07,0.180923827941172,0,8.528158e-05,0,0.0264440723257134,0.2198,1051
champion|rush|formati|grandfinale|live|fozyajay|iqoo|iqooz11,2026-09-07,2026-10-07,0.180923827941172,0,8.528158e-05,0,0.0247296243790021,0.2198,1052
haunted|haveli|1992|rahasya,2026-09-07,2026-10-07,0.180923827941172,0,8.528158e-05,0,0.0338359954834927,0.2198,1053
they|found|secret|base|under|woodland|mansion|hardcore,2026-09-07,2026-10-07,0.180923827941172,0,8.528158e-05,0,0.0244162127269908,0.2197,1054
you|shout|game|ends|slayypop,2026-09-07,2026-10-07,0.180923827941172,0,8.528158e-05,0,0.0359077188953236,0.2197,1055
ambar|lalach|balraj|sajan|jagpalpuria|taniya|arora|punjabi,2026-09-07,2026-10-07,0.180923827941172,0,8.528158e-05,0,0.0228615976577723,0.2197,1056
jaatni|armaan|malik|anjali|payal|kritika|zaid|ayaan,2026-09-07,2026-10-07,0.180923827941172,0,8.528158e-05,0,0.0328326965978217,0.2197,1057
became|ronaldo|kicked|football|space|roblox,2026-09-07,2026-10-07,0.180923827941172,0,8.528158e-05,0,0.0277474363918086,0.2197,1058
prepping|gta|promotion,2026-09-07,2026-10-07,0.180923827941172,0,8.264597e-05,0,0.0408678265387729,0.2196,1059
surprise|live|rank|push|pro|youtubes|lobby|shortsfeed,2026-09-07,2026-10-07,0.180923827941172,0,8.264597e-05,0,0.0522931614610984,0.2196,1060
opened|skin|cases|destroy|noobs|roblox|rivals,2026-09-07,2026-10-07,0.180923827941172,0,8.264597e-05,0,0.0581676160373863,0.2195,1061
stole|rift|eggs|newest|steal|egg|roblox|update,2026-09-07,2026-10-07,0.180923827941172,0,8.264597e-05,0,0.050033842479548,0.2195,1062
end|ghoda|free|fire,2026-09-07,2026-10-07,0.180923827941172,0,8.264597e-05,0,0.039114027598493,0.2195,1063
ram|lakhan,2026-09-07,2026-10-07,0.180923827941172,0,8.528158e-05,0,0.0225645279692843,0.2195,1064
ended|real|verity|minecraft|server,2026-09-07,2026-10-07,0.180923827941172,0,8.264597e-05,0,0.0630522088476776,0.2195,1065
soul|ceasefire|violated|nebula|absolute|domination,2026-09-07,2026-10-07,0.180923827941172,0,8.528158e-05,0,0.0241637367832577,0.2195,1066
jail|star|raushan|rohi|srishti|bharti|queen|shalini,2026-09-07,2026-10-07,0.180923827941172,0,8.264597e-05,0,0.1483486399571221,0.2195,1067
2nd|special|look|malayalam|breakdown|doom|origin|loki,2026-09-07,2026-10-07,0.180923827941172,0,0.0001293746,0,0.023890884884899,0.2195,1068
aashish|yadav|chanda|raj|maghi|2026,2026-09-07,2026-10-07,0.180923827941172,0,8.264597e-05,0,0.066412017531549,0.2194,1069
fire|ice|elemental|rivals|roblox,2026-09-07,2026-10-07,0.180923827941172,0,8.264597e-05,0,0.0763675530336175,0.2194,1070
toxic|review|yogi|bolta|hai,2026-09-07,2026-10-07,0.180923827941172,0,8.264597e-05,0,0.0443665907938714,0.2194,1071
toxic|reaction|looks|insane,2026-09-07,2026-10-07,0.180923827941172,0,0.000114897106,0,0.0233251477282254,0.2194,1072
killed|final|gaint|blue|whale|boss|island,2026-09-07,2026-10-07,0.180923827941172,0,8.528158e-05,0,0.0226743945747478,0.2194,1073
burglin|gnomes|stole|everything|house|funny|gameplay,2026-09-07,2026-10-07,0.180923827941172,0,9.275363e-05,0,0.0237918601775689,0.2194,1074
toxic|review|deeksha|sharma,2026-09-07,2026-10-07,0.180923827941172,0,8.264597e-05,0,0.0556028566426532,0.2193,1075
world|makes|sense|scary|game|mad|shepherd,2026-09-07,2026-10-07,0.180923827941172,0,8.528158e-05,0,0.0313323257933929,0.2193,1076
grand|finale|champions|rush|freefire|freefirelive|gyangaming,2026-09-07,2026-10-07,0.180923827941172,0,8.528158e-05,0,0.0233403170417197,0.2193,1077
vibe|teaser|cinemas|september|kunal|kemmu|preity|zinta,2026-09-07,2026-10-07,0.180923827941172,0,8.264597e-05,0,0.1597603242432645,0.2193,1078
first|day|school|went|extremely|wrong,2026-09-07,2026-10-07,0.180923827941172,0,9.275363e-05,0,0.0232376268285182,0.2193,1079
epic|ramayana|reaction|ranbir|kapoor|yash|sai|pallavi,2026-09-07,2026-10-07,0.180923827941172,0,8.528158e-05,0,0.0205197653185589,0.2193,1080
got|dream|job|railway|chai|wala|indian|horror,2026-09-07,2026-10-07,0.180923827941172,0,8.528158e-05,0,0.0276557451295379,0.2193,1081
completed|random|loadout|challenge|roblox|rivals,2026-09-07,2026-10-07,0.180923827941172,0,8.528158e-05,0,0.0318595611484427,0.2192,1082
grandpa|shotgun|visitor|mod|granny|remake|2026|gameplay,2026-09-07,2026-10-07,0.180923827941172,0,8.528158e-05,0,0.0231889265280484,0.2192,1083
neekkam|teaser|dileep|tiki|taka|asif|ali|naslen,2026-09-07,2026-10-07,0.180923827941172,0,0.000114897106,0,0.0225685896360308,0.2192,1084
ffmic|2026|fall|grp|watch|party|godl|rnx,2026-09-07,2026-10-07,0.180923827941172,0,8.528158e-05,0,0.0223202168895304,0.2192,1085
they|had|idea|who|yash|until|toxic|reaction,2026-09-07,2026-10-07,0.180923827941172,0,0.00010961316,0,0.0225588800665373,0.2192,1086
haiwaan|gunmaster|toxic|advance|booking|review|sunky|news,2026-09-07,2026-10-07,0.180923827941172,0,8.528158e-05,0,0.0250106378046761,0.2192,1087
grand|theft|auto|extended|look|now|playing|netflix,2026-09-07,2026-10-07,0.180923827941172,0,8.264597e-05,0,0.1605903884236862,0.2192,1088
prem|keetanu|teaser|veer|aparshakti|aafiya|nikhil|rakesh,2026-09-07,2026-10-07,0.180923827941172,0,8.264597e-05,1,0.2008628824763915,0.2192,1089
alaakaa|loova|unplugged|chapter|udhiram|blood|wood|tamil,2026-09-07,2026-10-07,0.180923827941172,0,8.528158e-05,0,0.0210404137680722,0.2192,1090
why|mahakali|teaser|bollywood|biggest|nightmare|akshay|khanna,2026-09-07,2026-10-07,0.180923827941172,0,8.528158e-05,0,0.0224843066006863,0.2192,1091
ffmic|2026|fall|week|grp|watch|party|s8ul,2026-09-07,2026-10-07,0.180923827941172,0,8.528158e-05,0,0.0238534641870316,0.2191,1092
magudam|tamil|vishal|prakash|anjali|dushara|super|good,2026-09-07,2026-10-07,0.180923827941172,0,8.264597e-05,0,0.0871242354208493,0.2191,1093
grand|finals|irl|watchparty|ewc26|paris|day|team,2026-09-07,2026-10-07,0.180923827941172,0,8.528158e-05,0,0.0230667451282101,0.2191,1094
became|runaway|criminal|roblox,2026-09-07,2026-10-07,0.180923827941172,0,0.000114897106,0,0.0230272715849994,0.2191,1095
thalapathy|vetri|kondan|jana|nayagan|hon|ble|vijay,2026-09-07,2026-10-07,0.180923827941172,0,8.264597e-05,0,0.0338818799005174,0.2191,1096
film|talk|king|100|glimpse|nivin|pauly|tamil,2026-09-07,2026-10-07,0.180923827941172,0,0.00016990432,0,0.0225809483133556,0.2191,1097
finally|michael|killed|tommy|vercetti|gta|real|life,2026-09-07,2026-10-07,0.180923827941172,0,8.528158e-05,0,0.0276495337324954,0.2191,1098
epic|anand|deverakonda|vaishnavi|chaitanya|hesham|naga|vamsi,2026-09-07,2026-10-07,0.180923827941172,0,8.264597e-05,0,0.1787676211049466,0.2191,1099
toxic|movie|review|kannada|amar|prasad|rocking|star,2026-09-07,2026-10-07,0.180923827941172,0,8.528158e-05,0,0.0209483098801873,0.2191,1100
can|win|youtubers|only|custom|room,2026-09-07,2026-10-07,0.180923827941172,0,8.264597e-05,0,0.0698200492805413,0.219,1101
omg|tommy|almost|killed|michael|gta|real|life,2026-09-07,2026-10-07,0.180923827941172,0,8.264597e-05,0,0.029118166721317,0.219,1102
ffmic|2026|fall|week|grp|watch|party|godl,2026-09-07,2026-10-07,0.180923827941172,0,8.528158e-05,0,0.0224000984631338,0.219,1103
toxic|kannada|hindi|reaction|rocking|star|yash|geetu,2026-09-07,2026-10-07,0.180923827941172,0,8.528158e-05,0,0.0216657723226305,0.219,1104
5th|day|escaped|balloon|granny|update,2026-09-07,2026-10-07,0.180923827941172,0,8.528158e-05,0,0.0219557852782921,0.219,1105
bought|100|000|private|island|billionaire|gta|real,2026-09-07,2026-10-07,0.180923827941172,0,8.528158e-05,0,0.0264760612430024,0.219,1106
tere|jatt|offical|watan|sahi|zeus|jasmeen|akhtar,2026-09-07,2026-10-07,0.180923827941172,0,8.264597e-05,0,0.038020397130743,0.2189,1107
secure|border|roblox,2026-09-07,2026-10-07,0.180923827941172,0,8.264597e-05,0,0.0293170100402416,0.2189,1108
desert|free|style|bundle|ranked|tonde|gamer,2026-09-07,2026-10-07,0.180923827941172,0,8.264597e-05,0,0.0322802917953288,0.2189,1109
awarapan|audio|jukebox|emraan|hashmi|disha|patani|shabana,2026-09-07,2026-10-07,0.180923827941172,0,8.264597e-05,0,0.0276788097262679,0.2189,1110
noushad|baqavi|abdulla|fadil|muflih|panakkad,2026-09-07,2026-10-07,0.180923827941172,0,8.528158e-05,0,0.0212842222325107,0.2189,1111
khalifa|reaction|prithviraj|jakesbejoy|vysakh|earphones,2026-09-07,2026-10-07,0.180923827941172,0,0.000114897106,0,0.0216626996148182,0.2189,1112
killa|paal|dabba|adada|prod|urban|thoza|music,2026-09-07,2026-10-07,0.180923827941172,0,8.528158e-05,0,0.0198259065209437,0.2189,1113
gta|franklin|summoned|catnap|midnight|tamil|tamilan,2026-09-07,2026-10-07,0.180923827941172,0,0.000100203026,0,0.0207533325632959,0.2189,1114
rakesh|barot|juthadi|gujarati|2026|jhankar|music,2026-09-07,2026-10-07,0.180923827941172,0,8.528158e-05,0,0.0200596149310027,0.2188,1115
built|guest|house|lilyville|princess,2026-09-07,2026-10-07,0.180923827941172,0,8.264597e-05,0,0.0277942565481414,0.2188,1116
toxic|reaction|bnftv|sanki|reacts,2026-09-07,2026-10-07,0.180923827941172,0,8.528158e-05,0,0.0193712359991677,0.2188,1117
ghost|hunting|phasmophobia|gang,2026-09-07,2026-10-07,0.180923827941172,0,8.264597e-05,0,0.0678168690338866,0.2188,1118
supercar|duct|tape|roblox,2026-09-07,2026-10-07,0.180923827941172,0,8.528158e-05,0,0.022442608442802,0.2188,1119
mirzapur|review|pankajtripathi|rjraunac,2026-09-07,2026-10-07,0.180923827941172,0,8.528158e-05,0,0.0204795860342131,0.2188,1120
noob|pro|rope|man|superhero|evolution,2026-09-07,2026-10-07,0.180923827941172,0,8.264597e-05,0,0.0270225898823498,0.2188,1121
mirzapur|movie|review|deeksha|sharma,2026-09-07,2026-10-07,0.180923827941172,0,8.528158e-05,0,0.0201052777001819,0.2188,1122
toxic|english|review|deeksha|sharma,2026-09-07,2026-10-07,0.180923827941172,0,8.264597e-05,0,0.0285270940597531,0.2188,1123
testing|clickbait|minecraft|shorts|lies,2026-09-07,2026-10-07,0.180923827941172,0,8.528158e-05,0,0.0213706180062654,0.2187,1124
trolled|chinti|gang|blade|ball|roblox,2026-09-07,2026-10-07,0.180923827941172,0,8.264597e-05,0,0.0484719134222251,0.2187,1125
loot|delivery|enemies|promotion,2026-09-07,2026-10-07,0.180923827941172,0,8.528158e-05,0,0.0215037262484389,0.2187,1126
grand|finale|hardest|lobby|tsg|tag|godl|nonstopgaming,2026-09-07,2026-10-07,0.180923827941172,0,8.528158e-05,0,0.0204755573808406,0.2187,1127
first|bike|poor|rich|simulator|malayalam,2026-09-07,2026-10-07,0.180923827941172,0,8.528158e-05,0,0.0208411160180469,0.2187,1128
avengers|doomsday|tobey|maguire|spider|man|death|explained,2026-09-07,2026-10-07,0.180923827941172,0,8.264597e-05,0,0.0276870998930378,0.2187,1129
found|hidden|sonic|anomaly|key|keyboard|roblox,2026-09-07,2026-10-07,0.180923827941172,0,8.264597e-05,0,0.0427294256506517,0.2187,1130
hydro|fire|gdr|insane|comeback|bgms|league|week,2026-09-07,2026-10-07,0.180923827941172,0,8.528158e-05,0,0.0214492479898634,0.2187,1131
forest|escape|last|train|scary|joker|mission,2026-09-07,2026-10-07,0.180923827941172,0,8.528158e-05,0,0.0195408077684094,0.2186,1132
dark|godzilla|team|king|kongs|hunting|series|animal,2026-09-07,2026-10-07,0.180923827941172,0,8.264597e-05,0,0.0253846233279411,0.2186,1133
toxic|reaction|rocking|star|yash|geetu|mohandas,2026-09-07,2026-10-07,0.180923827941172,0,8.264597e-05,0,0.0260234006575375,0.2186,1134
obtained|minecraft|strongest|god|weapon,2026-09-07,2026-10-07,0.180923827941172,0,8.264597e-05,0,0.02896779911409,0.2186,1135
trolling|noobs|spiderman|roblox,2026-09-07,2026-10-07,0.180923827941172,0,8.264597e-05,0,0.0315000823058502,0.2186,1136
biiig,2026-09-07,2026-10-07,0.180923827941172,0,8.264597e-05,0,0.1106420024329591,0.2186,1137
humbled|biggest|hater|roblox|rivals,2026-09-07,2026-10-07,0.180923827941172,0,8.264597e-05,0,0.0377036921314894,0.2186,1138
movie|tamil|nayanthara|kavin|vishnu|edavan|cinemas|28th,2026-09-07,2026-10-07,0.180923827941172,0,8.264597e-05,0,0.1229682745211697,0.2186,1139
mahakali|shukracharya|reveal|review,2026-09-07,2026-10-07,0.180923827941172,0,8.264597e-05,0,0.0300294783470836,0.2186,1140
toxic|review|bangla,2026-09-07,2026-10-07,0.180923827941172,0,0.00010622568,0,0.0205025069598464,0.2186,1141
mirzapur|movie|warning|censor|board,2026-09-07,2026-10-07,0.180923827941172,0,8.264597e-05,0,0.0253821654966153,0.2186,1142
trolling|noobs|bike|flip|roblox,2026-09-07,2026-10-07,0.180923827941172,0,8.264597e-05,0,0.0291363263332094,0.2186,1143
got|banned|keyboard|escape,2026-09-07,2026-10-07,0.180923827941172,0,8.264597e-05,0,0.0413602316514164,0.2185,1144
starting|over|using|only|admin|trademill|keyboard|escape,2026-09-07,2026-10-07,0.180923827941172,0,8.264597e-05,0,0.0284810347242405,0.2185,1145
godzilla|earth|king|kong|skar|suko|hunting|series,2026-09-07,2026-10-07,0.180923827941172,0,8.264597e-05,0,0.0205112799124622,0.2185,1146
nepal|charity|stream|superchat|jokerkihaveli,2026-09-07,2026-10-07,0.180923827941172,0,8.264597e-05,0,0.0274664099538776,0.2185,1147
avengers|doomsday|reaction|doctor|doom|special|look|sentinels,2026-09-07,2026-10-07,0.180923827941172,0,8.264597e-05,0,0.0207217696503748,0.2185,1148
can|escape|grandma|house|roblox,2026-09-07,2026-10-07,0.180923827941172,0,0.00010622568,0,0.0202544092945903,0.2185,1149
toh|phir|aao|version|lyric|awarapan|emraan|mithoon,2026-09-07,2026-10-07,0.180923827941172,0,8.264597e-05,0,0.1304243725795154,0.2185,1150
marathi|web|series,2026-09-07,2026-10-07,0.180923827941172,0,0.000111346235,0,0.0202374662188712,0.2185,1151
yeh|awarapan|lyrical|emraan|hashmi|disha|patani|amaal,2026-09-07,2026-10-07,0.180923827941172,0,8.264597e-05,0,0.0191498219557945,0.2185,1152
stole|rarest|rift|egg|steal|roblox,2026-09-07,2026-10-07,0.180923827941172,0,8.264597e-05,0,0.0639262217494807,0.2185,1153
bewafa|naar|babbu|maan|sukh|deedar|gill|latest,2026-09-07,2026-10-07,0.180923827941172,0,8.264597e-05,0,0.076740591932197,0.2184,1154
became|pick|pocket|steal|money|roblox,2026-09-07,2026-10-07,0.180923827941172,0,8.264597e-05,0,0.0274245964409842,0.2184,1155
grand|finale|live|who|will|win|fozyajay|iqoo,2026-09-07,2026-10-07,0.180923827941172,0,8.264597e-05,0,0.0187584464131769,0.2184,1156
granny|balloon|escape|extreme|mode|last|life|challenge,2026-09-07,2026-10-07,0.180923827941172,0,8.264597e-05,0,0.0188537385883193,0.2184,1157
rabi|awal|naat|2026|gali|saj|gayi|azhar,2026-09-07,2026-10-07,0.180923827941172,0,8.264597e-05,0,0.0191727545560994,0.2184,1158
knock|music|jxggi|sickboi|inferno,2026-09-07,2026-10-07,0.180923827941172,0,8.264597e-05,0,0.0308727376547023,0.2184,1159
jai|veeru|bgmi|promotions,2026-09-07,2026-10-07,0.180923827941172,0,8.264597e-05,0,0.023965531670806,0.2184,1160
franklin|shinchan|become|biggest|trillionaires|gta,2026-09-07,2026-10-07,0.180923827941172,0,9.7106335e-05,0,0.0187194463032724,0.2184,1161
mandaadi|telugu|soori|suhas|mahima|nambiar|prakash|mathimaran,2026-09-07,2026-10-07,0.180923827941172,0,8.264597e-05,0,0.1547613532293859,0.2184,1162
barsaat|lagdi|music|darshan|raval|simran|choudhary|aditi,2026-09-07,2026-10-07,0.180923827941172,0,8.264597e-05,0,0.1152297028345428,0.2183,1163
opened|photo|studio|customers|shapeshifters|photomaly|horror|game,2026-09-07,2026-10-07,0.180923827941172,0,8.264597e-05,0,0.085744652610188,0.2183,1164
shiv|ravan|samwad|raanjha|siddharth|lucky|ramayan|rap,2026-09-07,2026-10-07,0.180923827941172,0,8.264597e-05,0,0.018520355671062,0.2183,1165
legacy|sounds|india|continued|raftaarmusic|krsnaofficial,2026-09-07,2026-10-07,0.180923827941172,0,8.264597e-05,0,0.0439500690606449,0.2183,1166
monster|garage|ate|everyone|end|gta5,2026-09-07,2026-10-07,0.180923827941172,0,0.000111346235,0,0.018288604660876,0.2182,1167
toxic|review|analysis|rocking|star|yash|kiara|nayanthara,2026-09-07,2026-10-07,0.180923827941172,0,0.00017259049,0,0.0187781496373033,0.2182,1168
bmg|mallu|vakkotty|tomboy|mega|epic|snap|trick,2026-09-07,2026-10-07,0.180923827941172,0,8.264597e-05,0,0.0167574111077578,0.2182,1169
got|attacked|slime|monster|roblox,2026-09-07,2026-10-07,0.180923827941172,0,8.264597e-05,0,0.0251609189374788,0.2182,1170
raushan|rohi|srishti|bharti|tanya|magahi,2026-09-07,2026-10-07,0.180923827941172,0,8.264597e-05,0,0.0634586905106625,0.2182,1171
gta|leak|corporate|drama|paari|saalan|varun|tamil,2026-09-07,2026-10-07,0.180923827941172,0,8.264597e-05,0,0.0187512474525443,0.2182,1172
stole|rarest|egg|roblox|steal,2026-09-07,2026-10-07,0.180923827941172,0,8.264597e-05,0,0.0181793251393544,0.2182,1173
raja|chori|gulshan|music|jaat|nia|haryanvi|bhole,2026-09-07,2026-10-07,0.180923827941172,0,8.264597e-05,0,0.0218308798511614,0.2182,1174
boom|baam|finale|tournament|iqoo|total|gaming|live,2026-09-07,2026-10-07,0.180923827941172,0,0.00012810613,0,0.0157730890416945,0.2182,1175
100|winning|streak|broken,2026-09-07,2026-10-07,0.180923827941172,0,8.264597e-05,0,0.0189839439004584,0.2182,1176
working|petrol|pump|shop|gas|station|case|horror,2026-09-07,2026-10-07,0.180923827941172,0,8.264597e-05,0,0.0352120967645139,0.2181,1177
gta|live|don|blink|secret|mod|chaos|unleashed,2026-09-07,2026-10-07,0.180923827941172,0,0.00012810613,0,0.1762925648563748,0.2181,1178
raja|playlist|teaser|yuvan|shankar|musical|elephantine,2026-09-07,2026-10-07,0.180923827941172,0,8.264597e-05,0,0.0179078194498538,0.2181,1179
gym|fat|thin|stairs|battle|minecraft,2026-09-07,2026-10-07,0.180923827941172,0,8.264597e-05,0,0.025804340097993,0.2181,1180
shankar|dada|mbbs|release|chiranjeevi|sonali|bendre|srikanth,2026-09-07,2026-10-07,0.180923827941172,0,8.264597e-05,0,0.0174088404989401,0.2181,1181
muthumani|dorothy,2026-09-07,2026-10-07,0.180923827941172,0,8.264597e-05,0,0.0174306939522714,0.2181,1182
paradise|teaser|reaction|nani|anirudh|ravichander|charinotsorry,2026-09-07,2026-10-07,0.180923827941172,0,8.264597e-05,0,0.0191378707874556,0.2181,1183
played|spiderman|troll|noobs|roblox,2026-09-07,2026-10-07,0.180923827941172,0,8.264597e-05,0,0.0395879278434178,0.2181,1184
toxic|review|yash|movie,2026-09-07,2026-10-07,0.180923827941172,0,8.264597e-05,0,0.0166565107762389,0.2181,1185
john|cena|clash|clans,2026-09-07,2026-10-07,0.180923827941172,0,8.264597e-05,0,0.074985116001186,0.2181,1186
reaction|toxic|hindi|rocking|star|yash|kiara|advani,2026-09-07,2026-10-07,0.180923827941172,0,8.264597e-05,0,0.0180100560393845,0.2181,1187
reached|max|soldier|merge|evolution|roblox,2026-09-07,2026-10-07,0.180923827941172,0,8.264597e-05,0,0.0200420278185317,0.2181,1188
desh|amar|pran|zubeen|garg|farheena|nasrin|assamese,2026-09-07,2026-10-07,0.180923827941172,0,0.00010622568,0,0.0187878683435482,0.2181,1189
clean|key|caps|roblox,2026-09-07,2026-10-07,0.180923827941172,0,8.264597e-05,0,0.0199561461568214,0.2181,1190
how|saved|girls|civilization|minecraft|smp,2026-09-07,2026-10-07,0.180923827941172,0,8.264597e-05,0,0.0215096900121638,0.218,1191
hazir,2026-09-07,2026-10-07,0.180923827941172,0,8.264597e-05,0,0.0165997606953049,0.218,1192
roblox|steal|egg,2026-09-07,2026-10-07,0.180923827941172,0,8.264597e-05,0,0.0181859545071526,0.218,1193
badge|moderator|which|has|rarest|collection|garena|free,2026-09-07,2026-10-07,0.180923827941172,0,8.264597e-05,0,0.0320361275072009,0.218,1194
mathavinte|novena|nityasahaya|best|malayalam,2026-09-07,2026-10-07,0.180923827941172,0,0.000111346235,0,0.0189797524821398,0.218,1195
ewc|watch|party|team|omegaaaa,2026-09-07,2026-10-07,0.180923827941172,0,0.00012810613,0,0.0167235986237079,0.218,1196
tag|points|wwcd|domination|super|weekend|day,2026-09-07,2026-10-07,0.180923827941172,0,8.264597e-05,0,0.0222310201608622,0.218,1197
hansraj|raghuwanshi|vrindavan|hawaaon|mein|krishna|janmashtami|special,2026-09-07,2026-10-07,0.180923827941172,0,8.264597e-05,0,0.0195667166985444,0.218,1198
nijame|rujuvainadhi|pavan|kalyan|padala|viyana|win|mini,2026-09-07,2026-10-07,0.180923827941172,0,8.264597e-05,0,0.0458889053822009,0.218,1199
stole|rarest|item|game|last|pirates,2026-09-07,2026-10-07,0.180923827941172,0,8.264597e-05,0,0.0430440229405199,0.218,1200
rose|live|let|million|pnharsh|shorts|pnrose,2026-09-07,2026-10-07,0.180923827941172,0,0.00012810613,0,0.0201227298136071,0.218,1201
almost|killed|tommy|vercetti|gta|real|life,2026-09-07,2026-10-07,0.180923827941172,0,8.264597e-05,0,0.0259285132274417,0.2179,1202
100|players|fight|god|spear|minecraft,2026-09-07,2026-10-07,0.180923827941172,0,8.264597e-05,0,0.0252041592576545,0.2179,1203
gyangaming|live|gta|gta5|gtav|gaming|iqooz11,2026-09-07,2026-10-07,0.180923827941172,0,0.00013137485,0,0.0181375675172145,0.2179,1204
removed|badge|only,2026-09-07,2026-10-07,0.180923827941172,0,8.264597e-05,0,0.0532068152688015,0.2179,1205
happy|birthday|you|lakhbir|singh|lakkha|trending|janmashtami,2026-09-07,2026-10-07,0.180923827941172,0,8.264597e-05,0,0.1515503381140768,0.2179,1206
main|aur|mera|sher|promotion,2026-09-07,2026-10-07,0.180923827941172,0,0.00012810613,0,0.0181697280468337,0.2179,1207
grand|finale|live|fozyajay|iqoo|iqooz11,2026-09-07,2026-10-07,0.180923827941172,0,8.264597e-05,0,0.0167876640626422,0.2179,1208
4kvideo|aashish|yadav|kaniya|reelwali|bolbam|2026,2026-09-07,2026-10-07,0.180923827941172,0,8.264597e-05,0,0.0380380572123218,0.2179,1209
haiwaan|review|yogi|bolta|hai,2026-09-07,2026-10-07,0.180923827941172,0,8.264597e-05,0,0.0208048792028456,0.2179,1210
dead|person|visited|shop|midnight|shift|gameplay,2026-09-07,2026-10-07,0.180923827941172,0,8.264597e-05,0,0.0213586387203864,0.2179,1211
happy|independence|day|free|fire|live|rank|push,2026-09-07,2026-10-07,0.180923827941172,0,8.264597e-05,0,0.0377371775825484,0.2179,1212
mirzapur|movie|reaction|bnftv|sanki|reacts,2026-09-07,2026-10-07,0.180923827941172,0,0.00010322774,0,0.0167908799211621,0.2179,1213
early|access|samurai|wheel|event|tonde|gamer,2026-09-07,2026-10-07,0.180923827941172,0,8.264597e-05,0,0.0186369392923576,0.2179,1214
koka|armaan|malik|chirayu|navya|vinod|sorkhi|2026,2026-09-07,2026-10-07,0.180923827941172,0,8.264597e-05,0,0.0183973018989168,0.2178,1215
pirisham|najran|kabeer|bappu|velliparamba|roy|millennium|prime,2026-09-07,2026-10-07,0.180923827941172,0,8.264597e-05,0,0.0394229862365294,0.2178,1216
wapaar|gaggu|sajjan|jashnmeet|digital|punjabi|2026,2026-09-07,2026-10-07,0.180923827941172,0,8.264597e-05,0,0.023759669088465,0.2178,1217
pattampoochi|vishwanath|sons|suriya|mamitha|baiju|prakash|venky,2026-09-07,2026-10-07,0.180923827941172,0,8.264597e-05,0,0.1510823463838975,0.2178,1218
alakh|niranjan|citylights|vinay|rajkumar|monisha|vijayakumar|charan,2026-09-07,2026-10-07,0.180923827941172,0,8.264597e-05,0,0.0353113345823948,0.2178,1219
toxic|english|reaction|yash|goes|global|after|kgf,2026-09-07,2026-10-07,0.180923827941172,0,0.000111346235,0,0.0179232757241955,0.2178,1220
joined|hackers|civilization|minecraft,2026-09-07,2026-10-07,0.180923827941172,0,8.264597e-05,0,0.0166278245015296,0.2178,1221
phantasia|siren|opening|scrims|dangerous|goblin|live|bgmi,2026-09-07,2026-10-07,0.180923827941172,0,0.00012810613,0,0.018430850675419,0.2178,1222
live|toxic|launch|bht|review,2026-09-07,2026-10-07,0.180923827941172,0,8.264597e-05,0,0.0172204322564605,0.2178,1223
tez|ffmic|2026|fall|group|stage|watch|party,2026-09-07,2026-10-07,0.180923827941172,0,0.00012810613,0,0.016700289459575,0.2178,1224
skinny|per|step|roblox,2026-09-07,2026-10-07,0.180923827941172,0,8.264597e-05,0,0.0193117614506528,0.2177,1225
can|bunker|survive|anything|roblox,2026-09-07,2026-10-07,0.180923827941172,0,0.0001646539,0,0.0166169836192777,0.2177,1226
sourav|joshi|surprised|saving|cat|roblox,2026-09-07,2026-10-07,0.180923827941172,0,8.264597e-05,0,0.0216313833815976,0.2177,1227
spinning|samurai|superhero|ring|free|fire,2026-09-07,2026-10-07,0.180923827941172,0,8.264597e-05,0,0.051338321320325,0.2177,1228
keralanaadu|popstar|priya|jerson|vijay|narain,2026-09-07,2026-10-07,0.180923827941172,0,8.264597e-05,0,0.0577795130755149,0.2177,1229
making|friend|dream|come|true,2026-09-07,2026-10-07,0.180923827941172,0,8.264597e-05,0,0.0709070946983986,0.2177,1230
built|different|music|saabi|bhinder|cheetah|punjabi|songs,2026-09-07,2026-10-07,0.180923827941172,0,8.264597e-05,0,0.0242343277583801,0.2177,1231
among|judge|role|live|gang|hok|later,2026-09-07,2026-10-07,0.180923827941172,0,8.264597e-05,0,0.0359121896062456,0.2177,1232
serenade|karina|winter,2026-09-07,2026-10-07,0.180923827941172,0,8.264597e-05,0,0.0281397451059224,0.2177,1233
phareng|wanbhaa|upunn|dapyn|musicvideo,2026-09-07,2026-10-07,0.180923827941172,0,8.264597e-05,0,0.0177506461358407,0.2177,1234
boys|girls|rivals|roblox|challenge,2026-09-07,2026-10-07,0.180923827941172,0,8.264597e-05,0,0.0508030239457209,0.2177,1235
pirisham,2026-09-07,2026-10-07,0.180923827941172,0,0.00014259738,0,0.0198224613542668,0.2177,1236
gyangaming|raistar|gta|parkour|live|impossible|challenge|iqooz11,2026-09-07,2026-10-07,0.180923827941172,0,0.00012810613,0,0.0179657772703229,0.2176,1237
found|expensive|pokemon|cards|ascended|heroes|etb,2026-09-07,2026-10-07,0.180923827941172,0,8.264597e-05,0,0.0315756104793056,0.2176,1238
minecraft|realism,2026-09-07,2026-10-07,0.180923827941172,0,8.264597e-05,0,0.034108082995526,0.2176,1239
champion|rush|format|grand|finale|live|fozyajay|iqoo,2026-09-07,2026-10-07,0.180923827941172,0,8.264597e-05,0,0.0165701969599038,0.2176,1240
game|about|cleaning|leaves|roblox,2026-09-07,2026-10-07,0.180923827941172,0,8.264597e-05,0,0.0189481128527766,0.2176,1241
avengers|doomsday|special|look|visionquest|review|yogi|bolta,2026-09-07,2026-10-07,0.180923827941172,0,8.264597e-05,0,0.0280570953831423,0.2176,1242
anjali|arora|ramayana|pro|max|teaser|deeksha|sharma,2026-09-07,2026-10-07,0.180923827941172,0,8.264597e-05,0,0.0158348823336379,0.2176,1243
gta|extended|tamil|breakdown,2026-09-07,2026-10-07,0.180923827941172,0,8.264597e-05,0,0.0162535589296103,0.2176,1244
ankush|raja|priyanka|singh|govind|ojha|rakshabandhan|bhojpuri,2026-09-07,2026-10-07,0.180923827941172,0,8.264597e-05,0,0.0206679086147721,0.2176,1245
supercell|going|crazy|september|update,2026-09-07,2026-10-07,0.180923827941172,0,8.264597e-05,0,0.0176816733078729,0.2176,1246
stole|eternal|egg|steal|roblox,2026-09-07,2026-10-07,0.180923827941172,0,8.264597e-05,0,0.0175549617141178,0.2175,1247
spower|reply|fight|enc|cancel|sid|mortal|snax,2026-09-07,2026-10-07,0.180923827941172,0,8.264597e-05,0,0.0173238510361953,0.2175,1248
harry|potter|philosopher|stone|teaser|hbomaxasia,2026-09-07,2026-10-07,0.180923827941172,0,8.264597e-05,0,0.0954672539087458,0.2175,1249
stole|scary|egg|steal|roblox,2026-09-07,2026-10-07,0.180923827941172,0,8.264597e-05,0,0.0143352319794817,0.2175,1250
secret|soldier|nihal|kodhaty|surya|srinivas|moon|light,2026-09-07,2026-10-07,0.180923827941172,0,8.264597e-05,0,0.0154901662624213,0.2175,1251
doom|machaye|dhoom|avengers|doomsday|blew|away|men,2026-09-07,2026-10-07,0.180923827941172,0,8.264597e-05,0,0.0180629096202585,0.2175,1252
wwe|wrestler|rey|mysterio|free|fire,2026-09-07,2026-10-07,0.180923827941172,0,8.264597e-05,0,0.0479055740228609,0.2175,1253
toxic|decoding|hidden|details|yash|nayanthara|karthick|maayakumar,2026-09-07,2026-10-07,0.180923827941172,0,8.264597e-05,0,0.0167521487514936,0.2175,1254
avengers|doomsday|breakdown|easter|eggs|details|you|missed,2026-09-07,2026-10-07,0.180923827941172,0,8.264597e-05,0,0.0415474386422205,0.2175,1255
ramayana|english,2026-09-07,2026-10-07,0.180923827941172,0,8.264597e-05,0,0.1603931407984892,0.2175,1256
escaped|using|hot|air|balloon|granny,2026-09-07,2026-10-07,0.180923827941172,0,8.264597e-05,0,0.063237999994326,0.2175,1257
avengers|doomsday|ramayana|deeksha|sharma,2026-09-07,2026-10-07,0.180923827941172,0,8.264597e-05,0,0.0159900329023454,0.2174,1258
franklin|found|mysterious|containers|inside|crashed|airplane,2026-09-07,2026-10-07,0.180923827941172,0,8.264597e-05,0,0.0157898936044155,0.2174,1259
raushan|rohi|srishti|bharti|chahat|singh|maal|rasdaar,2026-09-07,2026-10-07,0.180923827941172,0,8.264597e-05,0,0.0390300457033647,0.2174,1260
roblox|jump|height,2026-09-07,2026-10-07,0.180923827941172,0,8.264597e-05,0,0.0375938644389063,0.2174,1261
finally|super|bikes|update|car|sale|simulator|cars,2026-09-07,2026-10-07,0.180923827941172,0,8.264597e-05,0,0.0166383928035605,0.2174,1262
mirzapur|movie|review|yogi|bolta|hai,2026-09-07,2026-10-07,0.180923827941172,0,8.264597e-05,0,0.0193987093063091,0.2174,1263
opened|hospital|harshit|treat|haunted|patients|night|infirmary,2026-09-07,2026-10-07,0.180923827941172,0,8.264597e-05,0,0.0751847923848991,0.2174,1264
became|lovity|troll|noobs|rivals|roblox,2026-09-07,2026-10-07,0.180923827941172,0,8.264597e-05,0,0.0263709691960917,0.2174,1265
tried|all|free|fire|servers|found,2026-09-07,2026-10-07,0.180923827941172,0,8.264597e-05,0,0.0643827721239367,0.2173,1266
sawan|special|bhakti|bhajan,2026-09-07,2026-10-07,0.180923827941172,0,0.000111346235,0,0.016231540157141,0.2173,1267
opened|repair|shop|japan|restory,2026-09-07,2026-10-07,0.180923827941172,0,8.264597e-05,0,0.0322297047804517,0.2173,1268
toxic|record|break|24hrs|rocking|star|yash,2026-09-07,2026-10-07,0.180923827941172,0,0.00017259049,0,0.015553511404616,0.2173,1269
grand|finale|champions|rush|110|freefire|freefirelive|gyangaming,2026-09-07,2026-10-07,0.180923827941172,0,0.00012810613,0,0.0180870837071599,0.2173,1270
ayanam|amore|rito|riba|hansika|pareek|naveen|beth,2026-09-07,2026-10-07,0.180923827941172,0,8.264597e-05,0,0.0379891823941527,0.2173,1271
completing|world|admin|glitch|keyboard|escape|roblox,2026-09-07,2026-10-07,0.180923827941172,0,8.264597e-05,0,0.0181434501225265,0.2173,1272
skibidi|toilet|back|reaction,2026-09-07,2026-10-07,0.180923827941172,0,8.264597e-05,0,0.0163721826117359,0.2172,1273
rakesh|barot|banas|kanudo|2026,2026-09-07,2026-10-07,0.180923827941172,0,8.264597e-05,0,0.0171081366969182,0.2172,1274
built|own|asmr|tower|roblox,2026-09-07,2026-10-07,0.180923827941172,0,8.264597e-05,0,0.0586049675406686,0.2172,1275
mahaveer|karna|tamil|teaser|ramesh|varma|jayantilal|gada,2026-09-07,2026-10-07,0.180923827941172,0,0.00012537636,0,0.0154508731483645,0.2172,1276
king|kong|team|skar|suko|hunting|series|animal,2026-09-07,2026-10-07,0.180923827941172,0,8.264597e-05,0,0.0148196610477353,0.2172,1277
law|order|teaser|prakash|varma|abhirami|ranjith,2026-09-07,2026-10-07,0.180923827941172,0,8.264597e-05,0,0.0331347081640054,0.2172,1278
defend|your|base|verity|monsters|roblox,2026-09-07,2026-10-07,0.180923827941172,0,8.264597e-05,0,0.051565750256325,0.2172,1279
tommy|almost|killed|franklin|trevor|gta|real|life,2026-09-07,2026-10-07,0.180923827941172,0,8.264597e-05,0,0.0193209399907856,0.2172,1280
got|adopted|ben|roblox,2026-09-07,2026-10-07,0.180923827941172,0,8.264597e-05,0,0.0240639054232218,0.2172,1281
obtained|admin|egg|steal|roblox,2026-09-07,2026-10-07,0.180923827941172,0,8.264597e-05,0,0.025770101777044,0.2172,1282
caught|greyninja|pokemon|legends,2026-09-07,2026-10-07,0.180923827941172,0,8.264597e-05,0,0.0329888885530459,0.2172,1283
ala|bolelo|jailer,2026-09-07,2026-10-07,0.180923827941172,0,8.264597e-05,0,0.0207429321367603,0.2171,1284
toxic|review|yash|kiara|advani|tara|sutaria|huma,2026-09-07,2026-10-07,0.180923827941172,0,8.264597e-05,0,0.0191512032933666,0.2171,1285
merge|verity|lovity|scp|entity|roblox,2026-09-07,2026-10-07,0.180923827941172,0,8.264597e-05,0,0.0239208423195278,0.2171,1286
golu|gold|priyanka|singh|rakshabandhan|2026,2026-09-07,2026-10-07,0.180923827941172,0,8.264597e-05,0,0.0137577584527744,0.2171,1287
shiv|shankar|bholenath|sawan|special|2026|bhajan|kishan,2026-09-07,2026-10-07,0.180923827941172,0,8.264597e-05,0,0.0149886631299409,0.217,1288
filmmakers|react|toxic|hindi|rocking|star|yash,2026-09-07,2026-10-07,0.180923827941172,0,9.7106335e-05,0,0.0145131822265248,0.217,1289
finally|update|cheats|indian|bike|driving|secret|race,2026-09-07,2026-10-07,0.180923827941172,0,8.264597e-05,0,0.0151923255322232,0.217,1290
hunt|billion|ducks|roblox,2026-09-07,2026-10-07,0.180923827941172,0,8.264597e-05,0,0.0214350837477208,0.217,1291
exposed|india|pakistan|minecraft|smp,2026-09-07,2026-10-07,0.180923827941172,0,8.264597e-05,0,0.0153198803918087,0.217,1292
tested|hidden|secrets|steal|egg|roblox,2026-09-07,2026-10-07,0.180923827941172,0,8.264597e-05,0,0.0161953911347212,0.217,1293
315|sanjay|yaduvanshi|officail,2026-09-07,2026-10-07,0.180923827941172,0,8.264597e-05,0,0.0441997577008991,0.217,1294
became|strongest|ninja|escape|roblox,2026-09-07,2026-10-07,0.180923827941172,0,8.264597e-05,0,0.0177008208230932,0.217,1295
became|girl|pranked|streamers,2026-09-07,2026-10-07,0.180923827941172,0,8.264597e-05,0,0.0508689640744958,0.217,1296
found|worst|rivals|trio|roblox|audition,2026-09-07,2026-10-07,0.180923827941172,0,8.264597e-05,0,0.0453228220894489,0.217,1297
kanpati|reload|kotti|ritu|jass|cheetah|latest|punjabi,2026-09-07,2026-10-07,0.180923827941172,0,8.264597e-05,0,0.0126373104777225,0.217,1298
got|trained|senpaispider|minecraft|smp,2026-09-07,2026-10-07,0.180923827941172,0,8.264597e-05,0,0.0205932069163931,0.217,1299
khalifa|reaction|unnivlogs|prithviraj|sukumaran|vysakh|jinu|abhraham,2026-09-07,2026-10-07,0.180923827941172,0,8.264597e-05,0,0.0161765017084619,0.217,1300
rsuty|helicopter|escape|granny|chapter|update,2026-09-07,2026-10-07,0.180923827941172,0,8.264597e-05,0,0.0154358846062742,0.217,1301
nachbu|alex|bawa|sumit|chandni,2026-09-07,2026-10-07,0.180923827941172,0,8.264597e-05,0,0.0154418840874688,0.2169,1302
movie|kannada|found|footage|horror|dheekshithh|shetty|srinidhi,2026-09-07,2026-10-07,0.180923827941172,0,8.264597e-05,0,0.0123733769529079,0.2169,1303
toxic|english|reaction|rocking|star|yash|nayanthara|kiara,2026-09-07,2026-10-07,0.180923827941172,0,8.264597e-05,0,0.0135030525733174,0.2169,1304
tuntun|yadav|rupya|dekh|bora|bhojpuri|hit|2026,2026-09-07,2026-10-07,0.180923827941172,0,8.264597e-05,0,0.0650727777017034,0.2169,1305
nanna|muddu|tangemma|malu|nipanal|rakshita|shetty|raksha,2026-09-07,2026-10-07,0.180923827941172,0,8.264597e-05,0,0.0307108998295679,0.2169,1306
toxic|english|releasing|today|30pm|yash|geethu,2026-09-07,2026-10-07,0.180923827941172,0,0.00017259049,0,0.0163294973921942,0.2169,1307
escaped|hardest|prison|spoon|roblox,2026-09-07,2026-10-07,0.180923827941172,0,8.264597e-05,0,0.0175125973547437,0.2169,1308
jadi|sailendra|priyambada|akash|sushant|kajal|dibya,2026-09-07,2026-10-07,0.180923827941172,0,8.264597e-05,0,0.0179442901108591,0.2169,1309
visionquest|breakdown|ultron|returns|tommy|finally|revealed,2026-09-07,2026-10-07,0.180923827941172,0,8.264597e-05,0,0.0140033519644765,0.2169,1310
close|yet|far|gdr|finally|champions,2026-09-07,2026-10-07,0.180923827941172,0,8.264597e-05,0,0.0153081453859444,0.2169,1311
most|nonsense|horror|game|icecream|shop,2026-09-07,2026-10-07,0.180923827941172,0,8.264597e-05,0,0.0260976007009968,0.2169,1312
japanese|ninja|girls|kidnapped|minecraft,2026-09-07,2026-10-07,0.180923827941172,0,8.264597e-05,0,0.0201022312270322,0.2169,1313
sorry|pmwc|champs|spower|joker|snax|godl|players,2026-09-07,2026-10-07,0.180923827941172,0,8.264597e-05,0,0.017514387721533,0.2169,1314
spiderman|top|100|bgmi|live|pubg,2026-09-07,2026-10-07,0.180923827941172,0,0.00012810613,0,0.0133840352548593,0.2169,1315
toxic|reaction|rocking|star|yash|nayanthara|kiara|advani,2026-09-07,2026-10-07,0.180923827941172,0,8.264597e-05,0,0.0173490935869244,0.2168,1316
rise|ali|theme|khalifa,2026-09-07,2026-10-07,0.180923827941172,0,0.00014259738,0,0.0150194280141039,0.2168,1317
legacy|what|trending|raftaarmusic|krsnaofficial,2026-09-07,2026-10-07,0.180923827941172,0,8.264597e-05,0,0.0546798195373133,0.2168,1318
difficult|life|zone|pushers,2026-09-07,2026-10-07,0.180923827941172,0,8.264597e-05,0,0.0687790850221594,0.2168,1319
tuntun|yadav|dwarikadhis|krishna|janmashtami|special|2026,2026-09-07,2026-10-07,0.180923827941172,0,8.264597e-05,0,0.057000793862535,0.2168,1320
maadhia|sasura|ghara|comedy,2026-09-07,2026-10-07,0.180923827941172,0,8.264597e-05,0,0.0150904620231992,0.2168,1321
ewc|2026|fortnite|grand|finals|trackmania|watchparty|s8ul,2026-09-07,2026-10-07,0.180923827941172,0,0.00012810613,0,0.0128613623295732,0.2168,1322
lost|minecraft|most|illegal|weapon,2026-09-07,2026-10-07,0.180923827941172,0,8.264597e-05,0,0.0232776762546624,0.2168,1323
farmon|jaymin|dabhoda|goga|maharaj|nag|panchami|special,2026-09-07,2026-10-07,0.180923827941172,0,0.00017259049,0,0.0156998520407704,0.2168,1324
ate|everything|evolve|alien|worm,2026-09-07,2026-10-07,0.180923827941172,0,8.264597e-05,0,0.0175406166660361,0.2168,1325
noob|max|race|steal|egg|roblox,2026-09-07,2026-10-07,0.180923827941172,0,8.264597e-05,0,0.0232875431404331,0.2168,1326
verity,2026-09-07,2026-10-07,0.180923827941172,0,8.264597e-05,0,0.1446431839056761,0.2168,1327
cheta|tera|karan|sandhawalia|yaar|jigree|kasooti|degree,2026-09-07,2026-10-07,0.180923827941172,0,8.264597e-05,0,0.0216144778107076,0.2168,1328
raja|bhagwan|rajbhagadhvi|rajesh|ahir|dwarika|janmashtami,2026-09-07,2026-10-07,0.180923827941172,0,8.264597e-05,0,0.012140296357779,0.2168,1329
trolled|girl|steal|egg|roblox|get|free|items,2026-09-07,2026-10-07,0.180923827941172,0,8.264597e-05,0,0.0176756779314094,0.2168,1330
yesaiah|unga|samugam|joseph|aldrin|tamil|christian|2026,2026-09-07,2026-10-07,0.180923827941172,0,8.264597e-05,0,0.0124312836420897,0.2167,1331
spent|infinite|robux|get|egg|steal|roblox,2026-09-07,2026-10-07,0.180923827941172,0,8.264597e-05,0,0.0184299685185642,0.2167,1332
franklin|found|secret|elemental|bikes|save|shinchan|gta,2026-09-07,2026-10-07,0.180923827941172,0,8.264597e-05,0,0.0148983255131506,0.2167,1333
live|badge|team|lava|guild|test,2026-09-07,2026-10-07,0.180923827941172,0,0.00012810613,0,0.0150174770405448,0.2167,1334
loser|game|malayalam|dulquer|salmaan|jakes|bejoy|reble,2026-09-07,2026-10-07,0.180923827941172,0,8.264597e-05,0,0.1373705372414105,0.2167,1335
neelkamal|singh|location|shrishti|uttrakhandi|bhojpuri,2026-09-07,2026-10-07,0.180923827941172,0,8.264597e-05,0,0.0162397895250936,0.2167,1336
shinchan|franklin|found|mysterious|stairway|space|his|pool,2026-09-07,2026-10-07,0.180923827941172,0,8.264597e-05,0,0.0146261465003456,0.2167,1337
roblox|would|you|rather|evolve|tower,2026-09-07,2026-10-07,0.180923827941172,0,0.00010622568,0,0.0152805452416924,0.2167,1338
minecraft|every|craft|gun,2026-09-07,2026-10-07,0.180923827941172,0,8.264597e-05,0,0.0150630922607588,0.2167,1339
munda|haryane|mankirt|aulakh|hammy|muzic|legacy|punjabi,2026-09-07,2026-10-07,0.180923827941172,0,8.264597e-05,0,0.0599924250346002,0.2167,1340
roblox|keep|door|locked,2026-09-07,2026-10-07,0.180923827941172,0,8.988713e-05,0,0.0154513616533192,0.2167,1341
tame|riban|fita|sai|satyajit|gayatri|aseema|panda,2026-09-07,2026-10-07,0.180923827941172,0,8.264597e-05,0,0.0248509651685657,0.2166,1342
ram|leela|rio|raj|vartika|ankit|menon|ramachandrran,2026-09-07,2026-10-07,0.180923827941172,0,8.264597e-05,0,0.0338805075537793,0.2166,1343
hon|ble|vijay|jana|nayagan|raavana|mavandaa|vinoth,2026-09-07,2026-10-07,0.180923827941172,0,8.264597e-05,0,0.0332146571492959,0.2166,1344
raavana|mavandaa|hon|ble|vijay|jana|nayagan|pooja,2026-09-07,2026-10-07,0.180923827941172,0,8.264597e-05,0,0.0192480532005642,0.2166,1345
toxic|english|yash|allu|arvind,2026-09-07,2026-10-07,0.180923827941172,0,0.00010622568,0,0.0149912984466499,0.2166,1346
became|best|rivals|trio|roblox,2026-09-07,2026-10-07,0.180923827941172,0,8.264597e-05,0,0.0451999702199312,0.2166,1347
kountheya|teaser|chandrahasa|achutha|kumar|manoranjan|ravichandran|suresh,2026-09-07,2026-10-07,0.180923827941172,0,8.264597e-05,0,0.0138052528641936,0.2166,1348
avengers|doomsday|bhojpuri|reaction,2026-09-07,2026-10-07,0.180923827941172,0,8.264597e-05,0,0.0232104906491443,0.2166,1349
close|conqueror|what|lolzzzgaming,2026-09-07,2026-10-07,0.180923827941172,0,0.00012810613,0,0.0243505302883567,0.2166,1350
shahrukh|khan|monster|salman|golmaal|teaser|deeksha|sharma,2026-09-07,2026-10-07,0.180923827941172,0,8.264597e-05,0,0.0152075536710775,0.2166,1351
franklin|escapes|granny|hot|air|balloon|telugu,2026-09-07,2026-10-07,0.180923827941172,0,9.306008e-05,0,0.012917807660354,0.2166,1352
surma|rajvir|jawanda|sukh|sanghera|dilmaan|teji|nabheala,2026-09-07,2026-10-07,0.180923827941172,0,8.264597e-05,0,0.0611120757197576,0.2166,1353
ottam|music|asal|kolaar|mass|appeal|prod|urban,2026-09-07,2026-10-07,0.180923827941172,0,8.264597e-05,0,0.0622328324115754,0.2165,1354
roblox|bake|die,2026-09-07,2026-10-07,0.180923827941172,0,8.264597e-05,0,0.0162981749722571,0.2165,1355
like|visualizer|jxggi|sickboi|inferno,2026-09-07,2026-10-07,0.180923827941172,0,8.264597e-05,0,0.0132140115885526,0.2165,1356
meghare|megha|barshi|female|iswari|dev|pragyan|hota,2026-09-07,2026-10-07,0.180923827941172,0,0.00017259049,0,0.0139652460139196,0.2165,1357
trolled|girl|get|titan|eggs|steal|egg|roblox,2026-09-07,2026-10-07,0.180923827941172,0,8.264597e-05,0,0.0429229069964063,0.2165,1358
gta|heist|techno|gamerz|carryminati,2026-09-07,2026-10-07,0.180923827941172,0,8.264597e-05,0,0.0580258132820615,0.2165,1359
trying|climb|most|dangerous|scary|lemon|tower|roblox,2026-09-07,2026-10-07,0.180923827941172,0,8.264597e-05,0,0.013604799945503,0.2164,1360
mohabbat|gulab|sidhu|jasmine|bhasin|judaa|movie|punjabi,2026-09-07,2026-10-07,0.180923827941172,0,8.264597e-05,0,0.0150700236620957,0.2164,1361
spower|troll|manya|ego|hurt|revo|jonathan|horaa,2026-09-07,2026-10-07,0.180923827941172,0,8.264597e-05,0,0.018754415875403,0.2164,1362
stole|herobrine|eggs|steal|egg|roblox,2026-09-07,2026-10-07,0.180923827941172,0,8.264597e-05,0,0.0191274473772812,0.2164,1363
bethlehem|kudumba|unit|reaction|unnivlogs|girish|nivin|pauly,2026-09-07,2026-10-07,0.180923827941172,0,0.000111346235,0,0.0145668204654953,0.2164,1364
secretly|cheated|catch|artist|roblox,2026-09-07,2026-10-07,0.180923827941172,0,8.264597e-05,0,0.0457013212754799,0.2164,1365
mahendragiri|varahi|sumanth|meenakshi|goswami|aishwarya|rajesh|anup,2026-09-07,2026-10-07,0.180923827941172,0,8.264597e-05,0,0.1085575193627382,0.2164,1366
roblox|would|you|rather|age|tower,2026-09-07,2026-10-07,0.180923827941172,0,8.264597e-05,0,0.0135117957704347,0.2164,1367
found|best|rivals|trio|roblox|audition,2026-09-07,2026-10-07,0.180923827941172,0,8.264597e-05,0,0.04620871808117,0.2164,1368
ghost|hunting|phasmophobia|gang|charity|nepal|odisha,2026-09-07,2026-10-07,0.180923827941172,0,8.264597e-05,0,0.0551092627628737,0.2163,1369
toxic|english|review|yogi|bolta|hai,2026-09-07,2026-10-07,0.180923827941172,0,8.264597e-05,0,0.0181080687105969,0.2163,1370
unlocked|superman|laser|roblox,2026-09-07,2026-10-07,0.180923827941172,0,8.264597e-05,0,0.0117792552304864,0.2163,1371
minecraft|world|copies|everything,2026-09-07,2026-10-07,0.180923827941172,0,8.264597e-05,0,0.0154502315976386,0.2163,1372
irumudi|thoughts|review|poolachokka|raviteja,2026-09-07,2026-10-07,0.180923827941172,0,0.00012810613,0,0.0124545402548711,0.2163,1373
raushan|rohi|srishti|bharti|muskan|bolbam|2026,2026-09-07,2026-10-07,0.180923827941172,0,0.00017259049,0,0.013345385185303,0.2163,1374
gta|dimaag|hila|diya|grand|theft|auto|gameplay,2026-09-07,2026-10-07,0.180923827941172,0,8.264597e-05,0,0.0623598642503899,0.2163,1375
became|spiderman,2026-09-07,2026-10-07,0.180923827941172,0,8.264597e-05,0,0.0652418402161459,0.2162,1376
payal|pittal|shiva|choudhary|bintu|pabra|jerry|haryanvi,2026-09-07,2026-10-07,0.180923827941172,0,8.264597e-05,0,0.0233817206816616,0.2162,1377
dahaan|odia|movie|anupam|patnaik|barsha|partha|aurosikha,2026-09-07,2026-10-07,0.180923827941172,0,8.264597e-05,0,0.0139840141505919,0.2162,1378
sonic|joined|team|roblox,2026-09-07,2026-10-07,0.180923827941172,0,8.264597e-05,0,0.0187478964367007,0.2162,1379
gta|live|black|panther|hunting|mountain|lion|challenge,2026-09-07,2026-10-07,0.180923827941172,0,0.00014259738,0,0.1337277616312032,0.2162,1380
franklin|shinchan|school|bus|attack|feared|gta,2026-09-07,2026-10-07,0.180923827941172,0,0.00012537636,0,0.0129501082219599,0.2162,1381
haiwaan|teaser|review|deeksha|sharma,2026-09-07,2026-10-07,0.180923827941172,0,8.264597e-05,0,0.0142036560037655,0.2162,1382
neyoo|joker|lolzz|shocked|apex|comeback|tag|soul,2026-09-07,2026-10-07,0.180923827941172,0,8.264597e-05,0,0.0128213397668851,0.2162,1383
november|teaser|assamese|movie|2026|indiflix|studios,2026-09-07,2026-10-07,0.180923827941172,0,8.988713e-05,0,0.0117929700510988,0.2162,1384
tutt|paini|english|simi|chahal|satvinder|singh|mandy,2026-09-07,2026-10-07,0.180923827941172,0,8.264597e-05,0,0.0940354645356883,0.2162,1385
stealing|football|ronaldo|roblox,2026-09-07,2026-10-07,0.180923827941172,0,8.264597e-05,0,0.017234622293899,0.2161,1386
rivals|ironman|spiderman|challenge|roblox,2026-09-07,2026-10-07,0.180923827941172,0,8.264597e-05,0,0.0568579676681057,0.2161,1387
went|highest|water|slide|roblox,2026-09-07,2026-10-07,0.180923827941172,0,8.264597e-05,0,0.0198542317756833,0.2161,1388
clash|rama|awesome|quest|clans|14th|clashiversary,2026-09-07,2026-10-07,0.180923827941172,0,8.264597e-05,0,0.0333258953138742,0.2161,1389
roblox|death|order|simon|says|crazy|gameplay,2026-09-07,2026-10-07,0.180923827941172,0,8.264597e-05,0,0.0131090544128507,0.2161,1390
saddest|dog|story|minecraft,2026-09-07,2026-10-07,0.180923827941172,0,8.264597e-05,0,0.058439065038261,0.2161,1391
bail|teaser|shiva|rajkumar|pavan|wadeyar|kvn|productions,2026-09-07,2026-10-07,0.180923827941172,0,8.264597e-05,0,0.0780294114993081,0.216,1392
made|her|drink|whatever|wanted,2026-09-07,2026-10-07,0.180923827941172,0,8.264597e-05,0,0.0171269806351965,0.216,1393
turned|minecraft|biggest|noob|into|pro,2026-09-07,2026-10-07,0.180923827941172,0,8.264597e-05,0,0.0209595205626372,0.216,1394
became|evil|monkey|funniest,2026-09-07,2026-10-07,0.180923827941172,0,8.264597e-05,0,0.0272669523141021,0.216,1395
became|railway|station|chaiwali|desi|horror|game|slayypop,2026-09-07,2026-10-07,0.180923827941172,0,8.264597e-05,0,0.0459247562407257,0.216,1396
haiwaan|review|deeksha|sharma,2026-09-07,2026-10-07,0.180923827941172,0,8.264597e-05,0,0.0122302345667624,0.216,1397
thudakkam|vismaya|mohanlal|jude|anthany|joseph|aashish|joe,2026-09-07,2026-10-07,0.180923827941172,0,8.264597e-05,0,0.076866592284283,0.216,1398
tnt|earth|core|roblox,2026-09-07,2026-10-07,0.180923827941172,0,8.264597e-05,0,0.0163661360417227,0.216,1399
everything|say|becomes|real|gta,2026-09-07,2026-10-07,0.180923827941172,0,8.264597e-05,0,0.0106051280940527,0.216,1400
rocking|star|yash|superb|speech|toxic|movie|launch,2026-09-07,2026-10-07,0.180923827941172,0,8.264597e-05,0,0.034400011785129,0.2159,1401
granny|becomes|godzilla|evolved,2026-09-07,2026-10-07,0.180923827941172,0,8.264597e-05,0,0.014799389870127,0.2159,1402
became|strongest|spiderman|escape|roblox,2026-09-07,2026-10-07,0.180923827941172,0,8.264597e-05,0,0.0187405763216194,0.2159,1403
krishna|bhajan|mashup|jigardan|gadhavi|jigrra,2026-09-07,2026-10-07,0.180923827941172,0,0.00010622568,0,0.0100535411712377,0.2159,1404
solo|kills|conqueror|what|bgmi|live|lolzzzgaming,2026-09-07,2026-10-07,0.180923827941172,0,8.264597e-05,0,0.0233993597515328,0.2159,1405
fall|guys|s8ul|chat,2026-09-07,2026-10-07,0.180923827941172,0,0.00012810613,0,0.0099219911523667,0.2159,1406
gta|franklin|bought|most|expensive|racer|mansion,2026-09-07,2026-10-07,0.180923827941172,0,8.264597e-05,0,0.0167842904565695,0.2159,1407
pretending|noob|rivals|roblox,2026-09-07,2026-10-07,0.180923827941172,0,8.264597e-05,0,0.019519458534971,0.2159,1408
live|vannu|njan|drone|view|custom|ro0m,2026-09-07,2026-10-07,0.180923827941172,0,0.00012810613,0,0.0083122276355949,0.2159,1409
yeshanagula|paradise|telugu,2026-09-07,2026-10-07,0.180923827941172,0,0.00014259738,0,0.0650844375753488,0.2159,1410
muto|prime|mothra|godzilla|kong|hunting|series|animal,2026-09-07,2026-10-07,0.180923827941172,0,8.264597e-05,0,0.0136452939531623,0.2159,1411
free|fire|max|mirzapur|movie,2026-09-07,2026-10-07,0.180923827941172,0,8.264597e-05,0,0.0927577361572942,0.2158,1412
literally|built|fire|bigger|than|sun,2026-09-07,2026-10-07,0.180923827941172,0,8.264597e-05,0,0.0121706348337177,0.2158,1413
collected|every|player|head|minecraft|smp,2026-09-07,2026-10-07,0.180923827941172,0,8.264597e-05,0,0.0165839220198967,0.2157,1414
found|verity|roblox,2026-09-07,2026-10-07,0.180923827941172,0,8.264597e-05,0,0.0664031970113433,0.2157,1415
unlocked|every|type|scp|verity|roblox,2026-09-07,2026-10-07,0.180923827941172,0,8.264597e-05,0,0.0092691588826319,0.2157,1416
collected|every|deleted|block|minecraft|hardcore,2026-09-07,2026-10-07,0.180923827941172,0,8.264597e-05,0,0.0090155274293775,0.2157,1417
finally|spider|fighter|got|hero|update|brand|strider,2026-09-07,2026-10-07,0.180923827941172,0,8.264597e-05,0,0.0094267998803189,0.2157,1418
skullcrawler|titanus|behemoth|kaiju|multiverse|hunting|series|animal,2026-09-07,2026-10-07,0.180923827941172,0,8.264597e-05,0,0.0160259007852183,0.2157,1419
live|sri|durga|sahasranama|sthotram,2026-09-07,2026-10-07,0.180923827941172,0,0.00017259049,0,0.010027923072341,0.2157,1420
selling|100|000|most|expensive|super|bike|car,2026-09-07,2026-10-07,0.180923827941172,0,8.264597e-05,0,0.01224008915513,0.2157,1421
mahakavya|shri|ramayan|katha|teaser|dev|sharma|anjali,2026-09-07,2026-10-07,0.180923827941172,0,8.264597e-05,0,0.0482369536274663,0.2157,1422
kanji|kaushik|bharwad|janmashtami|special|gujarati|2026,2026-09-07,2026-10-07,0.180923827941172,0,8.264597e-05,0,0.0087626158409904,0.2157,1423
hired|beat|toxic|bully|players|rivals,2026-09-07,2026-10-07,0.180923827941172,0,8.264597e-05,0,0.0130567580017684,0.2156,1424
efootball|2027|here|lets|gooo,2026-09-07,2026-10-07,0.180923827941172,0,0.00012810613,0,0.008165285682826,0.2156,1425
wife|first|time|seeing|yash|toxic|english|reaction,2026-09-07,2026-10-07,0.180923827941172,0,8.264597e-05,0,0.0092222473094839,0.2156,1426
finally|update|indian|bike|driving|map,2026-09-07,2026-10-07,0.180923827941172,0,8.264597e-05,0,0.0167512527968867,0.2156,1427
mecha|titan|ark|godzilla|earth|hunting|series|animal,2026-09-07,2026-10-07,0.180923827941172,0,8.264597e-05,0,0.0122321928993057,0.2156,1428
jama|jana|barsha|dev|simran|aseema|panda|padma,2026-09-07,2026-10-07,0.180923827941172,0,8.264597e-05,0,0.0096089809869792,0.2156,1429
finally|update|indian|bikes|driving|secret|car,2026-09-07,2026-10-07,0.180923827941172,0,8.264597e-05,0,0.0161614885169514,0.2156,1430
aadabidda|rakhi|paata|relare|ganga|songs|mallikteja|kalyankeys,2026-09-07,2026-10-07,0.180923827941172,0,8.264597e-05,0,0.0741635356837855,0.2155,1431
franklin|keep|vitamin|bar|shop|his|gym|gta,2026-09-07,2026-10-07,0.180923827941172,0,8.264597e-05,0,0.0185737199700834,0.2155,1432
mythpat|chaiwala|indian|railway|horror|game,2026-09-07,2026-10-07,0.180923827941172,0,8.264597e-05,0,0.0348457905830253,0.2155,1433
army|sir|split|village|into|half,2026-09-07,2026-10-07,0.180923827941172,0,8.264597e-05,0,0.0178440999444975,0.2155,1434
tedi|medi|chaal|ghungar|wale|bal|janmashtami|special,2026-09-07,2026-10-07,0.180923827941172,0,8.264597e-05,0,0.0083951003054002,0.2155,1435
flesh|blood,2026-09-07,2026-10-07,0.180923827941172,0,0.00015509044,0,0.0087632310391331,0.2155,1436
toxic|telugu|review|poolachokka|reviews,2026-09-07,2026-10-07,0.180923827941172,0,8.264597e-05,0,0.0081538211367419,0.2155,1437
fauzi|prabhas|imanvi|hanu|raghavapudi|vishal|chandrashekhar|fauji,2026-09-07,2026-10-07,0.180923827941172,0,0.00018327865,0,0.0078006796058369,0.2155,1438
shinchan|franklin|try|every|car|krishnastami|special|gta,2026-09-07,2026-10-07,0.180923827941172,0,8.264597e-05,0,0.0081538211367419,0.2155,1439
aspire,2026-09-07,2026-10-07,0.180923827941172,0,0.00012810613,0,0.008165285682826,0.2155,1440
mere|hero|hai|woh|haiwaan|saif|ali|khan,2026-09-07,2026-10-07,0.180923827941172,0,8.264597e-05,0,0.0621250752102235,0.2155,1441
baby|yellow|not|normal,2026-09-07,2026-10-07,0.180923827941172,0,8.264597e-05,0,0.016392993995058,0.2155,1442
gta|live|mountain|lion|black|panther|hunting|challenge,2026-09-07,2026-10-07,0.180923827941172,0,0.00014259738,0,0.1192173785248158,0.2155,1443
blox|fruits|magnet|fruit|insane|sea|rework|live,2026-09-07,2026-10-07,0.180923827941172,0,0.00012810613,0,0.008165285682826,0.2155,1444
vastaguna|huiya|danny|pandit|snehal|vidhate,2026-09-07,2026-10-07,0.180923827941172,0,8.264597e-05,0,0.0257812166156965,0.2155,1445
jalan|jalur|extreme,2026-09-07,2026-10-07,0.180923827941172,0,0.00013137485,0,0.1265212637139918,0.2155,1446
can|escape|homer|nightmare|roblox,2026-09-07,2026-10-07,0.180923827941172,0,8.988713e-05,0,0.0089710124430936,0.2155,1447
toxic|malayalam|reaction|unnivlogs|rocking|star|yash|geetu,2026-09-07,2026-10-07,0.180923827941172,0,0.000111346235,0,0.0090588521247396,0.2154,1448
lost|703|pearls|chaos|smp,2026-09-07,2026-10-07,0.180923827941172,0,8.264597e-05,0,0.0254988860729181,0.2154,1449
muta|mestri|release|megastar|chiranjeevi|meena|roja|kodandarami,2026-09-07,2026-10-07,0.180923827941172,0,8.264597e-05,0,0.0088169775161873,0.2154,1450
dhano|dhanyo|pushpo|bhora|dwijendralal|roy|patriotic|mekhla,2026-09-07,2026-10-07,0.180923827941172,0,0.00010622568,0,0.0081210817358875,0.2154,1451
zombie|bites|franklin|michael,2026-09-07,2026-10-07,0.180923827941172,0,8.264597e-05,0,0.0078903569855521,0.2154,1452
jaymin|dabhoda|hina|suthar|konudo|ramva|lai|mane,2026-09-07,2026-10-07,0.180923827941172,0,8.264597e-05,0,0.00692669048453,0.2154,1453
franklin|opens|thalapathy|vijay|mystery|gift|box|gta,2026-09-07,2026-10-07,0.180923827941172,0,0.0001646539,0,0.0079642330617354,0.2154,1454
toxic|review|analysis|yash|kiara|advani|tara|sutaria,2026-09-07,2026-10-07,0.180923827941172,0,8.264597e-05,0,0.016245546205887,0.2154,1455
tag|qualified|finals|greatest|comeback|whole|igc|shocked,2026-09-07,2026-10-07,0.180923827941172,0,8.264597e-05,0,0.0081222679206765,0.2154,1456
godzilla|king|ghidorah|gezora|tiamat|guiron|hunting|series,2026-09-07,2026-10-07,0.180923827941172,0,8.264597e-05,0,0.0137107846444067,0.2153,1457
built|secret|underground|bunker|roblox,2026-09-07,2026-10-07,0.180923827941172,0,0.00017259049,0,0.00933443275434,0.2153,1458
avengers|endgame|encore|explained|hindi,2026-09-07,2026-10-07,0.180923827941172,0,8.264597e-05,0,0.0084632667257531,0.2153,1459
spiderman|victor|wmax|live|bgmi|wmaxgaming6,2026-09-07,2026-10-07,0.180923827941172,0,0.00012810613,0,0.0070597986393355,0.2153,1460
kumbha|hatare|jeep|tuan|tuin,2026-09-07,2026-10-07,0.180923827941172,0,8.264597e-05,0,0.0068537425854431,0.2153,1461
what|coming|today|gameplay|change,2026-09-07,2026-10-07,0.180923827941172,0,0.00012810613,0,0.0081375971786988,0.2153,1462
roblox|clean|keycaps,2026-09-07,2026-10-07,0.180923827941172,0,8.264597e-05,0,0.0659683496344378,0.2153,1463
fighting|every|boss|right|now|kai|speed|hardcore,2026-09-07,2026-10-07,0.180923827941172,0,8.264597e-05,0,0.0743299265700482,0.2153,1464
old|wmax|back|live|bgmi|wmaxgaming6,2026-09-07,2026-10-07,0.180923827941172,0,0.00012810613,0,0.0072620714952882,0.2153,1465
leaked|update|steal|egg|roblox,2026-09-07,2026-10-07,0.180923827941172,0,8.264597e-05,0,0.0206938092522915,0.2153,1466
maaf|kar|dosto|main|panel|user|reality|expose,2026-09-07,2026-10-07,0.180923827941172,0,8.264597e-05,0,0.0389247595287423,0.2153,1467
director|sandeep|reddy|vanga|speech|romanchakam|launch|event,2026-09-07,2026-10-07,0.180923827941172,0,0.00017259049,0,0.0087854018412525,0.2153,1468
avengers|doomsday|breakdown|marvel|easter|eggs|you|missed,2026-09-07,2026-10-07,0.180923827941172,0,8.264597e-05,0,0.0223355706185169,0.2153,1469
dorothy|ost|jukebox|karthik|subbaraj|ilayaraaja|keerthy|suresh,2026-09-07,2026-10-07,0.180923827941172,0,8.264597e-05,0,0.0157985250825666,0.2153,1470
watched|gladiators|film|theatre|reaction|review|delite|cinemas,2026-09-07,2026-10-07,0.180923827941172,0,8.264597e-05,0,0.0079060767106364,0.2153,1471
house|update|indian|bike|driving|floor,2026-09-07,2026-10-07,0.180923827941172,0,8.264597e-05,0,0.0149536348977887,0.2152,1472
got|john|cena|challenge|clash|clans,2026-09-07,2026-10-07,0.180923827941172,0,8.264597e-05,0,0.008576709465734,0.2152,1473
chirunavvulo|chennai|love|story|kiran|abbavaram|sri|gouri,2026-09-07,2026-10-07,0.180923827941172,0,8.988713e-05,0,0.0091349938672066,0.2152,1474
teaser|father|kannada|darling|krishna|prakash|raj|chandru,2026-09-07,2026-10-07,0.180923827941172,0,8.264597e-05,0,0.0083875248931172,0.2152,1475
stole|titan|eggs|newest|steal|egg|update|roblox,2026-09-07,2026-10-07,0.180923827941172,0,8.264597e-05,0,0.0238482825989389,0.2152,1476
comrade|kalyan|teaser|sree|vishnu|mahima|nambiar|janakiram,2026-09-07,2026-10-07,0.180923827941172,0,8.264597e-05,0,0.0598984532592963,0.2152,1477
again|update|indian|bikes|driving|granny|house,2026-09-07,2026-10-07,0.180923827941172,0,8.264597e-05,0,0.0206061457171818,0.2152,1478
peak|indian|horror|here|promotion,2026-09-07,2026-10-07,0.180923827941172,0,8.264597e-05,0,0.011357323039633,0.2152,1479
welcome|back|galaxy|showroom|gta,2026-09-07,2026-10-07,0.180923827941172,0,8.264597e-05,0,0.0088158846865922,0.2152,1480
shinchan|franklin|found|golden|car|bridge|space|gta,2026-09-07,2026-10-07,0.180923827941172,0,8.264597e-05,0,0.0076830739684903,0.2152,1481
starting|over|using|only|robux|steal|egg,2026-09-07,2026-10-07,0.180923827941172,0,8.264597e-05,0,0.0428031170322618,0.2152,1482
toxic|review|kairam|vaashi|rocking|star|yash|geetu,2026-09-07,2026-10-07,0.180923827941172,0,0.00010622568,0,0.0081210817358875,0.2152,1483
what|coming|today|epics|skills,2026-09-07,2026-10-07,0.180923827941172,0,0.00012810613,0,0.0085089388249606,0.2151,1484
bigg|boss|streaming|6th|september|jiohotstar,2026-09-07,2026-10-07,0.180923827941172,0,8.264597e-05,0,0.0099129986231315,0.2151,1485
all|shocking|reaction|spower|1v3|s2g|troll|pmwc,2026-09-07,2026-10-07,0.180923827941172,0,8.264597e-05,0,0.0087310129558936,0.2151,1486
franklin|open|gym|gta|telugu,2026-09-07,2026-10-07,0.180923827941172,0,8.264597e-05,0,0.0157680027310464,0.2151,1487
crazy|gameplay|features|gta|will|blow|your|mind,2026-09-07,2026-10-07,0.180923827941172,0,8.264597e-05,0,0.0099129986231315,0.2151,1488
dash|topa|got|burried|alive|minecraft,2026-09-07,2026-10-07,0.180923827941172,0,8.988713e-05,0,0.0081715329828547,0.2151,1489
how|banned|corrupt|admin|using|illegal|items,2026-09-07,2026-10-07,0.180923827941172,0,8.264597e-05,0,0.0087187082985809,0.2151,1490
game|audio|jukebox|malayalam|dulquer|salmaan|kayadu|lohar,2026-09-07,2026-10-07,0.180923827941172,0,8.264597e-05,0,0.0145883491436284,0.2151,1491
shinchan|nobita|doraemon|got|trapped|jail,2026-09-07,2026-10-07,0.180923827941172,0,9.306008e-05,0,0.0082807701429931,0.215,1492
fly|karke|sabba|jasmeen|akhtar|anjali|arora|punjabi,2026-09-07,2026-10-07,0.180923827941172,0,8.264597e-05,0,0.0777241221414609,0.215,1493
dorothy|tamil|title|teaser|karthik|subbaraj|keerthy|suresh,2026-09-07,2026-10-07,0.180923827941172,0,8.264597e-05,0,0.0276693029211039,0.215,1494
vaaroon|forever|mirzapur|movie,2026-09-07,2026-10-07,0.180923827941172,0,8.264597e-05,0,0.010613903953872,0.215,1495
caused|suffering|100|ways|shurikens,2026-09-07,2026-10-07,0.180923827941172,0,8.264597e-05,0,0.0100935832753797,0.215,1496
end|indian|bike|driving|oldest|versions|last,2026-09-07,2026-10-07,0.180923827941172,0,8.264597e-05,0,0.0130012044432405,0.215,1497
spideyzoom1|live|gta|spider|man|hulk|looped|gta5,2026-09-07,2026-10-07,0.180923827941172,0,0.00012810613,0,0.1089006769239548,0.215,1498
stole|biggest|001|divine|egg|steal|roblox,2026-09-07,2026-10-07,0.180923827941172,0,8.264597e-05,0,0.0192999721269014,0.215,1499
ikk|munda|sheera|jasvir|officials|deep|kila|haans,2026-09-07,2026-10-07,0.180923827941172,0,8.264597e-05,0,0.0409754903624341,0.215,1500
franklin|shinchan|found|cursed|thomas|train|gta,2026-09-07,2026-10-07,0.180923827941172,0,0.00017259049,0,0.0091244945440708,0.215,1501
pick|right|emoji|die,2026-09-07,2026-10-07,0.180923827941172,0,8.264597e-05,0,0.0187422435010556,0.215,1502
avengers|doomsday|bhojpur,2026-09-07,2026-10-07,0.180923827941172,0,8.264597e-05,0,0.03282962479022,0.215,1503
top|hit|himachali|shivji|bhole|tere|kundlaye|bhajan,2026-09-07,2026-10-07,0.180923827941172,0,0.00017259049,0,0.0100725467801991,0.215,1504
desu7|teaser|review|dev,2026-09-07,2026-10-07,0.180923827941172,0,8.264597e-05,0,0.0092027913863455,0.215,1505
avengers|doomsday|final|concept|sacrifice|marvel|studios,2026-09-07,2026-10-07,0.180923827941172,0,8.264597e-05,0,0.088669190848902,0.2149,1506
became|thieves|steal|indian|street|foods|roblox,2026-09-07,2026-10-07,0.180923827941172,0,8.264597e-05,0,0.0205609254599414,0.2149,1507
can|escape|verity|horror|hospital|roblox,2026-09-07,2026-10-07,0.180923827941172,0,8.264597e-05,0,0.0082667978219071,0.2149,1508
minecraft|fat|strong|mining|battle|challenge|mods,2026-09-07,2026-10-07,0.180923827941172,0,8.264597e-05,0,0.0077159054973498,0.2149,1509
vishwanath|sons|tamil|suriya|mamitha|baiju|prakash|venky,2026-09-07,2026-10-07,0.180923827941172,0,8.264597e-05,0,0.0342985333404735,0.2149,1510
spent|infinite|robux|get|divine|monster|egg|roblox,2026-09-07,2026-10-07,0.180923827941172,0,8.264597e-05,0,0.0233986647675886,0.2149,1511
king|dee|pip|gaming|live|spider|man|aura,2026-09-07,2026-10-07,0.180923827941172,0,0.00014259738,0,0.1078510357685594,0.2149,1512
all|godzilla|attack|kaiju|hunting|series|animal|revolt,2026-09-07,2026-10-07,0.180923827941172,0,8.264597e-05,0,0.0130567071478064,0.2148,1513
collected|every|deleted|item|minecraft|hardcore,2026-09-07,2026-10-07,0.180923827941172,0,8.264597e-05,0,0.0085329746579435,0.2148,1514
shinchan|franklin|found|stairway|heaven|city|outside|his,2026-09-07,2026-10-07,0.180923827941172,0,0.00017259049,0,0.0087218498213301,0.2148,1515
chapter|teaser|revealed|secrets|garten|banban,2026-09-07,2026-10-07,0.180923827941172,0,8.264597e-05,0,0.0127208244818147,0.2148,1516
prisoner|gang|kidnapped|gta,2026-09-07,2026-10-07,0.180923827941172,0,8.264597e-05,0,0.0206111539831956,0.2148,1517
tere|jatt,2026-09-07,2026-10-07,0.180923827941172,0,8.264597e-05,0,0.0070463511434642,0.2148,1518
minecraft|take|damage|switch|games,2026-09-07,2026-10-07,0.180923827941172,0,8.264597e-05,0,0.0122520914049066,0.2148,1519
bhole|beat|hansraj|raghuwanshi|sawan|special|kawad|2026,2026-09-07,2026-10-07,0.180923827941172,0,8.264597e-05,0,0.0231076070181777,0.2148,1520
punjabi|songs|2026|rishta|nait|isha|sharma|latest,2026-09-07,2026-10-07,0.180923827941172,0,8.264597e-05,0,0.0502160278217303,0.2148,1521
jack|teaser|gurunandan|thapaswini|poonacha|sumanth|gowda|kiran,2026-09-07,2026-10-07,0.180923827941172,0,0.00017259049,0,0.0090041582938714,0.2148,1522
anjali|viral|live|views|join|karo,2026-09-07,2026-10-07,0.180923827941172,0,0.00014259738,0,0.1075986803809228,0.2148,1523
asalayavale|khalifa|prithviraj|sukumaran|malvika|sharma|jakes|bejoy,2026-09-07,2026-10-07,0.180923827941172,0,8.264597e-05,0,0.0712300714386662,0.2148,1524
can|escape|dinosaur|dusty|trip|roblox,2026-09-07,2026-10-07,0.180923827941172,0,0.000111346235,0,0.008417081551819,0.2147,1525
100|days|spiral|world|minecraft|hardcore,2026-09-07,2026-10-07,0.180923827941172,0,8.264597e-05,0,0.0082409342087647,0.2147,1526
franklin|shinchan|found|future|city|underground|gta|paradox,2026-09-07,2026-10-07,0.180923827941172,0,0.000111346235,0,0.0082907769999881,0.2147,1527
crazy|fan|girls|kidnapped|dash|minecraft,2026-09-07,2026-10-07,0.180923827941172,0,8.264597e-05,0,0.0176832428460395,0.2147,1528
impossible|escape|granny|together|grannygame,2026-09-07,2026-10-07,0.180923827941172,0,0.00013137485,0,0.1089562617751828,0.2147,1529
tikawar|became|scary|verity|roblox,2026-09-07,2026-10-07,0.180923827941172,0,8.264597e-05,0,0.0076463689805198,0.2147,1530
dahej|russian|punit|choudhary|khushi|baliyan|dimpal|haryanvi,2026-09-07,2026-10-07,0.180923827941172,0,8.264597e-05,0,0.007384673689631,0.2147,1531
soul|tease|shut|goblin|big|statement|hector|manya,2026-09-07,2026-10-07,0.180923827941172,0,8.264597e-05,0,0.0085686938151708,0.2147,1532
found|secret|minecraft|version|exe,2026-09-07,2026-10-07,0.180923827941172,0,8.264597e-05,0,0.0103427920588739,0.2147,1533
stole|biggest|gorilla|eggs|roblox,2026-09-07,2026-10-07,0.180923827941172,0,8.988713e-05,0,0.0087753112661271,0.2147,1534
aur|batao|bintu|pabra|shiva|choudhary|nandini|sharma,2026-09-07,2026-10-07,0.180923827941172,0,8.264597e-05,0,0.053619382416245,0.2147,1535
rakesh|barot|tame|ramjo|konudo|reshma|thakor|gujarati,2026-09-07,2026-10-07,0.180923827941172,0,8.264597e-05,0,0.0104835241899802,0.2147,1536
romanchakam|sandeep|reddy|vanga|sumanth|prabhas|ananthika|venu,2026-09-07,2026-10-07,0.180923827941172,0,8.264597e-05,0,0.0275213462118131,0.2147,1537
finally|roof|escape|gulli|bulli|aur|granny,2026-09-07,2026-10-07,0.180923827941172,0,8.264597e-05,0,0.0083341541035197,0.2146,1538
shankarabharanna|teaser|shine|shetty|sumanth|bhat|charan|raj,2026-09-07,2026-10-07,0.180923827941172,0,8.264597e-05,0,0.00840654892567,0.2146,1539
gta|michael|challenged|franklin|car|race,2026-09-07,2026-10-07,0.180923827941172,0,0.0001646539,0,0.0070203518965056,0.2146,1540
horror|granny|game|shortslive|shorts|live|gaming|zoneout,2026-09-07,2026-10-07,0.180923827941172,0,0.00014259738,0,0.0078117833123947,0.2146,1541
franklin|shinchan|found|cursed|zoombie|santa|gta,2026-09-07,2026-10-07,0.180923827941172,0,0.00017259049,0,0.0087065443845964,0.2146,1542
downloaded|hacks|keyboard|escape,2026-09-07,2026-10-07,0.180923827941172,0,8.264597e-05,0,0.0298321485903313,0.2146,1543
mazhavillaye|game|dulquer|salmaan|kayadu|lohar|armaan|malik,2026-09-07,2026-10-07,0.180923827941172,0,8.264597e-05,0,0.0754742855263271,0.2145,1544
gta|live|mrrajaplay|gta5gameplay|viralshorts|streamer,2026-09-07,2026-10-07,0.180923827941172,0,0.00014259738,0,0.1062915810028956,0.2145,1545
harry|potter|philosopher|stone|tamil|breakdown,2026-09-07,2026-10-07,0.180923827941172,0,8.264597e-05,0,0.0072657367672871,0.2145,1546
vinay|tiwari|dukh|samaiya|sad|bol|bam|2026,2026-09-07,2026-10-07,0.180923827941172,0,8.264597e-05,0,0.0086089076566999,0.2145,1547
asambhauuu|mitra|raunaq|shiwani|anand|vaishal|parth|gujarati,2026-09-07,2026-10-07,0.180923827941172,0,0.000111346235,0,0.0087451930474331,0.2145,1548
aaj|public|saath|bgmi|828|livestream|realme|p4s,2026-09-07,2026-10-07,0.180923827941172,0,0.00012810613,0,0.0199270778287873,0.2145,1549
tera|mera|rishta|continues|film|ballad|awarapan,2026-09-07,2026-10-07,0.180923827941172,0,0.00014259738,0,0.0204405671506877,0.2145,1550
gaan|jhoti|paka,2026-09-07,2026-10-07,0.180923827941172,0,8.264597e-05,0,0.0102475875447621,0.2145,1551
giant|franklin|testing|los|santos|vehicles|gta|mods,2026-09-07,2026-10-07,0.180923827941172,0,8.264597e-05,0,0.0084031512938722,0.2145,1552
sneakiest|statue|roblox,2026-09-07,2026-10-07,0.180923827941172,0,0.00013932977,0,0.008376299128537,0.2145,1553
000|prison|escape|minecraft,2026-09-07,2026-10-07,0.180923827941172,0,8.264597e-05,0,0.0138809535244751,0.2145,1554
police|update|indian|bike|driving|car,2026-09-07,2026-10-07,0.180923827941172,0,8.264597e-05,0,0.0157382977398048,0.2145,1555
gta|races|live|gang,2026-09-07,2026-10-07,0.180923827941172,0,8.264597e-05,0,0.0279971547819835,0.2145,1556
ayyayo|ammaadi|lyrical|sigma|sundeep|faria|yuvan|thaman,2026-09-07,2026-10-07,0.180923827941172,0,8.264597e-05,0,0.026933573575649,0.2145,1557
mukbang|game|has|dark|secret,2026-09-07,2026-10-07,0.180923827941172,0,8.264597e-05,0,0.0122267566175526,0.2145,1558
live|ytshorts|ghost|mahadev|jcb|paranormal|horrar|jaishreeram,2026-09-07,2026-10-07,0.180923827941172,0,0.00014259738,0,0.1032062359708127,0.2145,1559
franklin|almost|died|gta,2026-09-07,2026-10-07,0.180923827941172,0,8.264597e-05,0,0.0072754935368679,0.2144,1560
franklin|died|100|days|zombie|apocalypse|survival|gta,2026-09-07,2026-10-07,0.180923827941172,0,8.264597e-05,0,0.0085438091674479,0.2144,1561
hushar|pittalu|teaser|vasavi|ganeshan|ansh|bikshu|charan,2026-09-07,2026-10-07,0.180923827941172,0,8.264597e-05,0,0.0090534037579514,0.2144,1562
upgrading|caveman|avengers|roblox,2026-09-07,2026-10-07,0.180923827941172,0,8.264597e-05,0,0.008314787505516,0.2144,1563
gta|extended|look|years|later|back,2026-09-07,2026-10-07,0.180923827941172,0,8.264597e-05,0,0.02263071792462,0.2144,1564
august|tuntun|yadav|desh|bhakti|songs,2026-09-07,2026-10-07,0.180923827941172,0,9.306008e-05,0,0.0074384751748509,0.2144,1565
bawaal|hogya|after|win|crying|mom|stage|bgmi,2026-09-07,2026-10-07,0.180923827941172,0,8.264597e-05,0,0.0078493150001461,0.2144,1566
gta|live|white|mountain|lion|hunting|challenge|shorts,2026-09-07,2026-10-07,0.180923827941172,0,0.00014259738,0,0.0949818328464344,0.2144,1567
used|robux|cheat|100|trillion|muscle|competition,2026-09-07,2026-10-07,0.180923827941172,0,8.264597e-05,0,0.013393911140584,0.2144,1568
mani|meraj|babita|dhital|dil|khel|kar|hansti,2026-09-07,2026-10-07,0.180923827941172,0,8.264597e-05,0,0.027533248461075,0.2144,1569
not|ready|gta,2026-09-07,2026-10-07,0.180923827941172,0,8.264597e-05,0,0.0263638680115561,0.2144,1570
kichcha|sudeepa|devaraaya|movie|teaser|abhinaya|chakravarthy|kiccha,2026-09-07,2026-10-07,0.180923827941172,0,0.00013932977,0,0.0078672096456282,0.2144,1571
playing|subscribers|thanks|freefirelive|up40ff|habibiff|1million,2026-09-07,2026-10-07,0.180923827941172,0,0.00012810613,0,0.0081450402741018,0.2143,1572
finally|scooter|escape|gulli|bulli|aur|granny,2026-09-07,2026-10-07,0.180923827941172,0,8.264597e-05,0,0.0082573369323796,0.2143,1573
college|mate|hustinder|punam|gill|balkar|savraj|latest,2026-09-07,2026-10-07,0.180923827941172,0,8.264597e-05,0,0.0076564275498324,0.2143,1574
pop|off,2026-09-07,2026-10-07,0.180923827941172,0,8.264597e-05,0,0.010875041493447,0.2143,1575
toxic|yash|ranganna|troll|adda,2026-09-07,2026-10-07,0.180923827941172,0,0.00013932977,0,0.0078672096456282,0.2143,1576
minecraft|elemental|stairs|battle|mods,2026-09-07,2026-10-07,0.180923827941172,0,8.264597e-05,0,0.0084611107092599,0.2143,1577
bloody|band,2026-09-07,2026-10-07,0.180923827941172,0,8.264597e-05,0,0.0188249454538623,0.2143,1578
harry|potter|philosopher|stone|teaser|reaction,2026-09-07,2026-10-07,0.180923827941172,0,8.264597e-05,0,0.0104336477620091,0.2143,1579
cloned|myself|work|roblox,2026-09-07,2026-10-07,0.180923827941172,0,8.264597e-05,0,0.0089724188605644,0.2143,1580
rakesh|barot|dashama|zale|bavadi|bhakti|2026,2026-09-07,2026-10-07,0.180923827941172,0,8.264597e-05,0,0.0105659210321662,0.2143,1581
minecraft|emerald|ruby|road|sun|challenge|battle|mods,2026-09-07,2026-10-07,0.180923827941172,0,8.264597e-05,0,0.0073969298910902,0.2142,1582
build|survive|scary|verity|attack|roblox,2026-09-07,2026-10-07,0.180923827941172,0,8.264597e-05,0,0.0077628234449092,0.2142,1583
roblox|catch|imposter|artist,2026-09-07,2026-10-07,0.180923827941172,0,8.264597e-05,0,0.0349436393693028,0.2142,1584
krishna|janmashtami|special|bhajan|2026,2026-09-07,2026-10-07,0.180923827941172,0,0.00017259049,0,0.0087775021850639,0.2142,1585
teacher|caught|cheating|exam|roblox,2026-09-07,2026-10-07,0.180923827941172,0,8.264597e-05,0,0.0077731250250621,0.2142,1586
gold|rush|khalifa,2026-09-07,2026-10-07,0.180923827941172,0,0.00014259738,0,0.0068356385856338,0.2142,1587
punjabi|songs|shareek|korala|maan|nait|latest|2026,2026-09-07,2026-10-07,0.180923827941172,0,8.264597e-05,0,0.0343157778754863,0.2142,1588
romanchakam|movie|team|session|media|launch|event|youwe,2026-09-07,2026-10-07,0.180923827941172,0,0.00013932977,0,0.0078672096456282,0.2142,1589
roblox|escape|keyboard|race,2026-09-07,2026-10-07,0.180923827941172,0,8.264597e-05,0,0.0262879973514745,0.2142,1590
gladiators|racing|ajith|kumar|gladiator|race|begins,2026-09-07,2026-10-07,0.180923827941172,0,8.264597e-05,0,0.0186430112935681,0.2142,1591
kaliyug|dashamana|paracha|rakesh|barot|jigar|thakor|nayna,2026-09-07,2026-10-07,0.180923827941172,0,8.264597e-05,0,0.0073969298910902,0.2142,1592
elephant|bus,2026-09-07,2026-10-07,0.180923827941172,0,0.00013137485,0,0.0912713541654008,0.2141,1593
singh|kaur|gippy|grewal|shehnaaz|gill|cinemas|sept,2026-09-07,2026-10-07,0.180923827941172,0,8.264597e-05,0,0.0512757334845502,0.2141,1594
minecraft|survive|sea|island|mods,2026-09-07,2026-10-07,0.180923827941172,0,8.264597e-05,0,0.0073969298910902,0.2141,1595
100|days|floor|changes|every|day|minecraft|hardcore,2026-09-07,2026-10-07,0.180923827941172,0,8.264597e-05,0,0.0076856740296374,0.2141,1596
gta|franklin|shinchan|upgrade|their|noob|car|god,2026-09-07,2026-10-07,0.180923827941172,0,8.264597e-05,0,0.0070542794016228,0.214,1597
jio|jiyale|lyrical|jolliya|iruntha|oruthan|yuvan|shankar,2026-09-07,2026-10-07,0.180923827941172,0,8.264597e-05,0,0.0237848851741951,0.214,1598
hushar|pittalu|vasavi|ganeshan|ansh|bikshu|charan|arjun,2026-09-07,2026-10-07,0.180923827941172,0,8.264597e-05,0,0.0210593501464934,0.214,1599
franklin|found|six|eyed|red|monster|gta|shinchan,2026-09-07,2026-10-07,0.180923827941172,0,8.264597e-05,0,0.0213589128310334,0.214,1600
tehelka|blaster|live|tls|warrior|stream|freefire|max,2026-09-07,2026-10-07,0.180923827941172,0,8.264597e-05,0,0.0206950483991398,0.214,1601
found|evil|monster|inside|our|house,2026-09-07,2026-10-07,0.180923827941172,0,0.00017259049,0,0.0075240035704421,0.214,1602
saare|trailers|dil|jeet|liya|yogipedia|276|yogi,2026-09-07,2026-10-07,0.180923827941172,0,8.264597e-05,0,0.0174659747701868,0.214,1603
got|elemental|fire|powers|roblox,2026-09-07,2026-10-07,0.180923827941172,0,8.264597e-05,0,0.0068708613541828,0.214,1604
built|legendary|animal|zoo|roblox,2026-09-07,2026-10-07,0.180923827941172,0,0.000111346235,0,0.0072194353176077,0.214,1605
megastar|chiranjeevi|kaka|mahaa|vamsi|review,2026-09-07,2026-10-07,0.180923827941172,0,0.000111346235,0,0.0074650151938576,0.214,1606
kaaka|megastar|chiranjeevi|bobby|kolli|venkat|narayana,2026-09-07,2026-10-07,0.180923827941172,0,0.00014259738,0,0.0074118002628312,0.214,1607
adopted|verity|minecraft,2026-09-07,2026-10-07,0.180923827941172,0,8.264597e-05,0,0.0580573323929519,0.214,1608
kalaivaniye|lyrical|meesaya|murukku|hiphop|tamizha|ramya|ranganathan,2026-09-07,2026-10-07,0.180923827941172,0,8.264597e-05,0,0.0612121079929252,0.2139,1609
spider|fighter|secret|update,2026-09-07,2026-10-07,0.180923827941172,0,8.264597e-05,0,0.0066590940708987,0.2139,1610
mega|158|title|teaser|glimpse|chiranjeevi|kadiri|kakaji,2026-09-07,2026-10-07,0.180923827941172,0,8.264597e-05,0,0.0067757650388042,0.2139,1611
street|fighter|hindi|cinemas|october,2026-09-07,2026-10-07,0.180923827941172,0,8.264597e-05,0,0.0223810130165189,0.2139,1612
shinchan|franklin|found|giant|tunnel|space|outside|his,2026-09-07,2026-10-07,0.180923827941172,0,8.264597e-05,0,0.0069279534411568,0.2139,1613
batwara|1947|releasing|pvr|inox|august,2026-09-07,2026-10-07,0.180923827941172,0,8.264597e-05,0,0.0056175765748565,0.2139,1614
city|update|indian|bike|driving|flood,2026-09-07,2026-10-07,0.180923827941172,0,8.264597e-05,0,0.0146995645735904,0.2139,1615
minecraft|poor|train|rich|challenge|mods,2026-09-07,2026-10-07,0.180923827941172,0,8.264597e-05,0,0.0054543165593613,0.2139,1616
can|girls|play|minecraft|better|then|boys,2026-09-07,2026-10-07,0.180923827941172,0,8.264597e-05,0,0.0233912836996714,0.2139,1617
shinchan|franklin|found|giant|curvy|tunnel|space|outside,2026-09-07,2026-10-07,0.180923827941172,0,8.264597e-05,0,0.006975351681631,0.2139,1618
railway|chaiwala|indian|horror|game,2026-09-07,2026-10-07,0.180923827941172,0,8.264597e-05,0,0.0096386221720814,0.2139,1619
camping|hours|minecraft|most|haunted|jungle,2026-09-07,2026-10-07,0.180923827941172,0,8.264597e-05,0,0.0387277630947236,0.2139,1620
aaradha|gaaya|toxic|kannada|rocking|star|yash|kiara,2026-09-07,2026-10-07,0.180923827941172,0,8.264597e-05,0,0.0325982991159567,0.2139,1621
pradhama|drishtya|kuttakkar|teaser|shahad|parvathy|vijayaragavan|mathew,2026-09-07,2026-10-07,0.180923827941172,0,8.264597e-05,0,0.0575692913325956,0.2139,1622
franklins|biggest|swimming|pool|exploded|gta,2026-09-07,2026-10-07,0.180923827941172,0,8.264597e-05,0,0.0048742023757193,0.2138,1623
2026|pal|hariyali|amavasya|katha|teej,2026-09-07,2026-10-07,0.180923827941172,0,0.00017259049,0,0.0080607778963623,0.2138,1624
verity|falsity|curiosity|horror|mod|minecraft|mrgamerjay,2026-09-07,2026-10-07,0.180923827941172,0,8.264597e-05,0,0.0074402285525944,0.2138,1625
roblox|would|rather|animal|tower,2026-09-07,2026-10-07,0.180923827941172,0,8.264597e-05,0,0.0058960807025073,0.2138,1626
junoon|lyrical|awarapan|emraan|hashmi|disha|patani|mithoon,2026-09-07,2026-10-07,0.180923827941172,0,8.264597e-05,0,0.0146735298161494,0.2138,1627
raksha|bandhan|special|bhajan,2026-09-07,2026-10-07,0.180923827941172,0,8.264597e-05,0,0.0057937040627291,0.2138,1628
janmashtami|bhajan|2026,2026-09-07,2026-10-07,0.180923827941172,0,8.264597e-05,0,0.0777856372012551,0.2138,1629
dashamaa|jantar|vage|ramnik|charoliya|dakla|mataji|2026,2026-09-07,2026-10-07,0.180923827941172,0,0.0001646539,0,0.0058298793181549,0.2138,1630
godzilla|team|king|kong|hunting|series|animal|revolt,2026-09-07,2026-10-07,0.180923827941172,0,8.264597e-05,0,0.0066590940708987,0.2138,1631
pandi|muni|kekkudhu|lyrical|lenin|pandiyan|ilaiyaraaja|balachandran,2026-09-07,2026-10-07,0.180923827941172,0,8.264597e-05,0,0.0067902086765943,0.2138,1632
rainbow|god|knocked|door|minecraft,2026-09-07,2026-10-07,0.180923827941172,0,8.264597e-05,0,0.0139770986888,0.2137,1633
shinchan|fury|opened|luxury|super|bike|showroom|gta,2026-09-07,2026-10-07,0.180923827941172,0,8.264597e-05,0,0.0057161459281402,0.2137,1634
daayra|review|yogi|bolta|hai,2026-09-07,2026-10-07,0.180923827941172,0,8.264597e-05,0,0.0062112093660958,0.2137,1635
became|admin|troll|friends|steal|egg|roblox,2026-09-07,2026-10-07,0.180923827941172,0,8.264597e-05,0,0.0054947567817685,0.2137,1636
faked|our|death|minecraft,2026-09-07,2026-10-07,0.180923827941172,0,8.264597e-05,0,0.0213603665142885,0.2137,1637
balantharala|bailellu|2026|singer|komali|hanmanth|yadav|parshuram,2026-09-07,2026-10-07,0.180923827941172,0,8.264597e-05,0,0.0190550794102949,0.2137,1638
finally|update|spider|fighter|zerg|queen|invasion,2026-09-07,2026-10-07,0.180923827941172,0,8.264597e-05,0,0.0067256680081663,0.2137,1639
kalpana|madai|rahele|adbhangiya|bhojpuri|bolbam,2026-09-07,2026-10-07,0.180923827941172,0,8.264597e-05,0,0.0057161459281402,0.2137,1640
dulla|apollo|juke|box|sunday|music|panjabi|songs,2026-09-07,2026-10-07,0.180923827941172,0,8.264597e-05,0,0.0067757650388042,0.2137,1641
stuck,2026-09-07,2026-10-07,0.180923827941172,0,0.00012810613,0,0.0061844097858969,0.2137,1642
100|pro|players|rivals,2026-09-07,2026-10-07,0.180923827941172,0,8.264597e-05,0,0.0233515890132255,0.2137,1643
became|strongest|swordsman|defeat|scary|sonic|roblox,2026-09-07,2026-10-07,0.180923827941172,0,8.264597e-05,0,0.0061665918474341,0.2136,1644
rocking|star|yash|entry|toxic|launch|event|shreyas,2026-09-07,2026-10-07,0.180923827941172,0,0.00017259049,0,0.0068477819742982,0.2136,1645
free|fire|max|stories|baazigar|shotoff17,2026-09-07,2026-10-07,0.180923827941172,0,8.264597e-05,0,0.0564603557886235,0.2136,1646
franklin|shinchan|onam|vacation|gta,2026-09-07,2026-10-07,0.180923827941172,0,8.264597e-05,0,0.0051774780474373,0.2136,1647
mathara,2026-09-07,2026-10-07,0.180923827941172,0,0.00014259738,0,0.0059363427655228,0.2136,1648
khan|bhaini|jattiye|punjabi|songs|2026,2026-09-07,2026-10-07,0.180923827941172,0,8.264597e-05,0,0.0243023563186083,0.2136,1649
dasha|maa|halardu,2026-09-07,2026-10-07,0.180923827941172,0,0.0001921128,0,0.0068477819742982,0.2136,1650
franklin|became|giant|gta|mods,2026-09-07,2026-10-07,0.180923827941172,0,8.264597e-05,0,0.0167103808733548,0.2136,1651
nuked|entire|world|using|tnt|roblox,2026-09-07,2026-10-07,0.180923827941172,0,8.264597e-05,0,0.0065622965570165,0.2136,1652
craziest|drawing|challenge|roblox,2026-09-07,2026-10-07,0.180923827941172,0,8.264597e-05,0,0.0068387252088532,0.2136,1653
shinchan|trains|fury|become|police|gta|telugu,2026-09-07,2026-10-07,0.180923827941172,0,8.264597e-05,0,0.0056533662682872,0.2136,1654
damburu|kinila|bhubaneswar|jaaga|natia|comedy,2026-09-07,2026-10-07,0.180923827941172,0,8.264597e-05,0,0.0148414133954722,0.2136,1655
babita|singh|reporting|prime|india,2026-09-07,2026-10-07,0.180923827941172,0,8.264597e-05,0,0.0823304732775906,0.2136,1656
became|assassin|troll|noobs|rivals|roblox,2026-09-07,2026-10-07,0.180923827941172,0,8.264597e-05,0,0.0172351846402927,0.2136,1657
heart|beast|2026|movie|brad|pitt|simmons|anna,2026-09-07,2026-10-07,0.180923827941172,0,8.264597e-05,0,0.077961611537551,0.2136,1658
nostalgia,2026-09-07,2026-10-07,0.180923827941172,0,8.264597e-05,0,0.0174808348804787,0.2136,1659
thudakkam|teaser|vismaya|mohanlal|aashish|joe|antony|jude,2026-09-07,2026-10-07,0.180923827941172,0,8.264597e-05,0,0.0058180755844791,0.2135,1660
pramod|premi|yadav|bhej|location|bhojpuri|2026|rangdari,2026-09-07,2026-10-07,0.180923827941172,0,8.264597e-05,0,0.0096241697866539,0.2135,1661
dhamaal|ajay|devgn|riteish|deshmukh|arshad|warsi|netflix,2026-09-07,2026-10-07,0.180923827941172,0,8.264597e-05,0,0.0638518401094851,0.2135,1662
roblox|lava|escape,2026-09-07,2026-10-07,0.180923827941172,0,8.264597e-05,0,0.0059721697229574,0.2135,1663
found|super|realistic|weapons|underground|minecraft,2026-09-07,2026-10-07,0.180923827941172,0,8.264597e-05,0,0.0055637366625284,0.2135,1664
franklin|found|night|king|fight|hell|gta|shinchan,2026-09-07,2026-10-07,0.180923827941172,0,8.264597e-05,0,0.012057622919507,0.2135,1665
sad|story|daya|golem|minecraft,2026-09-07,2026-10-07,0.180923827941172,0,8.264597e-05,0,0.0243545993170514,0.2135,1666
kaanuda|mcdonald|bhoomi|2026|salim|sulaiman|aditya|gadhvi,2026-09-07,2026-10-07,0.180923827941172,0,8.264597e-05,0,0.0146801619750825,0.2135,1667
franklin|opened|mercedes|benz|showroom|gta|shinchan|chop,2026-09-07,2026-10-07,0.180923827941172,0,8.264597e-05,0,0.015482791792308,0.2135,1668
escape|chunga|changa|mobile|game,2026-09-07,2026-10-07,0.180923827941172,0,8.264597e-05,0,0.0150472955537669,0.2135,1669
international|2026|day,2026-09-07,2026-10-07,0.180923827941172,0,0.00012810613,0,0.0715248695743905,0.2135,1670
2026|hindi|ishq|deewana|yash|kiara|advani|bollywood,2026-09-07,2026-10-07,0.180923827941172,0,8.264597e-05,0,0.0763507259581277,0.2135,1671
played|all|oldest|versions|spider|fighter,2026-09-07,2026-10-07,0.180923827941172,0,8.264597e-05,0,0.0066349088518159,0.2135,1672
used|spiderman|powers|troll|noobs|roblox,2026-09-07,2026-10-07,0.180923827941172,0,8.264597e-05,0,0.006449084745475,0.2135,1673
trolling|friends|weapons|rivals,2026-09-07,2026-10-07,0.180923827941172,0,8.264597e-05,0,0.0062762117076456,0.2135,1674
build|sky|base|survive|verity|escape|roblox,2026-09-07,2026-10-07,0.180923827941172,0,8.264597e-05,0,0.0066306254130178,0.2135,1675
sanson|mala|mirzapur|movie,2026-09-07,2026-10-07,0.180923827941172,0,8.264597e-05,0,0.0159806157845204,0.2135,1676
manjar|teaser|siddharth|menon|onkar|bhojane|tejas|raut,2026-09-07,2026-10-07,0.180923827941172,0,8.988713e-05,0,0.0056535247876931,0.2135,1677
franklin|found|giant|mysterious|footprint|rain|gta|mods,2026-09-07,2026-10-07,0.180923827941172,0,8.264597e-05,0,0.0098267145323637,0.2134,1678
pawan|kalyan|sujeeth|thaman,2026-09-07,2026-10-07,0.180923827941172,0,0.00014259738,0,0.0049290366544333,0.2134,1679
franklin|becomes|mafia|family|bodyguard|gta|shinchan|chop,2026-09-07,2026-10-07,0.180923827941172,0,8.264597e-05,0,0.0171296521123681,0.2134,1680
evolving|into|powerful|spider|minecraft,2026-09-07,2026-10-07,0.180923827941172,0,8.264597e-05,0,0.0447214543369516,0.2134,1681
vande|mataram|national|india|best|patriotic|jhankar|music,2026-09-07,2026-10-07,0.180923827941172,0,0.00017259049,0,0.0069956690217889,0.2134,1682
100|days|deadly|raft|friends|minecraft,2026-09-07,2026-10-07,0.180923827941172,0,8.264597e-05,0,0.043496145475069,0.2134,1683
shinchan|franklin|played|spider|man|hide|seek|friends,2026-09-07,2026-10-07,0.180923827941172,0,0.000111346235,0,0.0065732254144239,0.2134,1684
america|nirup|shanvi|pruthvi|nagathihalli|chandrashekhar|aa2,2026-09-07,2026-10-07,0.180923827941172,0,8.264597e-05,0,0.0379463568015069,0.2134,1685
evolving|noob|pro|superhero|roblox,2026-09-07,2026-10-07,0.180923827941172,0,8.264597e-05,0,0.0051393212984944,0.2133,1686
gta|everything|franklin|shinchan|touch|turns|into|gold,2026-09-07,2026-10-07,0.180923827941172,0,8.264597e-05,0,0.0041068979685823,0.2133,1687
100|trillion|muscle|power|robux|challenge,2026-09-07,2026-10-07,0.180923827941172,0,8.264597e-05,0,0.0054922910013457,0.2133,1688
gta,2026-09-07,2026-10-07,0.180923827941172,0,8.264597e-05,0,0.0111185657194466,0.2133,1689
epic|review|barbell,2026-09-07,2026-10-07,0.180923827941172,0,8.264597e-05,0,0.0058355594916059,0.2133,1690
franklin|tried|000|water|slide|gta|telugu,2026-09-07,2026-10-07,0.180923827941172,0,8.264597e-05,0,0.0042296323967535,0.2133,1691
franklin|became|powerful|vampire|gta|gtav|mods,2026-09-07,2026-10-07,0.180923827941172,0,0.00010121358,0,0.0053511089074765,0.2133,1692
minecraft|would|you|rather|battle,2026-09-07,2026-10-07,0.180923827941172,0,8.264597e-05,0,0.0311742263325411,0.2133,1693
ps5|wapas|kar|prank|sayansh|yaatri,2026-09-07,2026-10-07,0.180923827941172,0,8.264597e-05,0,0.0058496643732627,0.2133,1694
ramayana|minute|footage|review|deeksha|sharma,2026-09-07,2026-10-07,0.180923827941172,0,8.264597e-05,0,0.0219470968404558,0.2133,1695
play|real|choo|chalres|game|chotu|cam|save,2026-09-07,2026-10-07,0.180923827941172,0,8.264597e-05,0,0.0200681722491955,0.2133,1696
kamaal|dhamaal|malamaal|nana|patekar|paresh|rawal|movie,2026-09-07,2026-10-07,0.180923827941172,0,8.264597e-05,0,0.0083999013771123,0.2133,1697
ashish|yadav|srishti|bharti|rakshabandhan|geet|2026,2026-09-07,2026-10-07,0.180923827941172,0,0.00012810613,0,0.0044644979421367,0.2133,1698
toh|phir|aao|dobara,2026-09-07,2026-10-07,0.180923827941172,0,0.00014259738,0,0.0149627492510573,0.2133,1699
gta|every|jump|higher|mods,2026-09-07,2026-10-07,0.180923827941172,0,8.264597e-05,0,0.0047076922017413,0.2133,1700
ways|steal|all|emeralds|villagers|minecraft,2026-09-07,2026-10-07,0.180923827941172,0,8.264597e-05,0,0.0213070717274878,0.2133,1701
verity|falsity|attacked|our|village|minecraft,2026-09-07,2026-10-07,0.180923827941172,0,8.264597e-05,0,0.0054701983560225,0.2133,1702
brb|untold|story|kannada|movie|first|look|teaser,2026-09-07,2026-10-07,0.180923827941172,0,0.00012810613,0,0.0048696061753887,0.2133,1703
opened|petrol|pump|minecraft,2026-09-07,2026-10-07,0.180923827941172,0,8.264597e-05,0,0.0190308042812246,0.2133,1704
franklin|escapes|zombies|100|days|zombie|apocalypse|survival,2026-09-07,2026-10-07,0.180923827941172,0,8.264597e-05,0,0.0055863370235392,0.2132,1705
franklin|found|giant|mysterious|hand|print|gta|mods,2026-09-07,2026-10-07,0.180923827941172,0,8.264597e-05,0,0.0050158234913549,0.2132,1706
dhee|manikanda|dance|performance|irumudi|launch|event|raviteja,2026-09-07,2026-10-07,0.180923827941172,0,8.264597e-05,0,0.0087440239464494,0.2132,1707
aja|ekadashi|katha|2026,2026-09-07,2026-10-07,0.180923827941172,0,0.00017259049,0,0.0069165548687293,0.2132,1708
krishna|festival|special|songs|kannada,2026-09-07,2026-10-07,0.180923827941172,0,0.00017259049,0,0.0064840224767342,0.2132,1709
palolla|badha|singer|komali|mallik|teja|nagam|parshuram,2026-09-07,2026-10-07,0.180923827941172,0,8.264597e-05,0,0.0150946709625638,0.2132,1710
can|combine|anything|minecraft,2026-09-07,2026-10-07,0.180923827941172,0,8.264597e-05,0,0.0158293838097592,0.2132,1711
helicopter|uda|kar|gaya|granny|chapter,2026-09-07,2026-10-07,0.180923827941172,0,8.264597e-05,0,0.0064974065924558,0.2132,1712
parvati|jab|zid|gayi|hanuman|ansh|sadhu|tiwari,2026-09-07,2026-10-07,0.180923827941172,0,8.264597e-05,0,0.0153906038619598,0.2132,1713
mutant|granny|entered|our|house|minecraft,2026-09-07,2026-10-07,0.180923827941172,0,8.264597e-05,0,0.0151967951032454,0.2132,1714
pankaj|matalbi|yadav|anjali|bharti|bandh|bahin|pyar,2026-09-07,2026-10-07,0.180923827941172,0,8.264597e-05,0,0.003790747725891,0.2132,1715
cheated|scary|verity|minecraft|build|battle,2026-09-07,2026-10-07,0.180923827941172,0,8.264597e-05,0,0.0301756734009366,0.2132,1716
franklin|collected|every|military|car|near|his|house,2026-09-07,2026-10-07,0.180923827941172,0,8.264597e-05,0,0.0050158234913549,0.2132,1717
sonic|became|strongest|muscle|legends,2026-09-07,2026-10-07,0.180923827941172,0,0.00012810613,0,0.0065361389733417,0.2132,1718
doorbin|eyes|gone|forever|minecraft,2026-09-07,2026-10-07,0.180923827941172,0,8.264597e-05,0,0.0262869809817746,0.2132,1719
franklin|found|secret|door|indian|bike|driving|house,2026-09-07,2026-10-07,0.180923827941172,0,8.264597e-05,0,0.0053258563769443,0.2132,1720
craziest|taxi|driver|telugu,2026-09-07,2026-10-07,0.180923827941172,0,8.264597e-05,0,0.0065703312877998,0.2132,1721
minecraft|anything|draw|get,2026-09-07,2026-10-07,0.180923827941172,0,8.264597e-05,0,0.0180805109733994,0.2131,1722
gta|franklin|found|horror|mansion|mods,2026-09-07,2026-10-07,0.180923827941172,0,8.264597e-05,0,0.0060051078400741,0.2131,1723
parchoon|simar|dorraha|music|bop|latest|punjabi,2026-09-07,2026-10-07,0.180923827941172,0,8.264597e-05,0,0.0094107077615615,0.2131,1724
minecraft|can|become|any|structure,2026-09-07,2026-10-07,0.180923827941172,0,8.264597e-05,0,0.028080906625742,0.2131,1725
shinchan|franklin|found|road|space|front|his|pool,2026-09-07,2026-10-07,0.180923827941172,0,8.264597e-05,0,0.0037352908205718,0.2131,1726
shri|krishna|govind|hare|murari|chhathi|bhajan|2026,2026-09-07,2026-10-07,0.180923827941172,0,8.264597e-05,0,0.0628576735567289,0.2131,1727
minecraft|everything|backwards,2026-09-07,2026-10-07,0.180923827941172,0,8.264597e-05,0,0.0040731574930634,0.2131,1728
hiding|inside|police|meenu|escape|prison,2026-09-07,2026-10-07,0.180923827941172,0,8.264597e-05,0,0.010066570557406,0.2131,1729
soul|player|change|sid|retire|family|stage|aadi,2026-09-07,2026-10-07,0.180923827941172,0,8.264597e-05,0,0.0056602710408374,0.2131,1730
became|natural|disaster|troll|noobs|roblox,2026-09-07,2026-10-07,0.180923827941172,0,8.264597e-05,0,0.0052339611705278,0.2131,1731
verity|security|house|minecraft,2026-09-07,2026-10-07,0.180923827941172,0,8.264597e-05,0,0.0195901979319794,0.2131,1732
franklin|avengers|big|indian|ramp|challenge|gta|telugu,2026-09-07,2026-10-07,0.180923827941172,0,8.264597e-05,0,0.0140899631272958,0.2131,1733
franklin|finally|killed|four|eyed|red|monster|gta,2026-09-07,2026-10-07,0.180923827941172,0,8.264597e-05,0,0.0153264424567489,0.2131,1734
rich|hotel|poor|minecraft,2026-09-07,2026-10-07,0.180923827941172,0,8.264597e-05,0,0.0040731574930634,0.2131,1735
worst|climb|ever|peak,2026-09-07,2026-10-07,0.180923827941172,0,8.264597e-05,0,0.0064138327902186,0.2131,1736
huma|qureshi|hilarious|speech|toxic|launch|yash|funny,2026-09-07,2026-10-07,0.180923827941172,0,0.00017259049,0,0.0071386252797808,0.2131,1737
employee|found|playtime|real|verity|experiment|minecraft,2026-09-07,2026-10-07,0.180923827941172,0,8.264597e-05,0,0.0055579094545752,0.2131,1738
roll|money|become|rich|roblox,2026-09-07,2026-10-07,0.180923827941172,0,8.264597e-05,0,0.0135203716828341,0.2131,1739
animal|hospital|anomaly|roblox,2026-09-07,2026-10-07,0.180923827941172,0,8.264597e-05,0,0.0195901979319794,0.2131,1740
verity|became|friend|minecraft,2026-09-07,2026-10-07,0.180923827941172,0,8.264597e-05,0,0.0258843523709941,0.2131,1741
franklin|shinchan|make|world|longest|yamaha|bike|help,2026-09-07,2026-10-07,0.180923827941172,0,8.264597e-05,0,0.0072790875248048,0.2131,1742
live|shiva|suprabhatham,2026-09-07,2026-10-07,0.180923827941172,0,0.00017259049,0,0.0069165548687293,0.2131,1743
franklin|planned|trap|hell|king|monster|gta|shinchan,2026-09-07,2026-10-07,0.180923827941172,0,8.264597e-05,0,0.0208678796252766,0.2131,1744
bethlehem|kudumba|unit|tamil|girish|nivin|pauly|mamitha,2026-09-07,2026-10-07,0.180923827941172,0,8.264597e-05,0,0.0567905220908074,0.2131,1745
franklin|shinchan|building|biggest|swimming|pool|outside|his,2026-09-07,2026-10-07,0.180923827941172,0,8.264597e-05,0,0.0041392915442459,0.2131,1746
franklin|jack|found|secret|stairway|indian|bikes|driving,2026-09-07,2026-10-07,0.180923827941172,0,8.264597e-05,0,0.0048500731944571,0.2131,1747
carry|doorbin|not|friends|anymore,2026-09-07,2026-10-07,0.180923827941172,0,8.264597e-05,0,0.0194693689726329,0.2131,1748
opened|golem|heart|store|minecraft,2026-09-07,2026-10-07,0.180923827941172,0,8.264597e-05,0,0.0298238246090421,0.213,1749
gaja|teaser|satish|jai|farnaz|shetty|mani|sharma,2026-09-07,2026-10-07,0.180923827941172,0,8.264597e-05,0,0.0412466371750985,0.213,1750
audio|tuntun|yadav|goldi|krishna|janmashtami|special|2026,2026-09-07,2026-10-07,0.180923827941172,0,8.264597e-05,0,0.0042962507470384,0.213,1751
franklin|shinchan|try|impossible|water|level|challenge|gta,2026-09-07,2026-10-07,0.180923827941172,0,8.264597e-05,0,0.0051385642135079,0.213,1752
franklin|exploring|abandoned|containers|find|most|expensive|supercars,2026-09-07,2026-10-07,0.180923827941172,0,8.264597e-05,0,0.0097512231957382,0.213,1753
afeem|khesari|lal|yadav|kangana|sharma|shilpi|raj,2026-09-07,2026-10-07,0.180923827941172,0,8.264597e-05,0,0.0041392915442459,0.213,1754
playing|kamla|rahasya|horror|game|scary|flying|bhootni,2026-09-07,2026-10-07,0.180923827941172,0,8.264597e-05,0,0.015195086497864,0.213,1755
sai|baba|devotional|songs|telugu,2026-09-07,2026-10-07,0.180923827941172,0,0.00017259049,0,0.0066551121229125,0.213,1756
villager|has|000|hearts|minecraft,2026-09-07,2026-10-07,0.180923827941172,0,8.264597e-05,0,0.0272304714907814,0.213,1757
pallaburusu|annapurna|studios|epic|uday|chauhan|pawan,2026-09-07,2026-10-07,0.180923827941172,0,8.264597e-05,0,0.0039399343250533,0.213,1758
pal|kamika|ekadashi|katha|bhakti,2026-09-07,2026-10-07,0.180923827941172,0,8.988713e-05,0,0.0058971699758312,0.213,1759
cheluve|kele|bail|shiva|rajkumar|dheekshith|sanjana|ajaneesh,2026-09-07,2026-10-07,0.180923827941172,0,8.264597e-05,0,0.0052721794894676,0.213,1760
franklin|finally|escapes|hell|comes|back|los|santos,2026-09-07,2026-10-07,0.180923827941172,0,8.264597e-05,0,0.0087657949816259,0.2129,1761
yavanakathayil|bethlehem|kudumba|unit|version|nivin|pauly|mamithabaiju,2026-09-07,2026-10-07,0.180923827941172,0,8.264597e-05,0,0.0334813946808274,0.2129,1762
arvind|akela|kallu|shilpi|raj|rani|bhojpuri|2026,2026-09-07,2026-10-07,0.180923827941172,0,8.264597e-05,0,0.0068602930121364,0.2129,1763
doorbin|lost|his|memory|minecraft,2026-09-07,2026-10-07,0.180923827941172,0,8.264597e-05,0,0.0199352889205578,0.2129,1764
ravamma|renukellamma|bonalu|2026|mangli|madeen|kamal|eslavath,2026-09-07,2026-10-07,0.180923827941172,0,8.264597e-05,0,0.0134635659016314,0.2129,1765
allah|kare|dil|lage|andaaz|akshay|priyanka|sonu,2026-09-07,2026-10-07,0.180923827941172,0,9.306008e-05,0,0.0690379819845218,0.2129,1766
mitti|baway|wahaj|ali|mahira|khan|coming|soon,2026-09-07,2026-10-07,0.180923827941172,0,8.264597e-05,0,0.0113431092301451,0.2129,1767
pro|noob|bus|minecraft,2026-09-07,2026-10-07,0.180923827941172,0,8.264597e-05,0,0.0072731039114588,0.2129,1768
using|scanner|find|scary|golem|miencraft,2026-09-07,2026-10-07,0.180923827941172,0,8.264597e-05,0,0.0203301328492038,0.2129,1769
poor|rich|scary|entities|verity|apocalypse|bunker|battle,2026-09-07,2026-10-07,0.180923827941172,0,8.264597e-05,0,0.0141866463090522,0.2129,1770
how|big|can|scary|godzilla|get|minecraft,2026-09-07,2026-10-07,0.180923827941172,0,8.264597e-05,0,0.013768985782296,0.2129,1771
2026|hindi|mujhe|mohlat|yash|kiara|advani,2026-09-07,2026-10-07,0.180923827941172,0,8.264597e-05,0,0.0504071824556011,0.2129,1772
birth|death|elemental|creeper|minecraft,2026-09-07,2026-10-07,0.180923827941172,0,8.264597e-05,0,0.0203301328492038,0.2129,1773
playing|kamla|granny|update|found|hot|air|balloon,2026-09-07,2026-10-07,0.180923827941172,0,8.264597e-05,0,0.0064552009120209,0.2129,1774
mahesh|babu|birthday|special|varanasi|concept|prithviraj|sukumaran,2026-09-07,2026-10-07,0.180923827941172,0,8.264597e-05,0,0.0046379231474819,0.2129,1775
high|stakes|game|malayalam|dulquer|salmaan|jakes|bejoy,2026-09-07,2026-10-07,0.180923827941172,0,8.264597e-05,0,0.0379672576288583,0.2129,1776
become|spiderman|minecraft,2026-09-07,2026-10-07,0.180923827941172,0,8.264597e-05,0,0.0256570427407815,0.2128,1777
got|stuck|inside|minecraft,2026-09-07,2026-10-07,0.180923827941172,0,8.264597e-05,0,0.0176507556573817,0.2128,1778
robbing|biggest|bank|roblox,2026-09-07,2026-10-07,0.180923827941172,0,8.264597e-05,0,0.0036287982910683,0.2128,1779
rich|poor|cloud|battle|minecraft,2026-09-07,2026-10-07,0.180923827941172,0,8.264597e-05,0,0.0144969990471283,0.2128,1780
gta|franklin|shinchan|gets|whatever|draws|magical|painting,2026-09-07,2026-10-07,0.180923827941172,0,8.264597e-05,0,0.0046310945400691,0.2128,1781
using|scanner|find|evil|villager|minecraft,2026-09-07,2026-10-07,0.180923827941172,0,8.264597e-05,0,0.0194117656662426,0.2128,1782
built|different,2026-09-07,2026-10-07,0.180923827941172,0,8.264597e-05,0,0.0035739229051431,0.2128,1783
paradise|movie|nani|srikanth|odela|anirudh,2026-09-07,2026-10-07,0.180923827941172,0,0.00014259738,0,0.0147081782788987,0.2128,1784
build|secret|room|win,2026-09-07,2026-10-07,0.180923827941172,0,8.264597e-05,0,0.0503486478530021,0.2128,1785
doorbin|become|scary|monster|goat|minecraft,2026-09-07,2026-10-07,0.180923827941172,0,8.264597e-05,0,0.0199970477939282,0.2128,1786
ultimate|revenge|drawing|challenge,2026-09-07,2026-10-07,0.180923827941172,0,8.264597e-05,0,0.0047515991429873,0.2128,1787
deadliest|stairs|roblox,2026-09-07,2026-10-07,0.180923827941172,0,0.00010622568,0,0.0052827289634468,0.2128,1788
kon|banega|crorepati|brrank|king|back|hours|non,2026-09-07,2026-10-07,0.180923827941172,0,0.00013137485,0,0.0159981367215883,0.2128,1789
nanhi|behna|armaan|malik|ayaan|zaid|tuba|payal,2026-09-07,2026-10-07,0.180923827941172,0,8.264597e-05,0,0.014699110158263,0.2128,1790
franklin|chithappu|build|jungle|house|survive|hours|gta,2026-09-07,2026-10-07,0.180923827941172,0,8.264597e-05,0,0.0059887444063416,0.2128,1791
found|buried|scary|verity|minecraft,2026-09-07,2026-10-07,0.180923827941172,0,8.264597e-05,0,0.0152454110675829,0.2128,1792
rocking|star|yash|toxic|launch,2026-09-07,2026-10-07,0.180923827941172,0,0.00015509044,0,0.0049161353543552,0.2128,1793
franklin|survives|hardest|acid|rain|gta,2026-09-07,2026-10-07,0.180923827941172,0,8.264597e-05,0,0.0047484814209034,0.2128,1794
kanhaiya|mittal|aman|jaji,2026-09-07,2026-10-07,0.180923827941172,0,8.264597e-05,0,0.0046310945400691,0.2128,1795
live|toxic|launch|event|yash|nayanthara|kiara|tara,2026-09-07,2026-10-07,0.180923827941172,0,0.00012810613,0,0.0035926128102056,0.2127,1796
adopted|superheroes|minecraft,2026-09-07,2026-10-07,0.180923827941172,0,8.264597e-05,0,0.0244247643170601,0.2127,1797
harry|potter|philosopher|stone|breakdown|parents|voldemort|quidditch,2026-09-07,2026-10-07,0.180923827941172,0,8.264597e-05,0,0.0039417504306478,0.2127,1798
malak|marzi|kaka|punjabi|2026,2026-09-07,2026-10-07,0.180923827941172,0,8.264597e-05,0,0.0365467840483095,0.2127,1799
got|kicked|bodybuilder|villagers|minecraft,2026-09-07,2026-10-07,0.180923827941172,0,8.264597e-05,0,0.0185998902735666,0.2127,1800
ankush|raja|shilpi|raj|astha|singh|bhojpuri,2026-09-07,2026-10-07,0.180923827941172,0,8.264597e-05,0,0.0083272486883731,0.2127,1801
indian|truck|drivers|gameplay|shortsfeed|shortslive|shorts|ets2,2026-09-07,2026-10-07,0.180923827941172,0,0.00014259738,0,0.0570136248244775,0.2127,1802
maine|tere|bharose|hanuman|neemkaroli|baba|bhajan,2026-09-07,2026-10-07,0.180923827941172,0,8.264597e-05,0,0.0031134786094881,0.2127,1803
chhota|ajju|live|comeback|ajjubhai|voice|10k|freefire,2026-09-07,2026-10-07,0.180923827941172,0,0.00012810613,0,0.0039356231069251,0.2127,1804
gal|gajjela|bandullo|suman|badanakal|srinidhi|pooja|nageshwar,2026-09-07,2026-10-07,0.180923827941172,0,8.264597e-05,0,0.003011784841768,0.2127,1805
teaser|pyaar|ravichandran|rishvin|rashika|shetty|supreeth|palani,2026-09-07,2026-10-07,0.180923827941172,0,8.264597e-05,0,0.0052625504625853,0.2127,1806
weak|villager|kicked|bodybuilder|carry|doorbin|out|village,2026-09-07,2026-10-07,0.180923827941172,0,8.264597e-05,0,0.0290018128917121,0.2127,1807
franklin|joined|police|arrest|his|twin|brother|gta,2026-09-07,2026-10-07,0.180923827941172,0,8.264597e-05,0,0.0073991464822917,0.2127,1808
sasura|daurala|aeliyau|hau|bhaiya|keshav|karn|rakshabandhan,2026-09-07,2026-10-07,0.180923827941172,0,8.264597e-05,0,0.0034560656545257,0.2127,1809
thudakkam|success|mohanlal|vismaya|aashish|joe|antony|jude,2026-09-07,2026-10-07,0.180923827941172,0,8.264597e-05,0,0.0033894692133414,0.2127,1810
pal|putrada|ekadashi|story|katha,2026-09-07,2026-10-07,0.180923827941172,0,0.00010322774,0,0.0047643273326729,0.2127,1811
franklin|became|giant|destroyed|los|santos|gta|telugu,2026-09-07,2026-10-07,0.180923827941172,0,8.264597e-05,0,0.0047579384982486,0.2127,1812
franklin|house|mafia|headquarters|gta|shinchan|chop,2026-09-07,2026-10-07,0.180923827941172,0,8.264597e-05,0,0.0189036979947044,0.2127,1813
animal|jump|challenge|roblox,2026-09-07,2026-10-07,0.180923827941172,0,8.264597e-05,0,0.004442087190891,0.2127,1814
dwarpalo|kanhaiya|keh|remix|krishna|janmashtmi|soundcheck|bass,2026-09-07,2026-10-07,0.180923827941172,0,0.00012810613,0,0.0034148560904933,0.2127,1815
dash|used|ray|ultimate|hide|seek,2026-09-07,2026-10-07,0.180923827941172,0,8.264597e-05,0,0.0039557771543363,0.2127,1816
surya|grahan,2026-09-07,2026-10-07,0.180923827941172,0,0.00010622568,0,0.0063962891493816,0.2127,1817
roblox|stretch|your|arm,2026-09-07,2026-10-07,0.180923827941172,0,8.264597e-05,0,0.0040288245688313,0.2127,1818
mathara|khalifa|prithviraj|sukumaran|malvika|sharma|jakes|bejoy,2026-09-07,2026-10-07,0.180923827941172,0,8.264597e-05,0,0.0103617137324893,0.2126,1819
dada|nandamuri|balakrishna|kajal|agarwal|gopichandu|malineni|thaman,2026-09-07,2026-10-07,0.180923827941172,0,0.00012810613,0,0.004735860451023,0.2126,1820
mathara|lyric|khalifa|prithviraj|sukumaran|malvika|sharma|jakes,2026-09-07,2026-10-07,0.180923827941172,0,8.264597e-05,0,0.0156436425747998,0.2126,1821
battle|ore|towers|minecraft,2026-09-07,2026-10-07,0.180923827941172,0,8.264597e-05,0,0.016373776916077,0.2126,1822
bethlehem|kudumba|unit|fanmade|nivin|pauly|mamitha|girish,2026-09-07,2026-10-07,0.180923827941172,0,0.00013932977,0,0.0051296730567411,0.2126,1823
bgms|super|weekend|day|bgmilive,2026-09-07,2026-10-07,0.180923827941172,0,0.00017699406,0,0.0056388920642058,0.2126,1824
franklin|found|shinchan|underwater|secret|house|gta|telugu,2026-09-07,2026-10-07,0.180923827941172,0,8.264597e-05,0,0.0037307941141041,0.2126,1825
franklin|found|secret|diamond|garage|under|his|swimming,2026-09-07,2026-10-07,0.180923827941172,0,8.264597e-05,0,0.0041135591099812,0.2126,1826
franklin|turned|his|house|into|farm|gta|shinchan,2026-09-07,2026-10-07,0.180923827941172,0,8.264597e-05,0,0.0053149040994402,0.2126,1827
franklin|goes|school|first|time|gta|shinchan|chop,2026-09-07,2026-10-07,0.180923827941172,0,8.264597e-05,0,0.005094428479085,0.2126,1828
franklin|his|twin|brother|trapped|president|gta|shinchan,2026-09-07,2026-10-07,0.180923827941172,0,8.264597e-05,0,0.010413755912264,0.2126,1829
nostalgia|band|ver,2026-09-07,2026-10-07,0.180923827941172,0,8.264597e-05,0,0.0034251313277503,0.2126,1830
franklin|collecting|avengers|super|hero|cars|gta,2026-09-07,2026-10-07,0.180923827941172,0,0.000111346235,0,0.0059060746152652,0.2126,1831
signature|mohit|ladhotiya|mackey|muzic|nidhi|negi|ameet,2026-09-07,2026-10-07,0.180923827941172,0,8.264597e-05,0,0.0029400921597653,0.2126,1832
indian|bike|driving|franklin|change|house|theft|auto,2026-09-07,2026-10-07,0.180923827941172,0,8.264597e-05,0,0.0052909347747175,0.2126,1833
became|minecraft|evilest|king,2026-09-07,2026-10-07,0.180923827941172,0,8.264597e-05,0,0.0038284798051879,0.2126,1834
dashamanu|valamnu|rakesh|barot|dashama|popular,2026-09-07,2026-10-07,0.180923827941172,0,8.264597e-05,0,0.0031356829712928,0.2126,1835
rich|poor|train|minecraft,2026-09-07,2026-10-07,0.180923827941172,0,8.264597e-05,0,0.0052431773497097,0.2126,1836
playing|kamla|garten|banban|scary|monster,2026-09-07,2026-10-07,0.180923827941172,0,8.264597e-05,0,0.0053593623170499,0.2125,1837
chella|magale|film|version|tamil|hon|ble|vijay,2026-09-07,2026-10-07,0.180923827941172,0,8.264597e-05,0,0.0136819992771037,0.2125,1838
senur|mithai|keshav|karn|sasura|daural|maithili|sad,2026-09-07,2026-10-07,0.180923827941172,0,0.00012810613,0,0.0032455812415215,0.2125,1839
ibd3d|franklin|jack|plays|hide|avengers,2026-09-07,2026-10-07,0.180923827941172,0,8.264597e-05,0,0.0058063331898365,0.2125,1840
ewc|2026|chess|magnus|nihal|hikaru|arjun|headline,2026-09-07,2026-10-07,0.180923827941172,0,8.264597e-05,0,0.0125326271822248,0.2125,1841
went|level|max|luffy|minecraft,2026-09-07,2026-10-07,0.180923827941172,0,8.264597e-05,0,0.020470525855255,0.2125,1842
shinchan|became|airport|security|guard,2026-09-07,2026-10-07,0.180923827941172,0,8.264597e-05,0,0.0450853276624187,0.2125,1843
finally|ps5|gaya|yaatri,2026-09-07,2026-10-07,0.180923827941172,0,8.264597e-05,0,0.0055565369432089,0.2125,1844
got|adopted|creeper|minecraft,2026-09-07,2026-10-07,0.180923827941172,0,8.264597e-05,0,0.0220689853237759,0.2125,1845
wwe|2k25|live|baby|cry|most|ridiculous|match,2026-09-07,2026-10-07,0.180923827941172,0,0.00014259738,0,0.0402925390328178,0.2125,1846
minecraft|every|drop|avaritia|gun,2026-09-07,2026-10-07,0.180923827941172,0,8.264597e-05,0,0.0196712041473347,0.2125,1847
duniya|ishqnama|jai|randhhawa|shehnaaz|gill|praak|jaani,2026-09-07,2026-10-07,0.180923827941172,0,8.264597e-05,0,0.0029400921597653,0.2125,1848
sawan|kamika|ekadashi|katha,2026-09-07,2026-10-07,0.180923827941172,0,0.00012537636,0,0.0059060746152652,0.2125,1849
franklin|escaped|hell|dangerous|monsters|gta|telugu,2026-09-07,2026-10-07,0.180923827941172,0,8.264597e-05,0,0.0044201709062364,0.2125,1850
pmwc|ewc|survival|stage|day|pubg|mobile|world,2026-09-07,2026-10-07,0.180923827941172,0,8.264597e-05,0,0.0102924583206263,0.2125,1851
saawan|mahina|gaya|shiv|bhajans|lakhbir|singh|lakkha,2026-09-07,2026-10-07,0.180923827941172,0,0.00013932977,0,0.004965653502806,0.2125,1852
kaadhal|enna|kanna|moochi|aval|varuvala|thala|ajith,2026-09-07,2026-10-07,0.180923827941172,0,0.00017259049,0,0.0054746582612449,0.2125,1853
live|rudrashtakam|stotram|shiva,2026-09-07,2026-10-07,0.180923827941172,0,0.00017259049,0,0.005458441158418,0.2125,1854
scarlet|moon|animation|free|fire|max,2026-09-07,2026-10-07,0.180923827941172,0,8.264597e-05,0,0.0362143986847584,0.2125,1855
protest|pros|promotion,2026-09-07,2026-10-07,0.180923827941172,0,8.264597e-05,0,0.0160415079189847,0.2125,1856
franklin|becomes|richest|police|officer|gta|shinchan|chop,2026-09-07,2026-10-07,0.180923827941172,0,8.264597e-05,0,0.0061361144970731,0.2125,1857
gta|franklin|shinchan|house|hulk|base|telugu|gta5,2026-09-07,2026-10-07,0.180923827941172,0,0.0001646539,0,0.0051948295263276,0.2124,1858
gta|franklin|shinchan|upgrade|their|noob|bike|god,2026-09-07,2026-10-07,0.180923827941172,0,8.988713e-05,0,0.0047907964361782,0.2124,1859
kamla|granny|celebrates|independence|day|special,2026-09-07,2026-10-07,0.180923827941172,0,8.264597e-05,0,0.0193130648167612,0.2124,1860
avani|vandhadhu|vinayagar|songs|veeramanidasan|tamil,2026-09-07,2026-10-07,0.180923827941172,0,0.00017259049,0,0.0052995727891904,0.2124,1861
sneeze|hustinder|kaafar|kang|freezybeats|untamed|latest|punjabi,2026-09-07,2026-10-07,0.180923827941172,0,0.00012810613,0,0.0041399839860878,0.2124,1862
nangaai|fps|engeyum|kaadhal|jayam|ravi|hansika|harris,2026-09-07,2026-10-07,0.180923827941172,0,0.00013932977,0,0.0047907964361782,0.2124,1863
went|risky|dusty|trip|minecraft,2026-09-07,2026-10-07,0.180923827941172,0,8.264597e-05,0,0.0184261046955281,0.2124,1864
sheetla|mata|chalisa|latest|shitala|maa|vrat|jai,2026-09-07,2026-10-07,0.180923827941172,0,0.00017259049,0,0.0086913073065924,0.2124,1865
2026|independence|day|special|deshbhakti,2026-09-07,2026-10-07,0.180923827941172,0,0.00017699406,0,0.0078128294269934,0.2124,1866
carry|friends|statue|chunk|battle|minecraft,2026-09-07,2026-10-07,0.180923827941172,0,8.264597e-05,0,0.014749915163503,0.2124,1867
hiral|raval|dashamaa|thal|2026|scvfilms|vasu|thakor,2026-09-07,2026-10-07,0.180923827941172,0,0.0001646539,0,0.0047480111421984,0.2124,1868
selaiyile|veedu|aval|varuvala|ajith|kumar|simran|rajkumar,2026-09-07,2026-10-07,0.180923827941172,0,0.00017259049,0,0.0057307955539864,0.2124,1869
pretended|dog|one|chunk|minecraft,2026-09-07,2026-10-07,0.180923827941172,0,8.264597e-05,0,0.004251994599158,0.2124,1870
franklin|opened|audi|dealership|gta|shinchan|chop,2026-09-07,2026-10-07,0.180923827941172,0,8.264597e-05,0,0.0087503629419741,0.2124,1871
choo|charles|horror|gameplay,2026-09-07,2026-10-07,0.180923827941172,0,8.264597e-05,0,0.0100763098494259,0.2124,1872
poor|rich|safety|tower|against|verity|ball,2026-09-07,2026-10-07,0.180923827941172,0,8.264597e-05,0,0.0041939405664851,0.2124,1873
rakesh|barot|dashamani|aarti|sona|sandhaniye|2026|jhankar,2026-09-07,2026-10-07,0.180923827941172,0,0.00012810613,0,0.0041440992301239,0.2124,1874
operation|tral|teaser|malayalam|jayasurya|ritika|singh|ratheesh,2026-09-07,2026-10-07,0.180923827941172,0,8.264597e-05,0,0.0236994917129066,0.2124,1875
franklin|mafia|los|santos|gta|shinchan|chop,2026-09-07,2026-10-07,0.180923827941172,0,8.264597e-05,0,0.0145442264061576,0.2124,1876
dada|nandamuri|balakrishna|kajal|gooichandh|malineni,2026-09-07,2026-10-07,0.180923827941172,0,0.00014259738,0,0.0030909506632532,0.2124,1877
shahnaaz|akhtar|mahadev|bhajan|2026,2026-09-07,2026-10-07,0.180923827941172,0,8.988713e-05,0,0.0049029945217657,0.2124,1878
pasamulla|paandiyare|captain|prabhakaran|birthday|special|ilaiyaraaja,2026-09-07,2026-10-07,0.180923827941172,0,0.00016000726,0,0.0047907964361782,0.2124,1879
ganapathi,2026-09-07,2026-10-07,0.180923827941172,0,0.00017259049,0,0.0062651158390131,0.2124,1880
oguniverse|pawan|kalyan|birthday|teaser|sujeeth|thaman|snehith,2026-09-07,2026-10-07,0.180923827941172,0,8.264597e-05,0,0.0137496909694988,0.2124,1881
jignesh|barot|vrat|dashama|lau|gujarati|2026,2026-09-07,2026-10-07,0.180923827941172,0,0.00016000726,0,0.00434444106593,0.2123,1882
opened|horror|momo|stall|minecraft,2026-09-07,2026-10-07,0.180923827941172,0,8.264597e-05,0,0.0041939405664851,0.2123,1883
dashma|timli|2026|parul|rathva|dashama|ishwar|thakor,2026-09-07,2026-10-07,0.180923827941172,0,0.0001646539,0,0.0047641987161375,0.2123,1884
ind|2nd|odi|match|gameplay|vaibhav|rohit|sharma,2026-09-07,2026-10-07,0.180923827941172,0,8.264597e-05,0,0.0038167273598395,0.2123,1885
used|weapons|defeat|verity|falsity|minecraft,2026-09-07,2026-10-07,0.180923827941172,0,8.264597e-05,0,0.0043347585700265,0.2123,1886
gta|franklin|became|spider|man|telugu,2026-09-07,2026-10-07,0.180923827941172,0,8.264597e-05,0,0.0072190564460016,0.2123,1887
today|birthday|special|free|fire|live,2026-09-07,2026-10-07,0.180923827941172,0,0.00012810613,0,0.0130716669777571,0.2123,1888
tera|mera|rishta|continues|awarapan|emraan|hashmi|disha,2026-09-07,2026-10-07,0.180923827941172,0,8.264597e-05,0,0.0143939407945438,0.2123,1889
franklin|upgrades|poor|house|millionaire|mansion|gta|shinchan,2026-09-07,2026-10-07,0.180923827941172,0,8.264597e-05,0,0.0033087160211054,0.2123,1890
franklin|found|biggest|megalodon|ever|gta|gtav|mods,2026-09-07,2026-10-07,0.180923827941172,0,0.0001646539,0,0.0051948295263276,0.2123,1891
priti|prakash|janmashtami|special|sohar|krishnajanmsohar,2026-09-07,2026-10-07,0.180923827941172,0,0.00017259049,0,0.0082528749116278,0.2123,1892
anything|franklin|touches|turns|into|gold|diamond|money,2026-09-07,2026-10-07,0.180923827941172,0,8.988713e-05,0,0.0047907964361782,0.2123,1893
bethlehem|kudumba|unit|success|nivin|pauly|mamitha|baiju,2026-09-07,2026-10-07,0.180923827941172,0,8.264597e-05,0,0.0031112140697284,0.2123,1894
franklin|opens|his|car|modification|workshop|gta|shinchan,2026-09-07,2026-10-07,0.180923827941172,0,8.264597e-05,0,0.0142599959182122,0.2123,1895
death|park|gayi,2026-09-07,2026-10-07,0.180923827941172,0,8.264597e-05,0,0.0058885770875043,0.2123,1896
franklin|opens|his|ferrari|dealership|gta|shinchan|chop,2026-09-07,2026-10-07,0.180923827941172,0,8.264597e-05,0,0.0068350649963822,0.2123,1897
franklin|loots|most|expensive|super|bikes|cargo|plane,2026-09-07,2026-10-07,0.180923827941172,0,8.264597e-05,0,0.0065468053317623,0.2123,1898
franklin|finds|magic|stones|saves|los|santos|shindo,2026-09-07,2026-10-07,0.180923827941172,0,8.264597e-05,0,0.0047907964361782,0.2123,1899
tuntun|yadav|15august|tringa|hindusan|hate|2026,2026-09-07,2026-10-07,0.180923827941172,0,8.264597e-05,0,0.0033087160211054,0.2123,1900
franklin|becomes|millionaire|bodyguard|gta|shinchan|chop,2026-09-07,2026-10-07,0.180923827941172,0,8.264597e-05,0,0.0038167273598395,0.2123,1901
2026|hindi|dil|lagi|yash|kiara|advani|bollywood,2026-09-07,2026-10-07,0.180923827941172,0,8.264597e-05,0,0.0507928355298431,0.2122,1902
raushan|rohi|srishti|bharti|tanya|magahi|2026,2026-09-07,2026-10-07,0.180923827941172,0,0.00017259049,0,0.0057368007077308,0.2122,1903
stuck|deadly|snow|storm|roblox,2026-09-07,2026-10-07,0.180923827941172,0,8.264597e-05,0,0.0032802310749153,0.2122,1904
ind|3rd|odi|match|gameplay|vaibhav|rahul|335,2026-09-07,2026-10-07,0.180923827941172,0,8.264597e-05,0,0.0051358162441159,0.2122,1905
franklin|followed|giant|footprints|save|missing|shinchan|gta,2026-09-07,2026-10-07,0.180923827941172,0,0.00012810613,0,0.0047488858726609,0.2122,1906
franklin|discovers|scary|underground|base|gta|shinchan|chop,2026-09-07,2026-10-07,0.180923827941172,0,8.264597e-05,0,0.0073705901913866,0.2122,1907
dashama|aarti|thal|rohit|thakor|gujarati|devotional,2026-09-07,2026-10-07,0.180923827941172,0,0.00012810613,0,0.0052151565055406,0.2122,1908
testing|scary|minecraft|myths|caught|screenshots,2026-09-07,2026-10-07,0.180923827941172,0,8.264597e-05,0,0.0119023324048766,0.2122,1909
gladiators|teaser|ajith|kumar|director|vijay|prakash|cancept,2026-09-07,2026-10-07,0.180923827941172,0,0.00012810613,0,0.0139290747718979,0.2122,1910
blue|lagoon|korean|ver,2026-09-07,2026-10-07,0.180923827941172,0,8.264597e-05,0,0.0033087160211054,0.2122,1911
yuvan|shankar|raja|konji|playlist|u1records,2026-09-07,2026-10-07,0.180923827941172,0,8.264597e-05,0,0.0410066050440066,0.2122,1912
playing|kamla|antim|ritual|horror|game|scary|bhootni,2026-09-07,2026-10-07,0.180923827941172,0,8.264597e-05,0,0.0063183581119462,0.2122,1913
sri|krishna|bhaktigitegalu|audio|jukebox|bhakti|songs|jhankar,2026-09-07,2026-10-07,0.180923827941172,0,0.0001646539,0,0.0047480111421984,0.2122,1914
dashama|timli|parul|rathva|superhit|2026,2026-09-07,2026-10-07,0.180923827941172,0,0.0001646539,0,0.0047641987161375,0.2122,1915
franklin|shinchan|save|los|santos|biggest|mosquito|attack,2026-09-07,2026-10-07,0.180923827941172,0,8.264597e-05,0,0.0038792116415631,0.2122,1916
poor|rich|golden|castle|battle|minecraft,2026-09-07,2026-10-07,0.180923827941172,0,8.264597e-05,0,0.0052794440080485,0.2122,1917
dakota,2026-09-07,2026-10-07,0.180923827941172,0,0.00012810613,0,0.0054250634946904,0.2122,1918
dongran|sagvel|paan|adivasi|2026|gavthi|marathi|songs,2026-09-07,2026-10-07,0.180923827941172,0,0.00012810613,0,0.0043278343958072,0.2122,1919
nihal|sarin|magnus|carlsen|arjun|erigaisi|hikaru|nakamura,2026-09-07,2026-10-07,0.180923827941172,0,0.00012810613,0,0.0031933638635456,0.2121,1920
paradise|raw|statement|concept|telugu|nani|manchu|mohanbabu,2026-09-07,2026-10-07,0.180923827941172,0,0.00012810613,0,0.0047017090806612,0.2121,1921
nayanthara|kiara|advani|rocking|star|yash|visuals|toxic,2026-09-07,2026-10-07,0.180923827941172,0,0.00017259049,0,0.0052939018345259,0.2121,1922
beporoya|teaser|adrit|aryaa|abhirup|ghosh|arindom|svf,2026-09-07,2026-10-07,0.180923827941172,0,8.264597e-05,0,0.0056964573000791,0.2121,1923
level|sukuna|000|gta,2026-09-07,2026-10-07,0.180923827941172,0,8.264597e-05,0,0.0074373434197141,0.2121,1924
play|real|choo|charles|game|chotu|can|save,2026-09-07,2026-10-07,0.180923827941172,0,0.00012810613,0,0.008595273783297,0.2121,1925
franklin|shinchan|found|spider|pennywise|los|santos|gta,2026-09-07,2026-10-07,0.180923827941172,0,8.988713e-05,0,0.0055691738995256,0.2121,1926
franklin|watch|biggest|monster|fight|gta|mods,2026-09-07,2026-10-07,0.180923827941172,0,8.988713e-05,0,0.0051647528964183,0.2121,1927
prabhakar|yadav|anjali|bharti|raksha|bandhan|2026,2026-09-07,2026-10-07,0.180923827941172,0,0.00012810613,0,0.0047639729161905,0.2121,1928
live|toxic|launch|event|tv9d,2026-09-07,2026-10-07,0.180923827941172,0,0.00013137485,0,0.0040615031303706,0.2121,1929
gta|game|here|yaatri,2026-09-07,2026-10-07,0.180923827941172,0,8.264597e-05,0,0.0057369553961601,0.2121,1930
franklin|collected|every|police|car|near|his|house,2026-09-07,2026-10-07,0.180923827941172,0,8.264597e-05,0,0.006502724290767,0.2121,1931
found|clown|sewer|roblox,2026-09-07,2026-10-07,0.180923827941172,0,8.264597e-05,0,0.0041485647552388,0.2121,1932
avengers|doomsday|2026|first|look|theaters|december|marvel,2026-09-07,2026-10-07,0.180923827941172,0,8.264597e-05,0,0.0157141550295449,0.2121,1933
scorpio|kaali|diler|kharkiya|shiva|choudhary|muskan|verma,2026-09-07,2026-10-07,0.180923827941172,0,8.264597e-05,0,0.0360741580911015,0.2121,1934
sodhani|man|moyo|kiran|malosana|dashama|gujarati|2026,2026-09-07,2026-10-07,0.180923827941172,0,0.00012810613,0,0.0045636349894262,0.2121,1935
made|sonic|pickaxe|roblox,2026-09-07,2026-10-07,0.180923827941172,0,8.264597e-05,0,0.0036896101286668,0.2121,1936
namit|malhotra|ramayana|telugu|nitesh|tiwari|ranbir|yash,2026-09-07,2026-10-07,0.180923827941172,0,8.264597e-05,0,0.0339080881526345,0.2121,1937
toxic|launch|event|yash|tv9d,2026-09-07,2026-10-07,0.180923827941172,0,0.00012810613,0,0.0041343298926659,0.212,1938
kallu|bihari|yadav|chanda|raj|sad,2026-09-07,2026-10-07,0.180923827941172,0,8.264597e-05,0,0.0031679157219502,0.212,1939
tera|mera|rishta|continues,2026-09-07,2026-10-07,0.180923827941172,0,0.00014259738,0,0.0058326017835601,0.212,1940
franklin|exploring|abandoned|containers|find|most|expensive|superbikes,2026-09-07,2026-10-07,0.180923827941172,0,8.264597e-05,0,0.0117538029724882,0.212,1941
playing|kamla|shift|midnight|horror|game|scary|monsters,2026-09-07,2026-10-07,0.180923827941172,0,8.264597e-05,0,0.0070885203871299,0.212,1942
wedding|tamil|vishwanath|sons|suriya|mamitha|baiju|prakash,2026-09-07,2026-10-07,0.180923827941172,0,8.264597e-05,0,0.0108938545413571,0.212,1943
more|blocks|realistic|skyblock|minecraft,2026-09-07,2026-10-07,0.180923827941172,0,8.264597e-05,0,0.0062639156819924,0.212,1944
akh|laundi|jasmeen|akhtar|sabba|daddy|beats|punjabi,2026-09-07,2026-10-07,0.180923827941172,0,8.264597e-05,0,0.0044250604678999,0.212,1945
yeno|onthara|chanda|devil|darshan|rachana|rai|prakash,2026-09-07,2026-10-07,0.180923827941172,0,0.00016000726,0,0.0040313778235169,0.212,1946
franklin|celebrate|independence|day|gta,2026-09-07,2026-10-07,0.180923827941172,0,8.264597e-05,0,0.0032428447126737,0.212,1947
first|bgmi|stream|pubg|jonathan,2026-09-07,2026-10-07,0.180923827941172,0,0.00015509044,0,0.0037902571810503,0.212,1948
madras|talkies|title|teaser|mani|ratnam|rahman|vijay,2026-09-07,2026-10-07,0.180923827941172,0,8.264597e-05,0,0.0129046059223937,0.212,1949
granny|khele|shortsfeed|shortslive|chainedtogethergame|shorts|live|wormateio,2026-09-07,2026-10-07,0.180923827941172,0,0.00014259738,0,0.0029371763736362,0.212,1950
indian|bike|driving|shortsfeed|shortslive|shorts|live|gaming,2026-09-07,2026-10-07,0.180923827941172,0,0.00012810613,0,0.008477374657602,0.212,1951
franklin|digging|tunnel|minecraft|world|gta|gtav|mods,2026-09-07,2026-10-07,0.180923827941172,0,0.00017259049,0,0.0049961559273804,0.212,1952
something|under|our|bed|roblox,2026-09-07,2026-10-07,0.180923827941172,0,8.264597e-05,0,0.0034892636283206,0.212,1953
became|most|powerful|superhero|roblox,2026-09-07,2026-10-07,0.180923827941172,0,0.00017259049,0,0.0049961559273804,0.212,1954
mallepoola|pallaki,2026-09-07,2026-10-07,0.180923827941172,0,0.00014259738,0,0.0032165566518105,0.212,1955
vadhalane|chennai|love|story|kiran|abbavaraam|sri|gouri,2026-09-07,2026-10-07,0.180923827941172,0,8.264597e-05,0,0.0113295327578626,0.212,1956
gta|franklin|house|got|raided|green|gang|telugu,2026-09-07,2026-10-07,0.180923827941172,0,9.306008e-05,0,0.0034083376064586,0.212,1957
shinchan|left|franklin|home|got|girlfriend|gta|telugu,2026-09-07,2026-10-07,0.180923827941172,0,8.264597e-05,0,0.0042171931799949,0.212,1958
jayanti|shailesh|narwade|ruturaj|priyadarshini|rohini|payal|sept,2026-09-07,2026-10-07,0.180923827941172,0,8.264597e-05,0,0.0027597197020864,0.212,1959
malayalam|devotional|songs|karkkidaka|vavu|special,2026-09-07,2026-10-07,0.180923827941172,0,0.00017699406,0,0.005400179555628,0.212,1960
extreme|block|camouflage|hide|seek|minecraft,2026-09-07,2026-10-07,0.180923827941172,0,8.264597e-05,0,0.0033933064379503,0.212,1961
rahul|jadeja|srishti|bharti|simran|arya|rakhi|geet,2026-09-07,2026-10-07,0.180923827941172,0,0.00017259049,0,0.0045657445448142,0.212,1962
nights|five|freddy,2026-09-07,2026-10-07,0.180923827941172,0,8.264597e-05,0,0.0031218499914849,0.212,1963
salman|khan|dogs|movie|2026,2026-09-07,2026-10-07,0.180923827941172,0,9.306008e-05,0,0.0035698407011269,0.2119,1964
kisi|aur|gali|music|anmol|daniel|nikki|tamboli,2026-09-07,2026-10-07,0.180923827941172,0,8.264597e-05,0,0.0208170515052883,0.2119,1965
shinchan|witness|fury|become|werewolf|gta|telugu,2026-09-07,2026-10-07,0.180923827941172,0,8.264597e-05,0,0.0020362939111282,0.2119,1966
franklin|became|giant|gta|mods|dhanu|dino,2026-09-07,2026-10-07,0.180923827941172,0,8.264597e-05,0,0.0024836949223647,0.2119,1967
playing|kamla|railway|chai|wala|scary|customers,2026-09-07,2026-10-07,0.180923827941172,0,8.264597e-05,0,0.0049156832936348,0.2119,1968
alpha|tikawar|adopting|scary|entities|minecraft,2026-09-07,2026-10-07,0.180923827941172,0,8.264597e-05,0,0.0050272930559775,0.2119,1969
franklin|found|mysterious|giant|sea|monster|gta|ocean,2026-09-07,2026-10-07,0.180923827941172,0,8.264597e-05,0,0.0036985253669767,0.2119,1970
became|overpowered|king|troll|sister|minecraft,2026-09-07,2026-10-07,0.180923827941172,0,8.264597e-05,0,0.0022035366406482,0.2119,1971
escape|cookie|eater|granny,2026-09-07,2026-10-07,0.180923827941172,0,8.264597e-05,0,0.0344273953165088,0.2119,1972
aayega|maza|barsaat|andaaz|akshay|kumar|priyanka|chopra,2026-09-07,2026-10-07,0.180923827941172,0,0.00012810613,0,0.0505152689250088,0.2119,1973
gta|live|became|lion|eating|everyone|gtalive|gtaonline,2026-09-07,2026-10-07,0.180923827941172,0,0.00014259738,0,0.0421081812731424,0.2119,1974
pal|sawan|chauthe|somvar|katha|vrat,2026-09-07,2026-10-07,0.180923827941172,0,0.000111346235,0,0.0046977897523223,0.2119,1975
maine|tere|bharose|hanuman|ansh|suneel|lodhi|neem,2026-09-07,2026-10-07,0.180923827941172,0,0.00016000726,0,0.0040152207078719,0.2119,1976
gladiator|ajith|kumar,2026-09-07,2026-10-07,0.180923827941172,0,8.264597e-05,0,0.0114866574596023,0.2119,1977
hushar|pittalu|release|vasavi|ganeshan|ansh|bikshu|charan,2026-09-07,2026-10-07,0.180923827941172,0,8.264597e-05,0,0.0138509503135702,0.2119,1978
maa|tujhe|salaam|music|rahman|80th|independence|day,2026-09-07,2026-10-07,0.180923827941172,0,8.264597e-05,0,0.006273109256298,0.2119,1979
mahakali|2026|akshaye|khannna|bhoomi|shetty|prasanth|verma,2026-09-07,2026-10-07,0.180923827941172,0,0.00012810613,0,0.0040579254976901,0.2119,1980
franklin|shinchan|opened|ktm|kawasaki|ninja|bike|showroom,2026-09-07,2026-10-07,0.180923827941172,0,8.264597e-05,0,0.0019589288104456,0.2119,1981
kamla|granny|celebrates|raksha|bandhan|special,2026-09-07,2026-10-07,0.180923827941172,0,8.264597e-05,0,0.0068033638402116,0.2119,1982
pyaar|prema|kalyanam|elan|saanve|megghana|netflix|india,2026-09-07,2026-10-07,0.180923827941172,0,8.264597e-05,0,0.03440219766368,0.2119,1983
minecraft|every|block|spread,2026-09-07,2026-10-07,0.180923827941172,0,8.264597e-05,0,0.0033459290410481,0.2119,1984
vijay|rajput|sunil|sharma|dhingadiya|krishna|bhajan|janmashtami,2026-09-07,2026-10-07,0.180923827941172,0,8.264597e-05,0,0.0182734758774428,0.2119,1985
mana|manena|sad|version|tarang|serial|title,2026-09-07,2026-10-07,0.180923827941172,0,0.00012810613,0,0.0018931655912905,0.2119,1986
2026|hindi|mohabbat|rone|lagi|yash|kriti|sanon,2026-09-07,2026-10-07,0.180923827941172,0,8.264597e-05,0,0.0403543941049757,0.2119,1987
gta|franklin|opening|big|lucky|boxes|telugu,2026-09-07,2026-10-07,0.180923827941172,0,8.264597e-05,0,0.0042340212897772,0.2119,1988
roblox|become|skinny|die,2026-09-07,2026-10-07,0.180923827941172,0,8.264597e-05,0,0.0024567129275654,0.2118,1989
aja|ekadashi|vrat|katha|pal|2026,2026-09-07,2026-10-07,0.180923827941172,0,8.264597e-05,0,0.0037602776567502,0.2118,1990
survived|siren|head|minecraft,2026-09-07,2026-10-07,0.180923827941172,0,8.264597e-05,0,0.0023284396943403,0.2118,1991
mera|rang|basanti|chola|23rd|march1931shaheed|deshbhakti,2026-09-07,2026-10-07,0.180923827941172,0,8.264597e-05,0,0.0283354773438164,0.2118,1992
sahaa|life|sanju|telugu|movie|2026|shiva|kumar,2026-09-07,2026-10-07,0.180923827941172,0,8.264597e-05,0,0.012816183546993,0.2118,1993
hindi|bgms|season|league|week2|day|bgmi|live,2026-09-07,2026-10-07,0.180923827941172,0,0.0001646539,0,0.0040038847561175,0.2118,1994
minecraft|damage|more|realistic,2026-09-07,2026-10-07,0.180923827941172,0,8.264597e-05,0,0.0131085949518726,0.2118,1995
mitti|baway|teaser|wahaj|ali|coming|soon|only,2026-09-07,2026-10-07,0.180923827941172,0,0.00012810613,0,0.0037602776567502,0.2118,1996
garbe|haal|geeta|rabari|roopal|shah|gujarati|garba,2026-09-07,2026-10-07,0.180923827941172,0,0.00012810613,0,0.0036445448903987,0.2118,1997
strawberry|fun|challenge,2026-09-07,2026-10-07,0.180923827941172,0,0.00018260063,0,0.0552927933322925,0.2118,1998
found|rarest|item|roblox|dig|clean,2026-09-07,2026-10-07,0.180923827941172,0,8.264597e-05,0,0.0022626136294632,0.2118,1999
ramba|oorvasi|menaka|title|lyrical|allari|naresh|raashi,2026-09-07,2026-10-07,0.180923827941172,0,8.264597e-05,0,0.0117458356940853,0.2118,2000
ajith|kumar|gladiator|racing|premier|tamil,2026-09-07,2026-10-07,0.180923827941172,0,0.00014259738,0,0.0113757964601404,0.2118,2001
punjabi|songs|2026|gall|tiger|gill|raunta|guri,2026-09-07,2026-10-07,0.180923827941172,0,8.264597e-05,0,0.0322920100371199,0.2118,2002
janmashtami|badhai|raj|pareek|krishna|special|bhajan|2026,2026-09-07,2026-10-07,0.180923827941172,0,8.264597e-05,0,0.0115486945537144,0.2118,2003
made|house|inside|iron|golem|head|minecraft,2026-09-07,2026-10-07,0.180923827941172,0,8.264597e-05,0,0.0055836704586388,0.2118,2004
franklin|turns|his|house|into|secret|military|base,2026-09-07,2026-10-07,0.180923827941172,0,8.264597e-05,0,0.0127984041048278,0.2118,2005
shrabon|best|rabindra|sangeet|collection|top|tagore|songs,2026-09-07,2026-10-07,0.180923827941172,0,0.00015051932,0,0.0045074051094451,0.2118,2006
bethlehem|kudumba|unit|telugu|girish|nivin|pauly|mamitha,2026-09-07,2026-10-07,0.180923827941172,0,8.264597e-05,0,0.0259621042524891,0.2118,2007
shivam|shastri,2026-09-07,2026-10-07,0.180923827941172,0,8.264597e-05,0,0.0029501371460363,0.2118,2008
jeevan|bheema|yojana|lookalike|plan|mess|september|2026,2026-09-07,2026-10-07,0.180923827941172,0,8.264597e-05,0,0.0128590068893416,0.2118,2009
ali|lyrical|emraan|hashmi|kangana|zubeen|garg|pritam,2026-09-07,2026-10-07,0.180923827941172,0,8.264597e-05,0,0.0115976932357335,0.2118,2010
3tali|garba|mix|djmahendravaghela|dashama|aarti|2026,2026-09-07,2026-10-07,0.180923827941172,0,0.00012810613,0,0.0034837538485282,0.2118,2011
frankin|opens|superbike|showroom|gta|shinchan|chop,2026-09-07,2026-10-07,0.180923827941172,0,8.264597e-05,0,0.0069664916064807,0.2118,2012
aaj|kehna|zaroori|hai|andaaz|akshay|kumar|lara,2026-09-07,2026-10-07,0.180923827941172,0,0.00012810613,0,0.0503217655118264,0.2118,2013
franklin|shinchan|found|doraemon|gta,2026-09-07,2026-10-07,0.180923827941172,0,8.264597e-05,0,0.002879669760293,0.2118,2014
become|strongest|monkey|brainrtos|roblox,2026-09-07,2026-10-07,0.180923827941172,0,8.264597e-05,0,0.0033127229116375,0.2117,2015
dheere|meri|zindagi|mehar|vaani|honey|singh|hrithik,2026-09-07,2026-10-07,0.180923827941172,0,8.264597e-05,0,0.0324138996848385,0.2117,2016
gta|live|shorts|gta5|gaming,2026-09-07,2026-10-07,0.180923827941172,0,0.00012810613,0,0.051031456588474,0.2117,2017
pradeshi|piya|yadav|panchayati|hui|bhojpuri|gana,2026-09-07,2026-10-07,0.180923827941172,0,8.264597e-05,0,0.0047384373092522,0.2117,2018
ways|steal|treasure|popular|scary|entities|security|houses,2026-09-07,2026-10-07,0.180923827941172,0,8.264597e-05,0,0.0069269611360741,0.2117,2019
kamla|granny|celebrates|krishna|janmashtami|special,2026-09-07,2026-10-07,0.180923827941172,0,8.264597e-05,0,0.0131095282823296,0.2117,2020
putrada|ekadashi|aarti|vrat,2026-09-07,2026-10-07,0.180923827941172,0,0.00017259049,0,0.0045957824554079,0.2117,2021
ram|lakhan|masoom|sharma|rohit|lamba|lakshay|kaushik,2026-09-07,2026-10-07,0.180923827941172,0,8.264597e-05,0,0.0083235755090729,0.2117,2022
sunil|sharma|dhingadiya|vijay|rajput|shiv|bhajan|sawan,2026-09-07,2026-10-07,0.180923827941172,0,8.264597e-05,0,0.0033920033665705,0.2117,2023
chambal|ghati|deep|lather|monika|mishra|jyoti|haryanvi,2026-09-07,2026-10-07,0.180923827941172,0,8.264597e-05,0,0.0018658237469114,0.2117,2024
franklin|shinchan|found|abandoned|kawasaki|showroom|gta|dhanu,2026-09-07,2026-10-07,0.180923827941172,0,8.264597e-05,0,0.003385095971581,0.2117,2025
doorbin|challenges|rivals|roblox,2026-09-07,2026-10-07,0.180923827941172,0,8.264597e-05,0,0.0070055765286467,0.2117,2026
kurmaavatar|teaser|telugu|shivaraj|kumar|varalaxmi|sarathkumar|raj,2026-09-07,2026-10-07,0.180923827941172,0,8.264597e-05,0,0.0129774650783047,0.2117,2027
franklin|survived|100|days|zombie|apocalypse|gta,2026-09-07,2026-10-07,0.180923827941172,0,8.264597e-05,0,0.002219701558469,0.2117,2028
ghamasaan|arshad|warsi|pratik|gandhi|hindi|zee|original,2026-09-07,2026-10-07,0.180923827941172,0,8.264597e-05,0,0.0063022136686863,0.2117,2029
shiv|panchakshar|stotra|nagendraharaya|trilochanaya|live|performance|harish,2026-09-07,2026-10-07,0.180923827941172,0,8.264597e-05,0,0.0033862407352097,0.2117,2030
shri|krishna|katha|pal|janmashtami,2026-09-07,2026-10-07,0.180923827941172,0,0.00012810613,0,0.0041040843602791,0.2117,2031
namminchi|chesava|mosam|chennai|love|story|kiran|sri,2026-09-07,2026-10-07,0.180923827941172,0,9.306008e-05,0,0.003120625331931,0.2117,2032
stealing|rare|100000|egg|rex|roblox,2026-09-07,2026-10-07,0.180923827941172,0,8.264597e-05,0,0.0031627820328552,0.2117,2033
raushan|rohi|srishti|bharti|maghi|rakshabandhan,2026-09-07,2026-10-07,0.180923827941172,0,8.264597e-05,0,0.0117929679548623,0.2117,2034
barry|zombie|prison|run|roblox|obby,2026-09-07,2026-10-07,0.180923827941172,0,9.7106335e-05,0,0.004444819814521,0.2117,2035
ind|1st|t20|match|gameplay|sanju|samson|vaibhav,2026-09-07,2026-10-07,0.180923827941172,0,9.306008e-05,0,0.0041040843602791,0.2117,2036
kitna|pyara|tujhe|rabne|banaya|raja|hindustani|aamir,2026-09-07,2026-10-07,0.180923827941172,0,0.00012810613,0,0.0029691407113617,0.2116,2037
cleaning|leaf|making|millions|roblox,2026-09-07,2026-10-07,0.180923827941172,0,8.264597e-05,0,0.002937796824063,0.2116,2038
shinchan|banaya|giant|swimming|pool|indian|theft|auto,2026-09-07,2026-10-07,0.180923827941172,0,0.00012810613,0,0.0028179840044252,0.2116,2039
franklin|found|every|lost|police|car|gta|telugu,2026-09-07,2026-10-07,0.180923827941172,0,9.306008e-05,0,0.0031941067587993,0.2116,2040
trapped|beast|survival|island|roblox,2026-09-07,2026-10-07,0.180923827941172,0,8.264597e-05,0,0.0031627820328552,0.2116,2041
konji|promo|raja|playlist,2026-09-07,2026-10-07,0.180923827941172,0,8.264597e-05,0,0.002937796824063,0.2116,2042
toxic|rocking|star|yash|kira|adwani|fairy|tale,2026-09-07,2026-10-07,0.180923827941172,0,8.264597e-05,0,0.0386869469795867,0.2116,2043
toxic|tamil|launch|rukmini|vasanth|sstv,2026-09-07,2026-10-07,0.180923827941172,0,0.00017259049,0,0.003383995123439,0.2116,2044
lava|house|battle|challenge|minecraft,2026-09-07,2026-10-07,0.180923827941172,0,8.264597e-05,0,0.0072023685441337,0.2116,2045
can|escape|horror|hospital|roblox,2026-09-07,2026-10-07,0.180923827941172,0,8.264597e-05,0,0.0034848643597376,0.2116,2046
gta|live|mrrajaplay|shortslive|shortsfeed|gta5|gtaonline,2026-09-07,2026-10-07,0.180923827941172,0,0.000203255,0,0.0517066383329096,0.2116,2047
hardest|granny|escape|together|challenge|ever,2026-09-07,2026-10-07,0.180923827941172,0,0.00014259738,0,0.0329119627357353,0.2116,2048
gta|franklin|finally|got|married|bangla|gameplay,2026-09-07,2026-10-07,0.180923827941172,0,8.264597e-05,0,0.0026207318388736,0.2116,2049
mallepoola|pallaki|audio|irumudi|ravi|teja|prakash|dappu,2026-09-07,2026-10-07,0.180923827941172,0,9.306008e-05,0,0.0025254283680642,0.2116,2050
thalapathy|vijay|latest|jana|nayagan|chella|magale|vinoth,2026-09-07,2026-10-07,0.180923827941172,0,8.264597e-05,0,0.0107806236539549,0.2116,2051
kalyani|aasa|kooda|majboor|trending|shreya|ghoshal|aesthetic,2026-09-07,2026-10-07,0.180923827941172,0,8.264597e-05,0,0.006409354034222,0.2116,2052
dashama|special|songs|2026|jukebox,2026-09-07,2026-10-07,0.180923827941172,0,0.00012810613,0,0.0022494753271494,0.2116,2053
lakshmi|panchali|lyrical|lokkhi|pujor|gaan|pousali|banerjee,2026-09-07,2026-10-07,0.180923827941172,0,0.00017259049,0,0.0033678649150138,0.2116,2054
rukmini|vasanth|toxic|yash|nayana|sstv,2026-09-07,2026-10-07,0.180923827941172,0,8.264597e-05,0,0.0025487376024898,0.2116,2055
dig|escape|monkey|zoo|roblox,2026-09-07,2026-10-07,0.180923827941172,0,8.264597e-05,0,0.0021621382767169,0.2115,2056
piya|riteish|deshmukh|genelia|souza|atif|aslam|shreya,2026-09-07,2026-10-07,0.180923827941172,0,0.00012810613,0,0.0066654440191788,0.2115,2057
kinjal|dave|non|stop|dashama|garba|gujarati|superhit,2026-09-07,2026-10-07,0.180923827941172,0,0.00017259049,0,0.003383995123439,0.2115,2058
shinchan|became|giant|attacked|franklin|gta5,2026-09-07,2026-10-07,0.180923827941172,0,0.00012810613,0,0.0028777177118239,0.2115,2059
shinchan|fury|faced|ice|cream|monster|gta|telugu,2026-09-07,2026-10-07,0.180923827941172,0,8.264597e-05,0,0.0032173784336749,0.2115,2060
aavagaman|hanuman|ansh|sadhu|tiwari|shobhinaw|har|mahadev,2026-09-07,2026-10-07,0.180923827941172,0,8.264597e-05,0,0.0026830760075736,0.2115,2061
franklin|house|mafia|headquarters|gta|dhanu|dino|shin,2026-09-07,2026-10-07,0.180923827941172,0,8.264597e-05,0,0.0007850931522986,0.2115,2062
stinky|roblox,2026-09-07,2026-10-07,0.180923827941172,0,8.264597e-05,0,0.0012157181173664,0.2115,2063
franklin|builds|underground|tunnel|escape|monsters|gta|shinchan,2026-09-07,2026-10-07,0.180923827941172,0,8.264597e-05,0,0.0116493970781756,0.2115,2064
chop|became|giant|attacked|shinchan|gta5,2026-09-07,2026-10-07,0.180923827941172,0,0.00012810613,0,0.0028777177118239,0.2115,2065
why|ate|mikey|entire|world,2026-09-07,2026-10-07,0.180923827941172,0,8.264597e-05,0,0.0217420425975869,0.2115,2066
escaping|dinosaur|dusty|trip|roblox,2026-09-07,2026-10-07,0.180923827941172,0,8.264597e-05,0,0.0026285470319886,0.2115,2067
dashama|thal|garba|arvind|barot|bhavna|rana|studio,2026-09-07,2026-10-07,0.180923827941172,0,0.00017259049,0,0.003383995123439,0.2115,2068
cream|gurlez|akhtar|gulab|sidhu|punjabi|songs|2026,2026-09-07,2026-10-07,0.180923827941172,0,0.00013932977,0,0.002835142565076,0.2115,2069
doorbin|got|trapped|haunted|graveyard,2026-09-07,2026-10-07,0.180923827941172,0,8.264597e-05,0,0.0026435510375762,0.2115,2070
scary|living|house|rich|village|minecraft,2026-09-07,2026-10-07,0.180923827941172,0,8.264597e-05,0,0.0037339028042735,0.2115,2071
become|spiderman|troll|friends|roblox,2026-09-07,2026-10-07,0.180923827941172,0,8.264597e-05,0,0.0024897264099894,0.2115,2072
minecraft|every|drop|avaritia|hunter,2026-09-07,2026-10-07,0.180923827941172,0,8.264597e-05,0,0.0039292864319395,0.2115,2073
hathi|ghoda|palki|jai|kanhaiya|lal|nonstop|janmashtami,2026-09-07,2026-10-07,0.180923827941172,0,0.00013932977,0,0.002835142565076,0.2115,2074
avinash|pandey|bajarangi|vishal|raj|rakshabandhan|2026,2026-09-07,2026-10-07,0.180923827941172,0,8.264597e-05,0,0.001028958402799,0.2115,2075
bgmi|masters|series|live|grand|finals|champion,2026-09-07,2026-10-07,0.180923827941172,0,0.00012810613,0,0.0028597804805589,0.2115,2076
dial|1975|starring|kay|menon|kirti|kulhari|pravessh,2026-09-07,2026-10-07,0.180923827941172,0,8.264597e-05,0,0.001028958402799,0.2115,2077
gladiators|ajith|movie|tamil|live|dare|devil|thala,2026-09-07,2026-10-07,0.180923827941172,0,0.00013137485,0,0.0012056223970428,0.2114,2078
minecraft|you|can|equip|anything,2026-09-07,2026-10-07,0.180923827941172,0,8.264597e-05,0,0.0046922490584119,0.2114,2079
gladiators|ajith|kumar|prakash|theater|response|reaction,2026-09-07,2026-10-07,0.180923827941172,0,0.00012810613,0,0.0017151088271144,0.2114,2080
kajal|maheriya|latest|trending|dashama|2026|payaldigital,2026-09-07,2026-10-07,0.180923827941172,0,0.00012810613,0,0.0007415968746083,0.2114,2081
franklin|tried|smallest|biggest|waterslide|gta,2026-09-07,2026-10-07,0.180923827941172,0,8.264597e-05,0,0.0030780776542875,0.2114,2082
franklin|survives|biggest|flood|los|santos|saves|his,2026-09-07,2026-10-07,0.180923827941172,0,8.264597e-05,0,0.0011144109226126,0.2114,2083
mikey|choose|right|hole|minecraft,2026-09-07,2026-10-07,0.180923827941172,0,8.264597e-05,0,0.0145664961081811,0.2114,2084
toxic|launch|danish|sait|shiva|rajkumar|filmyfirst|kannada,2026-09-07,2026-10-07,0.180923827941172,0,0.00012810613,0,0.0024335546917229,0.2114,2085
dashama|thal|popular|lyrical,2026-09-07,2026-10-07,0.180923827941172,0,0.00013932977,0,0.0026949918082331,0.2114,2086
gta|live|mrrajaplay|shortslive|shortsfeed|gta5|gtagaming|livegameplay,2026-09-07,2026-10-07,0.180923827941172,0,0.00018725956,0,0.0463671564332035,0.2114,2087
august|tapasya|singh|desh|bhakti,2026-09-07,2026-10-07,0.180923827941172,0,8.264597e-05,0,0.0015721316048231,0.2114,2088
dig|tunnel|escape|jail|friends,2026-09-07,2026-10-07,0.180923827941172,0,8.264597e-05,0,0.0050839483828352,0.2114,2089
choo|chalres|finaly|revenge|save|chotu|dhannoisfire,2026-09-07,2026-10-07,0.180923827941172,0,0.00012810613,0,0.0007850931522986,0.2114,2090
facecam|csr|push|region|999|300k|suu,2026-09-07,2026-10-07,0.180923827941172,0,0.00013137485,0,0.0016939780301503,0.2114,2091
vande|mataram|swadhinata|dibas|august|ujjal|dance|group,2026-09-07,2026-10-07,0.180923827941172,0,0.00013932977,0,0.0026788902369086,0.2114,2092
krishna|bhakti|2026,2026-09-07,2026-10-07,0.180923827941172,0,0.00013932977,0,0.0032797663248866,0.2114,2093
most|chaotic|road|trip|roblox,2026-09-07,2026-10-07,0.180923827941172,0,8.264597e-05,0,0.0035772881056892,0.2114,2094
bought|tiger|then|upgraded|him|000|god|gta,2026-09-07,2026-10-07,0.180923827941172,0,8.264597e-05,0,0.0005641302410522,0.2113,2095
halo|jova|jaiae|shivjini|jaan|aavi|gujarati|devotional,2026-09-07,2026-10-07,0.180923827941172,0,0.0001921128,0,0.0064279783872361,0.2113,2096
kamla|made|grandpa|granny|legacy|mad|shocked,2026-09-07,2026-10-07,0.180923827941172,0,8.264597e-05,0,0.0014163885090275,0.2113,2097
janmashtami|2026|nand|anand|bhayo|jai|kanhaiya|lal,2026-09-07,2026-10-07,0.180923827941172,0,0.00012810613,0,0.0015820005274811,0.2113,2098
bhai|tate|mora|rahila|rana|voice|over|rakhi,2026-09-07,2026-10-07,0.180923827941172,0,0.00017699406,0,0.0044343126858708,0.2113,2099
made|scanner|find|evil|villager,2026-09-07,2026-10-07,0.180923827941172,0,8.264597e-05,0,0.006052053764463,0.2113,2100
franklin|build|secret|underground|tunnel|escape|zombie|monsters,2026-09-07,2026-10-07,0.180923827941172,0,9.306008e-05,0,0.0017456760362446,0.2113,2101
2026|sree|krishna|jayanthi|songs|malayalam|ashtami|rohini,2026-09-07,2026-10-07,0.180923827941172,0,0.00017259049,0,0.0034609627335388,0.2113,2102
2026|manush|janam|anmol|bhajan|nirgun,2026-09-07,2026-10-07,0.180923827941172,0,0.00013932977,0,0.0023089423564965,0.2113,2103
gta|franklin|shinchan|found|secret|elemental|suits|gta5,2026-09-07,2026-10-07,0.180923827941172,0,0.00012810613,0,0.0032223834747334,0.2113,2104
vijay|rajput|sunil|sharma|khatu|shyam|bhajan|2026,2026-09-07,2026-10-07,0.180923827941172,0,0.00017259049,0,0.0043771228766976,0.2113,2105
sanjay|mittal|kamika|ekadashi|special|khatu|shyam|bhajan,2026-09-07,2026-10-07,0.180923827941172,0,0.00017259049,0,0.0032855717927877,0.2113,2106
kajal|maheriya|char|dhamani|dashamani|aarti|lyrical,2026-09-07,2026-10-07,0.180923827941172,0,0.00012810613,0,0.002997878784563,0.2113,2107
banjaara|emraan|hashmi|disha|patani|heartbreaking|sad|2026,2026-09-07,2026-10-07,0.180923827941172,0,8.264597e-05,0,0.0240617243547867,0.2113,2108
jignesh|barot|dashamaa|aaya|vrat|dada|lyrical|ektasound,2026-09-07,2026-10-07,0.180923827941172,0,0.00013932977,0,0.0023250285510082,0.2113,2109
jivantika|maa|vrat|aarti|thal|stuti|vandana,2026-09-07,2026-10-07,0.180923827941172,0,0.00017259049,0,0.003771784460708,0.2113,2110
valamanu|dashamaa|varamanu|jignesh|barot|tejal|thakor|ektasound,2026-09-07,2026-10-07,0.180923827941172,0,0.00012810613,0,0.0014384634850583,0.2113,2111
noob|pro|bodybuilder|muscle|legends,2026-09-07,2026-10-07,0.180923827941172,0,8.264597e-05,0,0.0038632174897728,0.2113,2112
evolving|into|max|level|dino|roblox,2026-09-07,2026-10-07,0.180923827941172,0,8.264597e-05,0,0.0019193522913768,0.2113,2113
poor|rich|life|cycle|evolution|minecraft,2026-09-07,2026-10-07,0.180923827941172,0,8.264597e-05,0,0.0007850931522986,0.2113,2114
hotstar|specials|hunkkaar|roar|teaser|25th|september|jiohotstar,2026-09-07,2026-10-07,0.180923827941172,0,8.264597e-05,0,0.0124586511127632,0.2113,2115
stealing|biggest|gorilla|eggs|steal|egg,2026-09-07,2026-10-07,0.180923827941172,0,8.264597e-05,0,0.0039976582896345,0.2113,2116
dharmadurai|aandipatti|lyrical|vijay|sethupathi|aishwarya|rajesh|yuvan,2026-09-07,2026-10-07,0.180923827941172,0,0.00017259049,0,0.003771784460708,0.2113,2117
franklin|became|giant|stop|king|kong|gta|malayalam,2026-09-07,2026-10-07,0.180923827941172,0,9.7106335e-05,0,0.0037245370113575,0.2113,2118
playing|barrys|prison|run|ghunchu|gamer,2026-09-07,2026-10-07,0.180923827941172,0,8.264597e-05,0,0.0036315530343806,0.2113,2119
amit|ashik|srishti|bharti|rakshabandhan|2026,2026-09-07,2026-10-07,0.180923827941172,0,0.00017259049,0,0.0027870620837491,0.2113,2120
minecraft|can|inside|scary|entiites|inventory,2026-09-07,2026-10-07,0.180923827941172,0,8.264597e-05,0,0.0068880671241741,0.2112,2121
dashamaa|aarti|2026|nidhi|khara|kirtan,2026-09-07,2026-10-07,0.180923827941172,0,0.00017259049,0,0.0042795956074008,0.2112,2122
kamla|horror|escape,2026-09-07,2026-10-07,0.180923827941172,0,8.264597e-05,0,0.0047404687457608,0.2112,2123
mann|sundar|aug|2026|1689|kahan|par|aayi,2026-09-07,2026-10-07,0.180923827941172,0,0.00012810613,0,0.0040644286563549,0.2112,2124
haiwaan|akshay|kumar|saif|ali|khan|priyadarshan|kvn,2026-09-07,2026-10-07,0.180923827941172,0,0.00012810613,0,0.0022878599926358,0.2112,2125
maremma|maadhav|bhupathiraju|deepa|balu|manchala|nagaraj|moksha,2026-09-07,2026-10-07,0.180923827941172,0,8.264597e-05,0,0.0139278074269382,0.2112,2126
dashama|thal|2026|hete|dharu|tame|jamjo,2026-09-07,2026-10-07,0.180923827941172,0,0.00012810613,0,0.0028473525397559,0.2112,2127
saving|all|famous|ben|aliens|scary|entities|minecraft,2026-09-07,2026-10-07,0.180923827941172,0,8.264597e-05,0,0.0019816763163259,0.2112,2128
toh|phir|aao|dobara|awarapan|emraan|hashmi|movie,2026-09-07,2026-10-07,0.180923827941172,0,8.264597e-05,0,0.0125443243410594,0.2112,2129
toh|phir|aao|dobara|emrose|flip|awarapan|emraan,2026-09-07,2026-10-07,0.180923827941172,0,8.264597e-05,0,0.0162182493227895,0.2112,2130
franklin|shinchan|playing|spiderman|hide|seek|gta,2026-09-07,2026-10-07,0.180923827941172,0,0.00012810613,0,0.0005369806788564,0.2112,2131
nenjinile|uyire|shah|rukh|khan|hits|preity|zinta,2026-09-07,2026-10-07,0.180923827941172,0,0.00012810613,0,0.0018350919539446,0.2112,2132
sai|baba|folk|songs|telugu|thursday|special,2026-09-07,2026-10-07,0.180923827941172,0,0.00017259049,0,0.0054854178351401,0.2112,2133
ottam|thullal|teaser|vishnu|unnikrishnan|harisree|ashokan|marthandan,2026-09-07,2026-10-07,0.180923827941172,0,8.264597e-05,0,0.0036736601770998,0.2112,2134
last|man|tower|manoj|bajpayee|divya|dutta|boman,2026-09-07,2026-10-07,0.180923827941172,0,8.264597e-05,0,0.0107304789696831,0.2112,2135
vande|mataram|disney|abcd|varun|dhawan|shraddha|kapoor,2026-09-07,2026-10-07,0.180923827941172,0,8.264597e-05,0,0.0030701649684104,0.2112,2136
mad|granny|celebrates|teacher|day|scary|evil|nun,2026-09-07,2026-10-07,0.180923827941172,0,8.264597e-05,0,0.002765888492124,0.2112,2137
franklin|become|venom|trying|save|shinchan|chop|granny,2026-09-07,2026-10-07,0.180923827941172,0,0.00017259049,0,0.0050590756960376,0.2112,2138
bol|bam|2026|kawad|bholenath,2026-09-07,2026-10-07,0.180923827941172,0,0.00012810613,0,0.0023447427090717,0.2112,2139
lakh|divadani|dashamani|aarti|jaimini|limbachiya|lyrical,2026-09-07,2026-10-07,0.180923827941172,0,0.00017259049,0,0.0038288852935094,0.2112,2140
franklin|became|giant|gta|shinchan|tried|save,2026-09-07,2026-10-07,0.180923827941172,0,8.264597e-05,0,0.0019580782181488,0.2112,2141
robbing|bank|dusty|trip|roblox,2026-09-07,2026-10-07,0.180923827941172,0,8.264597e-05,0,0.0015501297608464,0.2112,2142
aap|pyaar|mein|hum|savarne|lage|raaz|dino,2026-09-07,2026-10-07,0.180923827941172,0,0.00012810613,0,0.0346008404464072,0.2112,2143
khesari|lal|yadav|mal|gota|gail|bhojpuri|2026,2026-09-07,2026-10-07,0.180923827941172,0,0.00012810613,0,0.0007670103152924,0.2112,2144
dasha|maa|aarti|2026|hiralba|rajput,2026-09-07,2026-10-07,0.180923827941172,0,0.0001646539,0,0.0032955300847369,0.2112,2145
hanuman|chalisa|lyrics|sachet|tandon|bharat|goel|bhushan,2026-09-07,2026-10-07,0.180923827941172,0,8.264597e-05,0,0.0011795055677222,0.2112,2146
senthoora|paandi|vijayakanth|vijay|deva|chandrasekhar,2026-09-07,2026-10-07,0.180923827941172,0,0.00013932977,0,0.0040861968442939,0.2112,2147
map|pmwc|ewc|group|stage|pubg|mobile|world,2026-09-07,2026-10-07,0.180923827941172,0,0.00012810613,0,0.0011046565115966,0.2112,2148
maine|tere|bharose|hanuman|hansraj|railhan|ansh|neem,2026-09-07,2026-10-07,0.180923827941172,0,9.306008e-05,0,0.0019802164281954,0.2112,2149
mulaqat|barbaad|mashup|ameet|arijit|singh|jubin|nautiyal,2026-09-07,2026-10-07,0.180923827941172,0,0.00018260063,0,0.0422809868603963,0.2112,2150
iragai|poley|naan|mahaan|alla|karthi|kajal|aggarwal,2026-09-07,2026-10-07,0.180923827941172,0,8.264597e-05,0,0.000261676485423,0.2112,2151
mad|granny|scary|worm|tower|roblox,2026-09-07,2026-10-07,0.180923827941172,0,8.264597e-05,0,0.0040088693819614,0.2112,2152
ind|aus|1st|t20|match|gameplay,2026-09-07,2026-10-07,0.180923827941172,0,0.00012810613,0,0.0040861968442939,0.2112,2153
paradise|nani|srikanth|odela|anirudh,2026-09-07,2026-10-07,0.180923827941172,0,0.00014259738,0,0.0022976899697744,0.2112,2154
90s|hits|hindi|songs|bollywood|evergreen|purane|gane,2026-09-07,2026-10-07,0.180923827941172,0,8.264597e-05,0,0.0356429174801713,0.2112,2155
jawar|chole|geche|sumi|pal|emotional|bangla|sad,2026-09-07,2026-10-07,0.180923827941172,0,8.264597e-05,0,0.000261676485423,0.2112,2156
dharma|bhumi|ama|bharata|independce|day|special|pradnya,2026-09-07,2026-10-07,0.180923827941172,0,8.264597e-05,0,0.0011702855997854,0.2112,2157
bgmi|masters|series|day|live|biggest|esports|action,2026-09-07,2026-10-07,0.180923827941172,0,0.00012810613,0,0.0010476463030446,0.2112,2158
2026|hindi|meri|sajaa|bana|yash|tamannaah|bhatia,2026-09-07,2026-10-07,0.180923827941172,0,8.264597e-05,0,0.0350244791483486,0.2112,2159
dashama|halya|chhodi|sath|kamlesh|barot|valamanu|2026,2026-09-07,2026-10-07,0.180923827941172,0,0.00012810613,0,0.0003724845290282,0.2112,2160
dashama|dhame|laito|bale|jignesh|barot|tejal|thakor,2026-09-07,2026-10-07,0.180923827941172,0,0.00012810613,0,0.0021920602987259,0.2112,2161
mila|kyu|tha|aarzoo|khaan|emotional|hindi|sad,2026-09-07,2026-10-07,0.180923827941172,0,8.264597e-05,0,0.0210418114272124,0.2112,2162
amit|ashik|srishti|bharti|raksha|bandhan|2026,2026-09-07,2026-10-07,0.180923827941172,0,9.306008e-05,0,0.0010697001977307,0.2112,2163
giant|footprint|franklin|house|gta|telugu,2026-09-07,2026-10-07,0.180923827941172,0,0.00012810613,0,0.0045322559322697,0.2112,2164
jailer|superstar|rajinikanth|sun|pictures|nelson|anirudh,2026-09-07,2026-10-07,0.180923827941172,0,0.00012810613,0,0.0041023569100484,0.2112,2165
lakshmi|baramma|devi|songs|kannada|sravanam|masam,2026-09-07,2026-10-07,0.180923827941172,0,0.00017699406,0,0.0066664110987376,0.2111,2166
vishal|hapor|nag|panchami|special|gujarati|popular|2026,2026-09-07,2026-10-07,0.180923827941172,0,0.00017259049,0,0.0042795956074008,0.2111,2167
toh|phir|aao|awarapan|emraan|hashmi|disha|patani,2026-09-07,2026-10-07,0.180923827941172,0,8.264597e-05,0,0.0162398961777122,0.2111,2168
top|janmashtami|bhajan|jai|kanhaiya|lal|latest|krishan,2026-09-07,2026-10-07,0.180923827941172,0,8.264597e-05,0,0.0020149447292213,0.2111,2169
kajal|maheriya|non|stop|dashama|garba|superhit|gujarati,2026-09-07,2026-10-07,0.180923827941172,0,0.00012810613,0,0.0033666823394695,0.2111,2170
asle|nal|aashqi|kulshan|sandhu|gurlez|akhtar|punjabi,2026-09-07,2026-10-07,0.180923827941172,0,0.00012810613,0,0.0023187379595932,0.2111,2171
yaad|aaye|aisa|koi|din|nahi|lyrical|himesh,2026-09-07,2026-10-07,0.180923827941172,0,0.00012810613,0,0.0023187379595932,0.2111,2172
sadi|motiya|bolbam|bhai|shrishti|bharti|magahi|2026,2026-09-07,2026-10-07,0.180923827941172,0,8.264597e-05,0,0.0018752531413731,0.2111,2173
pal|janmashtami|katha|krishan,2026-09-07,2026-10-07,0.180923827941172,0,8.264597e-05,0,0.0015014146334508,0.2111,2174
special|janmashtami|popular|krishna|bhajan,2026-09-07,2026-10-07,0.180923827941172,0,8.264597e-05,0,0.0084997735220103,0.2111,2175
roblox|can|strech|arms,2026-09-07,2026-10-07,0.180923827941172,0,8.264597e-05,0,0.0011702855997854,0.2111,2176
2026|total|solar|eclipse|nasa,2026-09-07,2026-10-07,0.180923827941172,0,0.00014259738,0,0.0093892010211356,0.2111,2177
shiv|swarnamala|stuti|live|performance|harish|sagane|religious,2026-09-07,2026-10-07,0.180923827941172,0,8.264597e-05,0,0.0047404687457608,0.2111,2178
sree|krishna|jayanthi|songs|malayalam|ashtami|rohini,2026-09-07,2026-10-07,0.180923827941172,0,0.00017259049,0,0.0033260837910794,0.2111,2179
live|shiva|sahasranama|stotram|shivasahasranama,2026-09-07,2026-10-07,0.180923827941172,0,0.00017259049,0,0.0039468813055227,0.2111,2180
2026|tuntun|yadav|krishna|janmashtami|jukebox,2026-09-07,2026-10-07,0.180923827941172,0,8.264597e-05,0,0.0021463204842812,0.2111,2181
innu|yaka|baralilavva|audio|hubballi|kichcha|sudeepa|rakshita,2026-09-07,2026-10-07,0.180923827941172,0,0.0001921128,0,0.0039468813055227,0.2111,2182
playing|trees|hate|you,2026-09-07,2026-10-07,0.180923827941172,0,8.264597e-05,0,0.0035533987496484,0.2111,2183
heropanti|rabba|mohit|chauhan|tiger|shroff|kriti|sanon,2026-09-07,2026-10-07,0.180923827941172,0,8.264597e-05,0,0.0027284598612344,0.2111,2184
aasai|varame|anbil|avan|ashok|selvan|preity|mukhundhan,2026-09-07,2026-10-07,0.180923827941172,0,8.264597e-05,0,0.0175281141310333,0.2111,2185
aankhon|tune|lyrical|bhai|tera|star|hai|raghav,2026-09-07,2026-10-07,0.180923827941172,0,0.00012810613,0,0.0036869189359279,0.2111,2186
august|2026|independence|day|desh|bhakti,2026-09-07,2026-10-07,0.180923827941172,0,0.00012810613,0,0.0038946666459437,0.2111,2187
choo|charles|egg|collection|mission,2026-09-07,2026-10-07,0.180923827941172,0,8.264597e-05,0,0.0065829345951502,0.2111,2188
narak|jai|randhhawa|shehnaaz|gill|ishqnama|arvvindr|khaira,2026-09-07,2026-10-07,0.180923827941172,0,8.264597e-05,0,0.0037711410046526,0.2111,2189
chuttu|muttu|hyderabad|telangana|folk|hit|2026|bonalu,2026-09-07,2026-10-07,0.180923827941172,0,0.00013932977,0,0.0041023569100484,0.2111,2190
pal|shri|satyanarayan|katha,2026-09-07,2026-10-07,0.180923827941172,0,0.00017259049,0,0.00426342817506,0.2111,2191
shivaya|bhakti|patalutelugu|monday|special|shiva|folk|songs,2026-09-07,2026-10-07,0.180923827941172,0,0.00017699406,0,0.0066664110987376,0.2111,2192
chained|together|starblade|can|escape,2026-09-07,2026-10-07,0.180923827941172,0,0.00014259738,0,0.027653736589558,0.2111,2193
fauji|prabhas|hanu|raghavapudi|movie|2026|fmt,2026-09-07,2026-10-07,0.180923827941172,0,8.264597e-05,0,0.0037711410046526,0.2111,2194
franklin|became|giant|attacked|shinchan|gta5,2026-09-07,2026-10-07,0.180923827941172,0,0.00012810613,0,0.0019385347318269,0.211,2195
ansh|alka|yagnik|kumar|sanu|songs|abbas|sharbani,2026-09-07,2026-10-07,0.180923827941172,0,0.00012810613,0,0.0330055388940315,0.211,2196
nand|ghar|anand|bhayo|krishna|janmashtami|bhajan,2026-09-07,2026-10-07,0.180923827941172,0,8.264597e-05,0,0.0095293945998358,0.211,2197
live|gta|black|panther|mountion|lion|hunting|challange,2026-09-07,2026-10-07,0.180923827941172,0,0.00014259738,0,0.0285454833967141,0.211,2198
naag|panchami|katha|pal|nagpanchami|story,2026-09-07,2026-10-07,0.180923827941172,0,0.00017259049,0,0.0033260837910794,0.211,2199
kitni|bechain|hoke|lyrics|kasoor|alka|yagnik|udit,2026-09-07,2026-10-07,0.180923827941172,0,0.00012810613,0,0.0345862392479546,0.211,2200
franklin|got|lucky|golden|ticket|train|most|shocking,2026-09-07,2026-10-07,0.180923827941172,0,8.264597e-05,0,0.0035318252605728,0.211,2201
2026|jignesh|solanki|arti|dashama|aarti|dashmaniarti,2026-09-07,2026-10-07,0.180923827941172,0,0.00013932977,0,0.0029088339679281,0.211,2202
poor|rich|treehouse|survival|battle|minecraft,2026-09-07,2026-10-07,0.180923827941172,0,8.264597e-05,0,0.0032441511676528,0.211,2203
baba|ramdevji|lilo|ghodo|navlakho|motiya|jadi|lagaam,2026-09-07,2026-10-07,0.180923827941172,0,0.0001646539,0,0.0029088339679281,0.211,2204
mallepoola|pallaki|film|version|ravi|teja|prakash|dappu,2026-09-07,2026-10-07,0.180923827941172,0,8.264597e-05,0,0.0092265394278473,0.211,2205
2026|nag|panchami|katha|bhajan,2026-09-07,2026-10-07,0.180923827941172,0,8.264597e-05,0,0.0118508948016709,0.211,2206
gta|franklin|shinchan|got|bitten|giant|spider|man,2026-09-07,2026-10-07,0.180923827941172,0,0.00012810613,0,0.0011864714100595,0.211,2207
desu|teaser|dev|anirban|bhattacharya|cinema|16th|october,2026-09-07,2026-10-07,0.180923827941172,0,8.264597e-05,0,0.0029952056937671,0.211,2208
franklin|shinchan|bring|gold|diamond|moon|their|house,2026-09-07,2026-10-07,0.180923827941172,0,8.264597e-05,0,0.0026359367188591,0.211,2209
wwe|2k25|live|undertaker|stone|cold|challenges|evil,2026-09-07,2026-10-07,0.180923827941172,0,0.00014259738,0,0.0339387861526024,0.211,2210
ghar|kab|aaoge|border|sunny|anu|mithoon|sonu,2026-09-07,2026-10-07,0.180923827941172,0,8.264597e-05,0,0.0013656076565637,0.211,2211
gladiator|casino|theatre|experience|ajith|kumar|shalini|prakesh,2026-09-07,2026-10-07,0.180923827941172,0,8.264597e-05,0,0.0016308528551682,0.211,2212
jailer|notion|rajinikanth|hrithik|roshan|nelson|mohanlal|shiva,2026-09-07,2026-10-07,0.180923827941172,0,0.0001646539,0,0.0028095251272374,0.211,2213
rabi|awal|naat|sharif|islamic|humko|bulana|rasool,2026-09-07,2026-10-07,0.180923827941172,0,0.00012810613,0,0.0018327287354278,0.211,2214
meme|indians|khadgam|srikanth|ravi|teja|prakash|raj,2026-09-07,2026-10-07,0.180923827941172,0,0.00013932977,0,0.0027934187955552,0.211,2215
dakshinamurthy|sahasranama|stotram|telugu|lyrics,2026-09-07,2026-10-07,0.180923827941172,0,0.00017259049,0,0.0034416576156929,0.211,2216
bought|lion|then|upgraded|him|000|god|gta,2026-09-07,2026-10-07,0.180923827941172,0,0.00017259049,0,0.0033422122628803,0.211,2217
franklin|witnessed|biggest|monster|fight|gta|telugu|dhanu,2026-09-07,2026-10-07,0.180923827941172,0,8.264597e-05,0,0.0013860799215515,0.211,2218
gta|shinchan|franklin|starting|billion|dollar|milk|business,2026-09-07,2026-10-07,0.180923827941172,0,8.264597e-05,0,0.003631319205647,0.211,2219
shri|satyanarayan|vrat|katha,2026-09-07,2026-10-07,0.180923827941172,0,0.00017259049,0,0.0032632783881146,0.2109,2220
chori|itihaas|alka|yagnik|kumar|sanu|ajay|devgn,2026-09-07,2026-10-07,0.180923827941172,0,8.264597e-05,0,0.0025515794440265,0.2109,2221
lakh|divda|dashama|aarti|thal|stuti|sathe|jay,2026-09-07,2026-10-07,0.180923827941172,0,0.00017699406,0,0.0032632783881146,0.2109,2222
dashama|valamna|darshana|vyas,2026-09-07,2026-10-07,0.180923827941172,0,0.00013932977,0,0.0029088339679281,0.2109,2223
court|goli|ankit|baliyan|fiza|choudhary|haryanvi|songs,2026-09-07,2026-10-07,0.180923827941172,0,8.264597e-05,0,0.0045814454308071,0.2109,2224
tapoi|pari|sahibi|dukha|khudurukuni|songs|audio|jukebox,2026-09-07,2026-10-07,0.180923827941172,0,0.00017259049,0,0.0026596729004694,0.2109,2225
shikha|rana|krishna|bhajan,2026-09-07,2026-10-07,0.180923827941172,0,0.00012810613,0,0.0030575578539661,0.2109,2226
udit|narayan|sadhana|sargam|hits|pathinettu|vayathil|ajith,2026-09-07,2026-10-07,0.180923827941172,0,0.0001646539,0,0.0026596729004694,0.2109,2227
escape|grumpy|gran|roblox|granny,2026-09-07,2026-10-07,0.180923827941172,0,8.264597e-05,0,0.0027843821001446,0.2109,2228
hanuman|chalisa|telugu,2026-09-07,2026-10-07,0.180923827941172,0,0.00013932977,0,0.0025556386322352,0.2109,2229
2026|jai|shambhu,2026-09-07,2026-10-07,0.180923827941172,0,0.00012810613,0,0.0025060122688663,0.2109,2230
parbat|peechhe|hit,2026-09-07,2026-10-07,0.180923827941172,0,8.264597e-05,0,0.0009290562627681,0.2109,2231
robotic|spiderman|strongest|robot|gta,2026-09-07,2026-10-07,0.180923827941172,0,0.00012810613,0,0.0008302546511699,0.2109,2232
gta|live|stream|gtav|gaming|livestream|livegaming|gtavlive,2026-09-07,2026-10-07,0.180923827941172,0,0.00014259738,0,0.0280495560117108,0.2109,2233
prakash|gandhi|maine|tere|bharose|hanuman,2026-09-07,2026-10-07,0.180923827941172,0,8.264597e-05,0,0.0013446540864301,0.2109,2234
dashama|aarti|latest|2026|vrat|gujarati,2026-09-07,2026-10-07,0.180923827941172,0,0.00012810613,0,0.0027905783019732,0.2109,2235
secret|cars|parking|unlocked|shreyashgamer,2026-09-07,2026-10-07,0.180923827941172,0,0.00014259738,0,0.0010068276404008,0.2109,2236
jivantika|maa|aarti|karpur|gauram|thal|vrat|special,2026-09-07,2026-10-07,0.180923827941172,0,0.00017259049,0,0.0026596729004694,0.2108,2237
khesari|lal|yadav|rakhi|special|bhojpuri|2026,2026-09-07,2026-10-07,0.180923827941172,0,0.00012810613,0,0.0022499209539264,0.2108,2238
special|sai|baba|patalu,2026-09-07,2026-10-07,0.180923827941172,0,0.00017259049,0,0.0026596729004694,0.2108,2239
orijinal|teaser|sreenath|bhasi|electronic|kili|ramees|harshad,2026-09-07,2026-10-07,0.180923827941172,0,8.264597e-05,0,0.0122075868763476,0.2108,2240
level|000|transformer|bikes|gta,2026-09-07,2026-10-07,0.180923827941172,0,0.00012810613,0,0.0017505614432911,0.2108,2241
15august|special|2026|sakshi|singh|desh|bhakti,2026-09-07,2026-10-07,0.180923827941172,0,0.00013932977,0,0.0021279227105357,0.2108,2242
pal|nag|panchami|story|katha|2026,2026-09-07,2026-10-07,0.180923827941172,0,8.264597e-05,0,0.0037796476018906,0.2108,2243
superhit|datta|bhaktigeete|dattachi|gani|aarti|stuti|stotram,2026-09-07,2026-10-07,0.180923827941172,0,0.00017259049,0,0.0053550530988573,0.2108,2244
sivan|manasasmarami,2026-09-07,2026-10-07,0.180923827941172,0,0.00017259049,0,0.0026435727971074,0.2108,2245
amit|ashik|srishti|bharti|kin|ailiyau|rakhi|raksha,2026-09-07,2026-10-07,0.180923827941172,0,0.00012810613,0,0.0024670795430051,0.2108,2246
world|war|lakh|gadi|music|saaaj|tomar|tanu,2026-09-07,2026-10-07,0.180923827941172,0,8.264597e-05,0,0.0169961019886957,0.2108,2247
live|suryadeva|stotra|bhakthi|nidhi,2026-09-07,2026-10-07,0.180923827941172,0,0.00017259049,0,0.0026435727971074,0.2108,2248
live|toxic|launch|event|rocking|star|yash|kiara,2026-09-07,2026-10-07,0.180923827941172,0,0.00018327865,0,0.0021279227105357,0.2108,2249
rani|thakur|bhojpuri|sohar|geet|2026|nonstop,2026-09-07,2026-10-07,0.180923827941172,0,8.264597e-05,0,0.0112460145979677,0.2108,2250
jack|shinchan|mila|golden|diamond|house|indian|theft,2026-09-07,2026-10-07,0.180923827941172,0,0.00012810613,0,0.0013372469604171,0.2108,2251
shiba|bhajan|shricharan|mohanty|hits|shyam|vision|juke,2026-09-07,2026-10-07,0.180923827941172,0,0.00017259049,0,0.0026596729004694,0.2108,2252
franklin|find|mysterious|scary|fish|beach|most|life,2026-09-07,2026-10-07,0.180923827941172,0,0.0001646539,0,0.0025556386322352,0.2108,2253
hindi|madhavan|sathyaraj|jayaram|netflix|india,2026-09-07,2026-10-07,0.180923827941172,0,8.264597e-05,0,0.0027286970540487,0.2108,2254
franklin|gifting|toy|cars|shinchan|gta,2026-09-07,2026-10-07,0.180923827941172,0,0.00012810613,0,0.0016182980978556,0.2108,2255
gladiators|documentry|experience,2026-09-07,2026-10-07,0.180923827941172,0,0.00017259049,0,0.0026435727971074,0.2108,2256
ghode|lagam|lucky|udaan|abhi|silariya|ramdev|2026,2026-09-07,2026-10-07,0.180923827941172,0,0.00012810613,0,0.0022763469686934,0.2108,2257
raghavendra|swamy,2026-09-07,2026-10-07,0.180923827941172,0,0.00017259049,0,0.0053550530988573,0.2108,2258
char|dham|maa|dasha|aarti,2026-09-07,2026-10-07,0.180923827941172,0,0.00012810613,0,0.0015736479847967,0.2108,2259
radhimaa|pavazha|malli|saiabhyankkar|sauga|bhagyashri|borse,2026-09-07,2026-10-07,0.180923827941172,0,0.00012810613,0,0.0024831723104586,0.2108,2260
gta|live|mountain|lion|panther|hunting|challenge|shorts,2026-09-07,2026-10-07,0.180923827941172,0,0.00014259738,0,0.0230145849964359,0.2108,2261
ind|pak|2nd|t20|match|gameplay,2026-09-07,2026-10-07,0.180923827941172,0,0.00012810613,0,0.0024831723104586,0.2108,2262
ankush|raja|ego|mai|lalanwa|bhojpuri|2026,2026-09-07,2026-10-07,0.180923827941172,0,0.00017259049,0,0.0026596729004694,0.2108,2263
2026|naag|panchami|bhajan|shiv,2026-09-07,2026-10-07,0.180923827941172,0,0.00012810613,0,0.0029112810259962,0.2108,2264
epic|anand|deverakonda|vaishnavi|chaitanya|aditya|haasan|hesham,2026-09-07,2026-10-07,0.180923827941172,0,8.264597e-05,0,0.0027286970540487,0.2108,2265
000|lion|gta|tiger,2026-09-07,2026-10-07,0.180923827941172,0,8.264597e-05,0,0.0010697014949521,0.2107,2266
top|patriotic|songs|baras|bharat|rahnewala|hoon|aye,2026-09-07,2026-10-07,0.180923827941172,0,0.00013932977,0,0.0024025549495991,0.2107,2267
dhun|hari|bol|krishna|bhajan|anuradha|paudwal,2026-09-07,2026-10-07,0.180923827941172,0,9.306008e-05,0,0.002978680508912,0.2107,2268
sare|jahan|achha|hindustan|hamara|lyrics,2026-09-07,2026-10-07,0.180923827941172,0,8.264597e-05,0,0.0005077237895684,0.2107,2269
janmashtami|special|2026|devendra|pathak|sohar|geet,2026-09-07,2026-10-07,0.180923827941172,0,8.264597e-05,0,0.0057648144720102,0.2107,2270
haathi|ghoda|palki|jai|kanhaiya|lal,2026-09-07,2026-10-07,0.180923827941172,0,8.264597e-05,0,0.0022995562062037,0.2107,2271
gta|rampage|shinchan|went|subway|surfers|world|fun,2026-09-07,2026-10-07,0.180923827941172,0,0.00012810613,0,0.0023140308676005,0.2107,2272
varalakshmi|vratham|special|kanakadhara|stotram|telugu,2026-09-07,2026-10-07,0.180923827941172,0,0.00012810613,0,0.0025276547707535,0.2107,2273
many|happy|returns|teaser|ahammed|khabeer|govind|vasantha,2026-09-07,2026-10-07,0.180923827941172,0,8.264597e-05,0,0.0254283684888232,0.2107,2274
patriotic|songs|swatantryada|amrutha|yaana|audio|jukebox|independence,2026-09-07,2026-10-07,0.180923827941172,0,0.0001646539,0,0.0019750081031513,0.2107,2275
venom|tries|kill|franklin|spider|man|gta|telugu,2026-09-07,2026-10-07,0.180923827941172,0,8.264597e-05,0,0.0018303132744517,0.2107,2276
raghavendra|manasasmarami|swamy|devotional|songs,2026-09-07,2026-10-07,0.180923827941172,0,0.00017259049,0,0.0038170306015655,0.2107,2277
kanha|kiska|deewana|pawan|singh|janmashtami|songs,2026-09-07,2026-10-07,0.180923827941172,0,0.00012810613,0,0.0010034482856514,0.2107,2278
drishyam|hindi|ajay|devgn|tabu|jaideep|ahlawat|shriya,2026-09-07,2026-10-07,0.180923827941172,0,0.00012810613,0,0.0025504973531446,0.2107,2279
achyutam|keshavam|krishna|bhajan|bhakti,2026-09-07,2026-10-07,0.180923827941172,0,0.00012810613,0,0.0019589364565678,0.2107,2280
katta|dupatta|pawan|singh|shivani|bhojpuri|2026,2026-09-07,2026-10-07,0.180923827941172,0,8.264597e-05,0,0.0017713879325913,0.2107,2281
dashama|char|dham|aarti,2026-09-07,2026-10-07,0.180923827941172,0,0.00012810613,0,0.0020969581208794,0.2107,2282
khesari|lal|yadav|hindustan|hamari|jaan|desh|bhakti,2026-09-07,2026-10-07,0.180923827941172,0,8.264597e-05,0,0.0025755449617633,0.2107,2283
khesari|lal|yadav|bhojpuri|krishna|bhajan|2026,2026-09-07,2026-10-07,0.180923827941172,0,0.00012810613,0,0.0007332739907708,0.2107,2284
tezaab|ekam|chanoli|gill|raunta|scooby|punjabi|jass,2026-09-07,2026-10-07,0.180923827941172,0,8.264597e-05,0,0.0017713879325913,0.2107,2285
harkhethi|utaru|mara|dasha|maa|aarti|latest|dashama,2026-09-07,2026-10-07,0.180923827941172,0,0.00012810613,0,0.0022499209539264,0.2107,2286
mahaprana|dipam|lyrical|sri|manjunatha|hamsalekha|shankar|mahadevan,2026-09-07,2026-10-07,0.180923827941172,0,0.00017699406,0,0.0038170306015655,0.2107,2287
tera|mera|rishta|old|emrose|flip|mustafa|zahid,2026-09-07,2026-10-07,0.180923827941172,0,8.264597e-05,0,0.0001521335818784,0.2107,2288
krishna|bhajan|sohar|geet|priti|prakash,2026-09-07,2026-10-07,0.180923827941172,0,0.00017259049,0,0.0038170306015655,0.2107,2289
manasa|puja|gan|2026|singer|sanjeeb|kumar|gourinath,2026-09-07,2026-10-07,0.180923827941172,0,8.264597e-05,0,0.0005077237895684,0.2107,2290
nodwingaming|season|bgmi|live|pubg|gameplay|team|apexgaming,2026-09-07,2026-10-07,0.180923827941172,0,0.00012810613,0,0.0003283959961139,0.2107,2291
nonstop|deshattobodhok|gaan|patriotic|songs|independence|day|bangla,2026-09-07,2026-10-07,0.180923827941172,0,0.00013932977,0,0.0024025549495991,0.2107,2292
franklin|shinchan|krishna|janmashtami|bus|journey|virat|kohli,2026-09-07,2026-10-07,0.180923827941172,0,0.00012810613,0,0.0015878070203815,0.2107,2293
happy|raksha|bandhan|lata|mangeshkar|chhoti|bahen,2026-09-07,2026-10-07,0.180923827941172,0,0.00012810613,0,0.0025246398055242,0.2107,2294
bolbam|pramod|premi|yadav|bhojpuri|2026,2026-09-07,2026-10-07,0.180923827941172,0,0.00017259049,0,0.0038170306015655,0.2107,2295
live|ganesha|namavalidevotional|bhakthinidhi,2026-09-07,2026-10-07,0.180923827941172,0,0.00017259049,0,0.0025065480932943,0.2107,2296
krishna|songs|2026|jai|shri|janmashtami|bhajan,2026-09-07,2026-10-07,0.180923827941172,0,0.00012810613,0,0.0018328731074967,0.2107,2297
nag|pancham|special|gaman|santhal|kajal|maheriya|goga,2026-09-07,2026-10-07,0.180923827941172,0,0.00012810613,0,0.0019750081031513,0.2107,2298
franklin|change|house|giant|swimming|pool|water|park,2026-09-07,2026-10-07,0.180923827941172,0,0.00012810613,0,0.0019750081031513,0.2107,2299
shri|krishna|govind|hare|murari|non|stop|bhajans,2026-09-07,2026-10-07,0.180923827941172,0,8.264597e-05,0,0.0096459383559382,0.2107,2300
bhole|sawan|special|2026|top|bol|bam|remix,2026-09-07,2026-10-07,0.180923827941172,0,0.00017259049,0,0.0027041756381497,0.2107,2301
watch|now|only|sun|nxt|lokesh|anirudh|arun,2026-09-07,2026-10-07,0.180923827941172,0,9.306008e-05,0,0.0005297789604401,0.2107,2302
000|spike|bike|gta,2026-09-07,2026-10-07,0.180923827941172,0,0.00012810613,0,0.0026800544193544,0.2106,2303
kajal|raghwani|raushan|rohi|srishti|bharti,2026-09-07,2026-10-07,0.180923827941172,0,0.00012810613,0,0.0018882501297473,0.2106,2304
top|nonstop|desh|bhakti|independence|day|special|patriotic,2026-09-07,2026-10-07,0.180923827941172,0,8.264597e-05,0,0.0105802484842682,0.2106,2305
jivantika|maa|aarti,2026-09-07,2026-10-07,0.180923827941172,0,0.0001921128,0,0.0032125635817078,0.2106,2306
lakshmi|stuthi,2026-09-07,2026-10-07,0.180923827941172,0,0.00013932977,0,0.0019589364565678,0.2106,2307
less|pro|gameplay|more|random|madness|gta|live,2026-09-07,2026-10-07,0.180923827941172,0,0.00014259738,0,0.0018690576934297,0.2106,2308
ashtalakshmi|kavasam|varalakshmi|vratham|special|2026|powerful|lakshmi,2026-09-07,2026-10-07,0.180923827941172,0,0.00012810613,0,0.0026800544193544,0.2106,2309
srishti|bharti|aaj|kal|chhori|maghi|2026,2026-09-07,2026-10-07,0.180923827941172,0,0.00012810613,0,0.0015977960060638,0.2106,2310
satsangi|bhajan,2026-09-07,2026-10-07,0.180923827941172,0,0.00015435985,0,0.0026800544193544,0.2106,2311
2026|khesari|lal|yadav|shilpi|raj|kamar|dagi,2026-09-07,2026-10-07,0.180923827941172,0,0.00012810613,0,0.0009621130847443,0.2106,2312
nobody|prithviraj|sukumaran|parvathy|thiruvothu|august|jiohotstar,2026-09-07,2026-10-07,0.180923827941172,0,0.00012810613,0,0.0017612615825359,0.2106,2313
nonstop|krishna|bhajan|2026|janmashtami|special,2026-09-07,2026-10-07,0.180923827941172,0,0.00017259049,0,0.0032125635817078,0.2106,2314
kottukali|kottu|naayanam|chinnavar|prabhu|kasthuri|chithra|ilaiyaraaja,2026-09-07,2026-10-07,0.180923827941172,0,0.00013932977,0,0.0026800544193544,0.2106,2315
pawan|singh|latest|desh|bhakti,2026-09-07,2026-10-07,0.180923827941172,0,8.264597e-05,0,0.0001521335818784,0.2106,2316
maa|tujhhe|salaam|music|sunny|deol|shankar|mahadevan,2026-09-07,2026-10-07,0.180923827941172,0,8.264597e-05,0,0.0085167705051853,0.2106,2317
ajeya|sohini|sarkar|ayan|aug|hoichoi,2026-09-07,2026-10-07,0.180923827941172,0,8.264597e-05,0,0.0010079905144925,0.2106,2318
best|remix|collectiontrending|malayalam|songs|2026nowplaying,2026-09-07,2026-10-07,0.180923827941172,0,0.00015051932,0,0.0021723643577481,0.2106,2319
damru|wale|baba|tumko|aana|hoga,2026-09-07,2026-10-07,0.180923827941172,0,0.0001675455,0,0.0026800544193544,0.2106,2320
gta|live|playing|secret|leopard|mod|gta5|gtaonline,2026-09-07,2026-10-07,0.180923827941172,0,0.00014259738,0,0.0028597068365841,0.2106,2321
guruvara|banthamma|popular|guru|raghavendra|kannada|devotional|songs,2026-09-07,2026-10-07,0.180923827941172,0,0.00017259049,0,0.00566403407008,0.2106,2322
monday|shiva|devotional|songs|kannada,2026-09-07,2026-10-07,0.180923827941172,0,0.00017259049,0,0.0038170306015655,0.2106,2323
kamlesh|barot|dashama|halya|chhodi|sath|dashamanu|vadamanu,2026-09-07,2026-10-07,0.180923827941172,0,0.0001921128,0,0.0038170306015655,0.2106,2324
shinchan|jack|swimming|pool|dhakka|diya|indian|theft,2026-09-07,2026-10-07,0.180923827941172,0,0.00012810613,0,0.0004858228138041,0.2106,2325
fa9la|rehman|dakait|entry|mehar|vaani|akshaye|khanna,2026-09-07,2026-10-07,0.180923827941172,0,0.00012810613,0,0.0154890785699158,0.2106,2326
jana|gana|mana|lyrics|national|anthem|rashtriya|geet,2026-09-07,2026-10-07,0.180923827941172,0,8.264597e-05,0,0.0180053405610676,0.2106,2327
baba|nidura|levayya|sai|songs|telugu|shirdi,2026-09-07,2026-10-07,0.180923827941172,0,0.00017699406,0,0.0067452505001873,0.2106,2328
gta|franklin|shinchan|facing|biggest|tsunami|los|santos,2026-09-07,2026-10-07,0.180923827941172,0,0.00012810613,0,0.0017612615825359,0.2106,2329
char|dham|maa|dasha|aarti|kamlesh|barot,2026-09-07,2026-10-07,0.180923827941172,0,0.00012810613,0,0.0003554496435893,0.2106,2330
budhei|osa|mahima|suna|osha|2026|special|odia,2026-09-07,2026-10-07,0.180923827941172,0,0.00017259049,0,0.0037860526410967,0.2106,2331
dashama|thal|latest|vrat|gujarati,2026-09-07,2026-10-07,0.180923827941172,0,0.00012810613,0,0.0003554496435893,0.2106,2332
dasha|maa|thal|lyrical|gujarati|devotional,2026-09-07,2026-10-07,0.180923827941172,0,0.0001646539,0,0.0021723643577481,0.2106,2333
sai|baba|chalisa|shiridi|devotional|songs|telugu|live,2026-09-07,2026-10-07,0.180923827941172,0,0.0001646539,0,0.0021562845084306,0.2106,2334
oorai|therinchukitten,2026-09-07,2026-10-07,0.180923827941172,0,0.00017259049,0,0.0032125635817078,0.2106,2335
janmashtami|non|stop|mashup|tulsi|kumar|jubin|nautiyal,2026-09-07,2026-10-07,0.180923827941172,0,8.264597e-05,0,0.0048282038323096,0.2106,2336
bhole|bhi|diya|hai|banaye|rakhna|apne|charno,2026-09-07,2026-10-07,0.180923827941172,0,0.00015509044,0,0.0019750081031513,0.2106,2337
kalabhavan|mani|special|onam|songs|vibe|audio|jukebox,2026-09-07,2026-10-07,0.180923827941172,0,0.00012810613,0,0.0019750081031513,0.2106,2338
apudo|ipudo|bommarillu|movie|songs|siddharth|genelia|devi,2026-09-07,2026-10-07,0.180923827941172,0,0.00012810613,0,0.000377496096096,0.2106,2339
apoorva|audios,2026-09-07,2026-10-07,0.180923827941172,0,0.00013932977,0,0.0031083808243113,0.2106,2340
hulk|strongest|dianosaur|gta,2026-09-07,2026-10-07,0.180923827941172,0,8.264597e-05,0,0.0018157886190727,0.2106,2341
animal|hospital|mahi|mad|granny|roblox,2026-09-07,2026-10-07,0.180923827941172,0,8.264597e-05,0,0.0023434182606423,0.2106,2342
franklin|shinchan|his|friends|luxury|bus|picnic|trip,2026-09-07,2026-10-07,0.180923827941172,0,8.264597e-05,0,0.0,0.2106,2343
hindu|devotional|songs|malayalam|chingam|masam,2026-09-07,2026-10-07,0.180923827941172,0,0.00015051932,0,0.0026800544193544,0.2106,2344
franklin|fight|verity|indian|bike|driving,2026-09-07,2026-10-07,0.180923827941172,0,0.00012810613,0,0.0027861207637298,0.2106,2345
anjali|chauhan|tor|kanhaiya|hamke|chhedela|janmashtami,2026-09-07,2026-10-07,0.180923827941172,0,8.264597e-05,0,0.0010477607468846,0.2106,2346
vande|mataram|patriotic|hits|2026|jukebox|teri|mitti,2026-09-07,2026-10-07,0.180923827941172,0,0.00012810613,0,0.0025687975754703,0.2106,2347
mad|granny|evil|grandpa|roblox,2026-09-07,2026-10-07,0.180923827941172,0,8.264597e-05,0,0.0017612615825359,0.2106,2348
hareli|aage|kanchan|joshi|jigyasa|sahu|avmgana,2026-09-07,2026-10-07,0.180923827941172,0,0.00013932977,0,0.0021562845084306,0.2106,2349
badhaigeet|2026,2026-09-07,2026-10-07,0.180923827941172,0,0.0001646539,0,0.0026800544193544,0.2106,2350
franklin|shinchan|hide|all|car|house|indian|theft,2026-09-07,2026-10-07,0.180923827941172,0,0.00012810613,0,0.0004858228138041,0.2106,2351
2026|aadi|pooram|velli|amman|songs|tamil|vijay,2026-09-07,2026-10-07,0.180923827941172,0,0.0001646539,0,0.0030123821374611,0.2105,2352
toxic|concept|rocking|star|yash|geetu|mohandas|kvn,2026-09-07,2026-10-07,0.180923827941172,0,0.00012810613,0,0.0033539298858323,0.2105,2353
2026|hindi|dil|ruswa|hai|emraan|hashmi|raashi,2026-09-07,2026-10-07,0.180923827941172,0,8.264597e-05,0,0.0086886601556939,0.2105,2354
onam|mood|eclipsa|audio|sahasam|fejo|ramzan|gouri,2026-09-07,2026-10-07,0.180923827941172,0,0.00012810613,0,0.0031346593185059,0.2105,2355
2026|hindi|teri|yaad|satati|hai|shahid|kapoor,2026-09-07,2026-10-07,0.180923827941172,0,8.264597e-05,0,0.0112028176616778,0.2105,2356
non|stop|kawad|bhajan|2026,2026-09-07,2026-10-07,0.180923827941172,0,0.00012810613,0,0.0032306882810789,0.2105,2357
mahalakshmi|jaganmathe|bhakthigeethegalu|audio|jukebox|lakshmi|bhakthi|geethegalu,2026-09-07,2026-10-07,0.180923827941172,0,0.00017259049,0,0.0035198474114352,0.2105,2358
franklin|shinchan|driving|tata|signa|truck|container|start,2026-09-07,2026-10-07,0.180923827941172,0,0.00012810613,0,0.0026123559098706,0.2105,2359
powerstar|pawan|singh|trihsakar|madhu|blast|2026,2026-09-07,2026-10-07,0.180923827941172,0,0.00014259738,0,0.0026800544193544,0.2105,2360
sona|kitna|hai|govinda|karisma|kapoor|poornima|udit,2026-09-07,2026-10-07,0.180923827941172,0,0.00012810613,0,0.0096368498320161,0.2105,2361
amavasya|special|vishnu|sahasranama|stotram|kannada,2026-09-07,2026-10-07,0.180923827941172,0,0.00017259049,0,0.0032125635817078,0.2105,2362
lingashtakam|hara|namah|shivaya|monday|shiva|bhakti|songs,2026-09-07,2026-10-07,0.180923827941172,0,0.00017699406,0,0.0041247932509341,0.2105,2363
jivantika|maa|aarti|2026|nidhi|khara|kirtan,2026-09-07,2026-10-07,0.180923827941172,0,0.00012810613,0,0.0027861207637298,0.2105,2364
108|bakthipadal,2026-09-07,2026-10-07,0.180923827941172,0,0.00017259049,0,0.0041247932509341,0.2105,2365
2026|hindi|aawargi|dil|emraan|hashmi|disha|patani,2026-09-07,2026-10-07,0.180923827941172,0,8.264597e-05,0,0.0131198071975907,0.2105,2366
sadi|palet|raja|aastha|singh|shivani,2026-09-07,2026-10-07,0.180923827941172,0,8.264597e-05,0,0.0029742810497343,0.2105,2367
goga|maharajni|aarti|rohit|thakor|nagpachami|special|lyrical,2026-09-07,2026-10-07,0.180923827941172,0,0.0001921128,0,0.0041247932509341,0.2105,2368
nonstop|nirgun|bhajan|2026|hindi,2026-09-07,2026-10-07,0.180923827941172,0,0.00013932977,0,0.0026491671130216,0.2105,2369
marathi|deshbhakti|songs|saregama,2026-09-07,2026-10-07,0.180923827941172,0,0.00013932977,0,0.0026330674463125,0.2105,2370
ind|final|t20|match|gameplay|100,2026-09-07,2026-10-07,0.180923827941172,0,0.00012810613,0,0.0027861207637298,0.2105,2371
ankush|raja|shivani|singh|tannu|yadav|bolbam,2026-09-07,2026-10-07,0.180923827941172,0,0.00012810613,0,0.0026639534688737,0.2105,2372
pawan|singh|devghar|nagariya|naache|bol|bam|2026,2026-09-07,2026-10-07,0.180923827941172,0,0.00016885503,0,0.0030284975703128,0.2105,2373
mera|chor|dupata|bholenath|savere|bhang|leke|aaungi,2026-09-07,2026-10-07,0.180923827941172,0,0.00014259738,0,0.0009052336128317,0.2105,2374
bewafai|aarzoo|khaan|emotional|hindi|sad|2026|arijit,2026-09-07,2026-10-07,0.180923827941172,0,8.264597e-05,0,0.0094621349313394,0.2105,2375
namoh|daler|mehndi|sawan|special|shiv|bhajan|2026,2026-09-07,2026-10-07,0.180923827941172,0,0.00013932977,0,0.0030284975703128,0.2105,2376
nand|gher|anand|bhayo|krishna|janmashtami|bhajan,2026-09-07,2026-10-07,0.180923827941172,0,0.00012810613,0,0.0026915586164501,0.2105,2377
shivratri|bhole|baba|bhajan|2026|shiv|sawan|special,2026-09-07,2026-10-07,0.180923827941172,0,0.00012810613,0,0.0034572092433251,0.2105,2378
live|samaon|mansa|kabaddi|tournament|2026|www|123live,2026-09-07,2026-10-07,0.180923827941172,0,0.00013137485,0,0.0018882501297473,0.2105,2379
shilpi|raj|bhojpuri|bolbam|2026,2026-09-07,2026-10-07,0.180923827941172,0,0.00012810613,0,0.0024898096695399,0.2105,2380
khushi|kakkar|2026|raksha|bandhan,2026-09-07,2026-10-07,0.180923827941172,0,0.00012810613,0,0.0030358110706214,0.2105,2381
pramod|premi|yadav|sonwa|salamat|rahe|bolbam|bhojpuri,2026-09-07,2026-10-07,0.180923827941172,0,0.00017699406,0,0.004166496431952,0.2105,2382
shinchan|becomes|bigger|every|second,2026-09-07,2026-10-07,0.180923827941172,0,0.00012810613,0,0.0007014452269071,0.2105,2383
layka|bihar|nachiab|hathiyar|viral|bhojpuri|rangdari|2026,2026-09-07,2026-10-07,0.180923827941172,0,0.00012810613,0,0.0006631531463512,0.2105,2384
wed,2026-09-07,2026-10-07,0.180923827941172,0,8.264597e-05,0,0.000981056399549,0.2105,2385
toota|kabhi|tara|ultra|flying|jatt|tiger|shroff,2026-09-07,2026-10-07,0.180923827941172,0,0.00012810613,0,0.0009052336128317,0.2105,2386
awarapan|saiyaara|mashup|version|toh|phir|aao|barbaad,2026-09-07,2026-10-07,0.180923827941172,0,0.00012810613,0,0.0081928215299199,0.2105,2387
sawan|shiv|stuti|ashutosh|shashank|shekhar,2026-09-07,2026-10-07,0.180923827941172,0,8.264597e-05,0,0.0031003343812842,0.2105,2388
kannada|lakshmi|devi,2026-09-07,2026-10-07,0.180923827941172,0,0.00012810613,0,0.0034572092433251,0.2105,2389
charijuge|kie|kahaku|rakhi|bandhile,2026-09-07,2026-10-07,0.180923827941172,0,0.00012810613,0,0.0030116507308345,0.2105,2390
dhaagon|baandhaa|raksha|bandhan|arijit|singh|shreya|ghoshal,2026-09-07,2026-10-07,0.180923827941172,0,8.264597e-05,0,0.0107842383117636,0.2105,2391
karz|shaam|bhi|khoob|hai|sunny|deol|shilpa,2026-09-07,2026-10-07,0.180923827941172,0,9.306008e-05,0,0.0033539298858323,0.2105,2392
free|fire|summer|ring|event|spin|fso|live,2026-09-07,2026-10-07,0.180923827941172,0,0.00014259738,0,0.001730879469166,0.2105,2393
gta5|royal|sumeet|shorts|verticallivefeed|gta,2026-09-07,2026-10-07,0.180923827941172,0,0.00014259738,0,0.0081512881268725,0.2105,2394
dashama|nonstop|hemant|chauhan|damyanti|barot|dashamaa|songs,2026-09-07,2026-10-07,0.180923827941172,0,0.00012810613,0,0.0007014452269071,0.2105,2395
giant|chacha|gang|jack|indian|theft|auto|simulator,2026-09-07,2026-10-07,0.180923827941172,0,0.00017699406,0,0.00566403407008,0.2105,2396
audio|version|bam|lahari|mahadev|shiv|bhajan|har,2026-09-07,2026-10-07,0.180923827941172,0,0.00017259049,0,0.004166496431952,0.2105,2397
desh|bhakti|2026|august|special|petriotic,2026-09-07,2026-10-07,0.180923827941172,0,0.00012810613,0,0.0009141620672834,0.2105,2398
ishq|fanniyar|jyotica|tangri|fukrey|returns|pulkit|samrat,2026-09-07,2026-10-07,0.180923827941172,0,0.00012810613,0,0.0099151881608602,0.2105,2399
mahakali|hindi|akshaye|khanna|bhoomi|shetty|prasanth|verma,2026-09-07,2026-10-07,0.180923827941172,0,0.00012810613,0,0.0015539750207599,0.2105,2400
mere|tan|mein|bhi|shiv|man,2026-09-07,2026-10-07,0.180923827941172,0,0.00017259049,0,0.0031816338170028,0.2105,2401
venom|strongest|gta,2026-09-07,2026-10-07,0.180923827941172,0,0.00012810613,0,0.0033539298858323,0.2105,2402
dusre|sawan|somvar|katha|pal|vrat|2026,2026-09-07,2026-10-07,0.180923827941172,0,0.00013932977,0,0.0034572092433251,0.2105,2403
franklin|got|attacked|giant|scary|shinchan|most|shocking,2026-09-07,2026-10-07,0.180923827941172,0,0.00013932977,0,0.0030123821374611,0.2105,2404
raksha|bandhan|title|track|akshay|kumar|shreya|ghoshal,2026-09-07,2026-10-07,0.180923827941172,0,0.00012810613,0,0.0025262563628782,0.2105,2405
naag|devta,2026-09-07,2026-10-07,0.180923827941172,0,8.264597e-05,0,0.0007287071316977,0.2105,2406
franklin|become|giant|destroyed|world|most|shocking|life,2026-09-07,2026-10-07,0.180923827941172,0,8.264597e-05,0,0.0016964892800949,0.2105,2407
iayyayo|high|quality|audio|paruthiveeran|yuvanshankar|raja|karthi,2026-09-07,2026-10-07,0.180923827941172,0,0.00017259049,0,0.0041247932509341,0.2105,2408
pournami|girivalam|siva|special|sivapuranam,2026-09-07,2026-10-07,0.180923827941172,0,0.00013932977,0,0.0031083808243113,0.2105,2409
special|2026|hariyali|teej,2026-09-07,2026-10-07,0.180923827941172,0,0.00017259049,0,0.0035198474114352,0.2104,2410
aadi|amavasai|2026,2026-09-07,2026-10-07,0.180923827941172,0,0.00017259049,0,0.0041247932509341,0.2104,2411
sona|itna|bhi,2026-09-07,2026-10-07,0.180923827941172,0,0.00012810613,0,0.0029318718953001,0.2104,2412
janmashtami|special|2026,2026-09-07,2026-10-07,0.180923827941172,0,8.264597e-05,0,0.0006090597388003,0.2104,2413
narak|lyrical|ishqnama|jai|randhhawa|shehnaaz|gill|praak,2026-09-07,2026-10-07,0.180923827941172,0,0.00012810613,0,0.0042958263158136,0.2104,2414
woh|tassavur|aalam|pyaar|akshay|kumar|kareena|kapoor,2026-09-07,2026-10-07,0.180923827941172,0,0.00012810613,0,0.0108983422414312,0.2104,2415
aayi|nai|eclipsa|audio|stree|shraddha|kapoor|rajkummar,2026-09-07,2026-10-07,0.180923827941172,0,8.264597e-05,0,0.0033839407044488,0.2104,2416
tum|jano|hum,2026-09-07,2026-10-07,0.180923827941172,0,0.00012810613,0,0.0020784688628423,0.2104,2417
lata|mangeshkar|august|special,2026-09-07,2026-10-07,0.180923827941172,0,0.00017259049,0,0.0035198474114352,0.2104,2418
shiva|karunamrutha,2026-09-07,2026-10-07,0.180923827941172,0,0.00012810613,0,0.0034572092433251,0.2104,2419
lakshmi|devi|songs|varalakshmi|vratham,2026-09-07,2026-10-07,0.180923827941172,0,0.00017259049,0,0.0035198474114352,0.2104,2420
soja|zara|anushka|shetty|prabhas|baahubali|lyrical|krishna,2026-09-07,2026-10-07,0.180923827941172,0,0.00012810613,0,0.0037136596175719,0.2104,2421
piya|atif|aslam|shreya|ghoshal|tere|naal|love,2026-09-07,2026-10-07,0.180923827941172,0,0.00012810613,0,0.0033839407044488,0.2104,2422
vrindavan|jaungi|janmashtami|radha|krishna|popular|bhajan|2026,2026-09-07,2026-10-07,0.180923827941172,0,0.00017699406,0,0.0083208542670296,0.2104,2423
ude|jab|gora|chunri,2026-09-07,2026-10-07,0.180923827941172,0,0.00012810613,0,0.0028745611766305,0.2104,2424
aye|watan|tere|liye|karma|mohammad|aziz|kavita,2026-09-07,2026-10-07,0.180923827941172,0,8.264597e-05,0,0.0096944452126526,0.2104,2425
nirimakhi|tapoi|namita|agrawal|khudurukuni|story,2026-09-07,2026-10-07,0.180923827941172,0,0.00012810613,0,0.0016486887903968,0.2104,2426
pink|dimond|house|indian|theft|auto|simulator,2026-09-07,2026-10-07,0.180923827941172,0,0.00012810613,0,0.0007707932179477,0.2104,2427
kamla|sends|hantu|hamood|hibibi|jungle,2026-09-07,2026-10-07,0.180923827941172,0,8.264597e-05,0,0.0022429264296632,0.2104,2428
best|krishna|bhajans|hare|bhajan|bangla,2026-09-07,2026-10-07,0.180923827941172,0,9.306008e-05,0,0.0011020731430002,0.2104,2429
isqe|dard|jaga|baithe,2026-09-07,2026-10-07,0.180923827941172,0,0.00012810613,0,0.0033839407044488,0.2104,2430
old|hindi|desh|bhakti|songs|august,2026-09-07,2026-10-07,0.180923827941172,0,0.00012810613,0,0.0031346593185059,0.2104,2431
mere|hamraaz|emraan|hashmi|disha|patani|hindi|romantic,2026-09-07,2026-10-07,0.180923827941172,0,8.264597e-05,0,0.0081608816582421,0.2104,2432
yeh|bandhan|toh|pyaar|shahrukh|khan|salman|kumar,2026-09-07,2026-10-07,0.180923827941172,0,0.00012810613,0,0.0024761370528801,0.2104,2433
franklin|digging|tunnel|indian|bike|driving|gta,2026-09-07,2026-10-07,0.180923827941172,0,8.264597e-05,0,0.0024262293065446,0.2104,2434
roar|rudra|power|mahadev,2026-09-07,2026-10-07,0.180923827941172,0,0.00012810613,0,0.0035796267123533,0.2104,2435
aaja|udit|alka|yagnik|akshay|kumar|sunny|deol,2026-09-07,2026-10-07,0.180923827941172,0,0.00012810613,0,0.013953841478831,0.2104,2436
amavasai|pambai|udukkai|angalamman|songs,2026-09-07,2026-10-07,0.180923827941172,0,0.00017699406,0,0.0041247932509341,0.2104,2437
subah|prarthana|morningprayer,2026-09-07,2026-10-07,0.180923827941172,0,0.0001921128,0,0.0075261119761565,0.2104,2438
aji|para|janmastami|pragnyashree|nayak|janmaastimi|special,2026-09-07,2026-10-07,0.180923827941172,0,8.264597e-05,0,0.0015539750207599,0.2104,2439
live|indian|bike|driving|game|short|shortslive|shortfeed,2026-09-07,2026-10-07,0.180923827941172,0,0.00014259738,0,0.009393463540577,0.2104,2440
shiv|chhaya|sawan|special|bhajan,2026-09-07,2026-10-07,0.180923827941172,0,0.00012810613,0,0.0030513696970065,0.2104,2441
2026|nonstop|bhojpuri|rakhi|jukebox,2026-09-07,2026-10-07,0.180923827941172,0,0.00013932977,0,0.0030123821374611,0.2104,2442
inthenemo|lyrics|laggam|sai|ronak|pragya|nagra|rajendra,2026-09-07,2026-10-07,0.180923827941172,0,0.0001646539,0,0.0030284975703128,0.2104,2443
raksha|bandhan|2026|rakhi|brm,2026-09-07,2026-10-07,0.180923827941172,0,0.00017259049,0,0.0041247932509341,0.2104,2444
teri|jagah|koi|nahi|aarzoo|khaan|emotional|hindi,2026-09-07,2026-10-07,0.180923827941172,0,8.264597e-05,0,0.0096944452126526,0.2104,2445
2026|naag|panchami|bhajan|top10,2026-09-07,2026-10-07,0.180923827941172,0,0.0001646539,0,0.0030123821374611,0.2104,2446
chain|together|live|stream|shortslive|chaintogethergame|gaminganup45,2026-09-07,2026-10-07,0.180923827941172,0,0.00014259738,0,0.0008089090382301,0.2104,2447
vande|mataram|national|india|patriotic|2026,2026-09-07,2026-10-07,0.180923827941172,0,8.264597e-05,0,0.0073015744219494,0.2104,2448
shitla|satam|special|2026|darshana|vyas|viren|prajapati,2026-09-07,2026-10-07,0.180923827941172,0,0.00017259049,0,0.0041247932509341,0.2104,2449
2026|hindi|khafaa|hai|dil|emraan|hashmi|disha,2026-09-07,2026-10-07,0.180923827941172,0,8.264597e-05,0,0.0097582342400965,0.2104,2450
teri|yaad|lyrics|ghulam|ali|bewafaa|anil|kapoor,2026-09-07,2026-10-07,0.180923827941172,0,0.00012810613,0,0.0032322753045285,0.2104,2451
khesari|lal|yadav|rani|chatarjee|viral|hit|2026,2026-09-07,2026-10-07,0.180923827941172,0,9.306008e-05,0,0.0150084502334852,0.2104,2452
bhole|baba|rooth|mat|jana|mujhe|aata|nahin,2026-09-07,2026-10-07,0.180923827941172,0,0.0001921128,0,0.0041247932509341,0.2104,2453
mahima|gauri|bholenath|richa|dixit,2026-09-07,2026-10-07,0.180923827941172,0,0.00013137485,0,0.0032322753045285,0.2104,2454
goku|strongest|gta,2026-09-07,2026-10-07,0.180923827941172,0,0.00012810613,0,0.0019014052936534,0.2104,2455
bhojpuri|devi|geet|2026|bhakti,2026-09-07,2026-10-07,0.180923827941172,0,0.00017699406,0,0.00566403407008,0.2104,2456
gladiators|ajith|kumar|theatre|reaction|celebration,2026-09-07,2026-10-07,0.180923827941172,0,0.00012810613,0,0.0019554782743388,0.2104,2457
sai|namo|namah|namalu|shiridi|baba|devotional|songs,2026-09-07,2026-10-07,0.180923827941172,0,0.00017259049,0,0.0041247932509341,0.2104,2458
case|teri|rani|ladegi|khesari|lal|yadav|neelam,2026-09-07,2026-10-07,0.180923827941172,0,8.264597e-05,0,0.0111954440763147,0.2104,2459
one|bottle|down|yoyohoneysingh,2026-09-07,2026-10-07,0.180923827941172,0,0.00012810613,0,0.0028906708809803,0.2104,2460
onam|songs|malayalam|2026|onapattukal,2026-09-07,2026-10-07,0.180923827941172,0,0.00017259049,0,0.0072352859042989,0.2103,2461
dil|zakham|khate|hain|mehar|vaani|jubin|nautiyal,2026-09-07,2026-10-07,0.180923827941172,0,0.00012810613,0,0.0035822821889831,0.2103,2462
108|apoorva|audios,2026-09-07,2026-10-07,0.180923827941172,0,0.00017259049,0,0.0041247932509341,0.2103,2463
dil|hai|rishtaa|alka|yagnik|kumar|sanu|akshay,2026-09-07,2026-10-07,0.180923827941172,0,0.00012810613,0,0.0100461915805733,0.2103,2464
2026|hindi|adhoora|ishq|yash|kiara|advani|bollywood,2026-09-07,2026-10-07,0.180923827941172,0,0.00012810613,0,0.0034862580284817,0.2103,2465
2026|dashama|geet|vrat|jaydashamaa,2026-09-07,2026-10-07,0.180923827941172,0,0.00012810613,0,0.0009408953779638,0.2103,2466
gore|rang|itna|gumaan|kar|cover|hit|romantic,2026-09-07,2026-10-07,0.180923827941172,0,0.00017259049,0,0.0072352859042989,0.2103,2467
motu|patlu|city|charpai|cheat|code|gta5|kamla,2026-09-07,2026-10-07,0.180923827941172,0,0.00014259738,0,0.0022919457203333,0.2103,2468
khesari|lal|yadav|bol|bam|2026|bhojpuri|sawan,2026-09-07,2026-10-07,0.180923827941172,0,0.00013932977,0,0.0030284975703128,0.2103,2469
hanuman|chalisa|anjaneya|bhakti|songs|telugu,2026-09-07,2026-10-07,0.180923827941172,0,0.00017259049,0,0.004694276904509,0.2103,2470
ishq|bina|taal|aishwarya|akshaye|anil|rahman|hit,2026-09-07,2026-10-07,0.180923827941172,0,0.00012810613,0,0.0025113911673913,0.2103,2471
pawan|singh|srishti|bharti|shweta|mahara|bolbam|2026,2026-09-07,2026-10-07,0.180923827941172,0,0.00012810613,0,0.0009556400858685,0.2103,2472
varalakshmi|viradham|2026|sri|mahalakshmi|108|potri|very,2026-09-07,2026-10-07,0.180923827941172,0,0.00012810613,0,0.0030123821374611,0.2103,2473
teri|mitti|kesari|akshay|kumar|parineeti|chopra|arko,2026-09-07,2026-10-07,0.180923827941172,0,0.00012810613,0,0.0021147844249039,0.2103,2474
jack|city|aaya|gaint|shinchan|indian|theft|auto,2026-09-07,2026-10-07,0.180923827941172,0,0.00012810613,0,0.0024761370528801,0.2103,2475
koli|songs|koligeete|marathi,2026-09-07,2026-10-07,0.180923827941172,0,0.00017699406,0,0.0040884450576949,0.2103,2476
bhagyada|laxmi|baramma|kannada|bhakti|geethegalu,2026-09-07,2026-10-07,0.180923827941172,0,0.00017259049,0,0.004694276904509,0.2103,2477
mahadev|moh|liya|raju|punjabi|sonu|garanpuria|haryanvi,2026-09-07,2026-10-07,0.180923827941172,0,0.00013932977,0,0.0030284975703128,0.2103,2478
chacha|ghar|chhorke|chale|gaye|indian|theft|aura,2026-09-07,2026-10-07,0.180923827941172,0,0.00012810613,0,0.0023341294133979,0.2103,2479
tere|liye|vivek|oberoi|atif|aslam|shreya|ghoshal,2026-09-07,2026-10-07,0.180923827941172,0,0.00012810613,0,0.0092943211429566,0.2103,2480
teri|dulhan|sajaoongi|barsaat|bobby|deol|priyanka|chopra,2026-09-07,2026-10-07,0.180923827941172,0,0.00012810613,0,0.01475574701328,0.2103,2481
eir|fine|original|mix,2026-09-07,2026-10-07,0.180923827941172,0,8.264597e-05,0,0.011715067665557,0.2103,2482
varamahalakshmi|bhakthigeethegalu|audio|jukebox|festival,2026-09-07,2026-10-07,0.180923827941172,0,8.264597e-05,0,0.002977421992005,0.2103,2483
main|bairagi|nachoon|gaoon|hit,2026-09-07,2026-10-07,0.180923827941172,0,0.00012810613,0,0.0010753950983707,0.2103,2484
hathi|ghoda|palki|jai|kanhaiya|lal|jeetu|sharma,2026-09-07,2026-10-07,0.180923827941172,0,8.264597e-05,0,0.0100461915805733,0.2103,2485
2026|khesari|lal|yadav|rakshabandhan|rakhi|gana,2026-09-07,2026-10-07,0.180923827941172,0,0.00017259049,0,0.0041247932509341,0.2103,2486
behna|bhai|kalai|resham|dori|1974|suman|kalyanpur,2026-09-07,2026-10-07,0.180923827941172,0,0.00012810613,0,0.0009556400858685,0.2103,2487
high|court|diler|kharkiya|fiza|choudhary|haryanvi|2026,2026-09-07,2026-10-07,0.180923827941172,0,0.00012810613,0,0.0011175190399208,0.2103,2488
tere|dur|jaane|aarzoo|khaan|emotional|hindi|sad,2026-09-07,2026-10-07,0.180923827941172,0,0.00012810613,0,0.0027949176975792,0.2103,2489
koi|kya|kare|awarapan|emraan|hashmi|disha|patani,2026-09-07,2026-10-07,0.180923827941172,0,0.00012810613,0,0.0031507798337851,0.2103,2490
top|superhit|marathi|gavlan|janmashtami|songs,2026-09-07,2026-10-07,0.180923827941172,0,0.00017699406,0,0.0076001759828665,0.2103,2491
jailer|notion|rajinikanth|nelson|mohanlal|hrithik|roshan|shiva,2026-09-07,2026-10-07,0.180923827941172,0,0.00012810613,0,0.0019014052936534,0.2103,2492
dhaagon|baandhaa|arijit|singh|raksha|bandhan|akshay|kumar,2026-09-07,2026-10-07,0.180923827941172,0,0.00012810613,0,0.0098080335360887,0.2103,2493
jalwa|tera|independence|day|special|hindustan|kasam|aye,2026-09-07,2026-10-07,0.180923827941172,0,0.00012810613,0,0.0009556400858685,0.2103,2494
2026|varalakshmi|vratham|songs|tamil|vijay|musicals,2026-09-07,2026-10-07,0.180923827941172,0,0.00012810613,0,0.0033192301612123,0.2103,2495
neelakanta|movie|jukebox|ravichandran|namitha|jhankar|music,2026-09-07,2026-10-07,0.180923827941172,0,0.0001921128,0,0.004694276904509,0.2103,2496
special|ashadam|venkateswara|songs,2026-09-07,2026-10-07,0.180923827941172,0,0.00017259049,0,0.0041247932509341,0.2103,2497
govinda|namalu|telugu|venkateswara|swamy|bhakti|songs,2026-09-07,2026-10-07,0.180923827941172,0,0.00012810613,0,0.0031346593185059,0.2103,2498
2026|aadi|amavasai|amman|songs|tamil|vijay|musicals,2026-09-07,2026-10-07,0.180923827941172,0,0.00013932977,0,0.0030123821374611,0.2103,2499
jivantika|maa|vrat|katha|varta|aarti|thal|sathe,2026-09-07,2026-10-07,0.180923827941172,0,0.00017259049,0,0.0041247932509341,0.2103,2500
onam|mood|malayalam|lyrical|sahasam|fejo|ramzan|gouri,2026-09-07,2026-10-07,0.180923827941172,0,0.00012810613,0,0.0011020731430002,0.2103,2501
ashish|yadav|kajal|raghwani|khushi|kakkar|chata|othlali,2026-09-07,2026-10-07,0.180923827941172,0,0.00012810613,0,0.0010097821489814,0.2103,2502
jivantika|maa|thal|2026|nidhi|khara|kirtan,2026-09-07,2026-10-07,0.180923827941172,0,0.00015051932,0,0.0030284975703128,0.2103,2503
banshidhar|chaudhry|raksha|bandhan|maithili,2026-09-07,2026-10-07,0.180923827941172,0,0.00012810613,0,0.0030284975703128,0.2103,2504
gta|live|crazy|sunil|ep62|shortslive|shortsfeed|gta5,2026-09-07,2026-10-07,0.180923827941172,0,0.00014259738,0,0.0092266051484178,0.2103,2505
gta|live|crazy|sunil|ep60|shortslive|shortsfeed|gta5,2026-09-07,2026-10-07,0.180923827941172,0,0.00014259738,0,0.0035128668428907,0.2103,2506
venkanna|divya|charitra|venkateswara|swamy|songs|folk|bhakti,2026-09-07,2026-10-07,0.180923827941172,0,0.00017259049,0,0.0040884450576949,0.2103,2507
krishna|jeyanthi|special|songs|tamil|devotional|gokulashtami|saregama,2026-09-07,2026-10-07,0.180923827941172,0,0.00012810613,0,0.0122433789573469,0.2103,2508
mere|desh|premiyon|premee|amitabh|bachchan|15august,2026-09-07,2026-10-07,0.180923827941172,0,0.00012810613,0,0.0030934141227398,0.2103,2509
mera|dhol|kuye|latke|krishan|chauhan|isha|khanna,2026-09-07,2026-10-07,0.180923827941172,0,0.00014259738,0,0.0031507798337851,0.2103,2510
gyi|shyam|deewani|log|mujhe|tane|mare,2026-09-07,2026-10-07,0.180923827941172,0,0.0001921128,0,0.0041247932509341,0.2103,2511
nachaib|hathiyar,2026-09-07,2026-10-07,0.180923827941172,0,0.00014259738,0,0.0023280248823395,0.2103,2512
ghoonghat|mein|chand|hoga|kumar|sanu|kavita|krishnamurthy,2026-09-07,2026-10-07,0.180923827941172,0,0.00012810613,0,0.0034862580284817,0.2103,2513
jana|gana|mana|national|anthem|desh|bhakti|rashtriya,2026-09-07,2026-10-07,0.180923827941172,0,0.00012810613,0,0.0095406892092752,0.2103,2514
tum|kya|mile|lyrical|rocky|aur|rani|kii,2026-09-07,2026-10-07,0.180923827941172,0,0.00012810613,0,0.0195476521668279,0.2103,2515
tamil|love|songs|2026|best|romantic|melodies|deva,2026-09-07,2026-10-07,0.180923827941172,0,0.00017259049,0,0.0058886497789105,0.2103,2516
nobita|birth|death|age|100|shinchan,2026-09-07,2026-10-07,0.180923827941172,0,0.00012810613,0,0.002977421992005,0.2103,2517
phir|bhi|tumko|chaahunga,2026-09-07,2026-10-07,0.180923827941172,0,0.00014259738,0,0.008822629357828,0.2103,2518
ganga|dharaya|shiv|har|bhole|namah|shivaya,2026-09-07,2026-10-07,0.180923827941172,0,0.0001646539,0,0.0034572092433251,0.2103,2519
modified|mahindra|thar|car|games|indian|cars|gadi,2026-09-07,2026-10-07,0.180923827941172,0,0.00012810613,0,0.0024761370528801,0.2103,2520
jabse|pakda|hai|daman|tumhara|jindagi|muskurane|lagi,2026-09-07,2026-10-07,0.180923827941172,0,0.00018327865,0,0.0035198474114352,0.2103,2521
china|town|songs|aashiqui|mein|teri|himesh|reshammiya,2026-09-07,2026-10-07,0.180923827941172,0,0.00012810613,0,0.0118110921493398,0.2103,2522
gajab|kar|dala|mere|kanha,2026-09-07,2026-10-07,0.180923827941172,0,0.00014259738,0,0.0037414458371497,0.2103,2523
gajab|kar|dala|mere|bhole,2026-09-07,2026-10-07,0.180923827941172,0,0.00018327865,0,0.0035198474114352,0.2103,2524
mint|masoom|sharma|manjeet|mor|nidhi|negi|haryanvi,2026-09-07,2026-10-07,0.180923827941172,0,0.00012810613,0,0.0017992693194315,0.2103,2525
kar|chale|hum|fida,2026-09-07,2026-10-07,0.180923827941172,0,0.00012810613,0,0.0030284975703128,0.2103,2526
franklin|save|little|train|eater|monster|cho|charles,2026-09-07,2026-10-07,0.180923827941172,0,0.00012810613,0,0.0037618721056984,0.2102,2527
teri|ore|audio|singh|kinng|akshay|katrina|rahat,2026-09-07,2026-10-07,0.180923827941172,0,0.00012810613,0,0.0037618721056984,0.2102,2528
most|popular|shree|radhe|krishna|bhajan|janmashtami|bhajans,2026-09-07,2026-10-07,0.180923827941172,0,0.0001646539,0,0.0051451854288846,0.2102,2529
nonstop|nirgun|bhajan|chetawani|2026,2026-09-07,2026-10-07,0.180923827941172,0,0.00012810613,0,0.0035963755826398,0.2102,2530
gokula|krishna|gokulamlo|seetha|pawan|kalyan|raasi|spb,2026-09-07,2026-10-07,0.180923827941172,0,0.00012810613,0,0.0072088464041463,0.2102,2531
onam|songs|malayalam|2026|onamsong2026|onamspecial,2026-09-07,2026-10-07,0.180923827941172,0,0.00012810613,0,0.0035374006437208,0.2102,2532
2026|bhojpuri|sohar|geet|most|popular,2026-09-07,2026-10-07,0.180923827941172,0,0.00012810613,0,0.0030123821374611,0.2102,2533
gora|tera|ghar|aangan|pholon|mahakta|hai,2026-09-07,2026-10-07,0.180923827941172,0,0.00015509044,0,0.0035963755826398,0.2102,2534
sakhi|sab|gaveli|sohar|krishna|janmashtami|special,2026-09-07,2026-10-07,0.180923827941172,0,8.264597e-05,0,0.0075697232996047,0.2102,2535
gela|dil|aitraaz|kareena|akshay|kumar|adnan|sami,2026-09-07,2026-10-07,0.180923827941172,0,0.00012810613,0,0.0024796717965249,0.2102,2536
malaiyanooramma|amavaasai|amman|aadi,2026-09-07,2026-10-07,0.180923827941172,0,0.00017259049,0,0.0066884656143824,0.2102,2537
onam|songs|2026|malayalam|thiruvonam,2026-09-07,2026-10-07,0.180923827941172,0,0.00012810613,0,0.005247421165924,0.2102,2538
happy|birthday|kanha|krishna|special|janmashtami,2026-09-07,2026-10-07,0.180923827941172,0,0.00012810613,0,0.0022429264296632,0.2102,2539
power|push|rock,2026-09-07,2026-10-07,0.180923827941172,0,0.00012810613,0,0.0014226029092493,0.2102,2540
shankarala|majha|avadte|belache|paan|mahadevachi|gani|shiv,2026-09-07,2026-10-07,0.180923827941172,0,0.00017259049,0,0.0042942748954896,0.2102,2541
aaj|kisne|kiya|shringar|bhole,2026-09-07,2026-10-07,0.180923827941172,0,0.00015509044,0,0.0047873809602911,0.2102,2542
naam|hai|tera|lyrical|himesh|reshammiya|aap|kaa,2026-09-07,2026-10-07,0.180923827941172,0,0.00012810613,0,0.0057027527083635,0.2102,2543
kisi|tum|pyaar|karo|evergreen|bollywood|love|andaaz,2026-09-07,2026-10-07,0.180923827941172,0,0.00012810613,0,0.0050719955063054,0.2102,2544
motu|patlu|city|india|charpai|cheat|code|gta5,2026-09-07,2026-10-07,0.180923827941172,0,0.00014259738,0,0.004300678107417,0.2102,2545
motu|patlu|city|flying|charpai|cheat|code|gta5,2026-09-07,2026-10-07,0.180923827941172,0,0.00014259738,0,0.0030411753731083,0.2102,2546
franklin|shinchan|hide|many|bikes|inside|house|indian,2026-09-07,2026-10-07,0.180923827941172,0,0.00012810613,0,0.0022429264296632,0.2102,2547
franklin|shinchan|found|giant|chacha|indian|theft|auto,2026-09-07,2026-10-07,0.180923827941172,0,8.264597e-05,0,0.0054790474151889,0.2102,2548
60s|classic|sad|songs|old|bollywood|hits,2026-09-07,2026-10-07,0.180923827941172,0,0.00012810613,0,0.0019515348065221,0.2102,2549
80th|independence|day|special|jukebox|patriotic|songs|desh,2026-09-07,2026-10-07,0.180923827941172,0,0.00012810613,0,0.0014618225242969,0.2102,2550
varalakshmi|viratham|amman|songs,2026-09-07,2026-10-07,0.180923827941172,0,0.00018327865,0,0.0047873809602911,0.2102,2551
franklin|found|tiny|lava|indian|bike|driving|city,2026-09-07,2026-10-07,0.180923827941172,0,0.00012810613,0,0.0027356141508036,0.2102,2552
ankush|raja|bol|bam|shilpi|raj|bolbam|sawan,2026-09-07,2026-10-07,0.180923827941172,0,0.00012810613,0,0.0035374006437208,0.2102,2553
aao|mahadev|mori|nagri|sang|mein|lao|gauri,2026-09-07,2026-10-07,0.180923827941172,0,0.00018327865,0,0.0052809597170322,0.2102,2554
aadi|velli|powerful|amman|bakthi|padalgal|jaya|jagadeeswari,2026-09-07,2026-10-07,0.180923827941172,0,0.00013932977,0,0.0035963755826398,0.2102,2555
aadi|pooram|amman|songs,2026-09-07,2026-10-07,0.180923827941172,0,0.00013932977,0,0.0035963755826398,0.2102,2556
tamil|kuthu|collections,2026-09-07,2026-10-07,0.180923827941172,0,0.00013932977,0,0.0038019449161277,0.2102,2557
independence|day|special|audio|jukebox|hindi|patriotic|songs,2026-09-07,2026-10-07,0.180923827941172,0,0.00012810613,0,0.0042460666094367,0.2102,2558
independence|day|special|2026|jan|gan|man|national,2026-09-07,2026-10-07,0.180923827941172,0,0.00012810613,0,0.0027949176975792,0.2102,2559
all|time|hit|songs|old|gold,2026-09-07,2026-10-07,0.180923827941172,0,0.00017699406,0,0.0060533008942194,0.2102,2560
yeh|dil|aashiqana|lyrical|kumar|sanu|alka|yagnik,2026-09-07,2026-10-07,0.180923827941172,0,0.00012810613,0,0.011484429209645,0.2102,2561
yeh|bandhan|toh|pyaar|hai|shahrukh|khan|salman,2026-09-07,2026-10-07,0.180923827941172,0,0.00013932977,0,0.0035963755826398,0.2102,2562
lord|ganesha|mantra|remove|your|negative|energy|ganeshchaturthi,2026-09-07,2026-10-07,0.180923827941172,0,0.00017259049,0,0.0056898495889047,0.2102,2563
aga|parvati|kuthun|aanali|mati|ghadvila|ganpati|songs,2026-09-07,2026-10-07,0.180923827941172,0,0.00015051932,0,0.0030284975703128,0.2102,2564
nahin|hona|tha|lekin|gaya|hai|mujhe|pyaar,2026-09-07,2026-10-07,0.180923827941172,0,0.00012810613,0,0.0047511975249144,0.2102,2565
nagula|panchami|special|bhakti|songs,2026-09-07,2026-10-07,0.180923827941172,0,0.00013932977,0,0.0035963755826398,0.2102,2566
bol|kanhaiya|krishna|bhajan|jail|mein|janm|liya,2026-09-07,2026-10-07,0.180923827941172,0,9.306008e-05,0,0.0135909942942597,0.2102,2567
gta|live|mod|activated|gtalive|gtaonline,2026-09-07,2026-10-07,0.180923827941172,0,0.00014259738,0,0.008822629357828,0.2102,2568
mere|humsafar,2026-09-07,2026-10-07,0.180923827941172,0,0.00014259738,0,0.0122140221061975,0.2102,2569
old|gold|mere|dil|chain|lag|gale|phir,2026-09-07,2026-10-07,0.180923827941172,0,0.0001646539,0,0.0035963755826398,0.2102,2570
aadi|pooram|2026|special|samayapuram|mariamman|songs,2026-09-07,2026-10-07,0.180923827941172,0,0.00014288483,0,0.0035963755826398,0.2102,2571
eyr|mercy|original|music,2026-09-07,2026-10-07,0.180923827941172,0,0.00012810613,0,0.0155725691639551,0.2102,2572
mangalagaur|nach|ghuma|ghagar|ghumu|shravan|special|2026,2026-09-07,2026-10-07,0.180923827941172,0,0.00017259049,0,0.0051451854288846,0.2102,2573
bhagyada|laxmi|baramma|kannada|sravana|masam|songs,2026-09-07,2026-10-07,0.180923827941172,0,0.00012810613,0,0.0035441652538709,0.2102,2574
khatu|shyam|bhajan|pitram|sharma|sunil|2026,2026-09-07,2026-10-07,0.180923827941172,0,0.00012810613,0,0.0045529762620113,0.2102,2575
khudurukuni|osha|bahi|gita|mansi|patra|debajani|singh,2026-09-07,2026-10-07,0.180923827941172,0,0.00012810613,0,0.0035374006437208,0.2102,2576
rakshabandhan|katha|pal,2026-09-07,2026-10-07,0.180923827941172,0,0.00012810613,0,0.0044936213058522,0.2102,2577
varalaxmi|vratham|special|lakshmi|devi|songs|telugu|laxmi,2026-09-07,2026-10-07,0.180923827941172,0,0.00012810613,0,0.0052640581362365,0.2102,2578
hum|laika|bihar,2026-09-07,2026-10-07,0.180923827941172,0,0.00012810613,0,0.0010753950983707,0.2102,2579
sawan|bhajan|gora|ruth|gayi|pihar|chali|shiv,2026-09-07,2026-10-07,0.180923827941172,0,0.00017259049,0,0.0056898495889047,0.2102,2580
varalakshmi|vratham|special|songs,2026-09-07,2026-10-07,0.180923827941172,0,8.264597e-05,0,0.0037918109130906,0.2102,2581
raksha|bandhan|2026|rakhi|songs,2026-09-07,2026-10-07,0.180923827941172,0,0.00013932977,0,0.0030123821374611,0.2102,2582
jack|aur|shinchan|mila|green|diamond|house|indian,2026-09-07,2026-10-07,0.180923827941172,0,0.00012810613,0,0.0019014052936534,0.2102,2583
vaadi|pottapulla|veliye|60fps|vadivelu|deva|vaali,2026-09-07,2026-10-07,0.180923827941172,0,0.00012810613,0,0.003260257878901,0.2102,2584
kehu|talla|dutalla|makaniye|nik|movie,2026-09-07,2026-10-07,0.180923827941172,0,9.306008e-05,0,0.0009556400858685,0.2102,2585
baba|niddura|levayya|telugu|sai|devotional|songs,2026-09-07,2026-10-07,0.180923827941172,0,0.00017259049,0,0.0060533008942194,0.2102,2586
green|dimond|house|indian|theft|auto|simulator,2026-09-07,2026-10-07,0.180923827941172,0,0.00012810613,0,0.0039470919716343,0.2102,2587
janmashtami|special|top|krishna|bhajans|nonstop|bhakti|songs,2026-09-07,2026-10-07,0.180923827941172,0,8.264597e-05,0,0.0131214397759004,0.2102,2588
sata|bhaire|mun|gotie|bhauni|namita|agrawal,2026-09-07,2026-10-07,0.180923827941172,0,0.00012810613,0,0.0014226029092493,0.2102,2589
jana|gana|mana|national|anthem|lyrics|best|patriotic,2026-09-07,2026-10-07,0.180923827941172,0,0.00012810613,0,0.002968201554075,0.2102,2590
radha|krishan|janmashtami|bhajan,2026-09-07,2026-10-07,0.180923827941172,0,0.00012810613,0,0.012688196739463,0.2102,2591
janewale|henna|1991|rishi|kapoor|zeba|bakhtiar|suresh,2026-09-07,2026-10-07,0.180923827941172,0,0.00012810613,0,0.0044936213058522,0.2102,2592
devghar|banal|rajdhani|pawan|singh|bhojpuri|bolbam|2026,2026-09-07,2026-10-07,0.180923827941172,0,0.00012810613,0,0.0030513696970065,0.2102,2593
top|krishna|bhakti|songs|evergreen|marathi|gavlani,2026-09-07,2026-10-07,0.180923827941172,0,0.00017699406,0,0.0066884656143824,0.2102,2594
sayamkala|lakshmi|harathi,2026-09-07,2026-10-07,0.180923827941172,0,0.00017259049,0,0.0056898495889047,0.2102,2595
friday|varalakshmi|vratham|2026|goddess|ashtalakshmi|bhakthi|padalgal,2026-09-07,2026-10-07,0.180923827941172,0,0.00012810613,0,0.002129391039945,0.2102,2596
monsters|friend|scammed,2026-09-07,2026-10-07,0.180923827941172,0,0.00014259738,0,0.0013444293295445,0.2102,2597
woh|tassavur|aalam|lyrical|pyaar|udit|alka|aitraaz,2026-09-07,2026-10-07,0.180923827941172,0,0.00012810613,0,0.0123637120199061,0.2102,2598
sravana|sukravaram|sowbhagya|lakshmi|ravamma,2026-09-07,2026-10-07,0.180923827941172,0,0.00013932977,0,0.0045891412811677,0.2102,2599
aaye|meri|zindagi|mein|male|raja|hindustani|udit,2026-09-07,2026-10-07,0.180923827941172,0,0.0001646539,0,0.0035963755826398,0.2102,2600
aaye|meri|zindagi|mein|tum|bahar|banke|udit,2026-09-07,2026-10-07,0.180923827941172,0,0.00012810613,0,0.0132289288443919,0.2102,2601
sunderkand,2026-09-07,2026-10-07,0.180923827941172,0,0.00012810613,0,0.0052546786733336,0.2102,2602
govinda|namalu|srinivasa|sri|venkatesa|bhakthi|live|veda,2026-09-07,2026-10-07,0.180923827941172,0,0.0001921128,0,0.0060533008942194,0.2102,2603
sowbhagya|lakshmi|ravamma|sravana|masam|2026,2026-09-07,2026-10-07,0.180923827941172,0,0.00012810613,0,0.0032873873329403,0.2102,2604
shiva|folk|songs|telugu|telangana|devotional,2026-09-07,2026-10-07,0.180923827941172,0,0.00017259049,0,0.0060533008942194,0.2102,2605
sai|namo|namah|sravana|guruvaram|shirdi|bhakti|songs,2026-09-07,2026-10-07,0.180923827941172,0,0.0001921128,0,0.0060533008942194,0.2102,2606
big|breaking|imran|khan|live|pakistan|adiala|jail,2026-09-07,2026-10-07,0.180923827941172,0,0.00014259738,0,0.0023706868184936,0.2102,2607
sri|lalitha|sahasranama|stotram|friday|special|sahasranamam,2026-09-07,2026-10-07,0.180923827941172,0,0.00013932977,0,0.0047873809602911,0.2102,2608
sri|mahalakshmi|suprabhatha|kannada|varamahalakshmi|vratham|special|2026,2026-09-07,2026-10-07,0.180923827941172,0,0.00012810613,0,0.0045465715056848,0.2102,2609
purchase|army|big|wheel|aeroplane|delivery|indian|theft,2026-09-07,2026-10-07,0.180923827941172,0,0.00012810613,0,0.011484429209645,0.2102,2610
90s|old|hindi|songs|evergreen|bollywood|hits|audio,2026-09-07,2026-10-07,0.180923827941172,0,8.264597e-05,0,0.0077665022533112,0.2102,2611
aadi|amavasya|amman|songs,2026-09-07,2026-10-07,0.180923827941172,0,0.00012810613,0,0.0030284975703128,0.2102,2612
top|powerful|shiv|bhajan|bholenath|2026,2026-09-07,2026-10-07,0.180923827941172,0,0.00016000726,0,0.0035802365470282,0.2102,2613
ovalu|aarti|madan|gopala|shri|krishna,2026-09-07,2026-10-07,0.180923827941172,0,0.00013137485,0,0.0035374006437208,0.2102,2614
2026,2026-09-07,2026-10-07,0.180923827941172,0,0.00012810613,0,0.0022429264296632,0.2102,2615
2026|hindi|raat|lambi|emraan|hashmi|disha|patani,2026-09-07,2026-10-07,0.180923827941172,0,0.00012810613,0,0.0036917690651262,0.2102,2616
2026|hindi|mohabbat|gunaah|hai|yash|tara|sutaria,2026-09-07,2026-10-07,0.180923827941172,0,0.00012810613,0,0.0048395146192566,0.2102,2617
2026|hindi|mohabbat|hui|hai|yash|kiara|advani,2026-09-07,2026-10-07,0.180923827941172,0,0.00012810613,0,0.0044787421913086,0.2102,2618
2026|hindi|tanhayi|reh|gayi|yash|kiara|advani,2026-09-07,2026-10-07,0.180923827941172,0,0.00012810613,0,0.0016662618135678,0.2101,2619
2026|hindi|maaf|kar|dil|emraan|hashmi|harnaaz,2026-09-07,2026-10-07,0.180923827941172,0,0.00012810613,0,0.0016662618135678,0.2101,2620
2026|aaja|teri|yaad|aati|hai|90s|romantic,2026-09-07,2026-10-07,0.180923827941172,0,0.00012810613,0,0.0154037228479503,0.2101,2621
2026|hindi|dil|haar|gaya|yash|kiara|advani,2026-09-07,2026-10-07,0.180923827941172,0,0.00012810613,0,0.0057027527083635,0.2101,2622
dil|laga|liya|maine|lyrical|alka|yagnik|udit,2026-09-07,2026-10-07,0.180923827941172,0,0.00012810613,0,0.005202174278097,0.2101,2623
dil|jala|hay,2026-09-07,2026-10-07,0.180923827941172,0,0.00014259738,0,0.0149682219517583,0.2101,2624
kanchan|joshi|sarla|gandharw|aage|hareli|tihar|chhattisgarhi,2026-09-07,2026-10-07,0.180923827941172,0,0.00018327865,0,0.0051706002870416,0.2101,2625
kabhi|shaam|dhale|evergreen|romantic|hindi|old|gold,2026-09-07,2026-10-07,0.180923827941172,0,0.00012810613,0,0.0045579447659166,0.2101,2626
savan|special|kashi|vasi|power|star|pawansingh|shilpi,2026-09-07,2026-10-07,0.180923827941172,0,0.00012810613,0,0.0047826636891129,0.2101,2627
pardesi|alka|yagnik|udit|narayan|aamir|khan|karisma,2026-09-07,2026-10-07,0.180923827941172,0,8.264597e-05,0,0.0072088464041463,0.2101,2628
old|gold,2026-09-07,2026-10-07,0.180923827941172,0,0.00013932977,0,0.0049515678469594,0.2101,2629
jadoo|jhappi|abhi|mika|singh|neha|kakkar|ramaiya,2026-09-07,2026-10-07,0.180923827941172,0,0.00012810613,0,0.0030985367116905,0.2101,2630
saajan|aishwarya|rai|arjun|rampal|kumar|sanu|alka,2026-09-07,2026-10-07,0.180923827941172,0,0.00012810613,0,0.0028485418269156,0.2101,2631
mere|rashke|qamar|mehar|vaani|hrithik|roshan|sonam,2026-09-07,2026-10-07,0.180923827941172,0,0.00012810613,0,0.0048790763825582,0.2101,2632
kekai|tune|bura|kiya|mere|ram|juda,2026-09-07,2026-10-07,0.180923827941172,0,0.00012810613,0,0.004003502400751,0.2101,2633
kamalada|mogadole|lakshmi|devi|songs|varalakshmi|vratha,2026-09-07,2026-10-07,0.180923827941172,0,0.00012810613,0,0.0019515348065221,0.2101,2634
green|jack|gang|blue|diamond|indian|thefi|auto,2026-09-07,2026-10-07,0.180923827941172,0,0.00012810613,0,0.0046576843611338,0.2101,2635
top|krishna|bhajan|gujarati|kanuda|geet,2026-09-07,2026-10-07,0.180923827941172,0,8.264597e-05,0,0.0039357677190756,0.2101,2636
ganpati|atharvashirsha|times,2026-09-07,2026-10-07,0.180923827941172,0,0.00017259049,0,0.0056646646720782,0.2101,2637
pramod|premi|fariyale|kanishka|bhojpuri|2026,2026-09-07,2026-10-07,0.180923827941172,0,0.00012810613,0,0.0014618225242969,0.2101,2638
franklin|shinchan|robot|hulk|zombies|gang|fight|challenge,2026-09-07,2026-10-07,0.180923827941172,0,0.00012810613,0,0.0009556400858685,0.2101,2639
charles|monster|train|ajaykhutail|shortslive|chaintogethergame,2026-09-07,2026-10-07,0.180923827941172,0,0.00014259738,0,0.0041885471311376,0.2101,2640
franklin|found|missing|ironman|body|parts|attacked|hulk,2026-09-07,2026-10-07,0.180923827941172,0,0.00012810613,0,0.011484429209645,0.2101,2641
franklin|found|longest|rail|monster|head|indian|bike,2026-09-07,2026-10-07,0.180923827941172,0,0.00012810613,0,0.0038719306299725,0.2101,2642
franklin|house|stuck|giant|tsunami|indian|bike|driving,2026-09-07,2026-10-07,0.180923827941172,0,0.00012810613,0,0.0019293982385305,0.2101,2643
bhaktiteluguone,2026-09-07,2026-10-07,0.180923827941172,0,0.00017699406,0,0.010426099092394,0.2101,2644
most|popular|bhojpuri|sohar|geet|2026,2026-09-07,2026-10-07,0.180923827941172,0,0.00012810613,0,0.0044100253105604,0.2101,2645
gta|live|100|cars|train,2026-09-07,2026-10-07,0.180923827941172,0,0.00014259738,0,0.0016896313627682,0.2101,2646
meri|laila|majnu|jyotica|tangri|avinash|tiwary|tripti,2026-09-07,2026-10-07,0.180923827941172,0,0.00012810613,0,0.0034019815717698,0.2101,2647
gta|live|train|100|luxury|cars|chaos|crashes,2026-09-07,2026-10-07,0.180923827941172,0,0.00014259738,0,0.0043713722659388,0.2101,2648
raksha|bandhan,2026-09-07,2026-10-07,0.180923827941172,0,0.00012810613,0,0.0031032179015419,0.2101,2649
franklin|shinchan|found|giant|jack|indian|theft|auto,2026-09-07,2026-10-07,0.180923827941172,0,0.00012810613,0,0.0021562333521888,0.2101,2650
franklin|found|secret|door|swimming|pool|indian|bike,2026-09-07,2026-10-07,0.180923827941172,0,0.00012810613,0,0.0049515678469594,0.2101,2651
aga|parvati|kuthun|anali|mati|ghadavila|ganpati,2026-09-07,2026-10-07,0.180923827941172,0,0.0001921128,0,0.0065698597546797,0.2101,2652
found|scariest|shin|thomas|arrival|minecraft,2026-09-07,2026-10-07,0.180923827941172,0,0.00013932977,0,0.0049515678469594,0.2101,2653
yeh|bandhan|toh|karan|arjun|shahrukh|khan|salman,2026-09-07,2026-10-07,0.180923827941172,0,0.00012810613,0,0.012944229057429,0.2101,2654
audio|bol|bam|nonstop|2026|pramod|premi|yadav,2026-09-07,2026-10-07,0.180923827941172,0,0.0001646539,0,0.0055587446397301,0.2101,2655
ankush|raja|shilpi|raj|bhojpuri|hit|2026,2026-09-07,2026-10-07,0.180923827941172,0,0.00012810613,0,0.0158216600817452,0.2101,2656
anjalibhardwaj|kahwa|janme|viral|sohar|geet|2026,2026-09-07,2026-10-07,0.180923827941172,0,0.00012810613,0,0.0031890448875962,0.2101,2657
desh|bhakti|songs|independence|day,2026-09-07,2026-10-07,0.180923827941172,0,0.00012810613,0,0.0051289601381468,0.2101,2658
khesari|lal|yadav|shilpi|raj|belpata|bolbam,2026-09-07,2026-10-07,0.180923827941172,0,0.00016885503,0,0.0040460127846143,0.2101,2659
tuntun|yadav|dedi|nathuniya|sonar|bhojpuri,2026-09-07,2026-10-07,0.180923827941172,0,0.00012810613,0,0.0040689449336891,0.2101,2660
you|beautiful|reason|romantic|love|duet|emotional|ballad,2026-09-07,2026-10-07,0.180923827941172,0,0.00012810613,0,0.0174515678457412,0.2101,2661
live|lingashtakam|telugu|sumantv,2026-09-07,2026-10-07,0.180923827941172,0,0.00012810613,0,0.0044100253105604,0.2101,2662
all|monsters|big|small|downhill|jump|mommyll|car,2026-09-07,2026-10-07,0.180923827941172,0,0.00012810613,0,0.0117066729684592,0.2101,2663
august|special|independence|day|songs,2026-09-07,2026-10-07,0.180923827941172,0,0.00012810613,0,0.0014618225242969,0.2101,2664
raksha|bandhan|album|akshay|kumar|bhumi|pednekar|himesh,2026-09-07,2026-10-07,0.180923827941172,0,8.264597e-05,0,0.0009556400858685,0.2101,2665
tere|ishq|mein|naachenge|aamir|khan|karisma|kumar,2026-09-07,2026-10-07,0.180923827941172,0,0.00012810613,0,0.001851918896051,0.2101,2666
sawan|bhajan|bholenath,2026-09-07,2026-10-07,0.180923827941172,0,0.0001646539,0,0.0049515678469594,0.2101,2667
varalakshmi|vratham|special|songs|lakshmi|sahasranamam|kannada,2026-09-07,2026-10-07,0.180923827941172,0,0.00012810613,0,0.0048645020472619,0.2101,2668
love|india|pardes|shankar|mahadevan|hariharan|kavita|krishnamurthy,2026-09-07,2026-10-07,0.180923827941172,0,0.00012810613,0,0.0031613988551065,0.2101,2669
tere|mere|beech|mein|kaisa|hai|yeh|bandhan,2026-09-07,2026-10-07,0.180923827941172,0,0.00012810613,0,0.012944229057429,0.2101,2670
main|tujhse|aise|milun|judaai|anil|kapoor|urmila,2026-09-07,2026-10-07,0.180923827941172,0,0.00012810613,0,0.0161233976331614,0.2101,2671
nag|panchami|marathi,2026-09-07,2026-10-07,0.180923827941172,0,0.00012810613,0,0.0044922660563586,0.2101,2672
ved|banun|lavlay|mala,2026-09-07,2026-10-07,0.180923827941172,0,0.00014259738,0,0.0037528122774445,0.2101,2673
kavita|jha|radha|kaha|jalu|janmashtami|special|2026,2026-09-07,2026-10-07,0.180923827941172,0,0.00012810613,0,0.0040460127846143,0.2101,2674
pawan|singh|chandani|gaura|has|bhojpuri|bolbam,2026-09-07,2026-10-07,0.180923827941172,0,0.00012810613,0,0.0019293982385305,0.2101,2675
saari|raat|teri|yaad|emraan|hashmi|footpath|udit,2026-09-07,2026-10-07,0.180923827941172,0,0.00012810613,0,0.0034449394758323,0.2101,2676
saajan|lyrical|dil|rishta|alka|yagnik|kumar|sanu,2026-09-07,2026-10-07,0.180923827941172,0,0.00012810613,0,0.0034922995825635,0.2101,2677
teri|mand|muskaniya|balihar|sanware|krishna|bhajan,2026-09-07,2026-10-07,0.180923827941172,0,0.00012810613,0,0.0044494666138153,0.2101,2678
malaysia|vasudevan|evergreen|hits,2026-09-07,2026-10-07,0.180923827941172,0,0.00012810613,0,0.0019293982385305,0.2101,2679
malayalam|onam|songs|2026|best|selected|hits,2026-09-07,2026-10-07,0.180923827941172,0,8.264597e-05,0,0.0029750731695958,0.2101,2680
hariyali|teej|shiv|bhajan,2026-09-07,2026-10-07,0.180923827941172,0,0.00012810613,0,0.0049009125586894,0.2101,2681
chilam|sutte|raj|mawar|aman|jaji|harsh|gahlot,2026-09-07,2026-10-07,0.180923827941172,0,0.00012810613,0,0.0029951805992012,0.2101,2682
yash|kumar|shilpi|raj|trishakar|madhu|kamar|dhake,2026-09-07,2026-10-07,0.180923827941172,0,0.00012810613,0,0.0149123983939996,0.2101,2683
jai|shiv|bhola|bhandhari|lakhbir|singh|lakkha|2026,2026-09-07,2026-10-07,0.180923827941172,0,0.00013932977,0,0.0070951481531924,0.2101,2684
krishna|janmashtami|radha|bhajan|brm,2026-09-07,2026-10-07,0.180923827941172,0,0.00012810613,0,0.0041293471106456,0.2101,2685
shiva|lingam|divine|prayer|karpur|gauram|karunavtaram|sawan,2026-09-07,2026-10-07,0.180923827941172,0,0.00013932977,0,0.0040460127846143,0.2101,2686
baras|tujhe|dharti|rani|patriotic|mahendra|kapoor|manoj,2026-09-07,2026-10-07,0.180923827941172,0,0.00012810613,0,0.0039357677190756,0.2101,2687
kaka|kale|libaas|lyrical|ginni|kapoor|punjabi|songs,2026-09-07,2026-10-07,0.180923827941172,0,0.00012810613,0,0.0040460127846143,0.2101,2688
shinchan|nobita|found|giant|city|indian|theft|auto,2026-09-07,2026-10-07,0.180923827941172,0,0.00012810613,0,0.0049153691588245,0.2101,2689
punjabi|songs|2026|relation|bukka|jatt|syphr|latest,2026-09-07,2026-10-07,0.180923827941172,0,8.264597e-05,0,0.005202174278097,0.2101,2690
gladiators|celebration|rohini|theatre|response|thala,2026-09-07,2026-10-07,0.180923827941172,0,8.264597e-05,0,0.0044100253105604,0.2101,2691
raat|ruko|bhole|savere|chale|jana|abhi|hamne,2026-09-07,2026-10-07,0.180923827941172,0,0.00014259738,0,0.0021064746283043,0.2101,2692
toxic|hindi|release|time|announcement|2026|rocking|star,2026-09-07,2026-10-07,0.180923827941172,0,0.00012810613,0,0.0030954311220887,0.2101,2693
arijit|singh|teri|meri|kahaani|akshay|kumar|kareena,2026-09-07,2026-10-07,0.180923827941172,0,0.00012810613,0,0.0028236854912129,0.2101,2694
2026|hindi|musafir|shahid|kapoor|kriti|sanon,2026-09-07,2026-10-07,0.180923827941172,0,0.00012810613,0,0.0057027527083635,0.2101,2695
govinda|namalu|telugu|saturday|special|venkateswara|swamy|songs,2026-09-07,2026-10-07,0.180923827941172,0,0.00012810613,0,0.0049089584397857,0.2101,2696
barsaat|mausam|mein|lyrical|naseeruddin|shah|kumar|sanu,2026-09-07,2026-10-07,0.180923827941172,0,0.00012810613,0,0.0036188971649469,0.2101,2697
ankush|raja|raksha|bandhan|2026,2026-09-07,2026-10-07,0.180923827941172,0,0.00012810613,0,0.0033272397451565,0.2101,2698
lehanga|utha|dem|remote|vinod|rathod|bhojpuri|series,2026-09-07,2026-10-07,0.180923827941172,0,8.264597e-05,0,0.0047954519091817,0.2101,2699
special|2026|janmashtami|badhai|geet|krishan,2026-09-07,2026-10-07,0.180923827941172,0,8.264597e-05,0,0.0009556400858685,0.2101,2700
nonstop|hariyali|teej|2026|geet,2026-09-07,2026-10-07,0.180923827941172,0,0.00012810613,0,0.0040460127846143,0.2101,2701
nobita|living|bird|life|age|100,2026-09-07,2026-10-07,0.180923827941172,0,0.00014259738,0,0.0049515678469594,0.2101,2702
krishna|janmashtami|special|2026|bhajan,2026-09-07,2026-10-07,0.180923827941172,0,0.00012810613,0,0.0032652993908904,0.2101,2703
krishna|gavlani,2026-09-07,2026-10-07,0.180923827941172,0,0.00017259049,0,0.0072100012894271,0.2101,2704
krishna|janmashtami|2026|devendra|pathak|sohar|geet,2026-09-07,2026-10-07,0.180923827941172,0,9.306008e-05,0,0.0033865715992064,0.2101,2705
bol|bam|special|jhul|kaudibala|sushil|kumar|sahoo,2026-09-07,2026-10-07,0.180923827941172,0,0.0001646539,0,0.0055587446397301,0.2101,2706
choli|peeche|kya|hai|sanjay|dutt|madhuri|dixit,2026-09-07,2026-10-07,0.180923827941172,0,0.00012810613,0,0.00262644527077,0.2101,2707
2026|varalakshmi|vratham|songs|aditya|bhakthi,2026-09-07,2026-10-07,0.180923827941172,0,0.00012810613,0,0.0051289601381468,0.2101,2708
2026|varalakshmi|vratham|songs|tamil|pooja|anush|audio,2026-09-07,2026-10-07,0.180923827941172,0,9.306008e-05,0,0.0014618225242969,0.2101,2709
bol|bam|2026|barbaadi|hoi|shilpi|raj,2026-09-07,2026-10-07,0.180923827941172,0,0.00012810613,0,0.0034444811431258,0.2101,2710
narali|punwache|sanala|animesh|thakur|sakshi|chauhan|purnima,2026-09-07,2026-10-07,0.180923827941172,0,0.00012810613,0,0.0047394964589351,0.2101,2711
uncha|nicha|rasta|haryanvi|viral|2025|raj|mawar,2026-09-07,2026-10-07,0.180923827941172,0,0.00012810613,0,0.0031613988551065,0.2101,2712
court|goli|2026|haryanvi|latest|hit,2026-09-07,2026-10-07,0.180923827941172,0,0.00012810613,0,0.0050275337799687,0.2101,2713
nag|panchami|special|marathi|songs,2026-09-07,2026-10-07,0.180923827941172,0,0.00012810613,0,0.0044494666138153,0.2101,2714
ucha|lamba|kad|audio|welcome|akshay|kumar|katrina,2026-09-07,2026-10-07,0.180923827941172,0,0.00012810613,0,0.004549050549503,0.2101,2715
shree|krishnacha|palana|palna|geet|krishna|songs,2026-09-07,2026-10-07,0.180923827941172,0,0.00012810613,0,0.0049515678469594,0.2101,2716
shivshankar,2026-09-07,2026-10-07,0.180923827941172,0,0.00013932977,0,0.004564027372422,0.2101,2717
zindagi|mein|pehli|baar|pyaar|kiya|hai,2026-09-07,2026-10-07,0.180923827941172,0,0.00012810613,0,0.0037095058710643,0.2101,2718
happy|teacher|day|2026|thank|you|teachers|hindi,2026-09-07,2026-10-07,0.180923827941172,0,0.00012810613,0,0.0049244118645547,0.21,2719
happy|teacher|day|songs|guru|bhajan|2026teachers,2026-09-07,2026-10-07,0.180923827941172,0,0.00012810613,0,0.0062499185137476,0.21,2720
heart|touching|romantic|hindi|cover|2026,2026-09-07,2026-10-07,0.180923827941172,0,0.00012810613,0,0.0048645020472619,0.21,2721
franklin|found|longest|road|colorful|devil|hulk|head,2026-09-07,2026-10-07,0.180923827941172,0,0.00012810613,0,0.0052805954598108,0.21,2722
haunted|innova|truck|franklin|indian|bikes|driving,2026-09-07,2026-10-07,0.180923827941172,0,0.00012810613,0,0.0065709648373755,0.21,2723
hath|dosra|dha|lihalu|yash|kumarr|shilpi|raj,2026-09-07,2026-10-07,0.180923827941172,0,0.00012810613,0,0.0052316216031475,0.21,2724
marathi|independence|day|songs|patriotic,2026-09-07,2026-10-07,0.180923827941172,0,0.00012810613,0,0.0045214603431691,0.21,2725
dance|firki|wali|instagram|trending|cover|neelu|maurya,2026-09-07,2026-10-07,0.180923827941172,0,0.00018327865,0,0.0051706002870416,0.21,2726
teri|takiya|naukri|haye|yeh|majboori|heart|touching,2026-09-07,2026-10-07,0.180923827941172,0,0.00013932977,0,0.0074168885652868,0.21,2727
franklin|opens|colourful|titan|containers|indian|bikes|driving,2026-09-07,2026-10-07,0.180923827941172,0,0.00012810613,0,0.0062499185137476,0.21,2728
franklin|save|found|hulk|body|parts|indian|bike,2026-09-07,2026-10-07,0.180923827941172,0,0.00018260063,0,0.0193783639816869,0.21,2729
2026|krishna|janmashtami|gana,2026-09-07,2026-10-07,0.180923827941172,0,8.264597e-05,0,0.0178511848217435,0.21,2730
hanuman|bhajan|balaji|2026,2026-09-07,2026-10-07,0.180923827941172,0,0.00012810613,0,0.0057451148660229,0.21,2731
2026|krishna|jayanthi|songs|super|hit|jayanathi,2026-09-07,2026-10-07,0.180923827941172,0,0.00012810613,0,0.0046365851613631,0.21,2732
rahul|jadeja|srishti|bharti|sonu|yadav|maghi|sad,2026-09-07,2026-10-07,0.180923827941172,0,0.00012810613,0,0.0039122829484586,0.21,2733
bhakthi|yaathirai,2026-09-07,2026-10-07,0.180923827941172,0,8.264597e-05,0,0.0034854639272498,0.21,2734
mere|girdhar|sahara|hai|krishan|bhajan,2026-09-07,2026-10-07,0.180923827941172,0,0.00012810613,0,0.0037513075110534,0.21,2735
chandi|daal|par|sone|mor|salman|khan|rani,2026-09-07,2026-10-07,0.180923827941172,0,0.00012810613,0,0.0037004909560355,0.21,2736
deva|hits,2026-09-07,2026-10-07,0.180923827941172,0,0.00013932977,0,0.004564027372422,0.21,2737
dil|laga|liya|maine|tumse|pyaar|karke|alka,2026-09-07,2026-10-07,0.180923827941172,0,0.00012810613,0,0.0040095763435814,0.21,2738
kalyani|shreya|ghoshal|version|kya|fitoor|dur|raha,2026-09-07,2026-10-07,0.180923827941172,0,0.00012810613,0,0.0046611533061781,0.21,2739
dhaagon|baandhaa|lyrical|raksha|bandhan|akshay|kumar|arijit,2026-09-07,2026-10-07,0.180923827941172,0,0.00012810613,0,0.0025347592785576,0.21,2740
season|rank|push|bgmi|live|custom|giveaway|update,2026-09-07,2026-10-07,0.180923827941172,0,0.00014259738,0,0.0062238628246028,0.21,2741
jack|built|massive|swimming|pool|his|house|indian,2026-09-07,2026-10-07,0.180923827941172,0,0.00012810613,0,0.0032429398372,0.21,2742
franklin|saving|his|iron|hulk|team|verity|monster,2026-09-07,2026-10-07,0.180923827941172,0,0.00012810613,0,0.0193783639816869,0.21,2743
priti|prakash|krishna|janam|sohar,2026-09-07,2026-10-07,0.180923827941172,0,0.00012810613,0,0.0043295224620006,0.21,2744
cheluveye|ninna|nodalu,2026-09-07,2026-10-07,0.180923827941172,0,0.00014259738,0,0.0054666702859612,0.21,2745
franklin|save|his|house|titan|indian|bike|driving,2026-09-07,2026-10-07,0.180923827941172,0,0.00012810613,0,0.0035938458478725,0.21,2746
80s|90s|romantic|songs|old|gold|bollywood,2026-09-07,2026-10-07,0.180923827941172,0,0.00012810613,0,0.0056442970785463,0.21,2747
high|level|chhori|main|chhora|zamindara|parveen|chouhan,2026-09-07,2026-10-07,0.180923827941172,0,0.00014259738,0,0.0042704361734858,0.21,2748
behana|bhai|kalai|resham|dori|1974|dharmendra|rakhi,2026-09-07,2026-10-07,0.180923827941172,0,0.00012810613,0,0.0040095763435814,0.21,2749
raushan|rohi|shrishti|bharti|jail|yatra|maghi|rangdari,2026-09-07,2026-10-07,0.180923827941172,0,0.00012810613,0,0.0040095763435814,0.21,2750
raushan|rohi|khushi|kakkar|nach|nagin|jaisan|maghi,2026-09-07,2026-10-07,0.180923827941172,0,0.00012810613,0,0.0051717222450939,0.21,2751
arvind|akela|kallu|shilpi|raj|pistal|bhojpuri|2026,2026-09-07,2026-10-07,0.180923827941172,0,0.00012810613,0,0.0044119979318217,0.21,2752
tuntun|yadav|pahila|bolbum|geet|jukebox,2026-09-07,2026-10-07,0.180923827941172,0,0.00016885503,0,0.0074168885652868,0.21,2753
baaramma|badavara|manege|lakshmi|mahalakshmi|chithra|hamsalekha|varamahalakshmi,2026-09-07,2026-10-07,0.180923827941172,0,0.00012810613,0,0.0036291650932713,0.21,2754
woh|tassavur|aalam|aitraaz|udit|narayan|alka|yagnik,2026-09-07,2026-10-07,0.180923827941172,0,0.00013137485,0,0.0068068208570341,0.21,2755
august|desh|bhakti|lekar|haath|mein|tiranga|tripti,2026-09-07,2026-10-07,0.180923827941172,0,0.00012810613,0,0.0040495424381968,0.21,2756
yeh|mera|india|love|watan|pardes|independence|day,2026-09-07,2026-10-07,0.180923827941172,0,0.00012810613,0,0.0048143845586112,0.21,2757
yellow|elephant|sendrayan|premieres|sept|4th|ahatamil,2026-09-07,2026-10-07,0.180923827941172,0,0.0001646539,0,0.0074168885652868,0.21,2758
ankush|raja|bolbam|2026|kanwar|bhajan|letest,2026-09-07,2026-10-07,0.180923827941172,0,0.00012810613,0,0.0068068208570341,0.21,2759
anna|thangiyara|audio|thangi|shivarajkumar|radhika|hamsalekha,2026-09-07,2026-10-07,0.180923827941172,0,0.00012810613,0,0.0026014579780186,0.21,2760
varalakshmi|vratham|special|lakshmi|songs,2026-09-07,2026-10-07,0.180923827941172,0,0.0001921128,0,0.0065698597546797,0.21,2761
tamil|melody|songs|2026|romantic|love|hits|heart,2026-09-07,2026-10-07,0.180923827941172,0,0.00012810613,0,0.0052316216031475,0.21,2762
varalakshmi|vratam|special|2026|powerful|lakshmi|songs|devi,2026-09-07,2026-10-07,0.180923827941172,0,0.00012810613,0,0.0060548609381404,0.21,2763
franklin|found|colourful|train|mystery|container|indian|bikes,2026-09-07,2026-10-07,0.180923827941172,0,0.00012810613,0,0.0050370720812854,0.21,2764
sawan|aaya|bhole|dwar|shiv|bhajan|2026|bhakti,2026-09-07,2026-10-07,0.180923827941172,0,0.00012810613,0,0.0054666702859612,0.21,2765
jab|dekha|tumhe|damru|wale|dil|hamara|thikane,2026-09-07,2026-10-07,0.180923827941172,0,0.00015509044,0,0.004564027372422,0.21,2766
jack|shinchan|mila|mehndi|diamond|house|indian|theft,2026-09-07,2026-10-07,0.180923827941172,0,0.00012810613,0,0.0050766415067396,0.21,2767
pata|nahi|konsa|nasha|karta|hai|titliaan|mehar,2026-09-07,2026-10-07,0.180923827941172,0,0.00012810613,0,0.0035117949456291,0.21,2768
jack|zombie|chacha|biggest|fight|ever|indian|theft,2026-09-07,2026-10-07,0.180923827941172,0,0.00012810613,0,0.0038982878623919,0.21,2769
jack|shinchan|mila|red|dimond|house|indian|theft,2026-09-07,2026-10-07,0.180923827941172,0,0.00012810613,0,0.0041414908321201,0.21,2770
franklin|become|giant|indian|bike|driving,2026-09-07,2026-10-07,0.180923827941172,0,0.00012810613,0,0.0040230234364926,0.21,2771
ramta|jogi|taal|aishwarya|rai|anil|kapoor|sukhwinder,2026-09-07,2026-10-07,0.180923827941172,0,0.00013137485,0,0.0064699338083373,0.21,2772
murli|manohar|kanha|krishna|bhajan|tripti|shakya,2026-09-07,2026-10-07,0.180923827941172,0,9.306008e-05,0,0.0038881429683359,0.21,2773
tera|rang|balle|lyrical|bobby|deol|preity|zinta,2026-09-07,2026-10-07,0.180923827941172,0,0.00012810613,0,0.0051130406685529,0.21,2774
franklin|found|longest|rail|colorful|meat|indian|bikes,2026-09-07,2026-10-07,0.180923827941172,0,0.00012810613,0,0.0052841435541222,0.21,2775
nag|panchami|nagpanchami,2026-09-07,2026-10-07,0.180923827941172,0,0.00012810613,0,0.0042648232817479,0.21,2776
tamil|love|collections,2026-09-07,2026-10-07,0.180923827941172,0,0.00012810613,0,0.0037513075110534,0.21,2777
sri|krishna|bhakti|songs|janmashtami|special|kannada,2026-09-07,2026-10-07,0.180923827941172,0,0.00012810613,0,0.0048418277860346,0.21,2778
zaalima,2026-09-07,2026-10-07,0.180923827941172,0,0.00012810613,0,0.0032799489924021,0.21,2779
soven|piya|sonu|kundu|sonika|singh|haryanvi|2026,2026-09-07,2026-10-07,0.180923827941172,0,0.00012810613,0,0.0065709648373755,0.21,2780
shichan|jack|riya|ghar|nikal|diya|indian|theft,2026-09-07,2026-10-07,0.180923827941172,0,0.00012810613,0,0.0033359970671737,0.21,2781
ankush|raja|priyanka|singh|rakhi|din|rakshabandhan|bhojpuri,2026-09-07,2026-10-07,0.180923827941172,0,0.00012810613,0,0.0038220516320349,0.21,2782
kitna|pyaara|hai|yeh|chehra|raaz|bipasha|basu,2026-09-07,2026-10-07,0.180923827941172,0,0.00012810613,0,0.0046611533061781,0.21,2783
krishna|janmashtami|special|2026|bhakti|songs,2026-09-07,2026-10-07,0.180923827941172,0,0.00012810613,0,0.004708079560228,0.21,2784
shankarachi|aarti|lavthavti|vikrala|mahadevachi,2026-09-07,2026-10-07,0.180923827941172,0,0.00013932977,0,0.004564027372422,0.21,2785
sheesha|chahe|toot|bhi|jaye|aamir|khan|juhi,2026-09-07,2026-10-07,0.180923827941172,0,0.00012810613,0,0.0051309364040454,0.21,2786
aaye|meri|zindagi|mein|udit|narayan|aamir|karisma,2026-09-07,2026-10-07,0.180923827941172,0,0.00018327865,0,0.0074168885652868,0.21,2787
playing|granny|grandpa|spider|man|rides|motorcycle|house,2026-09-07,2026-10-07,0.180923827941172,0,0.00012810613,0,0.0090490465575386,0.21,2788
uncha|nicha|rasta|mannu|pahari|bharti|choudhary|dance,2026-09-07,2026-10-07,0.180923827941172,0,0.00012810613,0,0.0061090185165515,0.21,2789
zara|tasveer|nikal|samne|meri|mehbooba|shah|rukh,2026-09-07,2026-10-07,0.180923827941172,0,0.00012810613,0,0.0050220948284515,0.21,2790
shri|krishna|palna|marathi|janmashtami|special,2026-09-07,2026-10-07,0.180923827941172,0,0.00012810613,0,0.0036973805459029,0.21,2791
can|save|yellow|baby|mix|playing|game|roblox,2026-09-07,2026-10-07,0.180923827941172,0,0.00012810613,0,0.0062499185137476,0.21,2792
raushan|rohi|srishti|bharti|thumka|par|jhumka|maghi,2026-09-07,2026-10-07,0.180923827941172,0,0.00012810613,0,0.0042648232817479,0.21,2793
lakshmi|devi|songs|telugu|varalakshmi|vratham|2026,2026-09-07,2026-10-07,0.180923827941172,0,0.00012810613,0,0.0049244118645547,0.21,2794
jhanki|menu|nachna|mohan|naal,2026-09-07,2026-10-07,0.180923827941172,0,0.00012810613,0,0.0038982878623919,0.21,2795
barbaadi|hoi|bhojpuri|2026,2026-09-07,2026-10-07,0.180923827941172,0,0.00012810613,0,0.0066433417312122,0.21,2796
90s|best|tamil|songs,2026-09-07,2026-10-07,0.180923827941172,0,0.00015509044,0,0.004564027372422,0.21,2797
90s|hit|songs|lovesong|love|collection|travel|viral,2026-09-07,2026-10-07,0.180923827941172,0,0.00012810613,0,0.0065709648373755,0.21,2798
dil|galti|kar|baitha|hai|mehar|vaani|jubin,2026-09-07,2026-10-07,0.180923827941172,0,0.00012810613,0,0.0034019815717698,0.21,2799
shilpi|raj|naya|chhokari|patawatara|bhojpuri|2026,2026-09-07,2026-10-07,0.180923827941172,0,0.00017699406,0,0.0079137995216517,0.21,2800
krishna|janmashtami|bhaktigeethegalu|kannada|devotional|audio|jukebox,2026-09-07,2026-10-07,0.180923827941172,0,0.00012810613,0,0.0049090765206706,0.21,2801
krishna|jayanthi|songs|colection|sudha|ragunathan|juke|box,2026-09-07,2026-10-07,0.180923827941172,0,0.00012810613,0,0.0052316216031475,0.21,2802
shinchan|bald|chaddi|gang|tom|jack|bhaaiya|kidnapped,2026-09-07,2026-10-07,0.180923827941172,0,0.00012810613,0,0.0067875389199671,0.21,2803
top|krishna|janmashtami|special|marathi|bhaktigeet,2026-09-07,2026-10-07,0.180923827941172,0,0.00012810613,0,0.0031640213008343,0.21,2804
jcb|tractor|horror|monster|truck|franklin|indian|bike,2026-09-07,2026-10-07,0.180923827941172,0,0.00017699406,0,0.0065698597546797,0.21,2805
wwe|2k25|live|stream|seth|rollins|drew|mcintyre,2026-09-07,2026-10-07,0.180923827941172,0,0.00014259738,0,0.0072675274866737,0.21,2806
sandese|aate|hai|original|fps|border|sunny|deol,2026-09-07,2026-10-07,0.180923827941172,0,0.00012810613,0,0.0041051823883386,0.21,2807
yashoda|nandlala|krishna|janmashtami|2026|special|lata|mangeshkar,2026-09-07,2026-10-07,0.180923827941172,0,0.00012810613,0,0.0062808987118579,0.21,2808
bhole|teri|bhang|ghutai|maar|dalegi|songs,2026-09-07,2026-10-07,0.180923827941172,0,0.00012810613,0,0.0062808987118579,0.21,2809
apoorva|videos,2026-09-07,2026-10-07,0.180923827941172,0,8.264597e-05,0,0.0064886192252153,0.21,2810
pudhu|vellai|mazhai|remastered|roja|arvind|swamy|madhoo,2026-09-07,2026-10-07,0.180923827941172,0,0.00012810613,0,0.0033649607761339,0.2099,2811
raah|mein|unse|mulaqat|gayi|ajay|devgn|tabu,2026-09-07,2026-10-07,0.180923827941172,0,0.00012810613,0,0.0061428766116628,0.2099,2812
minecraft|meme,2026-09-07,2026-10-07,0.180923827941172,0,0.00012810613,0,0.0075326304100529,0.2099,2813
jcb|innova|truck|horror|ambulance|car|franklin|indian,2026-09-07,2026-10-07,0.180923827941172,0,0.00012810613,0,0.0065709648373755,0.2099,2814
jcb|bus|horror|fire|brigade|truck|franklin|indian,2026-09-07,2026-10-07,0.180923827941172,0,0.00012810613,0,0.0083793843188589,0.2099,2815
jcb|bus|horror|fire|brigade|truck|car|attack,2026-09-07,2026-10-07,0.180923827941172,0,0.00012810613,0,0.0060548609381404,0.2099,2816
jaya|janardhana|krishna|songs,2026-09-07,2026-10-07,0.180923827941172,0,0.00012810613,0,0.007912003902916,0.2099,2817
jumka|jhulaniya|har|nak|nathuniya|hamar|sorho|sigar,2026-09-07,2026-10-07,0.180923827941172,0,0.00012810613,0,0.0049298942852371,0.2099,2818
sadhana|sargam|2026|raksha|bandhan|special,2026-09-07,2026-10-07,0.180923827941172,0,0.00012810613,0,0.0056552803882664,0.2099,2819
bol|bam|2026|baba|baidyanath|devghar|sawan|special,2026-09-07,2026-10-07,0.180923827941172,0,0.00012810613,0,0.0063757470837443,0.2099,2820
krushnacha|palana|aangai|geet|marathi|sumeet|music,2026-09-07,2026-10-07,0.180923827941172,0,0.00012810613,0,0.0030947497940717,0.2099,2821
krishna|jayanthi|2026|special|kannan|piranthan|powerful|bakthi,2026-09-07,2026-10-07,0.180923827941172,0,0.00012810613,0,0.0058063602374725,0.2099,2822
shinchain|pink|diamond|house|chor|kar|chala|gaya,2026-09-07,2026-10-07,0.180923827941172,0,0.00012810613,0,0.0052295788488798,0.2099,2823
shilpi|raj|vicky|hariyar|sadiya|kajal|kashyap|bhojpuri,2026-09-07,2026-10-07,0.180923827941172,0,8.264597e-05,0,0.0064886192252153,0.2099,2824
shiva|devotional|songs|lingashtakam|monday|special|telugu|lyrics,2026-09-07,2026-10-07,0.180923827941172,0,0.00012810613,0,0.0057399426543559,0.2099,2825
center|fruit|train|fresh|indian|bikes|driving,2026-09-07,2026-10-07,0.180923827941172,0,0.00012810613,0,0.0038067492495233,0.2099,2826
2026|hindi|khamoshiyan|shahid|kapoor|alia|bhatt,2026-09-07,2026-10-07,0.180923827941172,0,0.00012810613,0,0.0052805954598108,0.2099,2827
india|versus|newzealand|match|ind|3rd|odi|gameplay,2026-09-07,2026-10-07,0.180923827941172,0,0.00016000726,0,0.0138023014092371,0.2099,2828
krishnasthami|special|songs|krishna|telugu,2026-09-07,2026-10-07,0.180923827941172,0,0.00012810613,0,0.0031736542360033,0.2099,2829
non|stop|krishna|gavlan,2026-09-07,2026-10-07,0.180923827941172,0,0.00012810613,0,0.0052805954598108,0.2099,2830
sravana|pournami|special|bhakti|songs|lakshmi|devi,2026-09-07,2026-10-07,0.180923827941172,0,0.00012810613,0,0.0080568541698419,0.2099,2831
snake|monster|franklin|indian|bike|driving,2026-09-07,2026-10-07,0.180923827941172,0,0.00012810613,0,0.0056851366288629,0.2099,2832
ritesh|pandey|pagali|somari|kaile|biya|bolbam|2026,2026-09-07,2026-10-07,0.180923827941172,0,0.00012810613,0,0.0065086570684852,0.2099,2833
lal|colour|chi|bangadi|sanju|rathod|bangles|latest,2026-09-07,2026-10-07,0.180923827941172,0,0.00012810613,0,0.0086799139248617,0.2099,2834
lakshmi|devi|songs|telugu,2026-09-07,2026-10-07,0.180923827941172,0,0.00012810613,0,0.0062499185137476,0.2099,2835
laxmikant|pyarelal|mere|saathi|jeevan|sathi|audio|lyrical,2026-09-07,2026-10-07,0.180923827941172,0,0.00012810613,0,0.0052805954598108,0.2099,2836
bol|bam|2026|shiv|bhajan,2026-09-07,2026-10-07,0.180923827941172,0,0.00012810613,0,0.0059877311801212,0.2099,2837
uncha|nicha|rasta|raj|mawar|komal|bharti|choudhary,2026-09-07,2026-10-07,0.180923827941172,0,0.00012810613,0,0.0083793843188589,0.2099,2838
uncharted|thief|end|live|gtalive|gtaonline|gta5|gtav,2026-09-07,2026-10-07,0.180923827941172,0,0.00013137485,0,0.005465083860395,0.2099,2839
live|mahalakshmi|mantram,2026-09-07,2026-10-07,0.180923827941172,0,0.00012810613,0,0.0058063602374725,0.2099,2840
akshay|kumar|karisma|kapoor|amisha|patel|hits,2026-09-07,2026-10-07,0.180923827941172,0,0.00012810613,0,0.0035924367916063,0.2099,2841
kiya|audio|welcome|akshay|kumar|katrina|kaif|anand,2026-09-07,2026-10-07,0.180923827941172,0,0.00012810613,0,0.0027460142742334,0.2099,2842
jack|found|pink|diamond|house|indian|theft|auto,2026-09-07,2026-10-07,0.180923827941172,0,0.00012810613,0,0.0049298942852371,0.2099,2843
khasa|aala|chahar|loot|liya|sweta|chauhan|haryanvi,2026-09-07,2026-10-07,0.180923827941172,0,0.00012810613,0,0.0033110874449767,0.2099,2844
khesari|lal|yadav|shilpi|raj|payal|utar|bhojpuri,2026-09-07,2026-10-07,0.180923827941172,0,0.00012810613,0,0.008946621760261,0.2099,2845
anari|1993|kya|mausam|aaya|hai|sadhana|sargam,2026-09-07,2026-10-07,0.180923827941172,0,0.00012810613,0,0.0052927864290462,0.2099,2846
varalakshmi|vratham|2026|friday|special|mahalakshmi|kavasam|tamil,2026-09-07,2026-10-07,0.180923827941172,0,0.00012810613,0,0.005613046771788,0.2099,2847
vara|mahalakshmi|songs|ashtalakshmi|devi|aarti|soumya|manjunath,2026-09-07,2026-10-07,0.180923827941172,0,0.00012810613,0,0.0071905179477595,0.2099,2848
naino|mein|bas|gaye|hain|shri|banke|bihari,2026-09-07,2026-10-07,0.180923827941172,0,0.00012810613,0,0.0038220516320349,0.2099,2849
imli|boota|beri|ped|saudagar|dilip|kumar|raaj,2026-09-07,2026-10-07,0.180923827941172,0,0.00012810613,0,0.0042108250285578,0.2099,2850
yeh|dil|deewana|pardes|shahrukh|khan|sonu|nigam,2026-09-07,2026-10-07,0.180923827941172,0,0.00012810613,0,0.0095528569202468,0.2099,2851
lofi|version|kailash|raaga|bhakti|geet|bajrangbaan,2026-09-07,2026-10-07,0.180923827941172,0,0.00012810613,0,0.0086172703223167,0.2099,2852
madam|nache|pawan|gill|anjali|raghav|haryanvi|songs,2026-09-07,2026-10-07,0.180923827941172,0,0.00012810613,0,0.0054281544471548,0.2099,2853
tuntun|yadav|dunali|raja|bhojpuri|rangdari|2026,2026-09-07,2026-10-07,0.180923827941172,0,0.0001675455,0,0.007656640222324,0.2099,2854
tere|ishq|mein|naachenge|raja|hindustani|aamir|khan,2026-09-07,2026-10-07,0.180923827941172,0,0.00012810613,0,0.0056259680428155,0.2099,2855
tere|darbar|mein|bhole|shiv|bhajan|2026,2026-09-07,2026-10-07,0.180923827941172,0,0.00012810613,0,0.0040730731380493,0.2099,2856
tera|rang|balle|bobby|preity|jaspinder|sonu|soldier,2026-09-07,2026-10-07,0.180923827941172,0,0.00012810613,0,0.0046385322928081,0.2099,2857
raksha|bandhan|special|phoolon|taron|bhaiya|mere|rakhi,2026-09-07,2026-10-07,0.180923827941172,0,0.00012810613,0,0.0056851366288629,0.2099,2858
raksha|bandhan|special|old|songs|50s|60s|superhit,2026-09-07,2026-10-07,0.180923827941172,0,0.00012810613,0,0.0052927864290462,0.2099,2859
main|agar|saamne|dino|morea|bipasha|basu|abhijeet,2026-09-07,2026-10-07,0.180923827941172,0,0.00012810613,0,0.0084603663564896,0.2099,2860
kehdoon|tumhein|chup,2026-09-07,2026-10-07,0.180923827941172,0,0.00014259738,0,0.0057485259518528,0.2099,2861
jaanewale|jaanwar|akshay|kumar|karisma|kapoor,2026-09-07,2026-10-07,0.180923827941172,0,0.00012810613,0,0.0051449449226296,0.2099,2862
pawan|singh|shilpi|raj|babuaan|bhojpuri|2026,2026-09-07,2026-10-07,0.180923827941172,0,0.00012810613,0,0.0051717222450939,0.2099,2863
chham|chhaam|nache|dekho|krishna|kanhaiya|janmashtami|bhajan,2026-09-07,2026-10-07,0.180923827941172,0,0.00012810613,0,0.002880830091411,0.2099,2864
chetna|shukla|sawan|barse|thandi|fuhar|hindi|bhajan,2026-09-07,2026-10-07,0.180923827941172,0,0.00012810613,0,0.0089402606757205,0.2099,2865
her|kisike|dil|ladki,2026-09-07,2026-10-07,0.180923827941172,0,0.00014259738,0,0.0038583336361398,0.2099,2866
franklin|save|his|team|squid|doll|spider|venom,2026-09-07,2026-10-07,0.180923827941172,0,0.00012810613,0,0.0042108250285578,0.2099,2867
franklin|saving|his|house|giant|colourful|verity|indian,2026-09-07,2026-10-07,0.180923827941172,0,0.00012810613,0,0.0064699338083373,0.2099,2868
head|criminal|venom|franklin|indian|bike|driving,2026-09-07,2026-10-07,0.180923827941172,0,0.00012810613,0,0.0057622973927878,0.2099,2869
mere|dil|mein|reh|gaya|hindi|romantic|2026,2026-09-07,2026-10-07,0.180923827941172,0,0.00012810613,0,0.0090167537490446,0.2099,2870
bhagyada|lakshmi|baramma,2026-09-07,2026-10-07,0.180923827941172,0,0.00012810613,0,0.0042648232817479,0.2099,2871
gta|live|freert|sunil|gtalive|gtaonline,2026-09-07,2026-10-07,0.180923827941172,0,0.00013137485,0,0.0042108250285578,0.2099,2872
rakhi|tyohar|bhaiya|raksha|bandhan|pooja|yadav|geet,2026-09-07,2026-10-07,0.180923827941172,0,0.00012810613,0,0.0060838237596596,0.2099,2873
franklin|shinchan|his|friends|celebrating|onam|gta,2026-09-07,2026-10-07,0.180923827941172,0,8.988713e-05,0,0.0114218095011614,0.2099,2874
top|evergreen|marathi|gavlan|krishna|gavlani,2026-09-07,2026-10-07,0.180923827941172,0,0.00013137485,0,0.0083793843188589,0.2099,2875
top|trending|shiv|kawad|bhajan,2026-09-07,2026-10-07,0.180923827941172,0,0.00012810613,0,0.0052805954598108,0.2099,2876
gta|live|crazy|sunil|ep56|gtalive|gtaonline,2026-09-07,2026-10-07,0.180923827941172,0,0.00014259738,0,0.0039150355556501,0.2099,2877
gta5|shinchan|arranges|meenu|franklin|wedding|los|santos,2026-09-07,2026-10-07,0.180923827941172,0,8.988713e-05,0,0.0124201392437863,0.2099,2878
pranking|girl|streamer|her|own|name,2026-09-07,2026-10-07,0.180923827941172,0,8.264597e-05,0,0.0122795450308501,0.2099,2879
janmashtami|krishna,2026-09-07,2026-10-07,0.180923827941172,0,0.00012810613,0,0.0052805954598108,0.2099,2880
kailash|kher|teri|deewani|lyrics,2026-09-07,2026-10-07,0.180923827941172,0,0.00012810613,0,0.0035628122495811,0.2099,2881
dil|ghabrata|hai|aankh|bhar|aati|brother|sister,2026-09-07,2026-10-07,0.180923827941172,0,0.00012810613,0,0.0061428766116628,0.2099,2882
2026|hindi|darmiyaan|shahid|kapoor|kriti|sanon,2026-09-07,2026-10-07,0.180923827941172,0,0.00012810613,0,0.0066433417312122,0.2099,2883
samar|singh|shilpi|raj|bhojpuri|2026|toshi|divedi,2026-09-07,2026-10-07,0.180923827941172,0,0.00013137485,0,0.0070693086340951,0.2099,2884
pal|dil|paas|black|mail|1973|kishore|kumar,2026-09-07,2026-10-07,0.180923827941172,0,0.00012810613,0,0.0039150355556501,0.2099,2885
108|sri|krishnar|potri|gokulashtami|spl,2026-09-07,2026-10-07,0.180923827941172,0,9.306008e-05,0,0.0132928595791038,0.2098,2886
zinda|dil|udit|narayan|songs|abbas|ashima|bhalla,2026-09-07,2026-10-07,0.180923827941172,0,0.00014259738,0,0.008459338571546,0.2098,2887
chain|together|live|akhi|shortslive|chaintogethergame,2026-09-07,2026-10-07,0.180923827941172,0,0.000203255,0,0.014332639195465,0.2098,2888
2026|raksha|bandhan|pooja|yadav|rakhi|geet,2026-09-07,2026-10-07,0.180923827941172,0,0.00012810613,0,0.0059580773178098,0.2098,2889
kasam|kha|kaho,2026-09-07,2026-10-07,0.180923827941172,0,0.00014259738,0,0.0057485259518528,0.2098,2890
kalyani|majboor|mashup|ameet|shreya|ghoshal|aasa|kooda,2026-09-07,2026-10-07,0.180923827941172,0,0.00012810613,0,0.013804217720515,0.2098,2891
zara|jhoom|loon|main|best,2026-09-07,2026-10-07,0.180923827941172,0,0.00014259738,0,0.0064496538497206,0.2098,2892
shinchan|found|milky|oreo|biscuit|swimming|pool|indian,2026-09-07,2026-10-07,0.180923827941172,0,0.00012810613,0,0.0137762594700445,0.2098,2893
dil|rishta|aishwariya|rai|arjun|rampal|priyanshu|alka,2026-09-07,2026-10-07,0.180923827941172,0,0.00012810613,0,0.0057830774092883,0.2098,2894
jack|blue|diamond|house|indian|theft|auto|simulator,2026-09-07,2026-10-07,0.180923827941172,0,8.264597e-05,0,0.0141412918795768,0.2098,2895
ashutosh|shashank|shekhar,2026-09-07,2026-10-07,0.180923827941172,0,0.00014259738,0,0.0084160969591405,0.2098,2896
phir|bhi|dil|tujhpe|marta|hai|hindi|romantic,2026-09-07,2026-10-07,0.180923827941172,0,0.00012810613,0,0.0062653357963814,0.2098,2897
jai|dev|shri|shankara,2026-09-07,2026-10-07,0.180923827941172,0,0.00014259738,0,0.0101063755476875,0.2098,2898
satya|majanu|rekha|ragini|judai|sahai|bhojpuri|sad,2026-09-07,2026-10-07,0.180923827941172,0,0.00013137485,0,0.0106441991765078,0.2098,2899
jaya|janardhana|krishna|songs|tamil|bhakti|janmashtami|special,2026-09-07,2026-10-07,0.180923827941172,0,0.00012810613,0,0.0081780293736584,0.2098,2900
sajna|tujhko|bhula|diya|udit|narayan|alka|yagnik,2026-09-07,2026-10-07,0.180923827941172,0,0.00012810613,0,0.0087902738894254,0.2098,2901
sai|chalisa|dattatreya|dakshinamurthy|thursday|special|songs,2026-09-07,2026-10-07,0.180923827941172,0,0.00012810613,0,0.0069467189554821,0.2098,2902
shilpi|raj|barsat|pani|jitendra|singh|anshu|bhojpuri,2026-09-07,2026-10-07,0.180923827941172,0,0.00012810613,0,0.0089402606757205,0.2098,2903
rang|lagyo|ramaiya|vastavaiya|atif|aslam|shreya|ghoshal,2026-09-07,2026-10-07,0.180923827941172,0,0.00012810613,0,0.006745174263048,0.2098,2904
shinchan|gaya|sabse|bada|indian|theft|aura|simulator,2026-09-07,2026-10-07,0.180923827941172,0,8.264597e-05,0,0.0140591793873837,0.2098,2905
utha|jaaunga,2026-09-07,2026-10-07,0.180923827941172,0,0.00012810613,0,0.0065711148550603,0.2098,2906
lord|shiva|songs|telugu|bhakti,2026-09-07,2026-10-07,0.180923827941172,0,0.00012810613,0,0.0069467189554821,0.2098,2907
raksha|bandhan|marathi,2026-09-07,2026-10-07,0.180923827941172,0,0.00012810613,0,0.006747853414641,0.2098,2908
raksha|bandhan|special|isse|samjho|resham|taar|tirangaa,2026-09-07,2026-10-07,0.180923827941172,0,0.00012810613,0,0.0073112583158982,0.2098,2909
desu7|hindi|teaser|dev|subhashree|anirban|bhattacharya|ventures,2026-09-07,2026-10-07,0.180923827941172,0,0.00017259049,0,0.0136333791532648,0.2098,2910
sheeshe|umar|pyar,2026-09-07,2026-10-07,0.180923827941172,0,0.00014259738,0,0.0101063755476875,0.2098,2911
aye|sanam|tere|liye|karma|dilip|kumar|nutan,2026-09-07,2026-10-07,0.180923827941172,0,0.00012810613,0,0.0056259680428155,0.2098,2912
durbin|carry|died,2026-09-07,2026-10-07,0.180923827941172,0,8.264597e-05,0,0.0127944840404091,0.2098,2913
ravi|awwal|special|qawwali|2026|12vi|sharif|eid,2026-09-07,2026-10-07,0.180923827941172,0,0.00012810613,0,0.0134678823369632,0.2098,2914
aawaz|humko|lyrics|sanjay|dutt|kajol|dushman|lata,2026-09-07,2026-10-07,0.180923827941172,0,0.00012810613,0,0.0098581840994234,0.2098,2915
rabba|ishq|hove|andaaz|akshay|kumar|priyanka|chopra,2026-09-07,2026-10-07,0.180923827941172,0,0.00012810613,0,0.0059580773178098,0.2098,2916
bgms|season|super|week|day|watch|party|hindi,2026-09-07,2026-10-07,0.180923827941172,0,0.000203255,0,0.0145967269784313,0.2098,2917
survived|trending|house|100|nextbots|minecraft|gameplay|coffine,2026-09-07,2026-10-07,0.180923827941172,0,0.00026123662,0,0.0147082700418434,0.2098,2918
chhodenge|hum|tera|sath|sathi,2026-09-07,2026-10-07,0.180923827941172,0,0.00014259738,0,0.0057830774092883,0.2098,2919
chill|stream|wormate|live|wormateio|shortsfeed|indvspak,2026-09-07,2026-10-07,0.180923827941172,0,0.00013137485,0,0.0057852702302589,0.2098,2920
bablu|sanwariya|aaliya|devar|maja|marata|bhojpuri|2026,2026-09-07,2026-10-07,0.180923827941172,0,0.00012810613,0,0.0091714232305834,0.2098,2921
krishna|janmala|janmashtami|2026|swara|dabir,2026-09-07,2026-10-07,0.180923827941172,0,0.00012810613,0,0.0056254168393297,0.2098,2922
baby|dance|scooby|doo|music,2026-09-07,2026-10-07,0.180923827941172,0,0.00012810613,0,0.0076713447369368,0.2098,2923
90s|tamil|romantic|melody|2026|best|love|songs,2026-09-07,2026-10-07,0.180923827941172,0,0.00014259738,0,0.0082456807771957,0.2098,2924
aaja|barsaat|alka|yagnik|bobby|deol|priyanka|chopra,2026-09-07,2026-10-07,0.180923827941172,0,0.00012810613,0,0.0071171998873713,0.2098,2925
chori|dil|tera|churayenge,2026-09-07,2026-10-07,0.180923827941172,0,0.00014259738,0,0.0057852702302589,0.2098,2926
panjabrao|dakh|live|havaman|andaj|today,2026-09-07,2026-10-07,0.180923827941172,0,0.00014259738,0,0.0083646728409891,0.2098,2927
tere|saaye|chalta|saath,2026-09-07,2026-10-07,0.180923827941172,0,0.00014259738,0,0.0101063755476875,0.2098,2928
hilaldeep|ahmet|not|without|original|mix,2026-09-07,2026-10-07,0.180923827941172,0,0.00012810613,0,0.0074925535517837,0.2098,2929
kisi|din|banoongi|main|evergreen|hindi|romantic|old,2026-09-07,2026-10-07,0.180923827941172,0,0.00012810613,0,0.0075313842052139,0.2098,2930
kisi|tum|pyaar|karo|andaaz|kumar|sanu|alka,2026-09-07,2026-10-07,0.180923827941172,0,0.00012810613,0,0.0088092611607692,0.2098,2931
khesari|lal|yadav|payal|awaj|karata|bhojpuri|special,2026-09-07,2026-10-07,0.180923827941172,0,0.00012810613,0,0.0071171998873713,0.2098,2932
pyar|kagaz|dil|kalam|hindi|old|80s,2026-09-07,2026-10-07,0.180923827941172,0,0.00014259738,0,0.0073018336031452,0.2098,2933
timeless|beauty|mujhe|naulakha|mangawa|lyrical|asha|kishore,2026-09-07,2026-10-07,0.180923827941172,0,0.00012810613,0,0.0065045672039047,0.2098,2934
sri|krishna|chalisa|krishnashtami|2026|special|bhakti|songs,2026-09-07,2026-10-07,0.180923827941172,0,0.00012810613,0,0.0061428766116628,0.2098,2935
mile|dil|khile|kumar|sanu|alka|yagnik|nagarjuna,2026-09-07,2026-10-07,0.180923827941172,0,0.00013137485,0,0.0072348727440695,0.2098,2936
milti|hai|zindagi|mein|mohabbat|evergreen|hit|90s,2026-09-07,2026-10-07,0.180923827941172,0,0.00012810613,0,0.0072543410162161,0.2098,2937
granny|kaun|mara|kamla|evil|nun|meat|ice,2026-09-07,2026-10-07,0.180923827941172,0,8.264597e-05,0,0.0129202916788765,0.2098,2938
gokul|baje|badhai|sandeep|kapoor|roshni|pandey|krishan,2026-09-07,2026-10-07,0.180923827941172,0,0.00012810613,0,0.0061291912573608,0.2098,2939
pucho|zara|raja|hindustani|aamir|khan|karisma|kapoor,2026-09-07,2026-10-07,0.180923827941172,0,0.00012810613,0,0.0068939416642952,0.2098,2940
franklin|found|giant|shinchan|bunker|gta,2026-09-07,2026-10-07,0.180923827941172,0,0.00012810613,0,0.0135183833277181,0.2098,2941
franklin|house|stuck|giant|maze|indian|bike|driving,2026-09-07,2026-10-07,0.180923827941172,0,0.00013932977,0,0.012874695794259,0.2098,2942
pramod|premi|yadav|goldi|othlaliya|chate|tohar|mile,2026-09-07,2026-10-07,0.180923827941172,0,0.00012810613,0,0.0096172309494134,0.2098,2943
franklin|shinchan|saved|dangerous|moon|gta|bangla|gameplay,2026-09-07,2026-10-07,0.180923827941172,0,0.00012810613,0,0.0140871574880466,0.2098,2944
franklin|shinchan|found|cars|gta,2026-09-07,2026-10-07,0.180923827941172,0,0.00017259049,0,0.0137431911259425,0.2098,2945
franklin|shinchan|buy|tata|signa|truck|start|transport,2026-09-07,2026-10-07,0.180923827941172,0,0.00012810613,0,0.0132784841118797,0.2098,2946
franklin|shinchan|his|friends|opening|mystery|containers|gta,2026-09-07,2026-10-07,0.180923827941172,0,0.00017259049,0,0.0136333791532648,0.2098,2947
franklin|drawing|monster|offroad|bus|gta,2026-09-07,2026-10-07,0.180923827941172,0,0.00017259049,0,0.0136333791532648,0.2098,2948
pramod|premi|yadav|anamika|tripathi|javan|kismat|likhal,2026-09-07,2026-10-07,0.180923827941172,0,0.00013137485,0,0.0085198963149343,0.2098,2949
pramod|premi|yadav|dehiya|ughar|nik|lage|bhojpuri,2026-09-07,2026-10-07,0.180923827941172,0,0.00012810613,0,0.0104624280675408,0.2098,2950
sowbhagya|lakshmi|ravamma,2026-09-07,2026-10-07,0.180923827941172,0,0.00012810613,0,0.0072932161595263,0.2098,2951
mar|jau|teri|mohabbat|farmani|naaz|anil|rawat,2026-09-07,2026-10-07,0.180923827941172,0,0.00012810613,0,0.0065278471904319,0.2098,2952
franklin|become|billionaire|one|minute|gta,2026-09-07,2026-10-07,0.180923827941172,0,0.00017259049,0,0.012854990888002,0.2098,2953
rang|tera|chadheya,2026-09-07,2026-10-07,0.180923827941172,0,0.00014259738,0,0.011250896454972,0.2098,2954
tujhe|dekha|yeh|jaana|sanam,2026-09-07,2026-10-07,0.180923827941172,0,0.00014259738,0,0.0055466620670651,0.2098,2955
mulich|navt|kanha|mazhya|manat,2026-09-07,2026-10-07,0.180923827941172,0,0.00014259738,0,0.0065045672039047,0.2098,2956
mamta|bhare|din|lyrical|krodh|sunil|shetty|roop,2026-09-07,2026-10-07,0.180923827941172,0,0.00012810613,0,0.0060451271853158,0.2098,2957
mat|poochh|mere|mehboob|kumar|sanu|sadhana|sargam,2026-09-07,2026-10-07,0.180923827941172,0,0.00012810613,0,0.0087232981492411,0.2098,2958
nahin|hona|tha|pardes|shah|rukh|khan|mahima,2026-09-07,2026-10-07,0.180923827941172,0,0.00012810613,0,0.0055690057393326,0.2098,2959
tumsa|nahin|dekha|love|story|shreya|ghoshal|udit,2026-09-07,2026-10-07,0.180923827941172,0,0.00012810613,0,0.0104001429958772,0.2098,2960
tuta|dil|mera|hindi|romantic|2025|bollywood|evergreen,2026-09-07,2026-10-07,0.180923827941172,0,0.00012810613,0,0.0066433816623091,0.2098,2961
varamahalakshmi|mangala|jyothi|kannada|devotional|theartistarc,2026-09-07,2026-10-07,0.180923827941172,0,0.00012810613,0,0.0064451763096536,0.2098,2962
varalakshmi|potri|viratham,2026-09-07,2026-10-07,0.180923827941172,0,0.00012810613,0,0.0137350894639439,0.2098,2963
varalakshmi|vratham|special|lakshmi|devi|songs,2026-09-07,2026-10-07,0.180923827941172,0,0.00012810613,0,0.006917273833423,0.2098,2964
evergreen,2026-09-07,2026-10-07,0.180923827941172,0,0.00012810613,0,0.005226456193605,0.2098,2965
vaada|kiya,2026-09-07,2026-10-07,0.180923827941172,0,0.00014259738,0,0.0086799139248617,0.2098,2966
hardika|live|bgmi|watch|now,2026-09-07,2026-10-07,0.180923827941172,0,0.00018260063,0,0.013485040296177,0.2097,2967
2026|krishna|janmashtami,2026-09-07,2026-10-07,0.180923827941172,0,9.306008e-05,0,0.0129405802772826,0.2097,2968
khesari|lal|yadav|rani|chatterjee|kareja|kaha|jata,2026-09-07,2026-10-07,0.180923827941172,0,0.00012810613,0,0.0078268284430634,0.2097,2969
compilation|best|shin|giant|monsters|minecraft|coffin|meme,2026-09-07,2026-10-07,0.180923827941172,0,0.00012810613,0,0.0125219140509078,0.2097,2970
team|monster|avenger|franklin|indian|bike|driving,2026-09-07,2026-10-07,0.180923827941172,0,0.00012810613,0,0.0125202218057428,0.2097,2971
teri|judai|zehar|har|saans|mein|utar|gaya,2026-09-07,2026-10-07,0.180923827941172,0,0.00012810613,0,0.0067957053726882,0.2097,2972
independence|day|mashup|2026|ameet|songs|desh|bhakti,2026-09-07,2026-10-07,0.180923827941172,0,8.264597e-05,0,0.0120557235737412,0.2097,2973
franklin|opens|every|haunted|mystery|container|indian|bike,2026-09-07,2026-10-07,0.180923827941172,0,0.00012810613,0,0.0130115831989491,0.2097,2974
surviving|against|big|charlie|arrival|minecraft|coffin|meme,2026-09-07,2026-10-07,0.180923827941172,0,0.00012810613,0,0.0131583209078573,0.2097,2975
survived|bathtub|house|100|nextbots|minecraft|gameplay|coffine,2026-09-07,2026-10-07,0.180923827941172,0,0.00012810613,0,0.012860438983406,0.2097,2976
surviving|against|wendigo|arrival|minecraft|coffin|meme|gameplay,2026-09-07,2026-10-07,0.180923827941172,0,0.00012810613,0,0.012359698492182,0.2097,2977
surviving|against|big|charlie|minecraft|coffin|meme|gameplay,2026-09-07,2026-10-07,0.180923827941172,0,0.00012810613,0,0.0125219140509078,0.2097,2978
gladiators|ajith|kumar|prakash|vijay|racing,2026-09-07,2026-10-07,0.180923827941172,0,0.00012810613,0,0.0130433131392565,0.2097,2979
shinchan|found|chocolate|pizza|swiminpool|indian|theft|auto,2026-09-07,2026-10-07,0.180923827941172,0,0.00012810613,0,0.0132784841118797,0.2097,2980
shinchan|found|pizza|house|indian|theft|auto|simulator,2026-09-07,2026-10-07,0.180923827941172,0,0.00012810613,0,0.0132784841118797,0.2097,2981
shinchain|diamond|house|indian|theft|auto|simulator,2026-09-07,2026-10-07,0.180923827941172,0,0.00012810613,0,0.0125219140509078,0.2097,2982
ankush|raja|shilpi|raj|dulha|banaib|bhojpuri|2026,2026-09-07,2026-10-07,0.180923827941172,0,0.00012810613,0,0.0084932095569428,0.2097,2983
chacha|destroyed|jack|modified|thar|indian|theft|auto,2026-09-07,2026-10-07,0.180923827941172,0,0.00012810613,0,0.0128690020648631,0.2097,2984
lakshmi|devi|songs|telugu|sravana|pournami,2026-09-07,2026-10-07,0.180923827941172,0,0.00012810613,0,0.0072275753005505,0.2097,2985
franklin|verify|attack|indian|bike|driving,2026-09-07,2026-10-07,0.180923827941172,0,0.00012810613,0,0.0133212522143643,0.2097,2986
franklin|found|red|devil|body|parts|indian|bike,2026-09-07,2026-10-07,0.180923827941172,0,0.00012810613,0,0.0123148569717426,0.2097,2987
franklin|found|venom|baby|body|indian|bike|driving,2026-09-07,2026-10-07,0.180923827941172,0,0.00012810613,0,0.0123823929942456,0.2097,2988
surviving|against|wendigo|bird|watcher|sea|eater|minecraft,2026-09-07,2026-10-07,0.180923827941172,0,0.00012810613,0,0.012550977559914,0.2097,2989
toxic|yash|geetu|mohandas|nayantara|movie|2026,2026-09-07,2026-10-07,0.180923827941172,0,8.264597e-05,0,0.0132097134249354,0.2097,2990
franklin|shinchan|followed|giant|footprints|indian|theft|auto,2026-09-07,2026-10-07,0.180923827941172,0,0.00012810613,0,0.012905302826424,0.2097,2991
franklin|shinchan|fight|against|dangerous|moons|gta|bangla,2026-09-07,2026-10-07,0.180923827941172,0,0.00012810613,0,0.0128408614758447,0.2097,2992
franklin|save|his|family|giant|colourful|venom|head,2026-09-07,2026-10-07,0.180923827941172,0,0.00012810613,0,0.0127550834982502,0.2097,2993
franklin|save|his|house|colorful|titan|indian|bike,2026-09-07,2026-10-07,0.180923827941172,0,0.00018260063,0,0.0119995084243445,0.2097,2994
mujhe|jaan|pyare|2026|90s|romantic|hindi|love,2026-09-07,2026-10-07,0.180923827941172,0,0.00012810613,0,0.0072095369955977,0.2097,2995
siren|head|returns|lamb|arrives|minecraft|coffin|meme,2026-09-07,2026-10-07,0.180923827941172,0,0.00012810613,0,0.012905302826424,0.2097,2996
playing|gta|indian|version|first|time|shreyashgamer,2026-09-07,2026-10-07,0.180923827941172,0,0.000203255,0,0.0135740651806448,0.2097,2997
jack|found|giant|shinchan|secret|door|indian|theft,2026-09-07,2026-10-07,0.180923827941172,0,0.00012810613,0,0.0123318415847809,0.2097,2998
jadu|jhappi|leja|abhi|girish|kumar|shruti|hasan,2026-09-07,2026-10-07,0.180923827941172,0,0.00013137485,0,0.0078457757565288,0.2097,2999
jack|pink|diamond|house|indian|theft|auto|simulator,2026-09-07,2026-10-07,0.180923827941172,0,0.00013932977,0,0.0134559248272119,0.2097,3000
jack|found|blue|diamond|house|indian|theft|aura,2026-09-07,2026-10-07,0.180923827941172,0,0.00012810613,0,0.0130814717547422,0.2097,3001
dance|srishti|bharti|rotiya|belahi|pari|bhojpuri|2026,2026-09-07,2026-10-07,0.180923827941172,0,0.00012810613,0,0.0078268284430634,0.2097,3002
jack|found|rgb|diamond|house|indian|theft|aura,2026-09-07,2026-10-07,0.180923827941172,0,0.00012810613,0,0.0131650538379482,0.2097,3003
ritesh|pandey|shilpi|raj|meena|bazaar|bhojpuri|2026,2026-09-07,2026-10-07,0.180923827941172,0,0.00012810613,0,0.0100227231244752,0.2097,3004
jack|red|diamond|house|indian|theft|auto|simulator,2026-09-07,2026-10-07,0.180923827941172,0,8.264597e-05,0,0.0123318415847809,0.2097,3005
jack|red|house|indian|theft|auto|simulator,2026-09-07,2026-10-07,0.180923827941172,0,0.00012810613,0,0.0127550834982502,0.2097,3006
jack|aur|shinchan|banaya|diamond|house|indian|theft,2026-09-07,2026-10-07,0.180923827941172,0,0.00012810613,0,0.0124940457629572,0.2097,3007
lingastakam|telugu|namah|shivaya|shiva|songs,2026-09-07,2026-10-07,0.180923827941172,0,0.00012810613,0,0.0085529372933688,0.2097,3008
mahakali|teaser|akshaye|khannna|bhoomi|shetty|prasanthverma|movie,2026-09-07,2026-10-07,0.180923827941172,0,0.00012810613,0,0.0124885335943933,0.2097,3009
august|2026|deshbhakti|independence|day,2026-09-07,2026-10-07,0.180923827941172,0,0.00012810613,0,0.012994667215724,0.2097,3010
shinchan|found|maggie|world|indian|theft|auto|simulator,2026-09-07,2026-10-07,0.180923827941172,0,0.00012810613,0,0.0128774076410845,0.2097,3011
tujh|sang|preet|lyrics|kishore|kumar|lata|mangeshkar,2026-09-07,2026-10-07,0.180923827941172,0,0.00012810613,0,0.0085198963149343,0.2097,3012
aur|dil|mein|lyrics|suresh|wadkar|sanjay|dutt,2026-09-07,2026-10-07,0.180923827941172,0,0.00012810613,0,0.0075494244596071,0.2097,3013
belgium|assures|india,2026-09-07,2026-10-07,0.180923827941172,0,0.00046599357,1,0.2917836074828452,0.207,3014
morning|brief|september,2026-09-07,2026-10-07,0.180923827941172,0,0.00046599357,1,0.288899421372077,0.2068,3015
stocks|stock|recommendations,2026-09-07,2026-10-07,0.180923827941172,0,0.00046599357,1,0.2835170496135005,0.2066,3016
jaishankar|says|india,2026-09-07,2026-10-07,0.180923827941172,0,0.0006225004,1,0.2817013847161427,0.2065,3017
hockey|india|results,2026-09-07,2026-10-07,0.180923827941172,0,0.00046599357,1,0.2789805235799101,0.2064,3018
news|morning|brief,2026-09-07,2026-10-07,0.180923827941172,0,0.00046599357,1,0.2730747916088375,0.2061,3019
brief|morning|sept,2026-09-07,2026-10-07,0.180923827941172,0,0.00046599357,1,0.2645654318887036,0.2056,3020
indian|central|bank,2026-09-07,2026-10-07,0.180923827941172,0,0.0006225004,1,0.2601826111284177,0.2054,3021
dogs|sniff|cancer,2026-09-07,2026-10-07,0.180923827941172,0,0.00067482406,1,0.25188536530922,0.205,3022
india|central|bank,2026-09-07,2026-10-07,0.180923827941172,0,0.00046599357,1,0.2467106412809002,0.2047,3023
sensex|opens|over,2026-09-07,2026-10-07,0.180923827941172,0,0.00046599357,1,0.2428837797023197,0.2045,3024
india|rejects|court,2026-09-07,2026-10-07,0.180923827941172,0,0.00046599357,1,0.2370580060178873,0.2043,3025
india|play|three,2026-09-07,2026-10-07,0.180923827941172,0,0.00046599357,1,0.2356327389957281,0.2042,3026
rain|falling|just,2026-09-07,2026-10-07,0.180923827941172,0,0.0007041956,1,0.3591559216911638,0.1604,3027
parliament|passed|bills,2026-09-07,2026-10-07,0.180923827941172,0,0.00050516875,1,0.3474319303007965,0.1598,3028
rainfall|monsoon|below,2026-09-07,2026-10-07,0.180923827941172,0,0.00050516875,1,0.3230641520389083,0.1586,3029
users|anthropic|malware,2026-09-07,2026-10-07,0.180923827941172,0,0.00046599357,1,0.3197983925602436,0.1584,3030
september|signs|monthly,2026-09-07,2026-10-07,0.180923827941172,0,0.00046599357,1,0.3117953641874268,0.158,3031
butler|warriors|jimmy,2026-09-07,2026-10-07,0.180923827941172,0,0.00046599357,1,0.3002473501926336,0.1574,3032
mcdonalds|controversy|post,2026-09-07,2026-10-07,0.180923827941172,0,0.00046599357,1,0.2995899126452941,0.1574,3033
cheapest|world|indian,2026-09-07,2026-10-07,0.180923827941172,0,0.00050516875,1,0.2972652395266508,0.1573,3034
private|case|public,2026-09-07,2026-10-07,0.180923827941172,0,0.00046599357,1,0.2877401509233777,0.1568,3035
problem|happens|when,2026-09-07,2026-10-07,0.180923827941172,0,0.00050516875,1,0.2870958146124334,0.1568,3036
dhariwal|shruti|education,2026-09-07,2026-10-07,0.180923827941172,0,0.00050516875,1,0.2862565985524281,0.1567,3037
kelces|travis|nonprofit,2026-09-07,2026-10-07,0.180923827941172,0,0.00046599357,1,0.2830534819335832,0.1566,3038
march|brics|court,2026-09-07,2026-10-07,0.180923827941172,0,0.00046599357,1,0.2824421055261621,0.1565,3039
hindu|temple|demolished,2026-09-07,2026-10-07,0.180923827941172,0,0.00050516875,1,0.2797455007264248,0.1564,3040
clark|cunningham|worth,2026-09-07,2026-10-07,0.180923827941172,0,0.00050516875,1,0.2780006549762055,0.1563,3041
times|square|bank,2026-09-07,2026-10-07,0.180923827941172,0,0.00050516875,1,0.2769048573933744,0.1563,3042
rupee|growth|global,2026-09-07,2026-10-07,0.180923827941172,0,0.00046599357,1,0.2777394110848016,0.1563,3043
india|issue|penguin,2026-09-07,2026-10-07,0.180923827941172,0,0.00046599357,1,0.2766075999088333,0.1562,3044
plan|delhi|master,2026-09-07,2026-10-07,0.180923827941172,0,0.00046599357,1,0.2741412126638168,0.1561,3045
talaq|triple|trust,2026-09-07,2026-10-07,0.180923827941172,0,0.00050516875,1,0.272221187895603,0.156,3046
species|bought|acres,2026-09-07,2026-10-07,0.180923827941172,0,0.00046599357,1,0.2714835978351533,0.156,3047
anshuman|delhi|cricket,2026-09-07,2026-10-07,0.180923827941172,0,0.00046599357,1,0.2725698170633494,0.156,3048
indian|green|wait,2026-09-07,2026-10-07,0.180923827941172,0,0.00046599357,1,0.2707078688961815,0.1559,3049
money|laundering|nadimul,2026-09-07,2026-10-07,0.180923827941172,0,0.00046599357,1,0.2708622596220725,0.1559,3050
three|candidates|will,2026-09-07,2026-10-07,0.180923827941172,0,0.00046599357,1,0.2686036224900938,0.1558,3051
companies|tariffs|datacenter,2026-09-07,2026-10-07,0.180923827941172,0,0.00050516875,1,0.2668972787800093,0.1557,3052
chess|anand|world,2026-09-07,2026-10-07,0.180923827941172,0,0.00046599357,1,0.2654161289994505,0.1557,3053
heart|surgery|girl,2026-09-07,2026-10-07,0.180923827941172,0,0.00046599357,1,0.265967486915417,0.1557,3054
kelce|hydration|travis,2026-09-07,2026-10-07,0.180923827941172,0,0.00050516875,1,0.265966649392588,0.1557,3055
california|student|sevah,2026-09-07,2026-10-07,0.180923827941172,0,0.00046599357,1,0.264587090963682,0.1556,3056
foundation|lebron|james,2026-09-07,2026-10-07,0.180923827941172,0,0.00046599357,1,0.2635032516951431,0.1556,3057
leader|kpsc|recruitment,2026-09-07,2026-10-07,0.180923827941172,0,0.00062703656,1,0.2637265842827723,0.1556,3058
santa|meet|first,2026-09-07,2026-10-07,0.180923827941172,0,0.00050516875,1,0.2645363620395768,0.1556,3059
protest|delhi|declines,2026-09-07,2026-10-07,0.180923827941172,0,0.00062703656,1,0.2606808781600485,0.1554,3060
skeletons|like|await,2026-09-07,2026-10-07,0.180923827941172,0,0.00050516875,1,0.26056228180447,0.1554,3061
endless|modi|putin,2026-09-07,2026-10-07,0.180923827941172,0,0.00046599357,1,0.258378613915572,0.1553,3062
satya|niketan|building,2026-09-07,2026-10-07,0.180923827941172,0,0.0006225004,1,0.2550022929855958,0.1552,3063
delhi|basement|building,2026-09-07,2026-10-07,0.180923827941172,0,0.00046599357,1,0.2551323258872619,0.1552,3064
fender|cricket|fenders,2026-09-07,2026-10-07,0.180923827941172,0,0.00046599357,1,0.2552814584565074,0.1552,3065
neem|karoli|baba,2026-09-07,2026-10-07,0.180923827941172,0,0.00046599357,1,0.2563373038094264,0.1552,3066
uscis|petitions|agency,2026-09-07,2026-10-07,0.180923827941172,0,0.00046599357,1,0.2534591676323149,0.1551,3067
coaching|pakistan|cricket,2026-09-07,2026-10-07,0.180923827941172,0,0.00046599357,1,0.2541555786985651,0.1551,3068
their|bhagyank|sensitivity,2026-09-07,2026-10-07,0.180923827941172,0,0.00046599357,1,0.2532718336099157,0.1551,3069
fish|these|nepal,2026-09-07,2026-10-07,0.180923827941172,0,0.00046599357,1,0.2549292868482574,0.1551,3070
davis|tupac|shakur,2026-09-07,2026-10-07,0.180923827941172,0,0.00046599357,1,0.2533142874801485,0.1551,3071
economy|growth|without,2026-09-07,2026-10-07,0.180923827941172,0,0.0007958388,1,0.2538224167536412,0.1551,3072
help|moving|teen,2026-09-07,2026-10-07,0.180923827941172,0,0.00046599357,1,0.2543852241532593,0.1551,3073
pakistan|misbah|cricket,2026-09-07,2026-10-07,0.180923827941172,0,0.00046599357,1,0.2525070968307191,0.155,3074
airport|security|suspected,2026-09-07,2026-10-07,0.180923827941172,0,0.00046599357,1,0.2526402065136948,0.155,3075
political|influencer|protester,2026-09-07,2026-10-07,0.180923827941172,0,0.00046599357,1,0.2520487136523508,0.155,3076
service|chinese|entrepreneur,2026-09-07,2026-10-07,0.180923827941172,0,0.00046599357,1,0.2509585929041753,0.155,3077
video|aghori|self,2026-09-07,2026-10-07,0.180923827941172,0,0.00046599357,1,0.2514652963274838,0.155,3078
messi|teammates|tribute,2026-09-07,2026-10-07,0.180923827941172,0,0.00046599357,1,0.2512940523695516,0.155,3079
australia|squad|lose,2026-09-07,2026-10-07,0.180923827941172,0,0.00050516875,1,0.2514650709186891,0.155,3080
event|indications|nepal,2026-09-07,2026-10-07,0.180923827941172,0,0.00046599357,1,0.251482064564498,0.155,3081
film|crore|rupees,2026-09-07,2026-10-07,0.180923827941172,0,0.00050516875,1,0.2523947472615681,0.155,3082
rahul|against|gandhi,2026-09-07,2026-10-07,0.180923827941172,0,0.00046599357,1,0.2507229470159705,0.1549,3083
toxic|crore|yash,2026-09-07,2026-10-07,0.180923827941172,0,0.00050516875,1,0.250318014249188,0.1549,3084
europe|fake|influencers,2026-09-07,2026-10-07,0.180923827941172,0,0.00046599357,1,0.250649959222593,0.1549,3085
special|cricket|asian,2026-09-07,2026-10-07,0.180923827941172,0,0.00046599357,1,0.250074058829358,0.1549,3086
igho|ubiribo|thailand,2026-09-07,2026-10-07,0.180923827941172,0,0.00056145596,1,0.2504304541525299,0.1549,3087
committee|pakistan|seeks,2026-09-07,2026-10-07,0.180923827941172,0,0.00046599357,1,0.2487733120845409,0.1548,3088
rare|devil|flower,2026-09-07,2026-10-07,0.180923827941172,0,0.00056145596,1,0.2469178294055122,0.1548,3089
ukraine|patriot|european,2026-09-07,2026-10-07,0.180923827941172,0,0.0006225004,1,0.2470555722401959,0.1548,3090
indian|crore|equities,2026-09-07,2026-10-07,0.180923827941172,0,0.00046599357,1,0.2458679142211838,0.1547,3091
into|petrol|pump,2026-09-07,2026-10-07,0.180923827941172,0,0.00046599357,1,0.246196084075113,0.1547,3092
rera|digital|certificates,2026-09-07,2026-10-07,0.180923827941172,0,0.00046599357,1,0.245070317955025,0.1547,3093
water|level|chenab,2026-09-07,2026-10-07,0.180923827941172,0,0.00046599357,1,0.245939556042031,0.1547,3094
iran|strait|hormuz,2026-09-07,2026-10-07,0.180923827941172,0,0.00051100383,1,0.243110213069968,0.1546,3095
george|clooney|thin,2026-09-07,2026-10-07,0.180923827941172,0,0.00062703656,1,0.2439930962723425,0.1546,3096
india|health|concludes,2026-09-07,2026-10-07,0.180923827941172,0,0.0006225004,1,0.2445570264064072,0.1546,3097
member|team|india,2026-09-07,2026-10-07,0.180923827941172,0,0.00062703656,0,0.2415614971099302,0.1545,3098
injured|divider|when,2026-09-07,2026-10-07,0.180923827941172,0,0.00046599357,1,0.2411496149034122,0.1545,3099
news|india|belgium,2026-09-07,2026-10-07,0.180923827941172,0,0.00046599357,1,0.2428317171252205,0.1545,3100
food|expired|chilli,2026-09-07,2026-10-07,0.180923827941172,0,0.00046599357,1,0.2428345677597807,0.1545,3101
four|sabres|pakistani,2026-09-07,2026-10-07,0.180923827941172,0,0.00051100383,1,0.2414416964528071,0.1545,3102
chauhan|pakistan|anil,2026-09-07,2026-10-07,0.180923827941172,0,0.00051100383,1,0.241722551943364,0.1545,3103
iran|deployment|extend,2026-09-07,2026-10-07,0.180923827941172,0,0.00046599357,1,0.2424530558537094,0.1545,3104
young|interpreters|watching,2026-09-07,2026-10-07,0.180923827941172,0,0.00046599357,1,0.2411458803548174,0.1545,3105
caitlin|clarks|brand,2026-09-07,2026-10-07,0.180923827941172,0,0.00050516875,1,0.2403104609530612,0.1544,3106
strait|hormuz|supply,2026-09-07,2026-10-07,0.180923827941172,0,0.00046599357,1,0.2391694281449625,0.1544,3107
zone|east|central,2026-09-07,2026-10-07,0.180923827941172,0,0.00046599357,1,0.2406957489869114,0.1544,3108
injury|alcaraz|open,2026-09-07,2026-10-07,0.180923827941172,0,0.00046599357,1,0.239830343357478,0.1544,3109
refuses|leave|flood,2026-09-07,2026-10-07,0.180923827941172,0,0.00046599357,1,0.239410521643689,0.1544,3110
cook|apple|steve,2026-09-07,2026-10-07,0.180923827941172,0,0.00046599357,1,0.2400871668536032,0.1544,3111
anthropic|public|offering,2026-09-07,2026-10-07,0.180923827941172,0,0.00046599357,1,0.2404152150738968,0.1544,3112
appointment|punjab|centre,2026-09-07,2026-10-07,0.180923827941172,0,0.00046599357,1,0.2399180529903748,0.1544,3113
student|teacher|parents,2026-09-07,2026-10-07,0.180923827941172,0,0.00046599357,1,0.237554603548159,0.1543,3114
mishra|sindoor|jeetendra,2026-09-07,2026-10-07,0.180923827941172,0,0.00046599357,1,0.2375300167201768,0.1543,3115
bumrah|fitness|test,2026-09-07,2026-10-07,0.180923827941172,0,0.00046599357,1,0.2370174333775948,0.1543,3116
warning|signals|india,2026-09-07,2026-10-07,0.180923827941172,0,0.00050516875,1,0.2388139421142252,0.1543,3117
trump|donald|prince,2026-09-07,2026-10-07,0.180923827941172,0,0.00050516875,1,0.2370192370287169,0.1543,3118
practitioners|homeopaths|their,2026-09-07,2026-10-07,0.180923827941172,0,0.00050516875,1,0.2378144562516809,0.1543,3119
dundee|wrestling|bill,2026-09-07,2026-10-07,0.180923827941172,0,0.00046599357,1,0.2381014118876785,0.1543,3120
family|landslide|debris,2026-09-07,2026-10-07,0.180923827941172,0,0.00046599357,1,0.2371271293152908,0.1543,3121
right|historic|germany,2026-09-07,2026-10-07,0.180923827941172,0,0.00046599357,1,0.2351880966448804,0.1542,3122
keyaa|sexism|deadlift,2026-09-07,2026-10-07,0.180923827941172,0,0.00046599357,1,0.2355272658958047,0.1542,3123
kohli|virat|anushka,2026-09-07,2026-10-07,0.180923827941172,0,0.00046599357,1,0.2354184767220148,0.1542,3124
protest|highlights|against,2026-09-07,2026-10-07,0.180923827941172,0,0.00046599357,0,0.236605580593188,0.1542,3125
alumni|centenary|celebrations,2026-09-07,2026-10-07,0.180923827941172,0,0.00046599357,1,0.2351814640033043,0.1542,3126
price|today|crude,2026-09-07,2026-10-07,0.180923827941172,0,0.00050516875,1,0.234076984106502,0.1541,3127
vadodara|registration|within,2026-09-07,2026-10-07,0.180923827941172,0,0.0006225004,1,0.2332553437351374,0.1541,3128
assessing|overcapacity|risk,2026-09-07,2026-10-07,0.180923827941172,0,0.00046599357,0,0.2334936192643226,0.1541,3129
hospital|patients|sewage,2026-09-07,2026-10-07,0.180923827941172,0,0.00062703656,0,0.2345055131319844,0.1541,3130
case|court|sexual,2026-09-07,2026-10-07,0.180923827941172,0,0.00046599357,1,0.2334690385287642,0.1541,3131
humpback|whales|nearly,2026-09-07,2026-10-07,0.180923827941172,0,0.00046599357,1,0.2346170948033585,0.1541,3132
wangchuk|everyone|gone,2026-09-07,2026-10-07,0.180923827941172,0,0.00046599357,0,0.231236132929339,0.154,3133
make|india|high,2026-09-07,2026-10-07,0.180923827941172,0,0.00046599357,0,0.231128720951407,0.154,3134
progress|mother|involved,2026-09-07,2026-10-07,0.180923827941172,0,0.00050516875,1,0.2321505464596616,0.154,3135
volleyball|indian|team,2026-09-07,2026-10-07,0.180923827941172,0,0.00046599357,1,0.2321332499717436,0.154,3136
modi|kyrgyzstan|armenia,2026-09-07,2026-10-07,0.180923827941172,0,0.00062703656,0,0.2309034027052132,0.154,3137
pakistan|irfan|pathan,2026-09-07,2026-10-07,0.180923827941172,0,0.00046599357,1,0.2325663194130384,0.154,3138
signing|acquitted|rape,2026-09-07,2026-10-07,0.180923827941172,0,0.00046599357,1,0.2299121426807297,0.1539,3139
flight|survivor|escape,2026-09-07,2026-10-07,0.180923827941172,0,0.00050516875,1,0.2305408240244521,0.1539,3140
indian|army|pilots,2026-09-07,2026-10-07,0.180923827941172,0,0.00063055014,1,0.2307467248472231,0.1539,3141
rupee|liquidity|foreign,2026-09-07,2026-10-07,0.180923827941172,0,0.00046599357,1,0.2305763026164693,0.1539,3142
russia|historic|gold,2026-09-07,2026-10-07,0.180923827941172,0,0.00046599357,1,0.2300547462785989,0.1539,3143
osaka|naomi|coco,2026-09-07,2026-10-07,0.180923827941172,0,0.00050516875,1,0.2300480037353169,0.1539,3144
home|victim|smothered,2026-09-07,2026-10-07,0.180923827941172,0,0.00046599357,1,0.2302674742564589,0.1539,3145
hardik|pandya|comeback,2026-09-07,2026-10-07,0.180923827941172,0,0.00062703656,0,0.2307073304718434,0.1539,3146
offer|bittu|tabahi,2026-09-07,2026-10-07,0.180923827941172,0,0.00046599357,1,0.2278933614701536,0.1538,3147
zuckerberg|mark|hawaii,2026-09-07,2026-10-07,0.180923827941172,0,0.00046599357,1,0.2288746915328383,0.1538,3148
former|ukrainian|defence,2026-09-07,2026-10-07,0.180923827941172,0,0.00046599357,1,0.2279642675448501,0.1538,3149
gukesh|aronian|world,2026-09-07,2026-10-07,0.180923827941172,0,0.00046599357,1,0.2279906413014669,0.1538,3150
debt|kiyosaki|against,2026-09-07,2026-10-07,0.180923827941172,0,0.00046599357,1,0.2285359435797241,0.1538,3151
year|illinois|victorian,2026-09-07,2026-10-07,0.180923827941172,0,0.0006225004,1,0.2279012345938454,0.1538,3152
board|pakistan|shoaib,2026-09-07,2026-10-07,0.180923827941172,0,0.00046599357,1,0.2252538660370598,0.1537,3153
khan|pakistan|imran,2026-09-07,2026-10-07,0.180923827941172,0,0.00046599357,1,0.2250743759071504,0.1537,3154
cash|crore|vault,2026-09-07,2026-10-07,0.180923827941172,0,0.00046599357,0,0.2253054872586594,0.1537,3155
india|china|list,2026-09-07,2026-10-07,0.180923827941172,0,0.00046599357,0,0.2253667256061637,0.1537,3156
chess|diplomacy|aicf,2026-09-07,2026-10-07,0.180923827941172,0,0.00046599357,1,0.2249899577337107,0.1537,3157
naomi|osaka|serena,2026-09-07,2026-10-07,0.180923827941172,0,0.00046599357,1,0.2260246342585275,0.1537,3158
tech|added|most,2026-09-07,2026-10-07,0.180923827941172,0,0.000562866,1,0.225842301005908,0.1537,3159
summit|live|updates,2026-09-07,2026-10-07,0.180923827941172,0,0.00046599357,0,0.225433599228068,0.1537,3160
hystar|expects|india,2026-09-07,2026-10-07,0.180923827941172,0,0.0006225004,0,0.2228553714656774,0.1536,3161
mumbai|milk|taxi,2026-09-07,2026-10-07,0.180923827941172,0,0.00046599357,1,0.2230097346870563,0.1536,3162
kamra|police|show,2026-09-07,2026-10-07,0.180923827941172,0,0.00046599357,1,0.2233448968770106,0.1536,3163
mahomes|patrick|mobility,2026-09-07,2026-10-07,0.180923827941172,0,0.00046599357,1,0.2244231722748226,0.1536,3164
naqvi|were|cricket,2026-09-07,2026-10-07,0.180923827941172,0,0.00046599357,1,0.2234445498012963,0.1536,3165
reasons|growth|overshot,2026-09-07,2026-10-07,0.180923827941172,0,0.00046599357,0,0.2243778055093592,0.1536,3166
pakistan|india|yousuf,2026-09-07,2026-10-07,0.180923827941172,0,0.00046599357,1,0.2239379733275624,0.1536,3167
scheduling|late|night,2026-09-07,2026-10-07,0.180923827941172,0,0.00046599357,1,0.2234466816346152,0.1536,3168
jharkhand|tourism|minister,2026-09-07,2026-10-07,0.180923827941172,0,0.00050516875,1,0.2220723972979672,0.1535,3169
weekly|gain|since,2026-09-07,2026-10-07,0.180923827941172,0,0.00046599357,1,0.2225400954736839,0.1535,3170
fide|punish|players,2026-09-07,2026-10-07,0.180923827941172,0,0.00046599357,1,0.2212018372953073,0.1535,3171
sister|indian|coached,2026-09-07,2026-10-07,0.180923827941172,0,0.00046599357,1,0.2214315542808798,0.1535,3172
ambulance|stuck|pothole,2026-09-07,2026-10-07,0.180923827941172,0,0.00050516875,1,0.2219467153397913,0.1535,3173
audio|dealer|range,2026-09-07,2026-10-07,0.180923827941172,0,0.0006225004,1,0.2214907726120275,0.1535,3174
volkswagen|restructuring|plans,2026-09-07,2026-10-07,0.180923827941172,0,0.00046599357,1,0.2225985554006822,0.1535,3175
junk|business|grandbois,2026-09-07,2026-10-07,0.180923827941172,0,0.00046599357,1,0.2224302544963031,0.1535,3176
their|chirag|china,2026-09-07,2026-10-07,0.180923827941172,0,0.00046599357,1,0.2198908811690897,0.1534,3177
mandhana|history|mithali,2026-09-07,2026-10-07,0.180923827941172,0,0.00046599357,1,0.2189715360336318,0.1534,3178
udupi|krishna|janmashtami,2026-09-07,2026-10-07,0.180923827941172,0,0.00046599357,1,0.2191130840183326,0.1534,3179
water|altman|almond,2026-09-07,2026-10-07,0.180923827941172,0,0.00046599357,1,0.2206495598234332,0.1534,3180
justice|supreme|court,2026-09-07,2026-10-07,0.180923827941172,0,0.00046599357,0,0.2207544746345444,0.1534,3181
nigam|siddharth|mystery,2026-09-07,2026-10-07,0.180923827941172,0,0.00046599357,1,0.2187290993011706,0.1533,3182
sooryavanshi|cricket|duleep,2026-09-07,2026-10-07,0.180923827941172,0,0.00046599357,1,0.2173055791150964,0.1533,3183
players|pakistan|were,2026-09-07,2026-10-07,0.180923827941172,0,0.000562866,1,0.217612284955302,0.1533,3184
crpf|information|leader,2026-09-07,2026-10-07,0.180923827941172,0,0.00046599357,0,0.2153350670982303,0.1532,3185
march|refuses|restrict,2026-09-07,2026-10-07,0.180923827941172,0,0.00046599357,0,0.2152451588969124,0.1532,3186
engine|india|express,2026-09-07,2026-10-07,0.180923827941172,0,0.00046599357,1,0.2162686670941161,0.1532,3187
navratri|sentenced|life,2026-09-07,2026-10-07,0.180923827941172,0,0.00046599357,0,0.2162040932565387,0.1532,3188
students|parked|lorry,2026-09-07,2026-10-07,0.180923827941172,0,0.00050516875,1,0.2166407724404666,0.1532,3189
battle|push|drones,2026-09-07,2026-10-07,0.180923827941172,0,0.00046599357,1,0.215222403817394,0.1532,3190
crore|movie|mirzapur,2026-09-07,2026-10-07,0.180923827941172,0,0.0006225004,1,0.2154345161133271,0.1532,3191
flight|passenger|duct,2026-09-07,2026-10-07,0.180923827941172,0,0.00046599357,1,0.2158198109855382,0.1532,3192
court|janhvi|kapoor,2026-09-07,2026-10-07,0.180923827941172,0,0.00050516875,1,0.2166201463905966,0.1532,3193
video|shows|indian,2026-09-07,2026-10-07,0.180923827941172,0,0.00046599357,0,0.2142176870391509,0.1531,3194
geoffrey|hinton|canada,2026-09-07,2026-10-07,0.180923827941172,0,0.00046599357,1,0.2140424301853502,0.1531,3195
head|womens|asia,2026-09-07,2026-10-07,0.180923827941172,0,0.00046599357,0,0.2149202329525005,0.1531,3196
economy|grows|quarter,2026-09-07,2026-10-07,0.180923827941172,0,0.0007041956,0,0.2130979837611445,0.1531,3197
angelina|inspiration|jolie,2026-09-07,2026-10-07,0.180923827941172,0,0.00046599357,1,0.2141389544302493,0.1531,3198
india|next|sets,2026-09-07,2026-10-07,0.180923827941172,0,0.00046599357,1,0.2131699095896723,0.1531,3199
villiers|players|pakistan,2026-09-07,2026-10-07,0.180923827941172,0,0.00051100383,1,0.2147814914499429,0.1531,3200
trophy|naqvi|asia,2026-09-07,2026-10-07,0.180923827941172,0,0.00046599357,1,0.2116175976762666,0.153,3201
frodin|played|serena,2026-09-07,2026-10-07,0.180923827941172,0,0.00046599357,1,0.2127863244859557,0.153,3202
court|treaty|jurisdiction,2026-09-07,2026-10-07,0.180923827941172,0,0.00046599357,0,0.2120412167827221,0.153,3203
woods|real|estate,2026-09-07,2026-10-07,0.180923827941172,0,0.00046599357,1,0.2128936885087806,0.153,3204
isro|launch|satellite,2026-09-07,2026-10-07,0.180923827941172,0,0.00046599357,1,0.2126300524151488,0.153,3205
mateo|inter|miami,2026-09-07,2026-10-07,0.180923827941172,0,0.000562866,1,0.2111131266974195,0.153,3206
srikkanth|mistake|squad,2026-09-07,2026-10-07,0.180923827941172,0,0.00046599357,1,0.2114444527143466,0.153,3207
ajit|sule|supriya,2026-09-07,2026-10-07,0.180923827941172,0,0.00050516875,0,0.2100983793334538,0.1529,3208
sooryavanshi|test|first,2026-09-07,2026-10-07,0.180923827941172,0,0.00046599357,1,0.2096395585671505,0.1529,3209
draft|roll|around,2026-09-07,2026-10-07,0.180923827941172,0,0.00046599357,0,0.2092209561015326,0.1529,3210
tribal|students|march,2026-09-07,2026-10-07,0.180923827941172,0,0.00046599357,1,0.2087809846113426,0.1528,3211
trump|dont|want,2026-09-07,2026-10-07,0.180923827941172,0,0.00046599357,1,0.2089288575363712,0.1528,3212
match|pakistan|players,2026-09-07,2026-10-07,0.180923827941172,0,0.00046599357,1,0.2085316665495968,0.1528,3213
surprised|american|grandmaster,2026-09-07,2026-10-07,0.180923827941172,0,0.00046599357,1,0.2073676171152761,0.1528,3214
india|evening|brief,2026-09-07,2026-10-07,0.180923827941172,0,0.00046599357,0,0.2073872887440975,0.1528,3215
complaint|insult|denies,2026-09-07,2026-10-07,0.180923827941172,0,0.00046599357,1,0.2083366225442483,0.1528,3216
hague|court|orders,2026-09-07,2026-10-07,0.180923827941172,0,0.00046599357,0,0.2074572161430198,0.1528,3217
andhra|deputy|executive,2026-09-07,2026-10-07,0.180923827941172,0,0.00050516875,1,0.2074877820972824,0.1528,3218
lake|apple|google,2026-09-07,2026-10-07,0.180923827941172,0,0.00046599357,1,0.2082470936480424,0.1528,3219
english|noblewoman|tigers,2026-09-07,2026-10-07,0.180923827941172,0,0.00062703656,0,0.2075444596267451,0.1528,3220
like|personality|russian,2026-09-07,2026-10-07,0.180923827941172,0,0.00046599357,1,0.2086641975201114,0.1528,3221
isabgol|unjhas|trade,2026-09-07,2026-10-07,0.180923827941172,0,0.00062703656,0,0.2084455037257518,0.1528,3222
activist|complaints|remarks,2026-09-07,2026-10-07,0.180923827941172,0,0.00046599357,1,0.2075034517751827,0.1528,3223
indias|tech|workforce,2026-09-07,2026-10-07,0.180923827941172,0,0.00046599357,0,0.2068232102338238,0.1527,3224
meta|google|highest,2026-09-07,2026-10-07,0.180923827941172,0,0.00046599357,1,0.2064114001035732,0.1527,3225
punjab|respond|justice,2026-09-07,2026-10-07,0.180923827941172,0,0.00046599357,0,0.2067620372040148,0.1527,3226
mandhana|runs|india,2026-09-07,2026-10-07,0.180923827941172,0,0.00046599357,1,0.2039136681448997,0.1526,3227
jagdeep|dhankhar|official,2026-09-07,2026-10-07,0.180923827941172,0,0.00050516875,0,0.2039455243379153,0.1526,3228
abhishek|sharma|rating,2026-09-07,2026-10-07,0.180923827941172,0,0.00046599357,1,0.2033784157055423,0.1526,3229
email|court|another,2026-09-07,2026-10-07,0.180923827941172,0,0.00046599357,1,0.2046779979273498,0.1526,3230
women|police|station,2026-09-07,2026-10-07,0.180923827941172,0,0.00046599357,1,0.2041949976871965,0.1526,3231
quad|energy|ministers,2026-09-07,2026-10-07,0.180923827941172,0,0.00062703656,0,0.2011588684998655,0.1525,3232
bhardwaj|swatantra|under,2026-09-07,2026-10-07,0.180923827941172,0,0.00046599357,1,0.2021741856924145,0.1525,3233
india|pakistan|could,2026-09-07,2026-10-07,0.180923827941172,0,0.00046599357,0,0.2021263845593764,0.1525,3234
delhi|condemns|year,2026-09-07,2026-10-07,0.180923827941172,0,0.00046599357,0,0.2021819557187079,0.1525,3235
stock|recommendations|today,2026-09-07,2026-10-07,0.180923827941172,0,0.00062703656,0,0.2022186742026681,0.1525,3236
sugar|shock|indians,2026-09-07,2026-10-07,0.180923827941172,0,0.00050516875,0,0.2025145805489007,0.1525,3237
tattoos|took|months,2026-09-07,2026-10-07,0.180923827941172,0,0.00046599357,1,0.2003511682349302,0.1524,3238
teacher|school|through,2026-09-07,2026-10-07,0.180923827941172,0,0.00046599357,1,0.2007119204433388,0.1524,3239
chirag|paswan|threat,2026-09-07,2026-10-07,0.180923827941172,0,0.00062703656,0,0.1988865917864054,0.1524,3240
supreme|court|panel,2026-09-07,2026-10-07,0.180923827941172,0,0.00046599357,0,0.1999637074204899,0.1524,3241
india|sincerely|desires,2026-09-07,2026-10-07,0.180923827941172,0,0.00046599357,0,0.2000146456735426,0.1524,3242
olympiad|long|dream,2026-09-07,2026-10-07,0.180923827941172,0,0.00046599357,1,0.2003382477909123,0.1524,3243
brief|evening|news,2026-09-07,2026-10-07,0.180923827941172,0,0.00046599357,0,0.1989133130965856,0.1523,3244
women|public|sphere,2026-09-07,2026-10-07,0.180923827941172,0,0.00046599357,0,0.1973282446394869,0.1523,3245
relief|india|sends,2026-09-07,2026-10-07,0.180923827941172,0,0.00046599357,0,0.1987457439877243,0.1523,3246
gangrape|delhi|police,2026-09-07,2026-10-07,0.180923827941172,0,0.00046599357,0,0.197666498586971,0.1523,3247
airport|delhi|petition,2026-09-07,2026-10-07,0.180923827941172,0,0.00050516875,0,0.1971358677548817,0.1523,3248
satya|niketan|students,2026-09-07,2026-10-07,0.180923827941172,0,0.00046599357,1,0.1983416358175122,0.1523,3249
sabalenka|smell|aryna,2026-09-07,2026-10-07,0.180923827941172,0,0.00046599357,1,0.1964016593819092,0.1522,3250
bezos|club|membership,2026-09-07,2026-10-07,0.180923827941172,0,0.00046599357,1,0.1966809458729755,0.1522,3251
bhardwaj|protest|news,2026-09-07,2026-10-07,0.180923827941172,0,0.00046599357,0,0.1960087844416229,0.1522,3252
aimim|worker|stabbed,2026-09-07,2026-10-07,0.180923827941172,0,0.00050516875,0,0.1965176353993412,0.1522,3253
development|michigan|farmer,2026-09-07,2026-10-07,0.180923827941172,0,0.00046599357,1,0.1959973431190577,0.1522,3254
holiday|promised|offered,2026-09-07,2026-10-07,0.180923827941172,0,0.00046599357,1,0.1942329819620767,0.1521,3255
india|pakistan|handshake,2026-09-07,2026-10-07,0.180923827941172,0,0.00046599357,0,0.1941893908874327,0.1521,3256
kerala|women|killed,2026-09-07,2026-10-07,0.180923827941172,0,0.00046599357,0,0.1945287440200124,0.1521,3257
chadha|punjab|raghav,2026-09-07,2026-10-07,0.180923827941172,0,0.00046599357,1,0.1931806600036411,0.1521,3258
congress|joseph|vijay,2026-09-07,2026-10-07,0.180923827941172,0,0.00050516875,0,0.1940632268022422,0.1521,3259
bill|table|anti,2026-09-07,2026-10-07,0.180923827941172,0,0.00050516875,0,0.1920288784160519,0.152,3260
sonia|gandhis|book,2026-09-07,2026-10-07,0.180923827941172,0,0.00046599357,0,0.1926282335419555,0.152,3261
woman|abducted|assaulted,2026-09-07,2026-10-07,0.180923827941172,0,0.00046599357,1,0.1921228625511171,0.152,3262
saudi|delhi|india,2026-09-07,2026-10-07,0.180923827941172,0,0.00046599357,0,0.1924383448588773,0.152,3263
land|modi|peace,2026-09-07,2026-10-07,0.180923827941172,0,0.00046599357,0,0.1914294961889553,0.152,3264
pakistan|asia|india,2026-09-07,2026-10-07,0.180923827941172,0,0.00046599357,0,0.1912054566423307,0.152,3265
stocks|stock|market,2026-09-07,2026-10-07,0.180923827941172,0,0.00046599357,0,0.190628210428969,0.1519,3266
nepal|india|continue,2026-09-07,2026-10-07,0.180923827941172,0,0.00046599357,0,0.1903543571198288,0.1519,3267
inside|india|newsletter,2026-09-07,2026-10-07,0.180923827941172,0,0.00046599357,0,0.1875530586495087,0.1518,3268
over|sonia|gandhi,2026-09-07,2026-10-07,0.180923827941172,0,0.00046599357,0,0.1883365112774053,0.1518,3269
speeding|crushes|woman,2026-09-07,2026-10-07,0.180923827941172,0,0.00046599357,0,0.1858323907139776,0.1517,3270
india|jurisdiction|rejects,2026-09-07,2026-10-07,0.180923827941172,0,0.00046599357,0,0.1853062750187362,0.1517,3271
year|businessman|arrested,2026-09-07,2026-10-07,0.180923827941172,0,0.00046599357,0,0.186496937813873,0.1517,3272
muslim|women|remark,2026-09-07,2026-10-07,0.180923827941172,0,0.00046599357,0,0.1869115437872122,0.1517,3273
javelin|tata|advanced,2026-09-07,2026-10-07,0.180923827941172,0,0.00046599357,0,0.1852443343096739,0.1517,3274
vijay|should|away,2026-09-07,2026-10-07,0.180923827941172,0,0.00046599357,0,0.1861454994803427,0.1517,3275
bring|technological|knowledge,2026-09-07,2026-10-07,0.180923827941172,0,0.00046599357,0,0.1862064675524839,0.1517,3276
building|delhi|collapse,2026-09-07,2026-10-07,0.180923827941172,0,0.00046599357,0,0.1862372102170371,0.1517,3277
india|never|asked,2026-09-07,2026-10-07,0.180923827941172,0,0.00046599357,0,0.1835711902858491,0.1516,3278
needs|buying|jaishankar,2026-09-07,2026-10-07,0.180923827941172,0,0.00046599357,0,0.1842989846598867,0.1516,3279
cricket|ponting|dont,2026-09-07,2026-10-07,0.180923827941172,0,0.00046599357,1,0.1839331573548218,0.1516,3280
india|cricket|lost,2026-09-07,2026-10-07,0.180923827941172,0,0.00046599357,0,0.1835711902858491,0.1516,3281
auction|market|open,2026-09-07,2026-10-07,0.180923827941172,0,0.00046599357,0,0.1809626850324248,0.1515,3282
cancer|drugs|show,2026-09-07,2026-10-07,0.180923827941172,0,0.00046599357,0,0.1810219290159957,0.1515,3283
first|jeetendra|reaction,2026-09-07,2026-10-07,0.180923827941172,0,0.00046599357,0,0.1811965207426882,0.1515,3284
brics|summit|indias,2026-09-07,2026-10-07,0.180923827941172,0,0.0006225004,0,0.1826110938371803,0.1515,3285
congress|threatens|quit,2026-09-07,2026-10-07,0.180923827941172,0,0.00046599357,0,0.1825264865457929,0.1515,3286
court|refuses|entertain,2026-09-07,2026-10-07,0.180923827941172,0,0.00046599357,0,0.179075507268076,0.1514,3287
bank|loan|property,2026-09-07,2026-10-07,0.180923827941172,0,0.0006225004,0,0.1799570061867573,0.1514,3288
shivraj|reviews|watershed,2026-09-07,2026-10-07,0.180923827941172,0,0.00046599357,0,0.1793503391113002,0.1514,3289
flexi|bank|india,2026-09-07,2026-10-07,0.180923827941172,0,0.00046599357,0,0.1792992787814037,0.1514,3290
ishan|kishan|history,2026-09-07,2026-10-07,0.180923827941172,0,0.0006225004,0,0.1806036651604074,0.1514,3291
chadha|cash|complications,2026-09-07,2026-10-07,0.180923827941172,0,0.00046599357,0,0.1806305796551371,0.1514,3292
keralam|progressive|state,2026-09-07,2026-10-07,0.180923827941172,0,0.00046599357,0,0.179943138747299,0.1514,3293
building|action|those,2026-09-07,2026-10-07,0.180923827941172,0,0.00046599357,0,0.1805087704680448,0.1514,3294
german|forum|indo,2026-09-07,2026-10-07,0.180923827941172,0,0.00046599357,0,0.1804149852226514,0.1514,3295
india|media|baron,2026-09-07,2026-10-07,0.180923827941172,0,0.00046599357,0,0.1807487309099466,0.1514,3296
mumbai|region|taxi,2026-09-07,2026-10-07,0.180923827941172,0,0.00046599357,0,0.1779540969979558,0.1513,3297
india|indo|mediterranean,2026-09-07,2026-10-07,0.180923827941172,0,0.00046599357,0,0.1781061944250357,0.1513,3298
waterlogging|bhimtal|heavy,2026-09-07,2026-10-07,0.180923827941172,0,0.00046599357,0,0.178712287702667,0.1513,3299
earthquake|people|save,2026-09-07,2026-10-07,0.180923827941172,0,0.00046599357,0,0.1777236660358588,0.1513,3300
selling|cars|india,2026-09-07,2026-10-07,0.180923827941172,0,0.0006225004,0,0.1780436583996631,0.1513,3301
complaint|against|father,2026-09-07,2026-10-07,0.180923827941172,0,0.00046599357,0,0.1764454016794154,0.1512,3302
court|conman|sukesh,2026-09-07,2026-10-07,0.180923827941172,0,0.00046599357,0,0.1765966233882897,0.1512,3303
oracle|layoffs|microsoft,2026-09-07,2026-10-07,0.180923827941172,0,0.00046599357,0,0.1753558154278688,0.1512,3304
marshal|mishra|sindoor,2026-09-07,2026-10-07,0.180923827941172,0,0.00046599357,0,0.1750755170598396,0.1512,3305
rahul|gandhi|make,2026-09-07,2026-10-07,0.180923827941172,0,0.00046599357,0,0.173251400057971,0.1511,3306
night|play|kyss,2026-09-07,2026-10-07,0.180923827941172,0,0.00046599357,0,0.1734909327193053,0.1511,3307
august|crore|collections,2026-09-07,2026-10-07,0.180923827941172,0,0.00050516875,0,0.1744514253081628,0.1511,3308
gutkha|masala|gujarat,2026-09-07,2026-10-07,0.180923827941172,0,0.00046599357,0,0.1744568694226325,0.1511,3309
zomato|analogue|dairy,2026-09-07,2026-10-07,0.180923827941172,0,0.00046599357,0,0.1743241254449355,0.1511,3310
killed|strikes|iran,2026-09-07,2026-10-07,0.180923827941172,0,0.00062703656,0,0.1736921254719232,0.1511,3311
minister|action|against,2026-09-07,2026-10-07,0.180923827941172,0,0.00046599357,0,0.1749329006764896,0.1511,3312
women|islamic|like,2026-09-07,2026-10-07,0.180923827941172,0,0.00046599357,0,0.1744067108812551,0.1511,3313
mumbai|middle|east,2026-09-07,2026-10-07,0.180923827941172,0,0.00050516875,0,0.1713463439947445,0.151,3314
rahul|gandhi|congress,2026-09-07,2026-10-07,0.180923827941172,0,0.00046599357,0,0.1720287562294575,0.151,3315
press|conference|damage,2026-09-07,2026-10-07,0.180923827941172,0,0.0006225004,0,0.1727214259786472,0.151,3316
jadavpur|political|graffiti,2026-09-07,2026-10-07,0.180923827941172,0,0.00046599357,0,0.1716794110410949,0.151,3317
iran|trade|modi,2026-09-07,2026-10-07,0.180923827941172,0,0.00046599357,0,0.1716582795011892,0.151,3318
nightclub|fire|case,2026-09-07,2026-10-07,0.180923827941172,0,0.00046599357,0,0.1712100370340394,0.151,3319
vijay|woman|gesture,2026-09-07,2026-10-07,0.180923827941172,0,0.00046599357,0,0.1710602686995364,0.151,3320
lexus|launched|india,2026-09-07,2026-10-07,0.180923827941172,0,0.00046599357,0,0.1717771880713929,0.151,3321
abhijeet|dipke|delhi,2026-09-07,2026-10-07,0.180923827941172,0,0.00046599357,0,0.1719737630130029,0.151,3322
arrested|keralam|women,2026-09-07,2026-10-07,0.180923827941172,0,0.00046599357,0,0.1725653587369439,0.151,3323
minister|priyank|kharge,2026-09-07,2026-10-07,0.180923827941172,0,0.00046599357,0,0.1708678586159152,0.1509,3324
year|kidnapped|delhi,2026-09-07,2026-10-07,0.180923827941172,0,0.00046599357,0,0.1690891925159122,0.1509,3325
shikshagraha|partners|teach,2026-09-07,2026-10-07,0.180923827941172,0,0.00046599357,0,0.170203417984443,0.1509,3326
state|exception|india,2026-09-07,2026-10-07,0.180923827941172,0,0.00050516875,0,0.1704826124414482,0.1509,3327
india|ruling|classes,2026-09-07,2026-10-07,0.180923827941172,0,0.00050516875,0,0.1704826124414482,0.1509,3328
recruited|russian|indians,2026-09-07,2026-10-07,0.180923827941172,0,0.00050516875,0,0.1669511880290131,0.1508,3329
modi|putin|summit,2026-09-07,2026-10-07,0.180923827941172,0,0.00046599357,0,0.1681099533652432,0.1508,3330
others|malaria|tablets,2026-09-07,2026-10-07,0.180923827941172,0,0.00046599357,0,0.1671185631331077,0.1508,3331
firs|neet|delhi,2026-09-07,2026-10-07,0.180923827941172,0,0.00046599357,0,0.1684980710536232,0.1508,3332
injured|collides|head,2026-09-07,2026-10-07,0.180923827941172,0,0.00046599357,0,0.1680465483921967,0.1508,3333
belgian|backs|india,2026-09-07,2026-10-07,0.180923827941172,0,0.00046599357,0,0.1682857683920233,0.1508,3334
iphone|plus|gets,2026-09-07,2026-10-07,0.180923827941172,0,0.00050516875,0,0.1675914653209958,0.1508,3335
isro|puts|indias,2026-09-07,2026-10-07,0.180923827941172,0,0.00046599357,0,0.1661879085170562,0.1507,3336
india|final|push,2026-09-07,2026-10-07,0.180923827941172,0,0.00046599357,0,0.1665379188193731,0.1507,3337
encroachment|removal|drive,2026-09-07,2026-10-07,0.180923827941172,0,0.00046599357,0,0.1664394914177452,0.1507,3338
evening|brief|sept,2026-09-07,2026-10-07,0.180923827941172,0,0.00046599357,0,0.1655632790444013,0.1507,3339
seeks|reset|political,2026-09-07,2026-10-07,0.180923827941172,0,0.00046599357,0,0.1657425824451199,0.1507,3340
modi|russia|putin,2026-09-07,2026-10-07,0.180923827941172,0,0.00046599357,0,0.1666415186151773,0.1507,3341
project|developers|brochures,2026-09-07,2026-10-07,0.180923827941172,0,0.00046599357,0,0.1652957785054365,0.1507,3342
than|last|indias,2026-09-07,2026-10-07,0.180923827941172,0,0.00046599357,0,0.1646136343340715,0.1506,3343
tamil|nadu|vijay,2026-09-07,2026-10-07,0.180923827941172,0,0.00046599357,0,0.1637982206902463,0.1506,3344
roads|heavy|submerged,2026-09-07,2026-10-07,0.180923827941172,0,0.00046599357,0,0.1645128462273147,0.1506,3345
womens|asia|india,2026-09-07,2026-10-07,0.180923827941172,0,0.00046599357,0,0.1639549715578938,0.1506,3346
morning|news|brief,2026-09-07,2026-10-07,0.180923827941172,0,0.00046599357,0,0.1649358678118809,0.1506,3347
samsung|galaxy|available,2026-09-07,2026-10-07,0.180923827941172,0,0.00050516875,0,0.16375862792332,0.1506,3348
naveen|mines|pushback,2026-09-07,2026-10-07,0.180923827941172,0,0.00046599357,0,0.1641409795499731,0.1506,3349
water|treaty|bihars,2026-09-07,2026-10-07,0.180923827941172,0,0.00046599357,0,0.1639872230888099,0.1506,3350
citing|lack|jurisdiction,2026-09-07,2026-10-07,0.180923827941172,0,0.00046599357,0,0.1646136343340715,0.1506,3351
accused|challans|july,2026-09-07,2026-10-07,0.180923827941172,0,0.00046599357,0,0.1630694167607349,0.1506,3352
west|singhbhum|jharkhand,2026-09-07,2026-10-07,0.180923827941172,0,0.00046599357,0,0.1633335887431634,0.1506,3353
historicity|when|gorkha,2026-09-07,2026-10-07,0.180923827941172,0,0.00046599357,0,0.1610466003654658,0.1505,3354
techie|explains|moving,2026-09-07,2026-10-07,0.180923827941172,0,0.00046599357,0,0.1618593732300385,0.1505,3355
delhi|next|hours,2026-09-07,2026-10-07,0.180923827941172,0,0.00046599357,0,0.1619611303693705,0.1505,3356
jaipur|neet|power,2026-09-07,2026-10-07,0.180923827941172,0,0.00046599357,0,0.161588232589361,0.1505,3357
raksha|defence|diplomacy,2026-09-07,2026-10-07,0.180923827941172,0,0.00046599357,0,0.162606528412661,0.1505,3358
ambit|central|government,2026-09-07,2026-10-07,0.180923827941172,0,0.00050516875,0,0.1617314730034803,0.1505,3359
rescue|nepal|floods,2026-09-07,2026-10-07,0.180923827941172,0,0.00046599357,0,0.1610490292614333,0.1505,3360
abhinandan|fighter|pilot,2026-09-07,2026-10-07,0.180923827941172,0,0.00046599357,0,0.1628251953919093,0.1505,3361
ready|india|envoy,2026-09-07,2026-10-07,0.180923827941172,0,0.00046599357,0,0.1610541480234747,0.1505,3362
opposition|disallowed|members,2026-09-07,2026-10-07,0.180923827941172,0,0.00046599357,0,0.1627063623766148,0.1505,3363
india|must|uphold,2026-09-07,2026-10-07,0.180923827941172,0,0.00046599357,0,0.1617647626564594,0.1505,3364
stabbing|dead|york,2026-09-07,2026-10-07,0.180923827941172,0,0.00050516875,0,0.1611907378365931,0.1505,3365
minister|surekha|sack,2026-09-07,2026-10-07,0.180923827941172,0,0.00050516875,0,0.1615427010936044,0.1505,3366
protest|self|styled,2026-09-07,2026-10-07,0.180923827941172,0,0.00046599357,0,0.1592518334803407,0.1504,3367
russian|president|indian,2026-09-07,2026-10-07,0.180923827941172,0,0.00046599357,0,0.160862561799237,0.1504,3368
india|modi|tells,2026-09-07,2026-10-07,0.180923827941172,0,0.00046599357,0,0.159795698948715,0.1504,3369
flight|pilot|india,2026-09-07,2026-10-07,0.180923827941172,0,0.00046599357,0,0.1589940310806098,0.1504,3370
food|safety|products,2026-09-07,2026-10-07,0.180923827941172,0,0.00046599357,0,0.1590062870162076,0.1504,3371
kyrgyzstan|modi|urges,2026-09-07,2026-10-07,0.180923827941172,0,0.00046599357,0,0.1590259553586895,0.1504,3372
modi|india|gold,2026-09-07,2026-10-07,0.180923827941172,0,0.00046599357,0,0.1608697754990617,0.1504,3373
controversy|trailed|prashant,2026-09-07,2026-10-07,0.180923827941172,0,0.00046599357,0,0.1589616462538177,0.1504,3374
india|forms|express,2026-09-07,2026-10-07,0.180923827941172,0,0.00046599357,0,0.1600952898451237,0.1504,3375
sugar|rose|august,2026-09-07,2026-10-07,0.180923827941172,0,0.00050516875,0,0.1597138564166214,0.1504,3376
india|against|damaged,2026-09-07,2026-10-07,0.180923827941172,0,0.0006225004,0,0.1589409392017031,0.1504,3377
india|belgian|veiled,2026-09-07,2026-10-07,0.180923827941172,0,0.00046599357,0,0.160404148955428,0.1504,3378
paswans|union|minister,2026-09-07,2026-10-07,0.180923827941172,0,0.00046599357,0,0.1590101875446084,0.1504,3379
estonian|defence|minister,2026-09-07,2026-10-07,0.180923827941172,0,0.00046599357,0,0.1604348767412081,0.1504,3380
wangchuk|viral|clip,2026-09-07,2026-10-07,0.180923827941172,0,0.00046599357,0,0.1600763079272373,0.1504,3381
indian|origin|taxi,2026-09-07,2026-10-07,0.180923827941172,0,0.00046599357,0,0.1601700949226371,0.1504,3382
show|degrees|both,2026-09-07,2026-10-07,0.180923827941172,0,0.00046599357,0,0.1603406966937175,0.1504,3383
chhattisgarh|raids|seven,2026-09-07,2026-10-07,0.180923827941172,0,0.00050516875,0,0.159963728254479,0.1504,3384
india|china|pakistan,2026-09-07,2026-10-07,0.180923827941172,0,0.00046599357,0,0.1569867419117573,0.1503,3385
indian|modi|implores,2026-09-07,2026-10-07,0.180923827941172,0,0.00046599357,0,0.1574758063640196,0.1503,3386
firecracker|factory|blast,2026-09-07,2026-10-07,0.180923827941172,0,0.00050516875,0,0.1573475689099704,0.1503,3387
penguin|cordial|then,2026-09-07,2026-10-07,0.180923827941172,0,0.00046599357,0,0.1584100353318095,0.1503,3388
zero|tolerance|commissioner,2026-09-07,2026-10-07,0.180923827941172,0,0.00046599357,0,0.1584318006420743,0.1503,3389
flight|pilot|feet,2026-09-07,2026-10-07,0.180923827941172,0,0.00046599357,0,0.1583661468922939,0.1503,3390
nepal|floods|rescued,2026-09-07,2026-10-07,0.180923827941172,0,0.00046599357,0,0.1581795809136943,0.1503,3391
news|world|evening,2026-09-07,2026-10-07,0.180923827941172,0,0.00046599357,0,0.1588190891322475,0.1503,3392
nation|times|india,2026-09-07,2026-10-07,0.180923827941172,0,0.0007958388,0,0.1566666273660427,0.1503,3393
land|grab|madrassa,2026-09-07,2026-10-07,0.180923827941172,0,0.00046599357,0,0.1576298629249723,0.1503,3394
delhi|weather|highlights,2026-09-07,2026-10-07,0.180923827941172,0,0.00046599357,0,0.1566720394828721,0.1502,3395
babar|mohsin|naqvi,2026-09-07,2026-10-07,0.180923827941172,0,0.00046599357,0,0.1555799037504235,0.1502,3396
green|card|wait,2026-09-07,2026-10-07,0.180923827941172,0,0.00046599357,0,0.1554014539216784,0.1502,3397
dmks|mood|reflection,2026-09-07,2026-10-07,0.180923827941172,0,0.00062703656,0,0.1551938415669293,0.1502,3398
india|vice|president,2026-09-07,2026-10-07,0.180923827941172,0,0.00046599357,0,0.155640201827244,0.1502,3399
rescued|brothel|police,2026-09-07,2026-10-07,0.180923827941172,0,0.00046599357,0,0.1559140329178817,0.1502,3400
power|failure|hits,2026-09-07,2026-10-07,0.180923827941172,0,0.00046599357,0,0.1552345245977893,0.1502,3401
leaders|tell|saurav,2026-09-07,2026-10-07,0.180923827941172,0,0.00046599357,0,0.1551415155145421,0.1502,3402
india|equal|backs,2026-09-07,2026-10-07,0.180923827941172,0,0.00046599357,0,0.1562419376561563,0.1502,3403
money|kangana|ranaut,2026-09-07,2026-10-07,0.180923827941172,0,0.00046599357,0,0.1560587701952236,0.1502,3404
modi|hails|herculean,2026-09-07,2026-10-07,0.180923827941172,0,0.00046599357,0,0.1568223600519585,0.1502,3405
enumeration|census|begins,2026-09-07,2026-10-07,0.180923827941172,0,0.00062703656,0,0.1550209438882373,0.1502,3406
modi|srcc|dhurandhar,2026-09-07,2026-10-07,0.180923827941172,0,0.00046599357,0,0.1551062982865349,0.1502,3407
under|adani|ownership,2026-09-07,2026-10-07,0.180923827941172,0,0.00046599357,0,0.1556983418631699,0.1502,3408
hazare|admitted|hospital,2026-09-07,2026-10-07,0.180923827941172,0,0.00046599357,0,0.1558973259656899,0.1502,3409
rain|sweeps|delhi,2026-09-07,2026-10-07,0.180923827941172,0,0.0007041956,0,0.1563332252317388,0.1502,3410
glacial|floods|india,2026-09-07,2026-10-07,0.180923827941172,0,0.0007958388,0,0.1534417442998309,0.1501,3411
india|jaipur|watch,2026-09-07,2026-10-07,0.180923827941172,0,0.00046599357,0,0.1531165360050815,0.1501,3412
stock|national|exchange,2026-09-07,2026-10-07,0.180923827941172,0,0.0006225004,0,0.1535578183632157,0.1501,3413
surrey|sign|indian,2026-09-07,2026-10-07,0.180923827941172,0,0.00056145596,0,0.1529015869753086,0.1501,3414
india|shrugs|shock,2026-09-07,2026-10-07,0.180923827941172,0,0.00046599357,0,0.1544742775786485,0.1501,3415
india|moves|more,2026-09-07,2026-10-07,0.180923827941172,0,0.00046599357,0,0.1543651821892717,0.1501,3416
india|announces|decision,2026-09-07,2026-10-07,0.180923827941172,0,0.00046599357,0,0.1529754873544378,0.1501,3417
india|baffles|china,2026-09-07,2026-10-07,0.180923827941172,0,0.00094062835,0,0.152805438242604,0.1501,3418
schooling|crisis|gross,2026-09-07,2026-10-07,0.180923827941172,0,0.00046599357,0,0.1546624084791387,0.1501,3419
dined|indias|restaurantstwice,2026-09-07,2026-10-07,0.180923827941172,0,0.0006225004,0,0.1535578183632157,0.1501,3420
september|march|tells,2026-09-07,2026-10-07,0.180923827941172,0,0.00046599357,0,0.1531404292958048,0.1501,3421
iphone|selling|lowest,2026-09-07,2026-10-07,0.180923827941172,0,0.00056145596,0,0.1546377029730331,0.1501,3422
singapore|india|explained,2026-09-07,2026-10-07,0.180923827941172,0,0.00046599357,0,0.1541757303169285,0.1501,3423
significant|progress|seen,2026-09-07,2026-10-07,0.180923827941172,0,0.00046599357,0,0.1529754873544378,0.1501,3424
took|lakh|crore,2026-09-07,2026-10-07,0.180923827941172,0,0.00046599357,0,0.1536598383913083,0.1501,3425
vinfast|design|patent,2026-09-07,2026-10-07,0.180923827941172,0,0.0008375854,0,0.1505999330367733,0.15,3426
happened|katrina|kaif,2026-09-07,2026-10-07,0.180923827941172,0,0.0007041956,0,0.1524442202162268,0.15,3427
pilgrims|palwal|killed,2026-09-07,2026-10-07,0.180923827941172,0,0.00046599357,0,0.1525434293547188,0.15,3428
india|board|reiterates,2026-09-07,2026-10-07,0.180923827941172,0,0.00050516875,0,0.1515394920788657,0.15,3429
seconds|aaib|report,2026-09-07,2026-10-07,0.180923827941172,0,0.00046599357,0,0.1523280092400171,0.15,3430
jobless|people|call,2026-09-07,2026-10-07,0.180923827941172,0,0.00046599357,0,0.1515874941391352,0.15,3431
trophy|controversy|returns,2026-09-07,2026-10-07,0.180923827941172,0,0.00046599357,0,0.1513012411558456,0.15,3432
against|iranian|stock,2026-09-07,2026-10-07,0.180923827941172,0,0.00050516875,0,0.1512627820641026,0.15,3433
centre|firs|maharashtra,2026-09-07,2026-10-07,0.180923827941172,0,0.00046599357,0,0.1521716697759998,0.15,3434
safety|cctv|panic,2026-09-07,2026-10-07,0.180923827941172,0,0.00046599357,0,0.1520760509475893,0.15,3435
evening|brief|temple,2026-09-07,2026-10-07,0.180923827941172,0,0.00046599357,0,0.1523331572993354,0.15,3436
arson|case|hear,2026-09-07,2026-10-07,0.180923827941172,0,0.00046599357,0,0.1527217520056858,0.15,3437
maternity|leave|women,2026-09-07,2026-10-07,0.180923827941172,0,0.00046599357,0,0.150969338083814,0.15,3438
justice|agrawal|rajasthan,2026-09-07,2026-10-07,0.180923827941172,0,0.00046599357,0,0.1522945281762639,0.15,3439
purnima|tiwari|actor,2026-09-07,2026-10-07,0.180923827941172,0,0.00046599357,0,0.1516517808390788,0.15,3440
india|achieved|growth,2026-09-07,2026-10-07,0.180923827941172,0,0.00046599357,0,0.1489851972191005,0.1499,3441
iphone|gets|conditions,2026-09-07,2026-10-07,0.180923827941172,0,0.0007041956,0,0.1494430373679583,0.1499,3442
indians|recruited|russian,2026-09-07,2026-10-07,0.180923827941172,0,0.00046599357,0,0.1507381197443612,0.1499,3443
does|inflation|targeting,2026-09-07,2026-10-07,0.180923827941172,0,0.0008375854,0,0.1491841847256648,0.1499,3444
indias|beats|growth,2026-09-07,2026-10-07,0.180923827941172,0,0.00050516875,0,0.1492092812458381,0.1499,3445
modi|growth|jhooth,2026-09-07,2026-10-07,0.180923827941172,0,0.00046599357,0,0.149941811113282,0.1499,3446
rain|alert|delhi,2026-09-07,2026-10-07,0.180923827941172,0,0.00046599357,0,0.1504097078961656,0.1499,3447
sexual|harassment|complaints,2026-09-07,2026-10-07,0.180923827941172,0,0.00046599357,0,0.1506457695819663,0.1499,3448
indias|nuclear|expansion,2026-09-07,2026-10-07,0.180923827941172,0,0.00046599357,0,0.1507380592282397,0.1499,3449
nepals|call|compensation,2026-09-07,2026-10-07,0.180923827941172,0,0.00046599357,0,0.1495891764143794,0.1499,3450
launched|lakh|autocar,2026-09-07,2026-10-07,0.180923827941172,0,0.0008375854,0,0.1491841847256648,0.1499,3451
parked|vehicles|bengaluru,2026-09-07,2026-10-07,0.180923827941172,0,0.00046599357,0,0.150280480725425,0.1499,3452
hockey|latest|news,2026-09-07,2026-10-07,0.180923827941172,0,0.0007041956,0,0.1487475793922919,0.1499,3453
india|exceptionally|rare,2026-09-07,2026-10-07,0.180923827941172,0,0.00046599357,0,0.1495891764143794,0.1499,3454
sonam|wangchuk|resignation,2026-09-07,2026-10-07,0.180923827941172,0,0.00046599357,0,0.1498772905223285,0.1499,3455
flight|delhi|indigo,2026-09-07,2026-10-07,0.180923827941172,0,0.00046599357,0,0.1481924072033159,0.1498,3456
aimim|syed|asim,2026-09-07,2026-10-07,0.180923827941172,0,0.00046599357,0,0.1487032338507544,0.1498,3457
population|quraishi|eliminated,2026-09-07,2026-10-07,0.180923827941172,0,0.00046599357,0,0.1475332885625652,0.1498,3458
india|particular|issue,2026-09-07,2026-10-07,0.180923827941172,0,0.00046599357,0,0.1485897666232997,0.1498,3459
twin|rahimi|been,2026-09-07,2026-10-07,0.180923827941172,0,0.00046599357,0,0.1479022634307455,0.1498,3460
bangladesh|hasina|exclusive,2026-09-07,2026-10-07,0.180923827941172,0,0.00046599357,0,0.147498417670521,0.1498,3461
nepals|agony|himalayan,2026-09-07,2026-10-07,0.180923827941172,0,0.00050516875,0,0.1471139434739295,0.1498,3462
early|substantial|parsing,2026-09-07,2026-10-07,0.180923827941172,0,0.00046599357,0,0.147276728978751,0.1498,3463
summit|modi|participate,2026-09-07,2026-10-07,0.180923827941172,0,0.00046599357,0,0.1487000261282094,0.1498,3464
modi|countries|terror,2026-09-07,2026-10-07,0.180923827941172,0,0.00046599357,0,0.1474210845010877,0.1498,3465
modi|aura|teachers,2026-09-07,2026-10-07,0.180923827941172,0,0.00046599357,0,0.1470806940124892,0.1498,3466
india|algorithmic|colonialism,2026-09-07,2026-10-07,0.180923827941172,0,0.00050516875,0,0.1471139434739295,0.1498,3467
pharma|india|largest,2026-09-07,2026-10-07,0.180923827941172,0,0.00046599357,0,0.1473348163422879,0.1498,3468
awaits|call|ministers,2026-09-07,2026-10-07,0.180923827941172,0,0.00046599357,0,0.1482453895844433,0.1498,3469
govt|email|cert,2026-09-07,2026-10-07,0.180923827941172,0,0.00046599357,0,0.147683577665601,0.1498,3470
google|almost|ready,2026-09-07,2026-10-07,0.180923827941172,0,0.00046599357,0,0.1475265326261172,0.1498,3471
talks|along|india,2026-09-07,2026-10-07,0.180923827941172,0,0.00050516875,0,0.1483493684358292,0.1498,3472
india|cheapest|country,2026-09-07,2026-10-07,0.180923827941172,0,0.00046599357,0,0.147276728978751,0.1498,3473
exclusive|vinfast|puts,2026-09-07,2026-10-07,0.180923827941172,0,0.00046599357,0,0.1473066606802236,0.1498,3474
year|beaten|death,2026-09-07,2026-10-07,0.180923827941172,0,0.00046599357,0,0.1451467804739995,0.1497,3475
india|japan|search,2026-09-07,2026-10-07,0.180923827941172,0,0.0007500001,0,0.1451803911149828,0.1497,3476
exclusive|india|flags,2026-09-07,2026-10-07,0.180923827941172,0,0.00046599357,0,0.1468547986819789,0.1497,3477
bank|india|central,2026-09-07,2026-10-07,0.180923827941172,0,0.0006225004,0,0.1467446805756181,0.1497,3478
fssai|foods|flags,2026-09-07,2026-10-07,0.180923827941172,0,0.00046599357,0,0.1463370220900258,0.1497,3479
functionary|vijay|hacked,2026-09-07,2026-10-07,0.180923827941172,0,0.00046599357,0,0.1464662556841467,0.1497,3480
snakebite|incidents|tamil,2026-09-07,2026-10-07,0.180923827941172,0,0.00046599357,0,0.146044118623577,0.1497,3481
nepal|floods|should,2026-09-07,2026-10-07,0.180923827941172,0,0.0007041956,0,0.1458663888253127,0.1497,3482
swara|bhasker|right,2026-09-07,2026-10-07,0.180923827941172,0,0.00056145596,0,0.1460916540616995,0.1497,3483
jaipur|literature|festival,2026-09-07,2026-10-07,0.180923827941172,0,0.00046599357,0,0.1461413885704964,0.1497,3484
iran|country|should,2026-09-07,2026-10-07,0.180923827941172,0,0.00046599357,0,0.1449961807130498,0.1497,3485
time|india|pakistan,2026-09-07,2026-10-07,0.180923827941172,0,0.00046599357,0,0.1468547986819789,0.1497,3486
schools|have|girls,2026-09-07,2026-10-07,0.180923827941172,0,0.00046599357,0,0.1465001804189169,0.1497,3487
direct|buoyancy|above,2026-09-07,2026-10-07,0.180923827941172,0,0.00050516875,0,0.1457994829173154,0.1497,3488
modi|again|asking,2026-09-07,2026-10-07,0.180923827941172,0,0.00046599357,0,0.1467687653724793,0.1497,3489
phogats|delhi|seeks,2026-09-07,2026-10-07,0.180923827941172,0,0.00046599357,0,0.1459683209995924,0.1497,3490
singapore|must|never,2026-09-07,2026-10-07,0.180923827941172,0,0.0006225004,0,0.1464308267826815,0.1497,3491
indian|work|permits,2026-09-07,2026-10-07,0.180923827941172,0,0.00046599357,0,0.14625698950826,0.1497,3492
saatchi|mayuresh|dubhashi,2026-09-07,2026-10-07,0.180923827941172,0,0.0006225004,0,0.1464308267826815,0.1497,3493
delhi|solar|gupta,2026-09-07,2026-10-07,0.180923827941172,0,0.00046599357,0,0.1452791114965874,0.1497,3494
past|need|learn,2026-09-07,2026-10-07,0.180923827941172,0,0.00046599357,0,0.1459644874472093,0.1497,3495
registered|against|owner,2026-09-07,2026-10-07,0.180923827941172,0,0.00062703656,0,0.1467495171058536,0.1497,3496
rekha|gupta|situation,2026-09-07,2026-10-07,0.180923827941172,0,0.00046599357,0,0.1452447114116775,0.1497,3497
purification|congress|stages,2026-09-07,2026-10-07,0.180923827941172,0,0.00046599357,0,0.1468512534061793,0.1497,3498
india|nepal|thanks,2026-09-07,2026-10-07,0.180923827941172,0,0.00046599357,0,0.1449961807130498,0.1497,3499
modi|terrorism|shehbaz,2026-09-07,2026-10-07,0.180923827941172,0,0.00046599357,0,0.1464467894818037,0.1497,3500
billion|indias|imports,2026-09-07,2026-10-07,0.180923827941172,0,0.00046599357,0,0.1449692519777955,0.1497,3501
stocks|today|stock,2026-09-07,2026-10-07,0.180923827941172,0,0.00046599357,0,0.1452089911007199,0.1497,3502
hindutva|influencer|sanghi,2026-09-07,2026-10-07,0.180923827941172,0,0.00046599357,0,0.1432515020104723,0.1496,3503
trust|first|temple,2026-09-07,2026-10-07,0.180923827941172,0,0.00062703656,0,0.1442220877504211,0.1496,3504
india|posts|record,2026-09-07,2026-10-07,0.180923827941172,0,0.00050516875,0,0.143996947034806,0.1496,3505
process|photos|matching,2026-09-07,2026-10-07,0.180923827941172,0,0.00046599357,0,0.1441680605604084,0.1496,3506
nvidia|jensen|huang,2026-09-07,2026-10-07,0.180923827941172,0,0.0007041956,0,0.1430684573333387,0.1496,3507
need|hear|rijiju,2026-09-07,2026-10-07,0.180923827941172,0,0.00046599357,0,0.144919444804062,0.1496,3508
bhardwaj|right|wing,2026-09-07,2026-10-07,0.180923827941172,0,0.00046599357,0,0.1430835680578455,0.1496,3509
mumbai|taxi|auto,2026-09-07,2026-10-07,0.180923827941172,0,0.00046599357,0,0.1438448343866888,0.1496,3510
putin|modi|meeting,2026-09-07,2026-10-07,0.180923827941172,0,0.00050516875,0,0.143996947034806,0.1496,3511
year|temple|over,2026-09-07,2026-10-07,0.180923827941172,0,0.00046599357,0,0.1433792510340941,0.1496,3512
yolo|money|meets,2026-09-07,2026-10-07,0.180923827941172,0,0.00046599357,0,0.1442248076673116,0.1496,3513
latest|hockey|news,2026-09-07,2026-10-07,0.180923827941172,0,0.0007041956,0,0.1431261525091188,0.1496,3514
space|future|private,2026-09-07,2026-10-07,0.180923827941172,0,0.0006156813,0,0.1437977379939944,0.1496,3515
should|probe|delhi,2026-09-07,2026-10-07,0.180923827941172,0,0.00046599357,0,0.1447033131567823,0.1496,3516
will|india|back,2026-09-07,2026-10-07,0.180923827941172,0,0.0007041956,0,0.1438466756196061,0.1496,3517
those|assault|doctors,2026-09-07,2026-10-07,0.180923827941172,0,0.00046599357,0,0.1431076008450804,0.1496,3518
delhi|greater|noida,2026-09-07,2026-10-07,0.180923827941172,0,0.00046599357,0,0.1432407204090192,0.1496,3519
women|should|stay,2026-09-07,2026-10-07,0.180923827941172,0,0.0007041956,0,0.1440122213675577,0.1496,3520
threatened|tricked|gang,2026-09-07,2026-10-07,0.180923827941172,0,0.00046599357,0,0.1441824355431536,0.1496,3521
race|against|time,2026-09-07,2026-10-07,0.180923827941172,0,0.00046599357,0,0.1446739463804635,0.1496,3522
teen|tells|modi,2026-09-07,2026-10-07,0.180923827941172,0,0.00046599357,0,0.1437529313149637,0.1496,3523
indias|squad|afghanistan,2026-09-07,2026-10-07,0.180923827941172,0,0.00050516875,0,0.1431329761632399,0.1496,3524
indian|students|heading,2026-09-07,2026-10-07,0.180923827941172,0,0.00046599357,0,0.1438792278562564,0.1496,3525
handscomb|given|australia,2026-09-07,2026-10-07,0.180923827941172,0,0.00046599357,0,0.1442763452915242,0.1496,3526
strong|numbers|modi,2026-09-07,2026-10-07,0.180923827941172,0,0.00046599357,0,0.1424193181328608,0.1495,3527
india|today|archives,2026-09-07,2026-10-07,0.180923827941172,0,0.00046599357,0,0.1419568815713044,0.1495,3528
fish|floodwaters|bihar,2026-09-07,2026-10-07,0.180923827941172,0,0.00046599357,0,0.1422695683099983,0.1495,3529
delhi|hostel|collapse,2026-09-07,2026-10-07,0.180923827941172,0,0.00046599357,0,0.1410485100465265,0.1495,3530
gurugram|says|indian,2026-09-07,2026-10-07,0.180923827941172,0,0.00046599357,0,0.1425098800501685,0.1495,3531
bhardwaj|viral|influencer,2026-09-07,2026-10-07,0.180923827941172,0,0.00046599357,0,0.1416426314711519,0.1495,3532
london|bound|virgin,2026-09-07,2026-10-07,0.180923827941172,0,0.00046599357,0,0.1410648026507094,0.1495,3533
discovered|mammootty|late,2026-09-07,2026-10-07,0.180923827941172,0,0.00046599357,0,0.1415168365127741,0.1495,3534
doomsayers|doomed|india,2026-09-07,2026-10-07,0.180923827941172,0,0.00046599357,0,0.141261171896298,0.1495,3535
pakistan|takes|chair,2026-09-07,2026-10-07,0.180923827941172,0,0.00046599357,0,0.1410660929404833,0.1495,3536
have|been|bihar,2026-09-07,2026-10-07,0.180923827941172,0,0.00062703656,0,0.1422130347689215,0.1495,3537
self|will|strike,2026-09-07,2026-10-07,0.180923827941172,0,0.00046599357,0,0.1419018050079858,0.1495,3538
commercial|prices|raised,2026-09-07,2026-10-07,0.180923827941172,0,0.00046599357,0,0.1423097969827684,0.1495,3539
heavy|rain|shuts,2026-09-07,2026-10-07,0.180923827941172,0,0.00046599357,0,0.1426151941668154,0.1495,3540
modi|renews|appeal,2026-09-07,2026-10-07,0.180923827941172,0,0.00050516875,0,0.141639041854903,0.1495,3541
kargil|second|passport,2026-09-07,2026-10-07,0.180923827941172,0,0.00050516875,0,0.1419931886797828,0.1495,3542
phones|stuck|delhi,2026-09-07,2026-10-07,0.180923827941172,0,0.00046599357,0,0.1409945963935443,0.1495,3543
officer|suspended|arrest,2026-09-07,2026-10-07,0.180923827941172,0,0.00046599357,0,0.1390878405620936,0.1494,3544
lanka|opens|door,2026-09-07,2026-10-07,0.180923827941172,0,0.00046599357,0,0.1406959120434928,0.1494,3545
royal|enfield|himalayan,2026-09-07,2026-10-07,0.180923827941172,0,0.00067482406,0,0.1396847911264634,0.1494,3546
same|where|killed,2026-09-07,2026-10-07,0.180923827941172,0,0.00046599357,0,0.1406541373882278,0.1494,3547
india|sales|snapshot,2026-09-07,2026-10-07,0.180923827941172,0,0.00056145596,0,0.1405325348771306,0.1494,3548
upcoming|will|look,2026-09-07,2026-10-07,0.180923827941172,0,0.00050516875,0,0.1399969961288428,0.1494,3549
director|anand|arrested,2026-09-07,2026-10-07,0.180923827941172,0,0.00046599357,0,0.1392572120227628,0.1494,3550
indian|crisis|begins,2026-09-07,2026-10-07,0.180923827941172,0,0.00046599357,0,0.139046154314869,0.1494,3551
sharma|first|shakti,2026-09-07,2026-10-07,0.180923827941172,0,0.00046599357,0,0.1398330564726698,0.1494,3552
need|good|working,2026-09-07,2026-10-07,0.180923827941172,0,0.00062703656,0,0.1401864906924733,0.1494,3553
first|corps|commander,2026-09-07,2026-10-07,0.180923827941172,0,0.00046599357,0,0.1406994489221253,0.1494,3554
alternative|fuel|sales,2026-09-07,2026-10-07,0.180923827941172,0,0.0006225004,0,0.1395185119777852,0.1494,3555
samay|lawyer|keeping,2026-09-07,2026-10-07,0.180923827941172,0,0.00046599357,0,0.1391756635962871,0.1494,3556
pakistan|crops|modi,2026-09-07,2026-10-07,0.180923827941172,0,0.00046599357,0,0.1384674232033895,0.1493,3557
city|village|something,2026-09-07,2026-10-07,0.180923827941172,0,0.00046599357,0,0.1378655542164871,0.1493,3558
pilot|negative|safety,2026-09-07,2026-10-07,0.180923827941172,0,0.00046599357,0,0.1383237599665966,0.1493,3559
september|august|below,2026-09-07,2026-10-07,0.180923827941172,0,0.00046599357,0,0.1389403220910666,0.1493,3560
delhi|women|avail,2026-09-07,2026-10-07,0.180923827941172,0,0.00046599357,0,0.1372035924179007,0.1493,3561
girlfriend|chennai|metro,2026-09-07,2026-10-07,0.180923827941172,0,0.0006225004,0,0.1370916377089741,0.1493,3562
backed|must|depict,2026-09-07,2026-10-07,0.180923827941172,0,0.00056734,0,0.1387313254575652,0.1493,3563
roller|coaster|ride,2026-09-07,2026-10-07,0.180923827941172,0,0.00046599357,0,0.1379793093066235,0.1493,3564
india|host|womens,2026-09-07,2026-10-07,0.180923827941172,0,0.00062703656,0,0.1373037950925678,0.1493,3565
china|landslide|dead,2026-09-07,2026-10-07,0.180923827941172,0,0.00062703656,0,0.1381059861755249,0.1493,3566
father|uncle|police,2026-09-07,2026-10-07,0.180923827941172,0,0.00046599357,0,0.1381395700377756,0.1493,3567
dues|punjab|crore,2026-09-07,2026-10-07,0.180923827941172,0,0.00046599357,0,0.1378717545301186,0.1493,3568
fuel|prices|amid,2026-09-07,2026-10-07,0.180923827941172,0,0.00046599357,0,0.1385047533516522,0.1493,3569
government|halves|sugar,2026-09-07,2026-10-07,0.180923827941172,0,0.00046599357,0,0.1376670639148213,0.1493,3570
minister|kerala|takes,2026-09-07,2026-10-07,0.180923827941172,0,0.00046599357,0,0.1373897623837672,0.1493,3571
supreme|court|quashes,2026-09-07,2026-10-07,0.180923827941172,0,0.00046599357,0,0.1387777719430276,0.1493,3572
gates|sone|barrage,2026-09-07,2026-10-07,0.180923827941172,0,0.00046599357,0,0.1355932880195343,0.1492,3573
uniqlo|muji|japan,2026-09-07,2026-10-07,0.180923827941172,0,0.00046599357,0,0.1366257628153405,0.1492,3574
gandhi|nashik|rahul,2026-09-07,2026-10-07,0.180923827941172,0,0.00046599357,0,0.1365840726997743,0.1492,3575
vasava|gujarat|grants,2026-09-07,2026-10-07,0.180923827941172,0,0.00051100383,0,0.1365460591490352,0.1492,3576
assembly|cant|vijays,2026-09-07,2026-10-07,0.180923827941172,0,0.0006225004,0,0.1351192254742611,0.1492,3577
watch|india|modi,2026-09-07,2026-10-07,0.180923827941172,0,0.00046599357,0,0.1369195156057793,0.1492,3578
pilot|aaib|negative,2026-09-07,2026-10-07,0.180923827941172,0,0.00046599357,0,0.1359548708276746,0.1492,3579
sensex|nifty|fall,2026-09-07,2026-10-07,0.180923827941172,0,0.00050516875,0,0.1352679199356794,0.1492,3580
deadly|span|vulture,2026-09-07,2026-10-07,0.180923827941172,0,0.00046599357,0,0.1353217310674885,0.1492,3581
invisible|markets|visible,2026-09-07,2026-10-07,0.180923827941172,0,0.00046599357,0,0.1360171602300855,0.1492,3582
into|thar|rickshaw,2026-09-07,2026-10-07,0.180923827941172,0,0.00046599357,0,0.1363497180638664,0.1492,3583
keralam|cabinet|extends,2026-09-07,2026-10-07,0.180923827941172,0,0.00046599357,0,0.135613061593407,0.1492,3584
pilot|abhinandan|varthaman,2026-09-07,2026-10-07,0.180923827941172,0,0.00046599357,0,0.1350478498356789,0.1492,3585
baba|neem|karoli,2026-09-07,2026-10-07,0.180923827941172,0,0.00046599357,0,0.1363374814827394,0.1492,3586
view|india|newsletter,2026-09-07,2026-10-07,0.180923827941172,0,0.00046599357,0,0.1369295464668387,0.1492,3587
indias|growth|beat,2026-09-07,2026-10-07,0.180923827941172,0,0.00046599357,0,0.1360171602300855,0.1492,3588
india|begin|womens,2026-09-07,2026-10-07,0.180923827941172,0,0.0006225004,0,0.1361476825318668,0.1492,3589
results|hockey|india,2026-09-07,2026-10-07,0.180923827941172,0,0.00046599357,0,0.1352034846374159,0.1492,3590
maharashtra|govt|gives,2026-09-07,2026-10-07,0.180923827941172,0,0.00046599357,0,0.1368065679274765,0.1492,3591
world|must|move,2026-09-07,2026-10-07,0.180923827941172,0,0.00046599357,0,0.1360171602300855,0.1492,3592
indias|modi|urges,2026-09-07,2026-10-07,0.180923827941172,0,0.00046599357,0,0.1354137735438363,0.1492,3593
judge|very|distressing,2026-09-07,2026-10-07,0.180923827941172,0,0.00046599357,0,0.136030047967461,0.1492,3594
jurisdiction|india|rejects,2026-09-07,2026-10-07,0.180923827941172,0,0.00046599357,0,0.1353217310674885,0.1492,3595
china|chinese|academics,2026-09-07,2026-10-07,0.180923827941172,0,0.00046599357,0,0.1352034846374159,0.1492,3596
hitting|some|indian,2026-09-07,2026-10-07,0.180923827941172,0,0.00046599357,0,0.1369195156057793,0.1492,3597
backed|proposed|world,2026-09-07,2026-10-07,0.180923827941172,0,0.0006225004,0,0.1361476825318668,0.1492,3598
move|rajasthan|local,2026-09-07,2026-10-07,0.180923827941172,0,0.00046599357,0,0.1355612280822753,0.1492,3599
alwar|chasing|kite,2026-09-07,2026-10-07,0.180923827941172,0,0.00046599357,0,0.1369395104930774,0.1492,3600
five|india|russia,2026-09-07,2026-10-07,0.180923827941172,0,0.00046599357,0,0.1361769960753839,0.1492,3601
highway|police|held,2026-09-07,2026-10-07,0.180923827941172,0,0.00046599357,0,0.1349772570027334,0.1492,3602
india|smashes|growth,2026-09-07,2026-10-07,0.180923827941172,0,0.00046599357,0,0.1369195156057793,0.1492,3603
india|news|several,2026-09-07,2026-10-07,0.180923827941172,0,0.00067482406,0,0.13522901981178,0.1492,3604
reducing|indias|exposure,2026-09-07,2026-10-07,0.180923827941172,0,0.00050516875,0,0.1343037023031208,0.1491,3605
will|sonia|gandhi,2026-09-07,2026-10-07,0.180923827941172,0,0.00046599357,0,0.1348617862924556,0.1491,3606
pilgrims|killed|vehicle,2026-09-07,2026-10-07,0.180923827941172,0,0.000562866,0,0.1348244791226944,0.1491,3607
womans|dismembered|body,2026-09-07,2026-10-07,0.180923827941172,0,0.00046599357,0,0.1345438751350239,0.1491,3608
palaniswami|aiadmk|jibes,2026-09-07,2026-10-07,0.180923827941172,0,0.00046599357,0,0.1336614164199647,0.1491,3609
nissan|motor|domestic,2026-09-07,2026-10-07,0.180923827941172,0,0.00046599357,0,0.1339094000026553,0.1491,3610
google|takes|anthropic,2026-09-07,2026-10-07,0.180923827941172,0,0.00046599357,0,0.1343522748410803,0.1491,3611
touch|stakeholders|over,2026-09-07,2026-10-07,0.180923827941172,0,0.00046599357,0,0.1346901239292854,0.1491,3612
india|backs|world,2026-09-07,2026-10-07,0.180923827941172,0,0.00046599357,0,0.1348324245509991,0.1491,3613
india|bangladesh|protests,2026-09-07,2026-10-07,0.180923827941172,0,0.00046599357,0,0.13466804728277,0.1491,3614
delhi|school|under,2026-09-07,2026-10-07,0.180923827941172,0,0.00046599357,0,0.1347443166217422,0.1491,3615
half|modi|recycles,2026-09-07,2026-10-07,0.180923827941172,0,0.00046599357,0,0.1341805027041692,0.1491,3616
indias|lawyers|make,2026-09-07,2026-10-07,0.180923827941172,0,0.00067482406,0,0.1334555928232426,0.1491,3617
districts|teach|india,2026-09-07,2026-10-07,0.180923827941172,0,0.00046599357,0,0.1348590981283313,0.1491,3618
india|france|modi,2026-09-07,2026-10-07,0.180923827941172,0,0.00050516875,0,0.1347635219664477,0.1491,3619
launches|india|september,2026-09-07,2026-10-07,0.180923827941172,0,0.00056145596,0,0.1338643273790321,0.1491,3620
india|takes|part,2026-09-07,2026-10-07,0.180923827941172,0,0.00046599357,0,0.1348617862924556,0.1491,3621
saharanpur|mosque|demolished,2026-09-07,2026-10-07,0.180923827941172,0,0.00046599357,0,0.1330146542150861,0.1491,3622
surgeries|delhi|recovers,2026-09-07,2026-10-07,0.180923827941172,0,0.00046599357,0,0.1338465244028726,0.1491,3623
carnival|hybrid|announced,2026-09-07,2026-10-07,0.180923827941172,0,0.0007041956,0,0.1344789012335024,0.1491,3624
parandur|manellore|cheyyur,2026-09-07,2026-10-07,0.180923827941172,0,0.00046599357,0,0.1332535931157058,0.1491,3625
motorola|edge|india,2026-09-07,2026-10-07,0.180923827941172,0,0.0006225004,0,0.1323039621919964,0.149,3626
agency|isros|role,2026-09-07,2026-10-07,0.180923827941172,0,0.00046599357,0,0.1314659579916116,0.149,3627
sure|sign|intellectual,2026-09-07,2026-10-07,0.180923827941172,0,0.00046599357,0,0.1309549561080362,0.149,3628
raids|pattaya|workers,2026-09-07,2026-10-07,0.180923827941172,0,0.00046599357,0,0.1325274380064178,0.149,3629
doctors|warning|people,2026-09-07,2026-10-07,0.180923827941172,0,0.00050516875,0,0.1310861498870285,0.149,3630
vultures|disappear|minister,2026-09-07,2026-10-07,0.180923827941172,0,0.00062703656,0,0.132626763528958,0.149,3631
india|belgian|bart,2026-09-07,2026-10-07,0.180923827941172,0,0.00046599357,0,0.1329095296627127,0.149,3632
world|accurately|backed,2026-09-07,2026-10-07,0.180923827941172,0,0.00050516875,0,0.1313218180383305,0.149,3633
three|individuals|least,2026-09-07,2026-10-07,0.180923827941172,0,0.00046599357,0,0.1323021498317304,0.149,3634
misleading|claim|hostel,2026-09-07,2026-10-07,0.180923827941172,0,0.00046599357,0,0.1323846629064941,0.149,3635
sindoor|jeetendra|mishra,2026-09-07,2026-10-07,0.180923827941172,0,0.00046599357,0,0.1314364840880466,0.149,3636
vice|president|launches,2026-09-07,2026-10-07,0.180923827941172,0,0.00050516875,0,0.1328245603304763,0.149,3637
sugar|limit|centre,2026-09-07,2026-10-07,0.180923827941172,0,0.00046599357,0,0.1324193361652366,0.149,3638
sylvia|karpagams|meat,2026-09-07,2026-10-07,0.180923827941172,0,0.00046599357,0,0.1329095296627127,0.149,3639
govt|defends|data,2026-09-07,2026-10-07,0.180923827941172,0,0.00056145596,0,0.130904817289004,0.149,3640
qaeda|financed|hijackers,2026-09-07,2026-10-07,0.180923827941172,0,0.00067482406,0,0.1323412421053664,0.149,3641
prompts|becoming|compliance,2026-09-07,2026-10-07,0.180923827941172,0,0.00050516875,0,0.1320233093430064,0.149,3642
indian|astronaut|shubhanshu,2026-09-07,2026-10-07,0.180923827941172,0,0.00046599357,0,0.1311934454730855,0.149,3643
check|aadhaar|card,2026-09-07,2026-10-07,0.180923827941172,0,0.00046599357,0,0.1301275709225816,0.1489,3644
tewolde|india|right,2026-09-07,2026-10-07,0.180923827941172,0,0.00051100383,0,0.1297299601896927,0.1489,3645
envoy|sergio|expanding,2026-09-07,2026-10-07,0.180923827941172,0,0.00046599357,0,0.1295477872393597,0.1489,3646
india|space|partnership,2026-09-07,2026-10-07,0.180923827941172,0,0.0006225004,0,0.1295949137521501,0.1489,3647
jail|swatantra|attacked,2026-09-07,2026-10-07,0.180923827941172,0,0.00046599357,0,0.1308760211806746,0.1489,3648
swatantra|bhardwaj|protest,2026-09-07,2026-10-07,0.180923827941172,0,0.00046599357,0,0.1295062295505464,0.1489,3649
india|repeats|grouse,2026-09-07,2026-10-07,0.180923827941172,0,0.00046599357,0,0.1308152498008482,0.1489,3650
military|audits|reveal,2026-09-07,2026-10-07,0.180923827941172,0,0.00067482406,0,0.1297417552814333,0.1489,3651
indias|crore|missing,2026-09-07,2026-10-07,0.180923827941172,0,0.00046599357,0,0.129936396318039,0.1489,3652
growth|plot|twist,2026-09-07,2026-10-07,0.180923827941172,0,0.0006225004,0,0.1295949137521501,0.1489,3653
hear|habeas|corpus,2026-09-07,2026-10-07,0.180923827941172,0,0.00046599357,0,0.1293451692181729,0.1489,3654
hyundai|motor|india,2026-09-07,2026-10-07,0.180923827941172,0,0.0006225004,0,0.1295949137521501,0.1489,3655
vijay|kapil|sahu,2026-09-07,2026-10-07,0.180923827941172,0,0.00046599357,0,0.1306583875114222,0.1489,3656
kpsc|officer|ghyanendra,2026-09-07,2026-10-07,0.180923827941172,0,0.00046599357,0,0.129420545946627,0.1489,3657
amit|shah|chairs,2026-09-07,2026-10-07,0.180923827941172,0,0.00050516875,0,0.1305020769406905,0.1489,3658
kargil|veteran|attempts,2026-09-07,2026-10-07,0.180923827941172,0,0.00046599357,0,0.1296789151536883,0.1489,3659
congress|over|beer,2026-09-07,2026-10-07,0.180923827941172,0,0.00046599357,0,0.1298157437485429,0.1489,3660
lead|india|first,2026-09-07,2026-10-07,0.180923827941172,0,0.00050516875,0,0.1301557910712639,0.1489,3661
train|passenger|deboarded,2026-09-07,2026-10-07,0.180923827941172,0,0.00046599357,0,0.1302258081376483,0.1489,3662
monk|cannot|sold,2026-09-07,2026-10-07,0.180923827941172,0,0.00050516875,0,0.1299346614756237,0.1489,3663
faridabad|class|girl,2026-09-07,2026-10-07,0.180923827941172,0,0.00046599357,0,0.129492872494139,0.1489,3664
asia|india|take,2026-09-07,2026-10-07,0.180923827941172,0,0.00046599357,0,0.1293634229255121,0.1489,3665
bangladesh|objected|indias,2026-09-07,2026-10-07,0.180923827941172,0,0.00046599357,0,0.1308152498008482,0.1489,3666
case|disha|salian,2026-09-07,2026-10-07,0.180923827941172,0,0.00046599357,0,0.1275222131192877,0.1488,3667
cochin|dubai|bound,2026-09-07,2026-10-07,0.180923827941172,0,0.00051100383,0,0.1270783845508768,0.1488,3668
parallax|rocket|problem,2026-09-07,2026-10-07,0.180923827941172,0,0.00056145596,0,0.1283773544508729,0.1488,3669
sanatani|never|akhilesh,2026-09-07,2026-10-07,0.180923827941172,0,0.00046599357,0,0.1285043914499322,0.1488,3670
india|nepal|floods,2026-09-07,2026-10-07,0.180923827941172,0,0.00046599357,0,0.1281287611516881,0.1488,3671
chairman|manan|only,2026-09-07,2026-10-07,0.180923827941172,0,0.00046599357,0,0.1288859823486602,0.1488,3672
supreme|court|india,2026-09-07,2026-10-07,0.180923827941172,0,0.00046599357,0,0.1272792497982841,0.1488,3673
rewrite|defence|mobilisation,2026-09-07,2026-10-07,0.180923827941172,0,0.00050516875,0,0.12803481711063,0.1488,3674
retail|sugar|price,2026-09-07,2026-10-07,0.180923827941172,0,0.00050516875,0,0.1276959324953065,0.1488,3675
were|students|team,2026-09-07,2026-10-07,0.180923827941172,0,0.00046599357,0,0.1286752357389536,0.1488,3676
great|indian|bustard,2026-09-07,2026-10-07,0.180923827941172,0,0.00046599357,0,0.1281287611516881,0.1488,3677
india|squad|afghanistan,2026-09-07,2026-10-07,0.180923827941172,0,0.00050516875,0,0.1280249373589143,0.1488,3678
brics|india|competes,2026-09-07,2026-10-07,0.180923827941172,0,0.00046599357,0,0.1269528535995647,0.1488,3679
brics|summit|delhi,2026-09-07,2026-10-07,0.180923827941172,0,0.00050516875,0,0.1274033790672067,0.1488,3680
ambassador|piyush|goyal,2026-09-07,2026-10-07,0.180923827941172,0,0.00046599357,0,0.1278942878570929,0.1488,3681
foreign|buying|indian,2026-09-07,2026-10-07,0.180923827941172,0,0.00046599357,0,0.1255628737339557,0.1487,3682
five|dead|amazon,2026-09-07,2026-10-07,0.180923827941172,0,0.00050516875,0,0.126589854810659,0.1487,3683
modi|says|india,2026-09-07,2026-10-07,0.180923827941172,0,0.00067482406,0,0.1260266791665011,0.1487,3684
states|targets|drug,2026-09-07,2026-10-07,0.180923827941172,0,0.00046599357,0,0.1259465112023944,0.1487,3685
porn|drones|ukraine,2026-09-07,2026-10-07,0.180923827941172,0,0.0006225004,0,0.1265264366921693,0.1487,3686
pakistan|basks|latest,2026-09-07,2026-10-07,0.180923827941172,0,0.00050516875,0,0.1250469439300272,0.1487,3687
shah|amit|launches,2026-09-07,2026-10-07,0.180923827941172,0,0.00046599357,0,0.1261978936603919,0.1487,3688
growth|under|question,2026-09-07,2026-10-07,0.180923827941172,0,0.00046599357,0,0.1263615846681978,0.1487,3689
detained|telangana|chief,2026-09-07,2026-10-07,0.180923827941172,0,0.00046599357,0,0.1265728262521218,0.1487,3690
open|tennis|sriram,2026-09-07,2026-10-07,0.180923827941172,0,0.0006225004,0,0.1259840598170246,0.1487,3691
busts|hamas|crypto,2026-09-07,2026-10-07,0.180923827941172,0,0.00046599357,0,0.1255628737339557,0.1487,3692
modi|remove|world,2026-09-07,2026-10-07,0.180923827941172,0,0.00046599357,0,0.1266627305937221,0.1487,3693
very|wrong|ruby,2026-09-07,2026-10-07,0.180923827941172,0,0.0006225004,0,0.1261081952971976,0.1487,3694
sleep|dipke|students,2026-09-07,2026-10-07,0.180923827941172,0,0.00046599357,0,0.1266740360871776,0.1487,3695
progressive|society|keralam,2026-09-07,2026-10-07,0.180923827941172,0,0.00046599357,0,0.1258582512804192,0.1487,3696
brics|airport|waterlogged,2026-09-07,2026-10-07,0.180923827941172,0,0.00046599357,0,0.1268553551539269,0.1487,3697
satyendar|jain|bail,2026-09-07,2026-10-07,0.180923827941172,0,0.00046599357,0,0.1259492746550731,0.1487,3698
surekha|minister|said,2026-09-07,2026-10-07,0.180923827941172,0,0.00046599357,0,0.1252909034158903,0.1487,3699
fresh|evidence|years,2026-09-07,2026-10-07,0.180923827941172,0,0.00046599357,0,0.126642271356632,0.1487,3700
delhi|airport|beach,2026-09-07,2026-10-07,0.180923827941172,0,0.00046599357,0,0.1257992742268349,0.1487,3701
those|india|fragile,2026-09-07,2026-10-07,0.180923827941172,0,0.00056145596,0,0.126050341090994,0.1487,3702
india|exclusive|flags,2026-09-07,2026-10-07,0.180923827941172,0,0.00046599357,0,0.1268932177959447,0.1487,3703
rescued|multi|storey,2026-09-07,2026-10-07,0.180923827941172,0,0.0006225004,0,0.1264244642482441,0.1487,3704
india|france|relations,2026-09-07,2026-10-07,0.180923827941172,0,0.00067482406,0,0.1260266791665011,0.1487,3705
india|sales|august,2026-09-07,2026-10-07,0.180923827941172,0,0.0006225004,0,0.1257700851941887,0.1487,3706
assembly|toughens|prison,2026-09-07,2026-10-07,0.180923827941172,0,0.00046599357,0,0.1267610215293902,0.1487,3707
explained|nepal|climate,2026-09-07,2026-10-07,0.180923827941172,0,0.00050516875,0,0.124307115529764,0.1486,3708
india|high|stakes,2026-09-07,2026-10-07,0.180923827941172,0,0.00067482406,0,0.1245129919364746,0.1486,3709
college|swipe|opposition,2026-09-07,2026-10-07,0.180923827941172,0,0.00046599357,0,0.1238447565955912,0.1486,3710
pakistan|cricket|become,2026-09-07,2026-10-07,0.180923827941172,0,0.00046599357,0,0.1233061600169936,0.1486,3711
busy|week|ahead,2026-09-07,2026-10-07,0.180923827941172,0,0.00050516875,0,0.1240631898233263,0.1486,3712
lift|indian|rupee,2026-09-07,2026-10-07,0.180923827941172,0,0.00046599357,0,0.1232491959624434,0.1486,3713
killed|mercedes|crash,2026-09-07,2026-10-07,0.180923827941172,0,0.00046599357,0,0.1233307660714548,0.1486,3714
lift|blockade|assam,2026-09-07,2026-10-07,0.180923827941172,0,0.00046599357,0,0.1236958235151657,0.1486,3715
bench|regulation|force,2026-09-07,2026-10-07,0.180923827941172,0,0.00050516875,0,0.1243871875154678,0.1486,3716
teacher|bihar|education,2026-09-07,2026-10-07,0.180923827941172,0,0.00046599357,0,0.1240019735137589,0.1486,3717
reach|police|station,2026-09-07,2026-10-07,0.180923827941172,0,0.00046599357,0,0.1229573211613991,0.1486,3718
live|kuwait|says,2026-09-07,2026-10-07,0.180923827941172,0,0.00046599357,0,0.1240450464225612,0.1486,3719
apple|reveals|salary,2026-09-07,2026-10-07,0.180923827941172,0,0.00046599357,0,0.1231464216888509,0.1486,3720
three|charred|death,2026-09-07,2026-10-07,0.180923827941172,0,0.00046599357,0,0.1247816575122004,0.1486,3721
irreparable|loss|mourns,2026-09-07,2026-10-07,0.180923827941172,0,0.00050516875,0,0.1248053898987683,0.1486,3722
varthaman|airline|report,2026-09-07,2026-10-07,0.180923827941172,0,0.00046599357,0,0.1246298214675974,0.1486,3723
govt|reduces|booking,2026-09-07,2026-10-07,0.180923827941172,0,0.0006225004,0,0.1234856534962601,0.1486,3724
broadcasters|told|submit,2026-09-07,2026-10-07,0.180923827941172,0,0.00067482406,0,0.1245129919364746,0.1486,3725
mistake|srikkanth|slams,2026-09-07,2026-10-07,0.180923827941172,0,0.00046599357,0,0.1238963882080624,0.1486,3726
labels|hide|failures,2026-09-07,2026-10-07,0.180923827941172,0,0.00046599357,0,0.124027633227387,0.1486,3727
curtains|black|films,2026-09-07,2026-10-07,0.180923827941172,0,0.00046599357,0,0.1236385691155008,0.1486,3728
alert|delhi|under,2026-09-07,2026-10-07,0.180923827941172,0,0.00046599357,0,0.1248496805432789,0.1486,3729
much|ghee|cause,2026-09-07,2026-10-07,0.180923827941172,0,0.00067482406,0,0.1227757495171164,0.1486,3730
china|masters|badminton,2026-09-07,2026-10-07,0.180923827941172,0,0.00046599357,0,0.1231104371816263,0.1486,3731
thailand|visa|free,2026-09-07,2026-10-07,0.180923827941172,0,0.00046599357,0,0.1242660656807363,0.1486,3732
bumrah|back|india,2026-09-07,2026-10-07,0.180923827941172,0,0.00050516875,0,0.1242060700401436,0.1486,3733
modi|government|prepared,2026-09-07,2026-10-07,0.180923827941172,0,0.00046599357,0,0.124581171498972,0.1486,3734
against|building|owner,2026-09-07,2026-10-07,0.180923827941172,0,0.00046599357,0,0.1216688687689668,0.1485,3735
trump|says|almost,2026-09-07,2026-10-07,0.180923827941172,0,0.00046599357,0,0.1216122923441502,0.1485,3736
move|delay|indias,2026-09-07,2026-10-07,0.180923827941172,0,0.00050516875,0,0.1224523629659132,0.1485,3737
india|growing|should,2026-09-07,2026-10-07,0.180923827941172,0,0.00050516875,0,0.1225967120837592,0.1485,3738
indias|economy|posts,2026-09-07,2026-10-07,0.180923827941172,0,0.00046599357,0,0.1216998612522526,0.1485,3739
will|cost|heads,2026-09-07,2026-10-07,0.180923827941172,0,0.00050516875,0,0.1210559312263973,0.1485,3740
ketchup|chaos|tomatoes,2026-09-07,2026-10-07,0.180923827941172,0,0.00046599357,0,0.1228072863470358,0.1485,3741
brief|evening|sept,2026-09-07,2026-10-07,0.180923827941172,0,0.00046599357,0,0.1226277305146639,0.1485,3742
satyendar|jain|gets,2026-09-07,2026-10-07,0.180923827941172,0,0.00046599357,0,0.1223851233617016,0.1485,3743
india|teams|search,2026-09-07,2026-10-07,0.180923827941172,0,0.0006225004,0,0.1227647316038474,0.1485,3744
india|rejects|hague,2026-09-07,2026-10-07,0.180923827941172,0,0.00046599357,0,0.1216122923441502,0.1485,3745
congress|stuck|dwarka,2026-09-07,2026-10-07,0.180923827941172,0,0.00046599357,0,0.1229154361076432,0.1485,3746
india|belgium|firms,2026-09-07,2026-10-07,0.180923827941172,0,0.00046599357,0,0.1221519193892799,0.1485,3747
gloria|steinems|lifechanging,2026-09-07,2026-10-07,0.180923827941172,0,0.00046599357,0,0.1221713840205104,0.1485,3748
view|india|grows,2026-09-07,2026-10-07,0.180923827941172,0,0.00046599357,0,0.1216998612522526,0.1485,3749
petition|delhi|dismisses,2026-09-07,2026-10-07,0.180923827941172,0,0.00046599357,0,0.1212454066237185,0.1485,3750
india|australia|explore,2026-09-07,2026-10-07,0.180923827941172,0,0.0006225004,0,0.1227647316038474,0.1485,3751
school|girl|jumps,2026-09-07,2026-10-07,0.180923827941172,0,0.00046599357,0,0.122848612733162,0.1485,3752
india|sends|fourth,2026-09-07,2026-10-07,0.180923827941172,0,0.00046599357,0,0.1198105416284424,0.1484,3753
india|crush|pakistan,2026-09-07,2026-10-07,0.180923827941172,0,0.00046599357,0,0.1206081331448316,0.1484,3754
years|chair|tenure,2026-09-07,2026-10-07,0.180923827941172,0,0.000523346,0,0.1208105247062335,0.1484,3755
raksha|indias|year,2026-09-07,2026-10-07,0.180923827941172,0,0.00046599357,0,0.1201430185848549,0.1484,3756
tripura|train|services,2026-09-07,2026-10-07,0.180923827941172,0,0.00046599357,0,0.1208146765015427,0.1484,3757
sebi|clears|papers,2026-09-07,2026-10-07,0.180923827941172,0,0.00050516875,0,0.1206292457052533,0.1484,3758
patnaik|pandian|bhubaneswar,2026-09-07,2026-10-07,0.180923827941172,0,0.00046599357,0,0.1202447928086755,0.1484,3759
iran|trump|warns,2026-09-07,2026-10-07,0.180923827941172,0,0.00046599357,0,0.1198470967749605,0.1484,3760
abhinandan|varthaman|joined,2026-09-07,2026-10-07,0.180923827941172,0,0.00046599357,0,0.1201547947049322,0.1484,3761
vice|admiral|dilip,2026-09-07,2026-10-07,0.180923827941172,0,0.00046599357,0,0.1192172353975547,0.1484,3762
lost|found|indias,2026-09-07,2026-10-07,0.180923827941172,0,0.00050516875,0,0.1202233176530312,0.1484,3763
searches|premises|across,2026-09-07,2026-10-07,0.180923827941172,0,0.00046599357,0,0.1203723659801327,0.1484,3764
raghav|chadha|name,2026-09-07,2026-10-07,0.180923827941172,0,0.00046599357,0,0.1201359732385875,0.1484,3765
venugopal|amid|vijay,2026-09-07,2026-10-07,0.180923827941172,0,0.00046599357,0,0.119758979967737,0.1484,3766
suspect|tyler|robinson,2026-09-07,2026-10-07,0.180923827941172,0,0.00046599357,0,0.1191786821313471,0.1484,3767
india|current|account,2026-09-07,2026-10-07,0.180923827941172,0,0.00046599357,0,0.1199457007705683,0.1484,3768
questions|police|happy,2026-09-07,2026-10-07,0.180923827941172,0,0.00046599357,0,0.1206981774724265,0.1484,3769
forging|consensus|india,2026-09-07,2026-10-07,0.180923827941172,0,0.00050516875,0,0.1173969245171316,0.1483,3770
himachal|government|strengthens,2026-09-07,2026-10-07,0.180923827941172,0,0.00046599357,0,0.1170128792251546,0.1483,3771
avalanche|russia|dead,2026-09-07,2026-10-07,0.180923827941172,0,0.000562866,0,0.1185513206925392,0.1483,3772
climate|blindspot|indias,2026-09-07,2026-10-07,0.180923827941172,0,0.00050516875,0,0.1186006730355264,0.1483,3773
priyanka|chaturvedi|jauhar,2026-09-07,2026-10-07,0.180923827941172,0,0.00046599357,0,0.1183991100741678,0.1483,3774
four|killed|hurt,2026-09-07,2026-10-07,0.180923827941172,0,0.00046599357,0,0.1180185579406335,0.1483,3775
naga|manipur|house,2026-09-07,2026-10-07,0.180923827941172,0,0.000562866,0,0.1177001765652637,0.1483,3776
india|pakistan|warm,2026-09-07,2026-10-07,0.180923827941172,0,0.00046599357,0,0.1184863064322777,0.1483,3777
india|preparing|rollout,2026-09-07,2026-10-07,0.180923827941172,0,0.00046599357,0,0.1171423932729025,0.1483,3778
mumbai|spent|days,2026-09-07,2026-10-07,0.180923827941172,0,0.00046599357,0,0.1174790264671326,0.1483,3779
zelenskyy|claims|ukrainian,2026-09-07,2026-10-07,0.180923827941172,0,0.00046599357,0,0.1184863064322777,0.1483,3780
lakh|fliers|stuck,2026-09-07,2026-10-07,0.180923827941172,0,0.000523346,0,0.1187330155769881,0.1483,3781
rough|days|flyover,2026-09-07,2026-10-07,0.180923827941172,0,0.00046599357,0,0.1180956655638415,0.1483,3782
sainik|school|education,2026-09-07,2026-10-07,0.180923827941172,0,0.00046599357,0,0.1170987009530391,0.1483,3783
main|more|iits,2026-09-07,2026-10-07,0.180923827941172,0,0.00051100383,0,0.117033259939815,0.1483,3784
corruption|complaints|received,2026-09-07,2026-10-07,0.180923827941172,0,0.00046599357,0,0.1184620367357886,0.1483,3785
engineer|detained|moscow,2026-09-07,2026-10-07,0.180923827941172,0,0.00046599357,0,0.1175041150726865,0.1483,3786
engineer|steals|secret,2026-09-07,2026-10-07,0.180923827941172,0,0.00046599357,0,0.1180101098420358,0.1483,3787
drone|drones|force,2026-09-07,2026-10-07,0.180923827941172,0,0.00046599357,0,0.1182988935847203,0.1483,3788
india|sends|earth,2026-09-07,2026-10-07,0.180923827941172,0,0.00046599357,0,0.1187865940620854,0.1483,3789
grand|tamasha|decoding,2026-09-07,2026-10-07,0.180923827941172,0,0.00046599357,0,0.1187662673814829,0.1483,3790
india|china|take,2026-09-07,2026-10-07,0.180923827941172,0,0.00046599357,0,0.1184863064322777,0.1483,3791
india|continuous|touch,2026-09-07,2026-10-07,0.180923827941172,0,0.00046599357,0,0.117916164425619,0.1483,3792
cops|quiz|witnesses,2026-09-07,2026-10-07,0.180923827941172,0,0.00046599357,0,0.118018034957022,0.1483,3793
airstrike|hits|wedding,2026-09-07,2026-10-07,0.180923827941172,0,0.00046599357,0,0.1175656455791097,0.1483,3794
teachers|higher|education,2026-09-07,2026-10-07,0.180923827941172,0,0.00046599357,0,0.1174060858889576,0.1483,3795
indian|democracy|multi,2026-09-07,2026-10-07,0.180923827941172,0,0.00046599357,0,0.1186588249617573,0.1483,3796
school|dilapidated|jaipur,2026-09-07,2026-10-07,0.180923827941172,0,0.00046599357,0,0.1185227233531346,0.1483,3797
western|disturbance|drive,2026-09-07,2026-10-07,0.180923827941172,0,0.00046599357,0,0.1170243608802733,0.1483,3798
india|agree|work,2026-09-07,2026-10-07,0.180923827941172,0,0.00046599357,0,0.1186588249617573,0.1483,3799
openai|chief|scientist,2026-09-07,2026-10-07,0.180923827941172,0,0.00046599357,0,0.1181577671075427,0.1483,3800
punjab|lawrence|bishnoi,2026-09-07,2026-10-07,0.180923827941172,0,0.00046599357,0,0.1170731853151369,0.1483,3801
serbia|honours|ratko,2026-09-07,2026-10-07,0.180923827941172,0,0.0006225004,0,0.1174281151366148,0.1483,3802
modi|masoud|pezeshkian,2026-09-07,2026-10-07,0.180923827941172,0,0.00046599357,0,0.1171778065635664,0.1483,3803
telangana|black|blot,2026-09-07,2026-10-07,0.180923827941172,0,0.0006225004,0,0.1172445325184517,0.1483,3804
three|arrested|yaba,2026-09-07,2026-10-07,0.180923827941172,0,0.00050516875,0,0.1171161082266657,0.1483,3805
healthcare|must|ready,2026-09-07,2026-10-07,0.180923827941172,0,0.00046599357,0,0.1157100288849506,0.1482,3806
image|haryana|police,2026-09-07,2026-10-07,0.180923827941172,0,0.00050516875,0,0.1154026220610328,0.1482,3807
disha|salian|death,2026-09-07,2026-10-07,0.180923827941172,0,0.00046599357,0,0.1157024327179434,0.1482,3808
indias|remarks|pakistan,2026-09-07,2026-10-07,0.180923827941172,0,0.00046599357,0,0.1168083525795821,0.1482,3809
jeetendra|mishra|modi,2026-09-07,2026-10-07,0.180923827941172,0,0.00046599357,0,0.1163538356726462,0.1482,3810
indias|recycling|revolution,2026-09-07,2026-10-07,0.180923827941172,0,0.00046599357,0,0.1154043879577834,0.1482,3811
india|asian|paints,2026-09-07,2026-10-07,0.180923827941172,0,0.0006225004,0,0.1148640595462759,0.1482,3812
vijay|leader|very,2026-09-07,2026-10-07,0.180923827941172,0,0.00046599357,0,0.1167148049235949,0.1482,3813
doctors|patients|sing,2026-09-07,2026-10-07,0.180923827941172,0,0.00050516875,0,0.1156930420783174,0.1482,3814
india|appears|smaller,2026-09-07,2026-10-07,0.180923827941172,0,0.0006225004,0,0.1158612037745058,0.1482,3815
lost|decade|economy,2026-09-07,2026-10-07,0.180923827941172,0,0.0006225004,0,0.1165852755601059,0.1482,3816
iran|live|updates,2026-09-07,2026-10-07,0.180923827941172,0,0.00046599357,0,0.1160438144985257,0.1482,3817
dusu|polls|nsui,2026-09-07,2026-10-07,0.180923827941172,0,0.00046599357,0,0.1157802649767091,0.1482,3818
wife|madras|high,2026-09-07,2026-10-07,0.180923827941172,0,0.00046599357,0,0.1168688417855062,0.1482,3819
minister|surekha|telangana,2026-09-07,2026-10-07,0.180923827941172,0,0.00050516875,0,0.1155621550246623,0.1482,3820
justice|court|sanjay,2026-09-07,2026-10-07,0.180923827941172,0,0.00046599357,0,0.1155622055725266,0.1482,3821
women|india|aced,2026-09-07,2026-10-07,0.180923827941172,0,0.00046599357,0,0.1160470601038508,0.1482,3822
teachers|extends|greetings,2026-09-07,2026-10-07,0.180923827941172,0,0.00046599357,0,0.1161451640854666,0.1482,3823
sensex|nifty|lower,2026-09-07,2026-10-07,0.180923827941172,0,0.0006225004,0,0.1161246600204056,0.1482,3824
tougher|than|everest,2026-09-07,2026-10-07,0.180923827941172,0,0.00050516875,0,0.1150510523089771,0.1482,3825
india|chart|roadmap,2026-09-07,2026-10-07,0.180923827941172,0,0.00050516875,0,0.1158978609587916,0.1482,3826
rainfall|odisha|three,2026-09-07,2026-10-07,0.180923827941172,0,0.00046599357,0,0.1159669165858764,0.1482,3827
mandhana|record|powers,2026-09-07,2026-10-07,0.180923827941172,0,0.00050516875,0,0.1158978609587916,0.1482,3828
vice|president|bank,2026-09-07,2026-10-07,0.180923827941172,0,0.00046599357,0,0.1156065702932673,0.1482,3829
findings|airlines|dgca,2026-09-07,2026-10-07,0.180923827941172,0,0.00046599357,0,0.1157949846665452,0.1482,3830
leprosy|social|stigma,2026-09-07,2026-10-07,0.180923827941172,0,0.00046599357,0,0.115721865917002,0.1482,3831
jaishankar|ukraine|lands,2026-09-07,2026-10-07,0.180923827941172,0,0.00046599357,0,0.1153824646873725,0.1482,3832
bihar|speaks|fadnavis,2026-09-07,2026-10-07,0.180923827941172,0,0.00046599357,0,0.1153191588356895,0.1482,3833
isro|chairman|privatisation,2026-09-07,2026-10-07,0.180923827941172,0,0.00046599357,0,0.1155833092564725,0.1482,3834
india|flags|abhayrab,2026-09-07,2026-10-07,0.180923827941172,0,0.00046599357,0,0.1157153525866753,0.1482,3835
project|russia|secretly,2026-09-07,2026-10-07,0.180923827941172,0,0.00046599357,0,0.1167355296122644,0.1482,3836
muslim|remarks|progressive,2026-09-07,2026-10-07,0.180923827941172,0,0.00046599357,0,0.1154876314151187,0.1482,3837
india|rahul|gandhi,2026-09-07,2026-10-07,0.180923827941172,0,0.00050516875,0,0.1156333594607606,0.1482,3838
influencer|swatantra|bhardwaj,2026-09-07,2026-10-07,0.180923827941172,0,0.00046599357,0,0.1166248043766868,0.1482,3839
india|isro|naughty,2026-09-07,2026-10-07,0.180923827941172,0,0.00050516875,0,0.1166318023716999,0.1482,3840
india|japan|will,2026-09-07,2026-10-07,0.180923827941172,0,0.00046599357,0,0.1149538632408894,0.1482,3841
delhi|existing|continue,2026-09-07,2026-10-07,0.180923827941172,0,0.00046599357,0,0.1160216871023037,0.1482,3842
traditional|lessons|savings,2026-09-07,2026-10-07,0.180923827941172,0,0.00046599357,0,0.1155804456636413,0.1482,3843
samsung|ultra|available,2026-09-07,2026-10-07,0.180923827941172,0,0.0006225004,0,0.1161445899847665,0.1482,3844
india|good|news,2026-09-07,2026-10-07,0.180923827941172,0,0.00046599357,0,0.1155082945195282,0.1482,3845
india|news|indians,2026-09-07,2026-10-07,0.180923827941172,0,0.00050516875,0,0.115587235580726,0.1482,3846
himachal|kangana|ranaut,2026-09-07,2026-10-07,0.180923827941172,0,0.00050516875,0,0.116548116375351,0.1482,3847
world|cross|warming,2026-09-07,2026-10-07,0.180923827941172,0,0.00046599357,0,0.1152086399843506,0.1482,3848
collapse|rekha|gupta,2026-09-07,2026-10-07,0.180923827941172,0,0.00050516875,0,0.1157572356371958,0.1482,3849
chirag|paswan|swatantra,2026-09-07,2026-10-07,0.180923827941172,0,0.00046599357,0,0.1165786341226525,0.1482,3850
tightens|prison|rules,2026-09-07,2026-10-07,0.180923827941172,0,0.00046599357,0,0.1133859202945789,0.1481,3851
married|living|together,2026-09-07,2026-10-07,0.180923827941172,0,0.00046599357,0,0.1138001194180192,0.1481,3852
indias|book|publishing,2026-09-07,2026-10-07,0.180923827941172,0,0.00046599357,0,0.113742617167617,0.1481,3853
crore|gold|bracelet,2026-09-07,2026-10-07,0.180923827941172,0,0.00046599357,0,0.1141213252999367,0.1481,3854
india|steps|semiconductor,2026-09-07,2026-10-07,0.180923827941172,0,0.00046599357,0,0.1145618053373258,0.1481,3855
peruvian|tennis|player,2026-09-07,2026-10-07,0.180923827941172,0,0.00046599357,0,0.1134093640549408,0.1481,3856
supreme|court|asks,2026-09-07,2026-10-07,0.180923827941172,0,0.0006225004,0,0.1139752996300463,0.1481,3857
india|building|restaurants,2026-09-07,2026-10-07,0.180923827941172,0,0.00046599357,0,0.1132192856732661,0.1481,3858
india|backed|must,2026-09-07,2026-10-07,0.180923827941172,0,0.0006225004,0,0.1146380764558776,0.1481,3859
india|bangladesh|discuss,2026-09-07,2026-10-07,0.180923827941172,0,0.0006225004,0,0.1146380764558776,0.1481,3860
bombay|nainowale|dance,2026-09-07,2026-10-07,0.180923827941172,0,0.00046599357,0,0.1133776480133129,0.1481,3861
tenant|rights|india,2026-09-07,2026-10-07,0.180923827941172,0,0.00046599357,0,0.1131155359127788,0.1481,3862
india|well|done,2026-09-07,2026-10-07,0.180923827941172,0,0.00046599357,0,0.1137046840500994,0.1481,3863
temple|first|full,2026-09-07,2026-10-07,0.180923827941172,0,0.00046599357,0,0.1148218654587406,0.1481,3864
long|wheelbase|launched,2026-09-07,2026-10-07,0.180923827941172,0,0.0006225004,0,0.113039747114129,0.1481,3865
distressing|condolences|delhi,2026-09-07,2026-10-07,0.180923827941172,0,0.00046599357,0,0.1134282768847024,0.1481,3866
vijay|govt|clash,2026-09-07,2026-10-07,0.180923827941172,0,0.00046599357,0,0.114912233613939,0.1481,3867
importance|reform|higher,2026-09-07,2026-10-07,0.180923827941172,0,0.00046599357,0,0.1148499307304549,0.1481,3868
dimagi|slams|modi,2026-09-07,2026-10-07,0.180923827941172,0,0.00046599357,0,0.1145337534396759,0.1481,3869
iits|iisc|redefining,2026-09-07,2026-10-07,0.180923827941172,0,0.00046599357,0,0.1132192856732661,0.1481,3870
coal|stock|thermal,2026-09-07,2026-10-07,0.180923827941172,0,0.00050516875,0,0.1132768775336942,0.1481,3871
high|drama|telangana,2026-09-07,2026-10-07,0.180923827941172,0,0.00051100383,0,0.1129318991405681,0.1481,3872
stock|market|falling,2026-09-07,2026-10-07,0.180923827941172,0,0.00046599357,0,0.1133347236558657,0.1481,3873
india|maruti|suzuki,2026-09-07,2026-10-07,0.180923827941172,0,0.0006225004,0,0.1137919780122217,0.1481,3874
brick|column|dahi,2026-09-07,2026-10-07,0.180923827941172,0,0.00046599357,0,0.1147114577568514,0.1481,3875
brics|bigger|than,2026-09-07,2026-10-07,0.180923827941172,0,0.00046599357,0,0.1145972642450101,0.1481,3876
miss|flower|bloom,2026-09-07,2026-10-07,0.180923827941172,0,0.0006225004,0,0.1134243427612513,0.1481,3877
stop|doing|memes,2026-09-07,2026-10-07,0.180923827941172,0,0.00046599357,0,0.1143396016405574,0.1481,3878
bcci|discuss|rohit,2026-09-07,2026-10-07,0.180923827941172,0,0.00046599357,0,0.1135562031868583,0.1481,3879
india|saudi|arabia,2026-09-07,2026-10-07,0.180923827941172,0,0.00046599357,0,0.1145480068789462,0.1481,3880
delhi|more|rain,2026-09-07,2026-10-07,0.180923827941172,0,0.00046599357,0,0.1141364236904794,0.1481,3881
billion|sale|bombs,2026-09-07,2026-10-07,0.180923827941172,0,0.00050516875,0,0.1134614652874115,0.1481,3882
safety|abhishek|banerjee,2026-09-07,2026-10-07,0.180923827941172,0,0.00046599357,0,0.1131868278081066,0.1481,3883
india|ordered|uphold,2026-09-07,2026-10-07,0.180923827941172,0,0.00046599357,0,0.1135706138641721,0.1481,3884
explainspeaking|subhash|garg,2026-09-07,2026-10-07,0.180923827941172,0,0.00046599357,0,0.113742617167617,0.1481,3885
karnataka|seizes|lakh,2026-09-07,2026-10-07,0.180923827941172,0,0.00046599357,0,0.1147421455795744,0.1481,3886
banks|deposits|certificate,2026-09-07,2026-10-07,0.180923827941172,0,0.00046599357,0,0.1134399099854915,0.1481,3887
india|trade|deal,2026-09-07,2026-10-07,0.180923827941172,0,0.00046599357,0,0.1113944820655029,0.148,3888
teaches|science|youtube,2026-09-07,2026-10-07,0.180923827941172,0,0.00046599357,0,0.1123832062940087,0.148,3889
indias|factory|ambitions,2026-09-07,2026-10-07,0.180923827941172,0,0.0006225004,0,0.1114039850773663,0.148,3890
commit|murders|then,2026-09-07,2026-10-07,0.180923827941172,0,0.0006225004,0,0.1122612109986028,0.148,3891
owner|delhi|building,2026-09-07,2026-10-07,0.180923827941172,0,0.000562866,0,0.1115636521392233,0.148,3892
rush|back|ipos,2026-09-07,2026-10-07,0.180923827941172,0,0.00046599357,0,0.1115248002095204,0.148,3893
indo|myanmar|home,2026-09-07,2026-10-07,0.180923827941172,0,0.00046599357,0,0.1129189917144347,0.148,3894
women|vijay|will,2026-09-07,2026-10-07,0.180923827941172,0,0.0006225004,0,0.112580774681437,0.148,3895
global|could|temperature,2026-09-07,2026-10-07,0.180923827941172,0,0.00046599357,0,0.1114699407829277,0.148,3896
toxic|rights|still,2026-09-07,2026-10-07,0.180923827941172,0,0.00046599357,0,0.1113904879271201,0.148,3897
waiting|retirement|rejects,2026-09-07,2026-10-07,0.180923827941172,0,0.0006225004,0,0.1108687849850587,0.148,3898
locals|most|students,2026-09-07,2026-10-07,0.180923827941172,0,0.00046599357,0,0.1115318679166939,0.148,3899
government|school|teachers,2026-09-07,2026-10-07,0.180923827941172,0,0.00046599357,0,0.1119787330293698,0.148,3900
india|balancing|shanghai,2026-09-07,2026-10-07,0.180923827941172,0,0.00046599357,0,0.1127625064318786,0.148,3901
temple|trust|appoints,2026-09-07,2026-10-07,0.180923827941172,0,0.00046599357,0,0.1122012405104942,0.148,3902
ambassador|india|keiichi,2026-09-07,2026-10-07,0.180923827941172,0,0.0006225004,0,0.1124223820587192,0.148,3903
singapore|sees|wave,2026-09-07,2026-10-07,0.180923827941172,0,0.00051100383,0,0.112449181374319,0.148,3904
india|sergio|were,2026-09-07,2026-10-07,0.180923827941172,0,0.00051100383,0,0.1112580852414159,0.148,3905
arrested|been|member,2026-09-07,2026-10-07,0.180923827941172,0,0.0006225004,0,0.111786920921353,0.148,3906
nepal|gyirong|post,2026-09-07,2026-10-07,0.180923827941172,0,0.00046599357,0,0.1126939998138022,0.148,3907
netanyahu|israel|says,2026-09-07,2026-10-07,0.180923827941172,0,0.00046599357,0,0.1119216929770152,0.148,3908
enter|spare|doctors,2026-09-07,2026-10-07,0.180923827941172,0,0.00046599357,0,0.1116055185902476,0.148,3909
maintenance|delhi|court,2026-09-07,2026-10-07,0.180923827941172,0,0.00046599357,0,0.1128451526333458,0.148,3910
gavai|rajasthan|controversy,2026-09-07,2026-10-07,0.180923827941172,0,0.00046599357,0,0.1111877765435832,0.148,3911
india|renewed|ethnic,2026-09-07,2026-10-07,0.180923827941172,0,0.00050516875,0,0.1118387016320485,0.148,3912
establishments|maharashtra|suspends,2026-09-07,2026-10-07,0.180923827941172,0,0.00046599357,0,0.112260075117175,0.148,3913
delhi|agrees|urgent,2026-09-07,2026-10-07,0.180923827941172,0,0.00046599357,0,0.1120860973988181,0.148,3914
bodies|special|forces,2026-09-07,2026-10-07,0.180923827941172,0,0.00046599357,0,0.1120601166349508,0.148,3915
india|pips|accenture,2026-09-07,2026-10-07,0.180923827941172,0,0.00046599357,0,0.1124242039946429,0.148,3916
will|tolerate|abusive,2026-09-07,2026-10-07,0.180923827941172,0,0.0006225004,0,0.1124329160378389,0.148,3917
uber|about|global,2026-09-07,2026-10-07,0.180923827941172,0,0.00046599357,0,0.1116057054143366,0.148,3918
meet|timothy|armoo,2026-09-07,2026-10-07,0.180923827941172,0,0.0006225004,0,0.11142652934928,0.148,3919
billionaire|forget|real,2026-09-07,2026-10-07,0.180923827941172,0,0.0006225004,0,0.1113590018322027,0.148,3920
aiims|forms|panel,2026-09-07,2026-10-07,0.180923827941172,0,0.00046599357,0,0.1112163737014053,0.148,3921
convoy|couple|breaches,2026-09-07,2026-10-07,0.180923827941172,0,0.00046599357,0,0.1117619923987173,0.148,3922
modi|gujarat|withdraws,2026-09-07,2026-10-07,0.180923827941172,0,0.00046599357,0,0.1110233227668402,0.148,3923
modi|water|utsav,2026-09-07,2026-10-07,0.180923827941172,0,0.00050516875,0,0.1118953456655027,0.148,3924
satya|niketan|collapse,2026-09-07,2026-10-07,0.180923827941172,0,0.00046599357,0,0.1120585940427427,0.148,3925
crackdown|dirty|kitchens,2026-09-07,2026-10-07,0.180923827941172,0,0.00046599357,0,0.1127625064318786,0.148,3926
statecraft|geeta|mohan,2026-09-07,2026-10-07,0.180923827941172,0,0.00046599357,0,0.1114218632906208,0.148,3927
srpf|personnel|shifted,2026-09-07,2026-10-07,0.180923827941172,0,0.00050516875,0,0.1124868597902613,0.148,3928
moscow|told|join,2026-09-07,2026-10-07,0.180923827941172,0,0.0006225004,0,0.1115636521392233,0.148,3929
india|listing|gains,2026-09-07,2026-10-07,0.180923827941172,0,0.00046599357,0,0.1122676060324559,0.148,3930
over|voters|dropped,2026-09-07,2026-10-07,0.180923827941172,0,0.00046599357,0,0.1117050875083698,0.148,3931
building|collapsed|cctv,2026-09-07,2026-10-07,0.180923827941172,0,0.00046599357,0,0.1111473427098744,0.148,3932
captured|pakistan|hours,2026-09-07,2026-10-07,0.180923827941172,0,0.00046599357,0,0.1114350079429036,0.148,3933
oracle|cutting|india,2026-09-07,2026-10-07,0.180923827941172,0,0.00046599357,0,0.1127625064318786,0.148,3934
chandrababu|naidus|techno,2026-09-07,2026-10-07,0.180923827941172,0,0.00050516875,0,0.1104414354376614,0.1479,3935
authors|anthropic|publishers,2026-09-07,2026-10-07,0.180923827941172,0,0.00051100383,0,0.110267759756651,0.1479,3936
oxford|university|return,2026-09-07,2026-10-07,0.180923827941172,0,0.00046599357,0,0.1102106770636098,0.1479,3937
floats|cockroach|janta,2026-09-07,2026-10-07,0.180923827941172,0,0.00046599357,0,0.1093196068755359,0.1479,3938
professor|sexual|extra,2026-09-07,2026-10-07,0.180923827941172,0,0.00046599357,0,0.1093461065811272,0.1479,3939
sreelekha|poster|against,2026-09-07,2026-10-07,0.180923827941172,0,0.00046599357,0,0.109067614760288,0.1479,3940
delhi|allows|canada,2026-09-07,2026-10-07,0.180923827941172,0,0.00046599357,0,0.1101189070873661,0.1479,3941
resolution|tamil|vijay,2026-09-07,2026-10-07,0.180923827941172,0,0.00046599357,0,0.1092898926675832,0.1479,3942
india|deposits|more,2026-09-07,2026-10-07,0.180923827941172,0,0.00046599357,0,0.1107194074235995,0.1479,3943
karur|gang|attack,2026-09-07,2026-10-07,0.180923827941172,0,0.00046599357,0,0.110121055463151,0.1479,3944
passenger|seat|midair,2026-09-07,2026-10-07,0.180923827941172,0,0.00046599357,0,0.1101933965582151,0.1479,3945
woman|beaten|death,2026-09-07,2026-10-07,0.180923827941172,0,0.00046599357,0,0.1090364820768625,0.1479,3946
dead|critical|small,2026-09-07,2026-10-07,0.180923827941172,0,0.00050516875,0,0.1092843225367003,0.1479,3947
german|designer|creates,2026-09-07,2026-10-07,0.180923827941172,0,0.00046599357,0,0.1094995593017649,0.1479,3948
namal|rajapaksa|gets,2026-09-07,2026-10-07,0.180923827941172,0,0.0006225004,0,0.1097122299613351,0.1479,3949
global|indias|crude,2026-09-07,2026-10-07,0.180923827941172,0,0.00046599357,0,0.1104669027386705,0.1479,3950
woman|police|year,2026-09-07,2026-10-07,0.180923827941172,0,0.00046599357,0,0.1094304618765618,0.1479,3951
dentsu|india|raids,2026-09-07,2026-10-07,0.180923827941172,0,0.00046599357,0,0.1107194074235995,0.1479,3952
votes|adopt|showing,2026-09-07,2026-10-07,0.180923827941172,0,0.00046599357,0,0.1094268696494991,0.1479,3953
these|indian|homes,2026-09-07,2026-10-07,0.180923827941172,0,0.00050516875,0,0.1102787439384441,0.1479,3954
video|shows|moment,2026-09-07,2026-10-07,0.180923827941172,0,0.00046599357,0,0.1098274641985886,0.1479,3955
sanjay|dutt|sena,2026-09-07,2026-10-07,0.180923827941172,0,0.00051100383,0,0.1104673043209882,0.1479,3956
video|moment|delhi,2026-09-07,2026-10-07,0.180923827941172,0,0.000562866,0,0.1106739348846632,0.1479,3957
russia|largest|supplier,2026-09-07,2026-10-07,0.180923827941172,0,0.00050516875,0,0.1089097238158561,0.1479,3958
help|pours|woman,2026-09-07,2026-10-07,0.180923827941172,0,0.00046599357,0,0.1097706187256825,0.1479,3959
talks|zelensky|ukraine,2026-09-07,2026-10-07,0.180923827941172,0,0.00046599357,0,0.1094790317391253,0.1479,3960
houses|manipur|violence,2026-09-07,2026-10-07,0.180923827941172,0,0.00046599357,0,0.1091748214490397,0.1479,3961
australia|flagged|fake,2026-09-07,2026-10-07,0.180923827941172,0,0.00051100383,0,0.109802441675808,0.1479,3962
sonam|wangchuk|claims,2026-09-07,2026-10-07,0.180923827941172,0,0.00046599357,0,0.1093023883113571,0.1479,3963
worker|chased|stabbed,2026-09-07,2026-10-07,0.180923827941172,0,0.00046599357,0,0.1088679153399939,0.1478,3964
buying|india|russia,2026-09-07,2026-10-07,0.180923827941172,0,0.00046599357,0,0.1071054298045696,0.1478,3965
food|indian|health,2026-09-07,2026-10-07,0.180923827941172,0,0.00046599357,0,0.1088996402878605,0.1478,3966
dead|amazon|cargo,2026-09-07,2026-10-07,0.180923827941172,0,0.00046599357,0,0.1083098918302822,0.1478,3967
india|rupee|bonds,2026-09-07,2026-10-07,0.180923827941172,0,0.00046599357,0,0.1072598903037194,0.1478,3968
baghel|punjab|congress,2026-09-07,2026-10-07,0.180923827941172,0,0.00046599357,0,0.1071095591918868,0.1478,3969
delhi|quality|improves,2026-09-07,2026-10-07,0.180923827941172,0,0.00046599357,0,0.1080829766350052,0.1478,3970
ganna|hurt|akhilesh,2026-09-07,2026-10-07,0.180923827941172,0,0.00046599357,0,0.1088218645109464,0.1478,3971
india|comparative|tariff,2026-09-07,2026-10-07,0.180923827941172,0,0.00046599357,0,0.1077700782745304,0.1478,3972
modi|condolences|dead,2026-09-07,2026-10-07,0.180923827941172,0,0.00046599357,0,0.1074078661345741,0.1478,3973
march|against|each,2026-09-07,2026-10-07,0.180923827941172,0,0.00046599357,0,0.107090530874711,0.1478,3974
bridging|kathak|grief,2026-09-07,2026-10-07,0.180923827941172,0,0.00046599357,0,0.1070479551916661,0.1478,3975
india|arrests|most,2026-09-07,2026-10-07,0.180923827941172,0,0.00046599357,0,0.1085952128276695,0.1478,3976
acquits|calls|conviction,2026-09-07,2026-10-07,0.180923827941172,0,0.00046599357,0,0.1077338025356372,0.1478,3977
ties|reach|heights,2026-09-07,2026-10-07,0.180923827941172,0,0.00046599357,0,0.1069673358001999,0.1478,3978
india|bangladesh|deepen,2026-09-07,2026-10-07,0.180923827941172,0,0.00046599357,0,0.1082320587334017,0.1478,3979
indian|farmers|struggle,2026-09-07,2026-10-07,0.180923827941172,0,0.00050516875,0,0.1075247644762824,0.1478,3980
madras|seeks|status,2026-09-07,2026-10-07,0.180923827941172,0,0.00046599357,0,0.1079730969007096,0.1478,3981
trainer|aircraft|deliver,2026-09-07,2026-10-07,0.180923827941172,0,0.00046599357,0,0.1083846128059175,0.1478,3982
more|rain|system,2026-09-07,2026-10-07,0.180923827941172,0,0.00050516875,0,0.1080837993108468,0.1478,3983
samay|raina|provoked,2026-09-07,2026-10-07,0.180923827941172,0,0.00046599357,0,0.1084692122320156,0.1478,3984
abhishek|banerjee|kolkata,2026-09-07,2026-10-07,0.180923827941172,0,0.00046599357,0,0.1073601577987701,0.1478,3985
flight|hijacked|karachi,2026-09-07,2026-10-07,0.180923827941172,0,0.00046599357,0,0.107864514188118,0.1478,3986
atal|awasiya|vidyalayas,2026-09-07,2026-10-07,0.180923827941172,0,0.00046599357,0,0.1080783922743091,0.1478,3987
trump|order|mail,2026-09-07,2026-10-07,0.180923827941172,0,0.00050516875,0,0.1077051376619463,0.1478,3988
when|manmohan|singh,2026-09-07,2026-10-07,0.180923827941172,0,0.00050516875,0,0.1080873242116967,0.1478,3989
cctv|captures|moment,2026-09-07,2026-10-07,0.180923827941172,0,0.00046599357,0,0.1077821194552886,0.1478,3990
india|gets|blood,2026-09-07,2026-10-07,0.180923827941172,0,0.00050516875,0,0.1087869618161608,0.1478,3991
india|rupee|legal,2026-09-07,2026-10-07,0.180923827941172,0,0.00046599357,0,0.1078961927901979,0.1478,3992
ukraine|eyes|taxing,2026-09-07,2026-10-07,0.180923827941172,0,0.00046599357,0,0.1079197087181739,0.1478,3993
rahul|gandhi|claim,2026-09-07,2026-10-07,0.180923827941172,0,0.00046599357,0,0.1073107395218835,0.1478,3994
cost|india|moves,2026-09-07,2026-10-07,0.180923827941172,0,0.00046599357,0,0.1078567380752257,0.1478,3995
fires|delhi|quality,2026-09-07,2026-10-07,0.180923827941172,0,0.00046599357,0,0.1079244333251464,0.1478,3996
school|driver|sexually,2026-09-07,2026-10-07,0.180923827941172,0,0.00046599357,0,0.1074048308451117,0.1478,3997
dollar|deposits|push,2026-09-07,2026-10-07,0.180923827941172,0,0.00046599357,0,0.1083631510796967,0.1478,3998
week|inside|madras,2026-09-07,2026-10-07,0.180923827941172,0,0.00046599357,0,0.1072334951554965,0.1478,3999
visit|chief|mettur,2026-09-07,2026-10-07,0.180923827941172,0,0.00046599357,0,0.1085652629693013,0.1478,4000
parts|chhapra|bihar,2026-09-07,2026-10-07,0.180923827941172,0,0.00046599357,0,0.105653627717821,0.1477,4001
rescued|ferry|breaks,2026-09-07,2026-10-07,0.180923827941172,0,0.00050516875,0,0.1067689053343858,0.1477,4002
india|need|good,2026-09-07,2026-10-07,0.180923827941172,0,0.00046599357,0,0.1053136918555269,0.1477,4003
ukraine|zelensky|jaishankar,2026-09-07,2026-10-07,0.180923827941172,0,0.00046599357,0,0.1067736931588515,0.1477,4004
million|drones|inside,2026-09-07,2026-10-07,0.180923827941172,0,0.00046599357,0,0.1063762137284869,0.1477,4005
schools|bengal|mobile,2026-09-07,2026-10-07,0.180923827941172,0,0.00046599357,0,0.1055141026214514,0.1477,4006
meme|response|deleted,2026-09-07,2026-10-07,0.180923827941172,0,0.00046599357,0,0.1061690589789925,0.1477,4007
jaishankar|india|ready,2026-09-07,2026-10-07,0.180923827941172,0,0.00050516875,0,0.1067098166217885,0.1477,4008
delhi|heavy|battered,2026-09-07,2026-10-07,0.180923827941172,0,0.00046599357,0,0.1052731887171283,0.1477,4009
congress|women|attacks,2026-09-07,2026-10-07,0.180923827941172,0,0.00050516875,0,0.1054604559101852,0.1477,4010
offers|extra|fuel,2026-09-07,2026-10-07,0.180923827941172,0,0.00050516875,0,0.1063723079444782,0.1477,4011
office|email|will,2026-09-07,2026-10-07,0.180923827941172,0,0.00046599357,0,0.1064296130649364,0.1477,4012
flight|mayday|indigo,2026-09-07,2026-10-07,0.180923827941172,0,0.00046599357,0,0.1056757185608073,0.1477,4013
space|india|targets,2026-09-07,2026-10-07,0.180923827941172,0,0.00046599357,0,0.1054385791035009,0.1477,4014
india|ready|support,2026-09-07,2026-10-07,0.180923827941172,0,0.00046599357,0,0.1068591243556981,0.1477,4015
rain|remain|intense,2026-09-07,2026-10-07,0.180923827941172,0,0.00046599357,0,0.1067849058598471,0.1477,4016
fssai|theres|will,2026-09-07,2026-10-07,0.180923827941172,0,0.00046599357,0,0.1061921589130657,0.1477,4017
india|china|hold,2026-09-07,2026-10-07,0.180923827941172,0,0.00046599357,0,0.1068945113677243,0.1477,4018
jhunjhunwala|delhi|court,2026-09-07,2026-10-07,0.180923827941172,0,0.00046599357,0,0.1054699085959657,0.1477,4019
heavy|rain|south,2026-09-07,2026-10-07,0.180923827941172,0,0.00046599357,0,0.1063687713934304,0.1477,4020
jharkhand|sudivya|kumar,2026-09-07,2026-10-07,0.180923827941172,0,0.00046599357,0,0.1053069315176714,0.1477,4021
government|raghav|chadha,2026-09-07,2026-10-07,0.180923827941172,0,0.00046599357,0,0.1063681008063976,0.1477,4022
indias|number|convinced,2026-09-07,2026-10-07,0.180923827941172,0,0.00046599357,0,0.1053136918555269,0.1477,4023
dollar|scheme|nris,2026-09-07,2026-10-07,0.180923827941172,0,0.00046599357,0,0.1060168580316693,0.1477,4024
ranked|para|archers,2026-09-07,2026-10-07,0.180923827941172,0,0.00046599357,0,0.1057916319035635,0.1477,4025
indian|athletes|qualified,2026-09-07,2026-10-07,0.180923827941172,0,0.00050516875,0,0.1054999509835504,0.1477,4026
india|wealth|fund,2026-09-07,2026-10-07,0.180923827941172,0,0.00046599357,0,0.1054385791035009,0.1477,4027
indias|sebi|review,2026-09-07,2026-10-07,0.180923827941172,0,0.00046599357,0,0.1068639373053286,0.1477,4028
sisters|killed|house,2026-09-07,2026-10-07,0.180923827941172,0,0.00046599357,0,0.1060606568489664,0.1477,4029
arrested|class|student,2026-09-07,2026-10-07,0.180923827941172,0,0.00050516875,0,0.1059174288669562,0.1477,4030
india|south|asia,2026-09-07,2026-10-07,0.180923827941172,0,0.00046599357,0,0.1068639373053286,0.1477,4031
social|media|team,2026-09-07,2026-10-07,0.180923827941172,0,0.00046599357,0,0.1056397238067526,0.1477,4032
gold|medallist|sells,2026-09-07,2026-10-07,0.180923827941172,0,0.00046599357,0,0.1049845193021062,0.1477,4033
apples|should|compare,2026-09-07,2026-10-07,0.180923827941172,0,0.00046599357,0,0.1042149959580228,0.1476,4034
asian|games|sports,2026-09-07,2026-10-07,0.180923827941172,0,0.00046599357,0,0.1029438723677348,0.1476,4035
maternity|leave|cannot,2026-09-07,2026-10-07,0.180923827941172,0,0.00046599357,0,0.1041041257117506,0.1476,4036
delhi|govt|offices,2026-09-07,2026-10-07,0.180923827941172,0,0.00046599357,0,0.1044022807671734,0.1476,4037
blind|accident|raises,2026-09-07,2026-10-07,0.180923827941172,0,0.00046599357,0,0.1029467002482722,0.1476,4038
alipov|india|buys,2026-09-07,2026-10-07,0.180923827941172,0,0.00046599357,0,0.1037260071968852,0.1476,4039
awards|pension|mumbai,2026-09-07,2026-10-07,0.180923827941172,0,0.00050516875,0,0.1039003745040395,0.1476,4040
womens|cricket|india,2026-09-07,2026-10-07,0.180923827941172,0,0.00046599357,0,0.1036925968266537,0.1476,4041
pakistan|over|century,2026-09-07,2026-10-07,0.180923827941172,0,0.00046599357,0,0.103064748824835,0.1476,4042
honda|suvs|india,2026-09-07,2026-10-07,0.180923827941172,0,0.00046599357,0,0.1045228179741898,0.1476,4043
building|collapses|heavy,2026-09-07,2026-10-07,0.180923827941172,0,0.00046599357,0,0.1034043929034502,0.1476,4044
hardest|problem|agentic,2026-09-07,2026-10-07,0.180923827941172,0,0.00046599357,0,0.1043282406304568,0.1476,4045
woman|please|torture,2026-09-07,2026-10-07,0.180923827941172,0,0.00046599357,0,0.1048014608160965,0.1476,4046
year|police|kanpur,2026-09-07,2026-10-07,0.180923827941172,0,0.00046599357,0,0.1034435472927828,0.1476,4047
love|basis|mohan,2026-09-07,2026-10-07,0.180923827941172,0,0.00046599357,0,0.1031270685083244,0.1476,4048
putin|envoys|hold,2026-09-07,2026-10-07,0.180923827941172,0,0.00046599357,0,0.1048990137397214,0.1476,4049
minister|telangana|sacked,2026-09-07,2026-10-07,0.180923827941172,0,0.00046599357,0,0.1037031220590036,0.1476,4050
swatantra|cracked|skull,2026-09-07,2026-10-07,0.180923827941172,0,0.00046599357,0,0.1034930358236194,0.1476,4051
india|sends|more,2026-09-07,2026-10-07,0.180923827941172,0,0.00046599357,0,0.1033591837245819,0.1476,4052
education|minister|speaks,2026-09-07,2026-10-07,0.180923827941172,0,0.00046599357,0,0.1040182988735501,0.1476,4053
nepal|indians|still,2026-09-07,2026-10-07,0.180923827941172,0,0.00046599357,0,0.1040098607260791,0.1476,4054
bhupathi|appointed|university,2026-09-07,2026-10-07,0.180923827941172,0,0.00046599357,0,0.1049004620262849,0.1476,4055
dreaming|german|degrees,2026-09-07,2026-10-07,0.180923827941172,0,0.00046599357,0,0.103381357498016,0.1476,4056
america|george|washington,2026-09-07,2026-10-07,0.180923827941172,0,0.00046599357,0,0.1034760213030853,0.1476,4057
boat|people|rescued,2026-09-07,2026-10-07,0.180923827941172,0,0.00046599357,0,0.104550713748155,0.1476,4058
frozen|screen|scam,2026-09-07,2026-10-07,0.180923827941172,0,0.00046599357,0,0.1030382669177684,0.1476,4059
telangana|faces|internal,2026-09-07,2026-10-07,0.180923827941172,0,0.00050516875,0,0.1033602256029069,0.1476,4060
indian|woman|living,2026-09-07,2026-10-07,0.180923827941172,0,0.00046599357,0,0.1044933506978953,0.1476,4061
cooperation|defence|enforcement,2026-09-07,2026-10-07,0.180923827941172,0,0.00046599357,0,0.1042531074213506,0.1476,4062
found|dead|hospital,2026-09-07,2026-10-07,0.180923827941172,0,0.00046599357,0,0.1034906107702891,0.1476,4063
over|brother|woman,2026-09-07,2026-10-07,0.180923827941172,0,0.00046599357,0,0.1030549259993765,0.1476,4064
probe|terms|india,2026-09-07,2026-10-07,0.180923827941172,0,0.00046599357,0,0.1033290080706148,0.1476,4065
prioritises|patient|outcomes,2026-09-07,2026-10-07,0.180923827941172,0,0.00046599357,0,0.1042149959580228,0.1476,4066
police|issues|summons,2026-09-07,2026-10-07,0.180923827941172,0,0.00046599357,0,0.1034637525515033,0.1476,4067
ashish|joshi|bureaucrat,2026-09-07,2026-10-07,0.180923827941172,0,0.00046599357,0,0.1013954172106741,0.1475,4068
fake|using|forged,2026-09-07,2026-10-07,0.180923827941172,0,0.00046599357,0,0.1019899525231471,0.1475,4069
begin|december|census,2026-09-07,2026-10-07,0.180923827941172,0,0.00046599357,0,0.1026781090640408,0.1475,4070
heavy|areas|rains,2026-09-07,2026-10-07,0.180923827941172,0,0.00046599357,0,0.1014109236176339,0.1475,4071
anti|factories|firhad,2026-09-07,2026-10-07,0.180923827941172,0,0.00046599357,0,0.1027586639688401,0.1475,4072
modi|meloni|becoming,2026-09-07,2026-10-07,0.180923827941172,0,0.00046599357,0,0.1028061377731511,0.1475,4073
crore|assets|seized,2026-09-07,2026-10-07,0.180923827941172,0,0.00046599357,0,0.1028950829791084,0.1475,4074
india|belgium|agree,2026-09-07,2026-10-07,0.180923827941172,0,0.00046599357,0,0.1018056040066137,0.1475,4075
indian|woman|japan,2026-09-07,2026-10-07,0.180923827941172,0,0.00046599357,0,0.1016572117112702,0.1475,4076
shows|bengal|school,2026-09-07,2026-10-07,0.180923827941172,0,0.00046599357,0,0.1013218136799559,0.1475,4077
indias|growth|wasnt,2026-09-07,2026-10-07,0.180923827941172,0,0.00046599357,0,0.1018386399416185,0.1475,4078
india|tour|japan,2026-09-07,2026-10-07,0.180923827941172,0,0.00046599357,0,0.1010777909363608,0.1475,4079
kills|attacks|five,2026-09-07,2026-10-07,0.180923827941172,0,0.00046599357,0,0.1011542540641145,0.1475,4080
jharkhand|higher|education,2026-09-07,2026-10-07,0.180923827941172,0,0.00046599357,0,0.1029170115614066,0.1475,4081
swatantra|bhardwaj|first,2026-09-07,2026-10-07,0.180923827941172,0,0.000523346,0,0.102783319281443,0.1475,4082
teachers|frontline|nation,2026-09-07,2026-10-07,0.180923827941172,0,0.00046599357,0,0.1023445355463018,0.1475,4083
orange|alert|issued,2026-09-07,2026-10-07,0.180923827941172,0,0.00046599357,0,0.1025490384920286,0.1475,4084
roads|will|brics,2026-09-07,2026-10-07,0.180923827941172,0,0.00046599357,0,0.1024104228025059,0.1475,4085
policy|paralysis|dynamism,2026-09-07,2026-10-07,0.180923827941172,0,0.00046599357,0,0.1011550537414577,0.1475,4086
unchanged|pakistan|choose,2026-09-07,2026-10-07,0.180923827941172,0,0.00046599357,0,0.1019944793077198,0.1475,4087
leaders|ncpi|form,2026-09-07,2026-10-07,0.180923827941172,0,0.00046599357,0,0.1025974010715691,0.1475,4088
police|terrorist|killed,2026-09-07,2026-10-07,0.180923827941172,0,0.00046599357,0,0.1017324614475431,0.1475,4089
trump|strait|suggests,2026-09-07,2026-10-07,0.180923827941172,0,0.00046599357,0,0.1029033626044847,0.1475,4090
have|cctvs|toll,2026-09-07,2026-10-07,0.180923827941172,0,0.00046599357,0,0.1010325648667043,0.1475,4091
india|revisions|reflect,2026-09-07,2026-10-07,0.180923827941172,0,0.00046599357,0,0.1018386399416185,0.1475,4092
fasts|years|mumbai,2026-09-07,2026-10-07,0.180923827941172,0,0.00046599357,0,0.1015598966927995,0.1475,4093
court|supreme|allows,2026-09-07,2026-10-07,0.180923827941172,0,0.00046599357,0,0.1015663474107937,0.1475,4094
bhardwaj|self|defence,2026-09-07,2026-10-07,0.180923827941172,0,0.00046599357,0,0.1018590212809692,0.1475,4095
hydraulic|systems|aaib,2026-09-07,2026-10-07,0.180923827941172,0,0.00046599357,0,0.101538190068516,0.1475,4096
grad|anil|chakravarthy,2026-09-07,2026-10-07,0.180923827941172,0,0.00046599357,0,0.1021043894092962,0.1475,4097
solution|dialogue|bans,2026-09-07,2026-10-07,0.180923827941172,0,0.00046599357,0,0.1014712339868297,0.1475,4098
mishra|need|learn,2026-09-07,2026-10-07,0.180923827941172,0,0.00046599357,0,0.1028204656576452,0.1475,4099
dinesh|sharma|leader,2026-09-07,2026-10-07,0.180923827941172,0,0.00046599357,0,0.0997491893852235,0.1474,4100
tamil|nadu|cops,2026-09-07,2026-10-07,0.180923827941172,0,0.00046599357,0,0.0999006867420436,0.1474,4101
south|korea|preparing,2026-09-07,2026-10-07,0.180923827941172,0,0.00046599357,0,0.1002270169712505,0.1474,4102
laxman|confirmed|india,2026-09-07,2026-10-07,0.180923827941172,0,0.00046599357,0,0.0996747613274064,0.1474,4103
glacial|nepal|high,2026-09-07,2026-10-07,0.180923827941172,0,0.00046599357,0,0.0994505490208461,0.1474,4104
neet|super|speciality,2026-09-07,2026-10-07,0.180923827941172,0,0.00046599357,0,0.1004621759436842,0.1474,4105
school|teacher|student,2026-09-07,2026-10-07,0.180923827941172,0,0.00046599357,0,0.1008511708234614,0.1474,4106
strait|trump|president,2026-09-07,2026-10-07,0.180923827941172,0,0.00046599357,0,0.0991311660771774,0.1474,4107
congress|over|women,2026-09-07,2026-10-07,0.180923827941172,0,0.00046599357,0,0.1001557257429855,0.1474,4108
blinkit|facility|falnir,2026-09-07,2026-10-07,0.180923827941172,0,0.00046599357,0,0.100830036594908,0.1474,4109
chennai|metro|compares,2026-09-07,2026-10-07,0.180923827941172,0,0.00046599357,0,0.1000945415786224,0.1474,4110
high|court|justice,2026-09-07,2026-10-07,0.180923827941172,0,0.00046599357,0,0.0999165429966161,0.1474,4111
pakistan|wins|indus,2026-09-07,2026-10-07,0.180923827941172,0,0.00046599357,0,0.0996319679376195,0.1474,4112
highly|useful|breakthrough,2026-09-07,2026-10-07,0.180923827941172,0,0.00046599357,0,0.0990740495519004,0.1474,4113
operation|economic|outcast,2026-09-07,2026-10-07,0.180923827941172,0,0.00046599357,0,0.1001464183166531,0.1474,4114
police|assam|constable,2026-09-07,2026-10-07,0.180923827941172,0,0.00046599357,0,0.1000677325600934,0.1474,4115
quad|sherpa|meet,2026-09-07,2026-10-07,0.180923827941172,0,0.00046599357,0,0.0997258062572276,0.1474,4116
indias|education|gender,2026-09-07,2026-10-07,0.180923827941172,0,0.00046599357,0,0.0996827217105224,0.1474,4117
krishna|byre|gowda,2026-09-07,2026-10-07,0.180923827941172,0,0.00046599357,0,0.0996226457658234,0.1474,4118
honda|india|launch,2026-09-07,2026-10-07,0.180923827941172,0,0.00046599357,0,0.0993553826983223,0.1474,4119
girl|year|attacked,2026-09-07,2026-10-07,0.180923827941172,0,0.00046599357,0,0.1003563452880303,0.1474,4120
fraudster|arrested|jalandhar,2026-09-07,2026-10-07,0.180923827941172,0,0.00050516875,0,0.0991627994420545,0.1474,4121
unnao|allegedly|over,2026-09-07,2026-10-07,0.180923827941172,0,0.00046599357,0,0.0992244127598434,0.1474,4122
failed|hydraulics|pilot,2026-09-07,2026-10-07,0.180923827941172,0,0.00046599357,0,0.1005238338995175,0.1474,4123
india|post|launches,2026-09-07,2026-10-07,0.180923827941172,0,0.00046599357,0,0.1008666239529556,0.1474,4124
india|factory|growth,2026-09-07,2026-10-07,0.180923827941172,0,0.00046599357,0,0.0998595695712014,0.1474,4125
coal|shortage|deepens,2026-09-07,2026-10-07,0.180923827941172,0,0.00046599357,0,0.100020357775371,0.1474,4126
approves|india|host,2026-09-07,2026-10-07,0.180923827941172,0,0.00046599357,0,0.0996319679376195,0.1474,4127
than|reporter|diary,2026-09-07,2026-10-07,0.180923827941172,0,0.00046599357,0,0.1001019765056622,0.1474,4128
belief|rising|pakistan,2026-09-07,2026-10-07,0.180923827941172,0,0.00046599357,0,0.0996827217105224,0.1474,4129
rahul|gandhi|chhatron,2026-09-07,2026-10-07,0.180923827941172,0,0.00046599357,0,0.0990058375895422,0.1474,4130
reiterates|bharat|ghar,2026-09-07,2026-10-07,0.180923827941172,0,0.00046599357,0,0.1003898638555675,0.1474,4131
grocery|store|india,2026-09-07,2026-10-07,0.180923827941172,0,0.00046599357,0,0.100405002799573,0.1474,4132
assam|wife|machete,2026-09-07,2026-10-07,0.180923827941172,0,0.00046599357,0,0.0981192717028643,0.1473,4133
live|delhi|orders,2026-09-07,2026-10-07,0.180923827941172,0,0.00046599357,0,0.098433314768885,0.1473,4134
china|mudslide|missing,2026-09-07,2026-10-07,0.180923827941172,0,0.00046599357,0,0.097229588728632,0.1473,4135
monsoon|woes|delhi,2026-09-07,2026-10-07,0.180923827941172,0,0.00046599357,0,0.0972831136813421,0.1473,4136
india|needs|revive,2026-09-07,2026-10-07,0.180923827941172,0,0.00046599357,0,0.0981764643991671,0.1473,4137
conditioning|invented|america,2026-09-07,2026-10-07,0.180923827941172,0,0.00046599357,0,0.0971617172095098,0.1473,4138
india|host|inaugural,2026-09-07,2026-10-07,0.180923827941172,0,0.00046599357,0,0.0969477697177352,0.1473,4139
trump|slams|critics,2026-09-07,2026-10-07,0.180923827941172,0,0.00046599357,0,0.097682060155298,0.1473,4140
delhi|gurugram|expressway,2026-09-07,2026-10-07,0.180923827941172,0,0.00046599357,0,0.0976222273614845,0.1473,4141
isro|naughty|rocket,2026-09-07,2026-10-07,0.180923827941172,0,0.00046599357,0,0.0981904486110513,0.1473,4142
isro|india|naughty,2026-09-07,2026-10-07,0.180923827941172,0,0.00046599357,0,0.0982799173475819,0.1473,4143
member|joint|parliamentary,2026-09-07,2026-10-07,0.180923827941172,0,0.00046599357,0,0.0976859874361013,0.1473,4144
iran|vance|options,2026-09-07,2026-10-07,0.180923827941172,0,0.00046599357,0,0.097476099983418,0.1473,4145
abhishek|masked|ransack,2026-09-07,2026-10-07,0.180923827941172,0,0.00046599357,0,0.0980067681404529,0.1473,4146
fssai|chief|backs,2026-09-07,2026-10-07,0.180923827941172,0,0.00046599357,0,0.0974949200072531,0.1473,4147
court|case|sets,2026-09-07,2026-10-07,0.180923827941172,0,0.00046599357,0,0.0982657260822263,0.1473,4148
year|undertrial|dies,2026-09-07,2026-10-07,0.180923827941172,0,0.00046599357,0,0.0970051874661522,0.1473,4149
students|supreme|court,2026-09-07,2026-10-07,0.180923827941172,0,0.00046599357,0,0.0986203713557049,0.1473,4150
body|held|murder,2026-09-07,2026-10-07,0.180923827941172,0,0.00046599357,0,0.0986808773341709,0.1473,4151
paypal|layoffs|jobs,2026-09-07,2026-10-07,0.180923827941172,0,0.00046599357,0,0.0972557341494246,0.1473,4152
sudivya|kumar|sonu,2026-09-07,2026-10-07,0.180923827941172,0,0.00046599357,0,0.0984695438281954,0.1473,4153
permanently|disabled|shares,2026-09-07,2026-10-07,0.180923827941172,0,0.00046599357,0,0.0974075485331902,0.1473,4154
lake|indians|killed,2026-09-07,2026-10-07,0.180923827941172,0,0.00046599357,0,0.0975498833651937,0.1473,4155
harry|potter|back,2026-09-07,2026-10-07,0.180923827941172,0,0.00046599357,0,0.0986994713494656,0.1473,4156
detained|engine|fire,2026-09-07,2026-10-07,0.180923827941172,0,0.00046599357,0,0.0981073023989627,0.1473,4157
three|children|woman,2026-09-07,2026-10-07,0.180923827941172,0,0.00046599357,0,0.0966334355319122,0.1472,4158
behind|intense|rain,2026-09-07,2026-10-07,0.180923827941172,0,0.00046599357,0,0.0952801368959698,0.1472,4159
kidambi|china|masters,2026-09-07,2026-10-07,0.180923827941172,0,0.00046599357,0,0.0959439091765886,0.1472,4160
india|warned|belgian,2026-09-07,2026-10-07,0.180923827941172,0,0.00046599357,0,0.0956955071895735,0.1472,4161
indias|june|quarter,2026-09-07,2026-10-07,0.180923827941172,0,0.00046599357,0,0.0954180086656183,0.1472,4162
dont|share|sensitive,2026-09-07,2026-10-07,0.180923827941172,0,0.00046599357,0,0.0963114637869546,0.1472,4163
rape|murder|panihati,2026-09-07,2026-10-07,0.180923827941172,0,0.00046599357,0,0.0955372563135644,0.1472,4164
vijay|govt|shortlists,2026-09-07,2026-10-07,0.180923827941172,0,0.00046599357,0,0.0959278784623263,0.1472,4165
duleep|trophy|final,2026-09-07,2026-10-07,0.180923827941172,0,0.00046599357,0,0.0955854652762768,0.1472,4166
nepal|floods|live,2026-09-07,2026-10-07,0.180923827941172,0,0.00046599357,0,0.0958798520512928,0.1472,4167
something|much|bigger,2026-09-07,2026-10-07,0.180923827941172,0,0.00046599357,0,0.0956916866446213,0.1472,4168
extinguishers|embers|ongoing,2026-09-07,2026-10-07,0.180923827941172,0,0.00046599357,0,0.0955233477115798,0.1472,4169
fact|check|turkish,2026-09-07,2026-10-07,0.180923827941172,0,0.00046599357,0,0.0968127727913955,0.1472,4170
india|nikita|porwal,2026-09-07,2026-10-07,0.180923827941172,0,0.00046599357,0,0.0950400660076425,0.1472,4171
country|should|help,2026-09-07,2026-10-07,0.180923827941172,0,0.00046599357,0,0.0966832247712303,0.1472,4172
isro|successfully|launches,2026-09-07,2026-10-07,0.180923827941172,0,0.00046599357,0,0.0955118456800047,0.1472,4173
against|subhash|chandra,2026-09-07,2026-10-07,0.180923827941172,0,0.00046599357,0,0.0950366770197713,0.1472,4174
trust|temple|consider,2026-09-07,2026-10-07,0.180923827941172,0,0.00046599357,0,0.0950708285108953,0.1472,4175
trump|iran|site,2026-09-07,2026-10-07,0.180923827941172,0,0.00046599357,0,0.09515109056999,0.1472,4176
rain|uttarakhand|triggers,2026-09-07,2026-10-07,0.180923827941172,0,0.00046599357,0,0.0951310800423857,0.1472,4177
wife|cannot|expected,2026-09-07,2026-10-07,0.180923827941172,0,0.00046599357,0,0.0953895086952539,0.1472,4178
will|konda|surekha,2026-09-07,2026-10-07,0.180923827941172,0,0.00046599357,0,0.0959846397996829,0.1472,4179
bare|hands|lone,2026-09-07,2026-10-07,0.180923827941172,0,0.00046599357,0,0.0965640142254505,0.1472,4180
maruti|suzuki|baleno,2026-09-07,2026-10-07,0.180923827941172,0,0.00046599357,0,0.0950789531751651,0.1472,4181
india|news|isro,2026-09-07,2026-10-07,0.180923827941172,0,0.00046599357,0,0.0963093980587355,0.1472,4182
india|growth|defies,2026-09-07,2026-10-07,0.180923827941172,0,0.00046599357,0,0.0953231421439455,0.1472,4183
india|held|together,2026-09-07,2026-10-07,0.180923827941172,0,0.00046599357,0,0.0953231421439455,0.1472,4184
contest|ttaadc|village,2026-09-07,2026-10-07,0.180923827941172,0,0.00046599357,0,0.0966418380225048,0.1472,4185
india|defeat|pakistan,2026-09-07,2026-10-07,0.180923827941172,0,0.00046599357,0,0.095887475411845,0.1472,4186
left|behind|take,2026-09-07,2026-10-07,0.180923827941172,0,0.00046599357,0,0.0951088979715206,0.1472,4187
girl|stray|dogs,2026-09-07,2026-10-07,0.180923827941172,0,0.00046599357,0,0.0969366223613809,0.1472,4188
supreme|court|explained,2026-09-07,2026-10-07,0.180923827941172,0,0.00046599357,0,0.0960207428206325,0.1472,4189
modi|growth|slams,2026-09-07,2026-10-07,0.180923827941172,0,0.00046599357,0,0.0954856904480154,0.1472,4190
india|batting|depth,2026-09-07,2026-10-07,0.180923827941172,0,0.00046599357,0,0.0950400660076425,0.1472,4191
tanvi|aiims|year,2026-09-07,2026-10-07,0.180923827941172,0,0.00046599357,0,0.0951804292914234,0.1472,4192
girl|police|held,2026-09-07,2026-10-07,0.180923827941172,0,0.00046599357,0,0.0952410671545291,0.1472,4193
modi|praises|indian,2026-09-07,2026-10-07,0.180923827941172,0,0.00046599357,0,0.0968938356030403,0.1472,4194
parked|lorry|tamil,2026-09-07,2026-10-07,0.180923827941172,0,0.00046599357,0,0.0957724917373008,0.1472,4195
child|assam|pioneered,2026-09-07,2026-10-07,0.180923827941172,0,0.00046599357,0,0.0957575184743911,0.1472,4196
rubio|nation|should,2026-09-07,2026-10-07,0.180923827941172,0,0.00046599357,0,0.0934198943639118,0.1471,4197
balancing|china|russia,2026-09-07,2026-10-07,0.180923827941172,0,0.00046599357,0,0.0947286333954642,0.1471,4198
pete|hegseth|warns,2026-09-07,2026-10-07,0.180923827941172,0,0.00046599357,0,0.0949048668661017,0.1471,4199
abhayrab|cdsco|flags,2026-09-07,2026-10-07,0.180923827941172,0,0.00046599357,0,0.0945662656423397,0.1471,4200
reality|padmaavat|writer,2026-09-07,2026-10-07,0.180923827941172,0,0.00046599357,0,0.0940992989739789,0.1471,4201
cracked|upsc|years,2026-09-07,2026-10-07,0.180923827941172,0,0.00046599357,0,0.093441410382717,0.1471,4202
dahi|handi|year,2026-09-07,2026-10-07,0.180923827941172,0,0.00046599357,0,0.0938272980242172,0.1471,4203
never|negotiate|deadline,2026-09-07,2026-10-07,0.180923827941172,0,0.00046599357,0,0.0948598178164279,0.1471,4204
india|unit|invest,2026-09-07,2026-10-07,0.180923827941172,0,0.00046599357,0,0.0942309669311264,0.1471,4205
stray|dogs|bark,2026-09-07,2026-10-07,0.180923827941172,0,0.00046599357,0,0.0937424994857751,0.1471,4206
talks|situation|simple,2026-09-07,2026-10-07,0.180923827941172,0,0.00046599357,0,0.0933355565310584,0.1471,4207
mishra|seeks|fugitive,2026-09-07,2026-10-07,0.180923827941172,0,0.00046599357,0,0.0942695370728337,0.1471,4208
over|saharanpur|mosque,2026-09-07,2026-10-07,0.180923827941172,0,0.00046599357,0,0.0943299474019092,0.1471,4209
mizoram|affected|train,2026-09-07,2026-10-07,0.180923827941172,0,0.00046599357,0,0.0934292437814261,0.1471,4210
death|raises|question,2026-09-07,2026-10-07,0.180923827941172,0,0.00046599357,0,0.0932554312217513,0.1471,4211
hanuman|ansh|office,2026-09-07,2026-10-07,0.180923827941172,0,0.00046599357,0,0.0932009278833417,0.1471,4212
phuket|flight|pilot,2026-09-07,2026-10-07,0.180923827941172,0,0.00046599357,0,0.0946440862977719,0.1471,4213
sorento|launch|india,2026-09-07,2026-10-07,0.180923827941172,0,0.00046599357,0,0.0929756091414402,0.1471,4214
woman|found|murdered,2026-09-07,2026-10-07,0.180923827941172,0,0.00046599357,0,0.0933610189065314,0.1471,4215
spain|will|ruined,2026-09-07,2026-10-07,0.180923827941172,0,0.00046599357,0,0.0943103160760987,0.1471,4216
uneven|ascent|state,2026-09-07,2026-10-07,0.180923827941172,0,0.00046599357,0,0.0939669348154807,0.1471,4217
software|glitch|human,2026-09-07,2026-10-07,0.180923827941172,0,0.00046599357,0,0.0938802458032422,0.1471,4218
explainer|india|strong,2026-09-07,2026-10-07,0.180923827941172,0,0.00046599357,0,0.0946362102089835,0.1471,4219
fighter|pilot|abhinandan,2026-09-07,2026-10-07,0.180923827941172,0,0.00046599357,0,0.0944797074022761,0.1471,4220
mayawati|akash|anand,2026-09-07,2026-10-07,0.180923827941172,0,0.00046599357,0,0.093157139480548,0.1471,4221
odisha|watchman|krait,2026-09-07,2026-10-07,0.180923827941172,0,0.00046599357,0,0.0948155399879832,0.1471,4222
odisha|railway|staffer,2026-09-07,2026-10-07,0.180923827941172,0,0.00046599357,0,0.0943103160760987,0.1471,4223
india|express|delhi,2026-09-07,2026-10-07,0.180923827941172,0,0.00046599357,0,0.0949262952201853,0.1471,4224
india|modi|those,2026-09-07,2026-10-07,0.180923827941172,0,0.00046599357,0,0.0947715964705586,0.1471,4225
trump|something|much,2026-09-07,2026-10-07,0.180923827941172,0,0.00046599357,0,0.0935079048875367,0.1471,4226
mumbai|civic|engineer,2026-09-07,2026-10-07,0.180923827941172,0,0.00046599357,0,0.0930853999787715,0.1471,4227
worm|found|blinkit,2026-09-07,2026-10-07,0.180923827941172,0,0.00046599357,0,0.0932107675609736,0.1471,4228
anti|national|forces,2026-09-07,2026-10-07,0.180923827941172,0,0.00046599357,0,0.0911268354458501,0.147,4229
settlement|meta|start,2026-09-07,2026-10-07,0.180923827941172,0,0.00046599357,0,0.092287689114585,0.147,4230
indias|data|centre,2026-09-07,2026-10-07,0.180923827941172,0,0.00046599357,0,0.0916634743214055,0.147,4231
abhinandan|quits|really,2026-09-07,2026-10-07,0.180923827941172,0,0.00046599357,0,0.0917571446280923,0.147,4232
jhiram|valley|massacre,2026-09-07,2026-10-07,0.180923827941172,0,0.00046599357,0,0.0910310266382388,0.147,4233
kenya|tata|chemicals,2026-09-07,2026-10-07,0.180923827941172,0,0.00046599357,0,0.0928527099166001,0.147,4234
russia|halts|strikes,2026-09-07,2026-10-07,0.180923827941172,0,0.00046599357,0,0.0928916337479084,0.147,4235
report|someone|just,2026-09-07,2026-10-07,0.180923827941172,0,0.00046599357,0,0.0915948288915189,0.147,4236
singai|ramachandran|grad,2026-09-07,2026-10-07,0.180923827941172,0,0.00046599357,0,0.0910605288137329,0.147,4237
fact|check|vietnamese,2026-09-07,2026-10-07,0.180923827941172,0,0.00046599357,0,0.0915391804095022,0.147,4238
explained|indias|growth,2026-09-07,2026-10-07,0.180923827941172,0,0.00046599357,0,0.0925319196904781,0.147,4239
lawyers|assaulted|during,2026-09-07,2026-10-07,0.180923827941172,0,0.00046599357,0,0.0922480025804734,0.147,4240
kartik|aaryan|shares,2026-09-07,2026-10-07,0.180923827941172,0,0.00046599357,0,0.0928978151827744,0.147,4241
electors|mumbai|notices,2026-09-07,2026-10-07,0.180923827941172,0,0.00046599357,0,0.0913748976112378,0.147,4242
abvp|holds|rally,2026-09-07,2026-10-07,0.180923827941172,0,0.00046599357,0,0.0919139792229722,0.147,4243
india|sovereign|rating,2026-09-07,2026-10-07,0.180923827941172,0,0.00046599357,0,0.0918710912170152,0.147,4244
india|sends|fresh,2026-09-07,2026-10-07,0.180923827941172,0,0.00046599357,0,0.0911268354458501,0.147,4245
neighbour|pours|petrol,2026-09-07,2026-10-07,0.180923827941172,0,0.00046599357,0,0.0920326614130391,0.147,4246
activist|detained|over,2026-09-07,2026-10-07,0.180923827941172,0,0.00046599357,0,0.0926086072884312,0.147,4247
pizza|indian|charged,2026-09-07,2026-10-07,0.180923827941172,0,0.00046599357,0,0.0910709734124594,0.147,4248
india|votes|favour,2026-09-07,2026-10-07,0.180923827941172,0,0.00046599357,0,0.0928978151827744,0.147,4249
delhi|sonipat|solar,2026-09-07,2026-10-07,0.180923827941172,0,0.00046599357,0,0.0912246619288548,0.147,4250
weak|strict|india,2026-09-07,2026-10-07,0.180923827941172,0,0.00046599357,0,0.0913457972966175,0.147,4251
labs|apps|meet,2026-09-07,2026-10-07,0.180923827941172,0,0.00046599357,0,0.0921119502789968,0.147,4252
people|laughed|indian,2026-09-07,2026-10-07,0.180923827941172,0,0.00046599357,0,0.0928978151827744,0.147,4253
meta|chief|minister,2026-09-07,2026-10-07,0.180923827941172,0,0.00046599357,0,0.0916286304171669,0.147,4254
wrong|drones|everywhere,2026-09-07,2026-10-07,0.180923827941172,0,0.00046599357,0,0.0915213474746942,0.147,4255
delhi|crisis|innovators,2026-09-07,2026-10-07,0.180923827941172,0,0.00046599357,0,0.0915801560803656,0.147,4256
jauhar|women|sindh,2026-09-07,2026-10-07,0.180923827941172,0,0.00046599357,0,0.0920638401443876,0.147,4257
adviser|controversy|over,2026-09-07,2026-10-07,0.180923827941172,0,0.00046599357,0,0.0918710912170152,0.147,4258
adult|apps|click,2026-09-07,2026-10-07,0.180923827941172,0,0.00046599357,0,0.091208020984352,0.147,4259
trump|military|conflict,2026-09-07,2026-10-07,0.180923827941172,0,0.00046599357,0,0.0923253200210956,0.147,4260
fssai|order|abrupt,2026-09-07,2026-10-07,0.180923827941172,0,0.00046599357,0,0.091017756432868,0.147,4261
india|gate|make,2026-09-07,2026-10-07,0.180923827941172,0,0.00046599357,0,0.0919833977501822,0.147,4262
india|billion|dollar,2026-09-07,2026-10-07,0.180923827941172,0,0.00046599357,0,0.0911268354458501,0.147,4263
commander|shot|down,2026-09-07,2026-10-07,0.180923827941172,0,0.00046599357,0,0.0927491828923157,0.147,4264
fssai|cracks|down,2026-09-07,2026-10-07,0.180923827941172,0,0.00046599357,0,0.0912246619288548,0.147,4265
stray|dogs|public,2026-09-07,2026-10-07,0.180923827941172,0,0.00046599357,0,0.0919550597440516,0.147,4266
india|born|these,2026-09-07,2026-10-07,0.180923827941172,0,0.00046599357,0,0.0918710912170152,0.147,4267
alarming|apathy|india,2026-09-07,2026-10-07,0.180923827941172,0,0.00046599357,0,0.0914761425224882,0.147,4268
belgian|trump|loud,2026-09-07,2026-10-07,0.180923827941172,0,0.00046599357,0,0.091800141625911,0.147,4269
bedi|indian|origin,2026-09-07,2026-10-07,0.180923827941172,0,0.00046599357,0,0.0896481041007117,0.1469,4270
indias|rupee|gains,2026-09-07,2026-10-07,0.180923827941172,0,0.00046599357,0,0.0902443406882817,0.1469,4271
pakistani|military|personnel,2026-09-07,2026-10-07,0.180923827941172,0,0.00046599357,0,0.0903677757535108,0.1469,4272
buying|solve|india,2026-09-07,2026-10-07,0.180923827941172,0,0.00046599357,0,0.0909191321219802,0.1469,4273
witkoff|kushner|trump,2026-09-07,2026-10-07,0.180923827941172,0,0.00046599357,0,0.0905324616839214,0.1469,4274
odisha|chopper|bill,2026-09-07,2026-10-07,0.180923827941172,0,0.00046599357,0,0.0903737044114787,0.1469,4275
jharkhand|court|denies,2026-09-07,2026-10-07,0.180923827941172,0,0.00046599357,0,0.0904968597945975,0.1469,4276
debate|indias|growth,2026-09-07,2026-10-07,0.180923827941172,0,0.00046599357,0,0.0907661076462991,0.1469,4277
reacts|modi|iran,2026-09-07,2026-10-07,0.180923827941172,0,0.00046599357,0,0.0903836956598188,0.1469,4278
launched|week|dell,2026-09-07,2026-10-07,0.180923827941172,0,0.00046599357,0,0.0892268611641693,0.1469,4279
jobs|volkswagen|lakh,2026-09-07,2026-10-07,0.180923827941172,0,0.00046599357,0,0.0896006581320009,0.1469,4280
indian|child|does,2026-09-07,2026-10-07,0.180923827941172,0,0.00046599357,0,0.08897176211672,0.1469,4281
indian|stock|crude,2026-09-07,2026-10-07,0.180923827941172,0,0.00046599357,0,0.0899737190768842,0.1469,4282
indias|growth|governments,2026-09-07,2026-10-07,0.180923827941172,0,0.00046599357,0,0.0902443406882817,0.1469,4283
districts|ladakh|elected,2026-09-07,2026-10-07,0.180923827941172,0,0.00046599357,0,0.089869421812456,0.1469,4284
indigo|plane|hits,2026-09-07,2026-10-07,0.180923827941172,0,0.00046599357,0,0.0900313311861896,0.1469,4285
indias|sovereign|credit,2026-09-07,2026-10-07,0.180923827941172,0,0.00046599357,0,0.0902961860108419,0.1469,4286
railway|employee|lures,2026-09-07,2026-10-07,0.180923827941172,0,0.00046599357,0,0.0892488226797994,0.1469,4287
govt|says|coercive,2026-09-07,2026-10-07,0.180923827941172,0,0.00046599357,0,0.0893870821971083,0.1469,4288
raghuram|rajan|indias,2026-09-07,2026-10-07,0.180923827941172,0,0.00046599357,0,0.0900933809025366,0.1469,4289
groups|enforcement|action,2026-09-07,2026-10-07,0.180923827941172,0,0.00046599357,0,0.0908553500717709,0.1469,4290
baiting|revanth|reddy,2026-09-07,2026-10-07,0.180923827941172,0,0.00046599357,0,0.0893217149899057,0.1469,4291
kharge|writes|nadda,2026-09-07,2026-10-07,0.180923827941172,0,0.00046599357,0,0.0897994547599731,0.1469,4292
over|dehradun|woman,2026-09-07,2026-10-07,0.180923827941172,0,0.00046599357,0,0.0900985227709835,0.1469,4293
pune|founder|finds,2026-09-07,2026-10-07,0.180923827941172,0,0.00046599357,0,0.0905703548175407,0.1469,4294
your|next|mithai,2026-09-07,2026-10-07,0.180923827941172,0,0.00046599357,0,0.090149533508022,0.1469,4295
zelenskyy|proposes|ceasefire,2026-09-07,2026-10-07,0.180923827941172,0,0.00046599357,0,0.0889747132076367,0.1469,4296
vaibhav|sooryavanshi|gets,2026-09-07,2026-10-07,0.180923827941172,0,0.00046599357,0,0.0908102497151531,0.1469,4297
manoj|jarange|issue,2026-09-07,2026-10-07,0.180923827941172,0,0.00046599357,0,0.0890454770193097,0.1469,4298
exclusive|envoy|sergio,2026-09-07,2026-10-07,0.180923827941172,0,0.00046599357,0,0.0891010317333966,0.1469,4299
india|space|surveillance,2026-09-07,2026-10-07,0.180923827941172,0,0.00046599357,0,0.0900402665111976,0.1469,4300
absolutely|politics|economist,2026-09-07,2026-10-07,0.180923827941172,0,0.00046599357,0,0.090033821191425,0.1469,4301
dowry|harassment|maharashtra,2026-09-07,2026-10-07,0.180923827941172,0,0.00046599357,0,0.0904252990511242,0.1469,4302
files|case|against,2026-09-07,2026-10-07,0.180923827941172,0,0.00046599357,0,0.0900522871051418,0.1469,4303
india|needs|second,2026-09-07,2026-10-07,0.180923827941172,0,0.00046599357,0,0.089020066025825,0.1469,4304
more|trains|fresh,2026-09-07,2026-10-07,0.180923827941172,0,0.00046599357,0,0.0906471934271778,0.1469,4305
stock|market|september,2026-09-07,2026-10-07,0.180923827941172,0,0.00046599357,0,0.0901313093341865,0.1469,4306
india|palaces|still,2026-09-07,2026-10-07,0.180923827941172,0,0.00046599357,0,0.0907661076462991,0.1469,4307
police|farmer|shot,2026-09-07,2026-10-07,0.180923827941172,0,0.00046599357,0,0.08908567041567,0.1469,4308
india|novo|group,2026-09-07,2026-10-07,0.180923827941172,0,0.00046599357,0,0.0900933809025366,0.1469,4309
lanka|namal|rajapaksa,2026-09-07,2026-10-07,0.180923827941172,0,0.00046599357,0,0.087192028837271,0.1468,4310
harpercollins|sonia|gandhi,2026-09-07,2026-10-07,0.180923827941172,0,0.00046599357,0,0.0888755815916505,0.1468,4311
teachers|receive|national,2026-09-07,2026-10-07,0.180923827941172,0,0.00046599357,0,0.0876649773752772,0.1468,4312
tamil|nadu|plans,2026-09-07,2026-10-07,0.180923827941172,0,0.00046599357,0,0.0885999556200158,0.1468,4313
india|belgium|joint,2026-09-07,2026-10-07,0.180923827941172,0,0.00046599357,0,0.0880283022485927,0.1468,4314
keralam|minister|roji,2026-09-07,2026-10-07,0.180923827941172,0,0.00046599357,0,0.0872067630718072,0.1468,4315
seagate|touch|spruces,2026-09-07,2026-10-07,0.180923827941172,0,0.00046599357,0,0.0875112303592269,0.1468,4316
phuket|delhi|flight,2026-09-07,2026-10-07,0.180923827941172,0,0.00046599357,0,0.0888159547026381,0.1468,4317
live|iran|trade,2026-09-07,2026-10-07,0.180923827941172,0,0.00046599357,0,0.0887414228052771,0.1468,4318
muslim|women|journalists,2026-09-07,2026-10-07,0.180923827941172,0,0.00046599357,0,0.0874287274303677,0.1468,4319
council|take|disciplinary,2026-09-07,2026-10-07,0.180923827941172,0,0.00046599357,0,0.0889019985847297,0.1468,4320
both|friends|loved,2026-09-07,2026-10-07,0.180923827941172,0,0.00046599357,0,0.0877347397115183,0.1468,4321
india|sacks|delhi,2026-09-07,2026-10-07,0.180923827941172,0,0.00046599357,0,0.0880283022485927,0.1468,4322
kaushambi|cracker|factory,2026-09-07,2026-10-07,0.180923827941172,0,0.00046599357,0,0.0884776766968945,0.1468,4323
mercenary|vandyke|others,2026-09-07,2026-10-07,0.180923827941172,0,0.00046599357,0,0.0880049615089613,0.1468,4324
omar|abdullah|meets,2026-09-07,2026-10-07,0.180923827941172,0,0.00046599357,0,0.0875402841620058,0.1468,4325
floods|devastate|border,2026-09-07,2026-10-07,0.180923827941172,0,0.00046599357,0,0.0871494685664542,0.1468,4326
tribal|killed|landmine,2026-09-07,2026-10-07,0.180923827941172,0,0.00046599357,0,0.0882894751418059,0.1468,4327
trump|mail|voting,2026-09-07,2026-10-07,0.180923827941172,0,0.00046599357,0,0.0855882397141121,0.1467,4328
misuse|name|chirag,2026-09-07,2026-10-07,0.180923827941172,0,0.00046599357,0,0.085246816798101,0.1467,4329
seeks|fugitive|economic,2026-09-07,2026-10-07,0.180923827941172,0,0.00046599357,0,0.0868173925764433,0.1467,4330
pickaxe|very|soon,2026-09-07,2026-10-07,0.180923827941172,0,0.00046599357,0,0.0853646735146135,0.1467,4331
students|dead|kerala,2026-09-07,2026-10-07,0.180923827941172,0,0.00046599357,0,0.0861395794327988,0.1467,4332
your|next|friendship,2026-09-07,2026-10-07,0.180923827941172,0,0.00046599357,0,0.0857015455914666,0.1467,4333
delhi|rain|alert,2026-09-07,2026-10-07,0.180923827941172,0,0.00046599357,0,0.0865207600777347,0.1467,4334
saharanpur|mosque|razed,2026-09-07,2026-10-07,0.180923827941172,0,0.00046599357,0,0.0861621821539539,0.1467,4335
pizza|meth|guns,2026-09-07,2026-10-07,0.180923827941172,0,0.00046599357,0,0.0849836473553545,0.1467,4336
molestation|case|riddled,2026-09-07,2026-10-07,0.180923827941172,0,0.00046599357,0,0.085976603374982,0.1467,4337
order|cant|without,2026-09-07,2026-10-07,0.180923827941172,0,0.00046599357,0,0.0846636145547019,0.1466,4338
indias|smriti|mandhana,2026-09-07,2026-10-07,0.180923827941172,0,0.00046599357,0,0.0846069562436628,0.1466,4339
world|resolution|africa,2026-09-07,2026-10-07,0.180923827941172,0,0.00046599357,0,0.0833492265866199,0.1466,4340
indias|economy|expands,2026-09-07,2026-10-07,0.180923827941172,0,0.00046599357,0,0.0844915450418081,0.1466,4341
indian|charged|drug,2026-09-07,2026-10-07,0.180923827941172,0,0.00046599357,0,0.0846069562436628,0.1466,4342
india|probe|links,2026-09-07,2026-10-07,0.180923827941172,0,0.00046599357,0,0.0843145010792992,0.1466,4343
europe|waking|modi,2026-09-07,2026-10-07,0.180923827941172,0,0.00046599357,0,0.0833114102484869,0.1466,4344
ladakh|apex|body,2026-09-07,2026-10-07,0.180923827941172,0,0.00046599357,0,0.0833114102484869,0.1466,4345
small|potatoes|trump,2026-09-07,2026-10-07,0.180923827941172,0,0.00046599357,0,0.0840223254396561,0.1466,4346
india|poland|agreements,2026-09-07,2026-10-07,0.180923827941172,0,0.00046599357,0,0.0844915450418081,0.1466,4347
speeding|crashes|into,2026-09-07,2026-10-07,0.180923827941172,0,0.00046599357,0,0.0848177251044961,0.1466,4348
tribal|heartland|india,2026-09-07,2026-10-07,0.180923827941172,0,0.00046599357,0,0.0841880892226007,0.1466,4349
heads|young|hands,2026-09-07,2026-10-07,0.180923827941172,0,0.00046599357,0,0.0843145010792992,0.1466,4350
