keyword,trend_score,trend_rank,iso_score,iso_anomaly,z_score_max,z_anomaly,is_anomaly,anomaly_score
000| flying| lamborghini| gta,0.304911210683342,1269,0.2536033728684147,0,0.3642226867870377,0,0,0.0028267821108658563
000| prison| escape| minecraft,0.3071220790460621,966,0.2479167267511171,0,0.4742789179670751,0,0,0.011084761590879866
1,0.42,219,-0.005007076889608775,1,3.0862716906014205,1,1,0.34596210268388283
1000000| likes| player,0.3132705098300566,472,0.1940316508204421,0,1.5156640289920709,0,0,0.08931410635564915
1000| players| simulate| mining| prison| minecraft,0.3127725323496296,491,0.04262321679100878,0,5.885899394524577,1,1,0.3296280726631974
1008| apoorva| audios,0.3015748031496063,2088,0.2544568275960755,0,0.46528610736510323,0,0,0.003256714286264032
100| 000| sonic| gta,0.3027815567806372,1712,0.2547044497408703,0,0.3642226867870377,0,0,0.0015303638304751865
100| chain| saw| blade| fall| again| gameplay,0.312011828413146,534,0.23984066250324487,0,1.30247595984982,0,0,0.03235151261592362
100| days| floor| changes| every| day| minecraft| hardcore,0.3069463409824752,985,0.2500988117763956,0,0.4445134364500277,0,0,0.008092973462383073
100| days| ores| block| minecraft| hardcore,0.3111794817186799,598,0.1837588949124504,0,1.1614979631414029,0,0,0.09638124878046686
108| apoorva| audios,0.301613660156673,2076,0.25501165920834645,0,0.45870473562328334,0,0,0.0025100145576510344
108| bakthipadal,0.3018321387675474,1989,0.2547809905119963,0,0.4217001111206804,0,0,0.002256251242467183
108| sri| krishnar| potri| gokulashtami| spl,0.3001446974416688,2734,0.24906130312905583,0,0.7075090165527284,0,0,0.013048295280989747
146| cricket,0.3019453779523832,1933,0.25531500030306986,0,0.4025203227786531,0,0,0.0013552075483866278
152| t20| gameplay,0.3020353060497245,1911,0.2555738493535182,0,0.38728882958564925,0,0,0.0008341946649490197
157| gameplay,0.3016716395643741,2046,0.254143761302108,0,0.44888452392257067,0,0,0.0033924681398350355
168| cricket,0.3025467365980483,1775,0.25470262619257883,0,0.3642226867870377,0,0,0.0015325108934091097
171| cricket| game,0.3023585178334007,1822,0.2549283298981682,0,0.3642226867870377,0,0,0.001266765224602687
180| cricket,0.3025002838757044,1785,0.2518241172025807,0,0.3642226867870377,0,0,0.004921694490172922
1v1| all| level| noob| pro| players| roblox| rivals,0.308161570157305,857,0.2362652208580297,0,0.6503418199207194,0,0,0.027302920137083263
1v4| custom| challenge| solo| squad| clutch| king| fast,0.3000283887077912,2770,0.24677969525411325,0,0.7272087070912683,0,0,0.016014358472884165
200iq| gameplay| casino| friends| funniest,0.310179385955941,683,0.23228400833087248,0,0.992107614041821,0,0,0.03684248769200053
2026,1.2079186038343563,57,0.06405414988170599,0,1.5827580130576482,0,0,0.24330337376185635
2026| alka| singh| pahadiya| teej| bhukhal| bani,0.300914148699024,2469,0.25310142181076917,0,0.5771838797462647,0,0,0.006441194972782688
2026| anant| chaturdashi| bhajan| vishnu| bhajans,0.3010478715584238,2378,0.25336197912661074,0,0.5545346868586924,0,0,0.005812861647583975
2026| ankita| mishra| jitiya| vrat| geet,0.3017956007780936,2001,0.2547809905119963,0,0.4278887012732967,0,0,0.0023441106830889317
2026| ankita| mishra| paramparik| jitiya| geet,0.3015477386934673,2098,0.2547589314447357,0,0.469870126060485,0,0,0.002966093702256414
2026| ankita| mishra| paramparik| teej| special,0.3011448543305627,2319,0.251886255354684,0,0.5381083142638514,0,0,0.007317187434777187
2026| avani| amavasai| amman| songs| tamil| vijay| musicals,0.3008947999702794,2480,0.2533893628606636,0,0.5804610538317744,0,0,0.006148696522973354
2026| awadhesh| premi| yadav| vishwakarma| puja,0.3013088761489246,2225,0.2551621976950148,0,0.5103272615812933,0,0,0.0030656543453480758
2026| bhojpuri| sohar| geet| most| popular,0.3015599948000173,2092,0.25501165920834645,0,0.46779425868412433,0,0,0.0026390585550639762
2026| chaurachan| pavan| gana| sannu| kumar,0.3025627282168102,1769,0.2538543487664588,0,0.3642226867870377,0,0,0.0025312807246309714
2026| gandhi| jayanti| geet,0.303326882314994,1551,0.2548119844465719,0,0.3642226867870377,0,0,0.0014037514551402633
2026| ganesh| visarjan| bhajan,0.3019529159978598,1930,0.2556383041270051,0,0.40124357288890616,0,0,0.0009564205573740798
2026| gauri| ganpati| songs| chi| gaani,0.3008029669282317,2546,0.25285718412399066,0,0.5960151953759208,0,0,0.006996110993402685
2026| hartalika| teej| bhajan| special,0.601328665534242,137,0.17687110202210726,0,0.5175191263219051,0,0,0.09534843072863575
2026| hindi| adhoora| ishq| yash| kiara| advani| bollywood,0.3015375799252021,2103,0.2550848885534455,0,0.4715907585908754,0,0,0.0026067365596802276
2026| hindi| dil| aarzoo| yash| kiara| advani| bollywood,0.3009175937195515,2468,0.24876052668647025,0,0.5766003823937523,0,0,0.011543921863526953
2026| hindi| dil| hasrat| ariyan| khan| rashmika| mandana,0.3009384132722417,2451,0.25226301662996914,0,0.5730740887830135,0,0,0.0073699944096594985
2026| hindi| dil| lagi| yash| kiara| advani| bollywood,0.3008808044514309,2493,0.22744515918962782,0,0.5828315326518022,0,0,0.03672929998492325
2026| hindi| humrah| mera| shahid| kapoor| sharvari,0.3005609133564627,2661,0.2520814855851488,0,0.6370128083549664,0,0,0.00849146904433812
2026| hindi| intezaar| mein| dil| emraan| hashmi| sharvari,0.3005684219135508,2656,0.24627896566490226,0,0.6357410530353618,0,0,0.015305355535225874
2026| hindi| ishq| deewana| yash| kiara| advani| bollywood,0.3009293528626632,2457,0.21666809711433987,0,0.6022208585410088,0,0,0.049693584720572906
2026| hindi| kabhi| aankhon| shahrukh| khan| tamannaah| bhatia,0.3006089729746932,2636,0.24908706450509044,0,0.6288727523593762,0,0,0.011901564218221111
2026| hindi| khamoshiyan| shahid| kapoor| alia| bhatt,0.3009237548434971,2462,0.2530268776089156,0,0.5755568473895348,0,0,0.006505865032894541
2026| hindi| likh| mohabbat| ranbir| kapoor| tamannaah| bhatia,0.3005772744375557,2653,0.24874533728672116,0,0.6342416644893063,0,0,0.012380139532030543
2026| hindi| meri| dua| bhi| emraan| hashmi| kriti,0.300577670693018,2652,0.24764927125396097,0,0.6341745490653665,0,0,0.01366970516460995
2026| hindi| meri| sajaa| bana| yash| tamannaah| bhatia,0.3006718440349327,2608,0.23831606134476402,0,0.6182240212688079,0,0,0.024432264708095182
2026| hindi| mujhe| dard| mila| emraan| hashmi| rashmika,0.3005768654480071,2654,0.25056239645206785,0,0.6343109367380098,0,0,0.010241700414744176
2026| hindi| nazar| mila| emraan| hashmi| janhvi| kapoor,0.3006954400044362,2601,0.247583720990126,0,0.6142274744775101,0,0,0.013463695960197985
2026| hindi| pahli| baar| hua| sidharth| malhotra| kriti,0.3006537257202343,2617,0.2534769339499805,0,0.6212927950464741,0,0,0.0066252779006575075
2026| hindi| ruswa| kar| diya| emraan| hashmi| tamannaah,0.3007888135648208,2556,0.24494243997930515,0,0.5984124089812791,0,0,0.016349038548020136
2026| hindi| tere| ishq| mein| tanha| ariyan| khan,0.3009504036289185,2447,0.2520080756249752,0,0.5710432325600525,0,0,0.007641332275760084
2026| hindi| tere| jshq| mein| ariyan| khan| rashmika,0.3008829927263632,2490,0.2534925428240208,0,0.5824608954903406,0,0,0.00605560322279221
2026| hindi| teri| deewangi| emran| hashmi| genelia| deshmukh,0.3008616094254849,2507,0.2523359219397283,0,0.5860826734596377,0,0,0.007468837943052393
2026| indu| sonali| alka| jha| banal| rahe| senura,0.6013523525949521,136,0.1776427821281532,0,0.5175191263219051,0,0,0.09443984730351969
2026| jai| ambey,0.3016499381273202,2055,0.25501165920834645,0,0.45256018592964264,0,0,0.0024227803596119906
2026| janmashtami| krishna| bhajan,0.601156727272334,150,0.16542152665834392,0,0.5360973450882982,0,0,0.10909302365310723
2026| jitiya| gana| paramparik| geet,0.3018021247951299,1994,0.25464004375245913,0,0.42678370156779133,0,0,0.002494375039807838
2026| jitiya| parab| anjali| bharti| bhojpuri| geet,0.3017472233197243,2026,0.2549360767598948,0,0.4360825911656984,0,0,0.0022778393636207575
2026| jitiya| parab| anu| dubey| bhojpuri| geet,0.3013510068824879,2193,0.2541679940105296,0,0.503191405264326,0,0,0.004134931345239991
2026| jukebox| nonstop| teej| geet,0.6015730535409279,130,0.17677731084927867,0,0.5175191263219051,0,0,0.0954588613389192
2026| khatu| shyam| bhajan| viralvideo,0.3018764828528291,1966,0.2551553297495717,0,0.4141893702834235,0,0,0.0017088706788459616
2026| krishna| chati| bhajan| nonstop| janam| badhai| geet,0.3008380169167681,2524,0.2532400283785704,0,0.5900786340831692,0,0,0.0064610651763181365
2026| krishna| janmashtami,0.3000362585310409,2764,0.25013842520038504,0,0.7258757626300666,0,0,0.012040834380961162
2026| krishna| janmashtami| gana,0.3000320083221637,2768,0.2486183496289639,0,0.7265956380582688,0,0,0.013840805750460228
2026| krishna| jayanthi| songs| super| hit| jayanathi,0.3010833295241578,2356,0.25322243755172286,0,0.5485290247832949,0,0,0.005891896802229082
2026| maine| tere| bharose| bholenath| shiv| bhajans| bhajan,0.3030357142857142,1628,0.254083498417769,0,0.3642226867870377,0,0,0.0022614777668763667
2026| manush| janam| anmol| bhajan| nirgun,0.6022738676878383,118,0.17605235681702092,0,0.5175191263219051,0,0,0.0963124290446561
2026| mazara| nau| abad,0.3065065863605995,1033,0.2516685569529139,0,0.37003038023381946,0,0,0.005187304441787714
2026| mithleah| kumar| gaming| content| singer| ashish| yadav,0.301317626139142,2218,0.25506769332968127,0,0.5088452396062232,0,0,0.0031558844029438747
2026| neha| singh| yadav| vishwakarma,0.3013309807832457,2211,0.25474062963637345,0,0.5065833083881236,0,0,0.0035088596288851553
2026| nonstop| visrajan| songs,0.3006972157240493,2598,0.25280372479598023,0,0.6139267135140428,0,0,0.007313344408631496
2026| paramparik| teej| vrat| geet| gana,0.3000396408014841,2761,0.2503226815604363,0,0.7253028935184521,0,0,0.01181575618196807
2026| radha| ashtami| special| radhe,0.3020482160077145,1906,0.2551866919638856,0,0.3851022166908968,0,0,0.0012589940695059594
2026| sree| krishna| jayanthi| songs| malayalam| ashtami| rohini,0.3031025672222898,1607,0.25463898881495706,0,0.3642226867870377,0,0,0.0016074381412051692
2026| susmita| paswan| karma| geet| rahul| smart,0.3009401634302785,2450,0.25285475313771183,0,0.5727776572892653,0,0,0.006669069832855511
2026| teej| geet| susmita| paswan| puja,0.300884846344048,2487,0.2533719941369886,0,0.5821469406087895,0,0,0.0061930811635373725
2026| teej| vrat| aamrapali| dubey| monalisa| neema| radha,0.3011234266391132,2333,0.25412728265927875,0,0.5417376108474994,0,0,0.004730105917662018
2026| top| ganesh| bhajan| ganpati| visarjan| nonstop,0.3012903446039359,2235,0.2538952631878504,0,0.5134660258796128,0,0,0.0046019160170597834
2026| tuntun| yadav| krishna| janmashtami| jukebox,0.3029397978614325,1661,0.25470215178019107,0,0.3642226867870377,0,0,0.001533069471022831
2026| tuntun| yadav| viswakarma| puja,0.3026709485392026,1736,0.2548964851572905,0,0.3642226867870377,0,0,0.0013042595224495557
2026| vinayaka| chavithi| special| ganapathi| folk| songs| telugu,0.3010748155953635,2362,0.2538228082507947,0,0.5499710640603311,0,0,0.00520548732413079
2026| vishwakarma| puja| barbadi| hoi,0.3000430120016188,2756,0.2480220470318127,0,0.7247318994307103,0,0,0.014516438539574409
2026| vishwakarma| puja| gana,0.3000579212699775,2748,0.2500235760175819,0,0.7222066550829341,0,0,0.012123968555133632
2026| vishwakarma| puja| songs| baba| special| bhakti,0.3016250739207569,2068,0.25501165920834645,0,0.45677153926874725,0,0,0.0024825689608134836
2323| aslam| singer| letest| audio| videos| mewati,0.322277044893859,292,0.19057392728855177,0,3.0411380640555117,1,1,0.11504242394972523
418| last| warning| prashanth| neel| presents| kirtan| mythri,0.3029319779437847,1663,0.14683656344274493,0,2.0436513676336903,0,0,0.1523778852367263
4kteaser| aashish| yadav| khushi| kakkar| maghi| 2026,0.320035113506451,316,0.20503410389374588,0,2.6614128872081197,0,0,0.09262591587322108
4kvideo| aashish| yadav| khushi| kakkar| maghi| 2026,0.3089142053098656,783,0.22270264266073309,0,0.7778187436182121,0,0,0.045081417874971115
4kvideo| raushan| rohi| shweta| sargam| rangdari| 2026,0.3151868568333634,403,0.22671787238369095,0,1.840243634246167,0,0,0.05543709925516442
4kvideo| shilpi| raj| bhojpuri| 2026,0.3010686256528077,2367,0.2538228082507947,0,0.5510194801915761,0,0,0.005220371692388891
50000| crate| opening| stream| before| bmsd,0.320269298052966,313,0.19429745964485529,0,2.701077690885771,0,0,0.10583046332346818
70k| crate| opening| zombies| back| bgmi| live,0.3088692223378168,790,0.23744737132071475,0,0.7701997918910071,0,0,0.027612669183922852
9000| gameplay| promotions,0.3044492605211744,1330,0.24895004121485653,0,0.3642226867870377,0,0,0.008305658628306031
90s| hits| hindi| songs| bollywood| evergreen| purane| gane,0.3006140874433619,2634,0.2362168887910051,0,0.6280064936814281,0,0,0.02704273204675697
90s| hit| songs| lovesong| love| collection| travel| viral,0.3009314574388507,2455,0.25256370522737187,0,0.5742522270076486,0,0,0.007032686856336201
90s| tamil| romantic| melody| 2026| best| love| songs,0.3005398137945674,2663,0.25181562782716105,0,0.6405865282810447,0,0,0.008855228589573836
a,0.4640000000000001,211,-0.01461535917017498,1,3.0862716906014205,1,1,0.3572749847389749
aabhaari| hoon| vichaar,0.3268929119963399,269,0.17142372705782183,0,3.822946535821507,1,1,0.14868938825891445
aadabidda| rakhi| paata| relare| ganga| songs| mallikteja| kalyankeys,0.3040678645772671,1392,0.21316895512457407,0,0.46307263497594936,0,0,0.05183801953723259
aadarshakutumbam| special| venkatesh| srinidhi| shetty| nivetha| pethuraj| trivikram,0.3010962141997118,2347,0.25377839171338173,0,0.5463466940791301,0,0,0.005206328577646881
aadarshakutumbam| teaser| venkatesh| nivetha| dimple| hayathi| trivikram| thaman,0.3006633891110585,2611,0.2534769339499805,0,0.6196560666388586,0,0,0.0066020412605187154
aadarsha| kutumbam| ak47| teaser| venkatesh| srinidhi| shetty| trivikram,0.3021839529007299,1873,0.2490336441901383,0,0.3642226867870377,0,0,0.008207223697774243
aadarsha| kutumbam| venkatesh| nara| rohit| trivikram| thaman,0.3011899214610499,2297,0.25304839334378026,0,0.5304751082744286,0,0,0.005840506562756089
aadarsha| kutumbam| venkatesh| srinidhi| shetty| trivikram| thaman,0.3019305250071722,1944,0.25494597800963054,0,0.4050360274423275,0,0,0.0018254133421795452
aadhaar |  property |  maharashtra,0.375,228,0.06296783323044108,0,2.926260862689812,0,0,0.2636561288683118
aajao| dosto| live| iqoo| total| gaming| esports| fozyajay,0.3158624918014087,379,0.22607460155556225,0,1.954678718730132,0,0,0.05781912776636082
aaja| barsaat| alka| yagnik| bobby| deol| priyanka| chopra,0.6004244705058638,173,0.1708037833307059,0,0.6601226973837911,0,0,0.10451669240508382
aaja| mahiya,0.3010237873134328,2391,0.2529771634867928,0,0.5586139348855458,0,0,0.006323860307909382
aaja| sniper| god| pahadi| devil| mafia,0.3047713074207036,1286,0.23533773958333354,0,0.3642226867870377,0,0,0.02433291078004894
aaj| banaunga| streak| 300k,3.6016353229447238,19,-0.06527048367296506,1,5.88944403363815,1,1,0.4567134550691675
aaj| conqueror| hoke| rahega| tag| lolzzz| what| bgmi,0.3071802195280079,957,0.239790895089812,0,0.48412641147774255,0,0,0.020791997231131867
aaj| custom| hoga| sirf| 400k,0.3013264598261085,2212,0.2546737551856769,0,0.5073490415671518,0,0,0.003598469354196167
aaj| sakhi| ese| manaiyo| gajanan| ganesh,0.3008015875496109,2547,0.25243601249987835,0,0.5962488264288942,0,0,0.007495319291589447
aaj| top| entry| hogi| conqueror| rank| push| bgmi,0.3074940269732748,919,0.23921579751782224,0,0.5372772743093458,0,0,0.022223705553944376
aamrapali| dubey| monalisa| bhojpuri| teej,0.3013125519657602,2222,0.2551593838691548,0,0.5097046733050299,0,0,0.0030601284820219047
aankad| kankad| bhandara| raju| rawal| rajasthani| baba| ramdevji,0.3040984954889977,1386,0.2540350519505999,0,0.3642226867870377,0,0,0.0023185190936261687
aaradha| gaaya| toxic| kannada| rocking| star| yash| kiara,0.3048029474154292,1283,0.2402329427356827,0,0.3642226867870377,0,0,0.018569252481806502
aaram| rajeesh| parameswaran| saiju| kurup| anju| kurian| askar,0.3012259116453514,2272,0.2508193771929245,0,0.5243793021425301,0,0,0.008378428987820267
aashish| yadav| chanda| raj| khatiya| hila| debo| maghi,0.3199561971466213,318,0.1932597344336784,0,2.648046497468982,0,0,0.10629940668351065
aashish| yadav| chanda| raj| maghi| 2026,0.3105126403166539,656,0.20860373223316964,0,1.048552281246021,0,0,0.06552521298739078
aashish| yadav| kamariya| par| chot| magahi| 2026,0.3116419452718964,554,0.22712791077983374,0,1.239827324832378,0,0,0.04643020329639972
aashish| yadav| khushi| kakkar| naginiya| magahi| 2026,0.312978333755207,485,0.1908560387020103,0,1.466176960691954,0,0,0.09235053385580372
aashish| yadav| shilpi| raj| baby| kajal| maghi| sad,0.3193443596416158,324,0.1940857725207164,0,2.544417052743345,0,0,0.10385559399367582
aashish| yadav| shilpi| raj| rasgulwa| maghi| 2026,0.3117311328199231,547,0.2165589714288782,0,1.254933388129963,0,0,0.0590886328790015
aashish| yadav| shilpi| raj| rifle| title| maghi| rangdari,0.3124498496857065,508,0.18791193953277202,0,1.3766654315348772,0,0,0.09454614838862078
aashish| yadav| toshi| maghi| sad,0.3134208610104725,467,0.2286527782478432,0,1.5411296292746326,0,0,0.048912400070207925
aavagaman| hanuman| ansh| sadhu| tiwari| shobhinaw| har| mahadev,0.3035461387881032,1492,0.25431218939413036,0,0.3642226867870377,0,0,0.0019922148573266866
aavani| amavasai| most| popular| jaya| jagadeeswari| sri| bhuvaneswari,0.3022380327415901,1855,0.25460927079915685,0,0.3642226867870377,0,0,0.0016424284129147226
aaya| hai| raja| logo| remix| ganpati| 2026| sound,0.301782329611519,2008,0.2549899225262391,0,0.4301364935575899,0,0,0.0021300240782277467
aayega| maza| barsaat| andaaz| akshay| kumar| priyanka| chopra,0.3004410162759226,2684,0.22594501644633297,0,0.6573202719853345,0,0,0.03955309912831452
aaye| meri| zindagi| mein| tum| bahar| banke| udit,0.3007324678809965,2580,0.24896862642746692,0,0.6079559101227242,0,0,0.01174405782848108
aayi| nai| eclipsa| audio| stree| shraddha| kapoor| rajkummar,0.3017017012415707,2037,0.25475679012686,0,0.4437928535200195,0,0,0.0025983957613285908
abhijeet |  dipke |  briefly,0.375,228,0.08765599019941728,0,2.7447749374000825,0,0,0.2320115038711913
abhimanyu easwaran,0.6000000000000001,180,0.08224657660092499,0,3.6938237618821637,1,1,0.2518542485748445
about |  religious |  extremist,0.375,228,0.08862434873686081,0,2.773744306543184,0,0,0.23128262766497043
accused |  leader |  murder,0.375,228,0.06842047792672479,0,3.0025191407631264,1,1,0.25831877274280396
achyutam| keshavam| krishna| bhajan| bhakti,0.3014408493427705,2150,0.25501165920834645,0,0.4879744167735897,0,0,0.002925556344976484
actually| fun| parkour| game| vholume,0.3156314886421564,387,0.21905113123469383,0,1.9155527597502715,0,0,0.06553315646898294
adani power share price,0.6000000000000001,180,0.08224657660092499,0,3.6938237618821637,1,1,0.2518542485748445
admino| back| road| 500k| gaming,0.3074534081987917,921,0.24549649278600444,0,0.530397504745231,0,0,0.014731083671268436
admino| live| road| 500k| gaming,0.3094229918957669,751,0.24479774332553533,0,0.8639940286399078,0,0,0.020289869130763957
adroit industries ipo gmp,0.6000000000000001,180,0.08224657660092499,0,3.6938237618821637,1,1,0.2518542485748445
advisory |  indians |  dangerous,0.375,228,0.01470050727471306,0,4.195255666295787,1,1,0.3385024576705297
afeem| khesari| lal| yadav| kangana| sharma| shilpi| raj,0.305680670271555,1151,0.25222910594413483,0,0.3642226867870377,0,0,0.004444856931381688
affidavit |  fire |  seeks,0.375,228,0.052794502096628615,0,3.193164835946412,1,1,0.2794235416046353
afg vs nep,0.6000000000000001,180,0.08224657660092499,0,3.6938237618821637,1,1,0.2518542485748445
afghanistan |  says |  deadly,0.375,228,0.07228338062961359,0,2.7447749374000825,0,0,0.2501113591693562
afratafri| sanjay| narvekar| mohan| aagashe| milind| kavde| 9th,0.3020264787208463,1912,0.25529400568829536,0,0.38878395072904365,0,0,0.0011849114733668493
afsaana| banaaya| aapne| gunmaaster| emraan| genelia| aditya| himesh,0.3017845674623006,2007,-0.05609556245221292,1,11.297753739170075,1,1,0.5226926122155566
against |  veeramani |  goondas,0.375,228,0.03396975081725295,0,3.5916637797085,1,1,0.30724547225977794
again| update| indian| theft| auto,0.3080735717164418,863,0.24781349339221265,0,0.6354371606136684,0,0,0.013494273773767844
aga| parvati| kuthun| aanali| mati| ghadvila| ganpati| songs,0.3015455920939229,2101,0.25501165920834645,0,0.4702337044894184,0,0,0.0026736913774992443
aga| parvati| kuthun| anali| mati| ghadavila| ganpati,0.301032527435326,2387,0.2526665916804899,0,0.5571335843493158,0,0,0.006668513935010766
agents |  tried |  hack,0.375,228,0.0686654703543238,0,2.7447749374000825,0,0,0.254371120803654
airlines |  make |  sure,0.375,228,0.06491193295971653,0,2.7447749374000825,0,0,0.2587905710856733
airplane| gaon| jaakar| apni| girlfriend| milne| wale| hain,0.3011282798833819,2332,0.25422207023196036,0,0.5409155968248814,0,0,0.004606832000244273
aise| mujhe| tum| dekho,0.3009819519350766,2424,0.25361878942717264,0,0.5656997656714609,0,0,0.005669001452090372
ajay| maharaj| baraskar| live,0.3026229634479836,1751,0.25463247764434654,0,0.3642226867870377,0,0,0.0016151044548090375
aja| ekadashi| katha| 2026,0.3057568424281673,1139,0.25124106882780023,0,0.3642226867870377,0,0,0.005608181138222963
aja| ekadashi| vrat| katha| pal| 2026,0.3038781163434903,1424,0.2542996936439569,0,0.3642226867870377,0,0,0.0020069274712752176
ajith| kumar| gladiators| maayakumar| 6385,0.3074401410174802,924,0.2484908344980386,0,0.5281503874614345,0,0,0.011173615202980077
ajith| kumar| gladiator| racing| premier| tamil,0.3022798204536254,1839,0.2456500194591849,0,0.3642226867870377,0,0,0.01219113532549474
ajit| halchal| golu| raja| chandan| ydav| babita| sagar,0.3166911192677795,362,0.2216461145797995,0,2.0950267744179647,0,0,0.06502579198375569
aji| para| janmastami| pragnyashree| nayak| janmaastimi| special,0.3019716368418647,1925,0.2551244461150475,0,0.3980727462345307,0,0,0.001516425581101186
aji| para| radhastami| pragnyashree| nayak| special,0.3027800777020572,1713,0.25478236048989217,0,0.3642226867870377,0,0,0.0014386309807554304
ajnabee| unknown| indian| horror| game,0.3106739351723325,636,0.22748956914860302,0,1.0758714569982937,0,0,0.04367670117621565
akm| master| today| solo| kills| nothing| bgmi| live,0.3088793406095695,787,0.23744737132071475,0,0.7719135653598503,0,0,0.027636999633122383
al-taawoun vs al-hilal,0.6000000000000001,180,0.08224657660092499,0,3.6938237618821637,1,1,0.2518542485748445
alakh| niranjan| citylights| vinay| rajkumar| monisha| vijayakumar| charan,0.3104453864508,661,0.22834697642536883,0,1.0371612162703099,0,0,0.04211761232119624
alan| walker| alok| headlights| kiddo| lyrics,0.3009579703277075,2444,0.2510932745645159,0,0.5697616295404712,0,0,0.00870023273712208
alloy| bappa| visarjan| tlrp,0.3169475674364055,357,0.2230361004023771,0,2.138462459707296,0,0,0.06400586619244954
all| best| odia| old| songs| non| stop| jukebox,0.3019391196018706,1940,0.2554591043930172,0,0.4035803254480043,0,0,0.0012005868979917318
all| godzilla| attack| kaiju| hunting| series| animal| revolt,0.3076508185929968,903,0.2453721770927666,0,0.563833718392131,0,0,0.015352148206220271
all| scary| verity| attacked| our| village| minecraft,0.3036206159857464,1475,0.25370461059250754,0,0.3642226867870377,0,0,0.0027075838609867415
amavasai| angalamman| pambai| udukkai| songs,0.301652134006425,2053,0.2537838027380746,0,0.4521882608180776,0,0,0.00386318991019116
amavasya| 2026,0.3056427174610757,1160,0.2520644448288833,0,0.3642226867870377,0,0,0.004638730479379786
america |  really |  buying,0.375,228,-0.027865187375653577,1,19.86238165214174,1,1,0.6110459614800535
america| nirup| shanvi| pruthvi| nagathihalli| chandrashekhar| aa2,0.3037279899060345,1449,0.23872092912908677,0,0.3642226867870377,0,0,0.020349511543482003
amit| ashik| srishti| bharti| haral| jindagi| jiye| sad,0.3099486695548978,699,0.23016837513613297,0,0.9530302244839711,0,0,0.03877867227694588
amit| ashik| srishti| bharti| karma| karbo| bhaiya| 2025,0.3028936203012392,1679,0.2543432903946783,0,0.3642226867870377,0,0,0.001955596246349186
amit| ashik| srishti| bharti| maghi| sad,0.3052873631427469,1208,0.2525628504012277,0,0.3642226867870377,0,0,0.004051903064146835
ammiye| music| nijjar| zeus| autobiography| latest| punjabi| 2026,0.3026825938574903,1733,0.016935869338638332,0,6.232946957815346,1,1,0.36479963322287834
among |  killed |  indian,0.375,228,0.05335556551417431,0,2.7447749374000825,0,0,0.2723971469625242
anand| potat| majhya| maina| rup| savale| sundar| akki,0.3015751113367818,2087,0.25453973823634063,0,0.465233908430555,0,0,0.003158353449006793
anand| potat| majhya| maina| rup| savale| sundar| nesh,0.3025699667657862,1764,0.2545545297170097,0,0.3642226867870377,0,0,0.0017068810786270267
anand| puja| gana| anant| bhagwan,0.3019779836765517,1923,0.2556383041270051,0,0.39699775663515724,0,0,0.0008961426860273396
anant| chaturdashi| katha| 2026,0.3021522726708537,1883,0.25568230292471367,0,0.367477709966652,0,0,0.00042524185954358434
anant| puja| 2026| khushboo| uttam,0.3028703121726377,1689,0.25447797957388374,0,0.3642226867870377,0,0,0.0017970119381497574
anbil| avan| ashok| selvan| preity| mukhundhan| govind| vasantha,0.302547422609085,1774,0.2057421908124923,0,0.8046993970217762,0,0,0.06543243837752927
andhra |  develop |  tirupati,0.375,228,0.018898081560364655,0,3.7076504700957287,1,1,0.3266376611339744
andhra |  meghalaya |  more,0.375,228,0.022595930309088574,0,3.028299854970531,1,1,0.3126390356263553
angel one share price,0.6000000000000001,180,0.08224657660092499,0,3.6938237618821637,1,1,0.2518542485748445
animation| free| fire| max| naruto| shippuden,0.3008147829648352,2536,0.1943542015521456,0,1.0262820783329731,0,0,0.08198657445878386
anjaana| anjaani| audio| paradise| nani| kayadu| lohar| anirudh,0.3062104698202875,1068,0.19921291865446145,0,0.7712874079774408,0,0,0.07264571476388876
anjaana| anjaani| paradise| telugu,0.3043062868153507,1348,0.25318418999532355,0,0.3642226867870377,0,0,0.0033203319738196796
anjalibhardwaj| kahwa| janme| viral| sohar| geet| 2026,0.3013324258116725,2209,0.25490426881036776,0,0.5063385579564241,0,0,0.00331271460123272
anjali| arora| ramayana| review| deeksha| sharma,0.3048738291667765,1273,0.2522617662558823,0,0.3642226867870377,0,0,0.004406402372711084
anjali| arora| ramayan| joke,0.3055970588065186,1169,0.23037661836236623,0,0.3642226867870377,0,0,0.030174181633147834
anjali| bharti| teej| special| geet| 2026,0.6011736203098083,148,0.1780396356178608,0,0.5332361015736914,0,0,0.09419572223112904
anjali| chauhan| tor| kanhaiya| hamke| chhedela| janmashtami,0.3021939445416327,1869,0.2554112698514126,0,0.3642226867870377,0,0,0.0006981471749648363
anjali| viral| live| views| join| karo,0.3005611605607184,2660,0.20046042132300618,0,0.9318567671399168,0,0,0.07345649724450141
anju| upadhyay| amrit,0.9012941897094856,74,0.12188480788161715,0,1.0473601366038556,0,0,0.16761196641974216
ankitamishra| paramparik| teej| special| 2026,0.3013530031612223,2190,0.25474062963637345,0,0.5028532872917041,0,0,0.003455904503572778
ankush| raja| shilpi| raj| astha| singh| bhojpuri,0.3049163309335828,1267,0.2507873944615704,0,0.3642226867870377,0,0,0.006142341610064805
ankush| raja| shilpi| raj| bhojpuri| 2026,0.3004556988980178,2680,0.25090955689346733,0,0.6548334156511085,0,0,0.010124308161321274
ankush| raja| shivani| singh| falana| patoh| 2026,0.3011391412895172,2322,0.2543473853538095,0,0.5390759556169946,0,0,0.0044331674014438755
annakiliye| smith| asher| viky| pup| dheekshitha| albuquerque| records,0.3065534125007438,1028,0.2436335806426182,0,0.3779615169524721,0,0,0.014760359610520869
annat| chaturdashi| katha| bhakti,0.303839626644039,1431,0.2553006390040962,0,0.3642226867870377,0,0,0.0008284049765988042
anna| thangiyara| audio| thangi| shivarajkumar| radhika| hamsalekha,0.3011612209774729,2312,0.2539886876854456,0,0.535336227692749,0,0,0.00480240848146902
anshu| priya| paramparik| karma| puja| geet,0.3011219466010225,2334,0.2539687066814298,0,0.5419882910105532,0,0,0.004920373674905135
anshu| priya| teej| geet,0.301090438639724,2351,0.25380546338988996,0,0.5473249245236874,0,0,0.005188342072511672
anu| dubey| kari| jitiya| baratiya| bhojpuri| geet| 2026,0.3016695872551985,2047,0.2548675494881117,0,0.4492321320023875,0,0,0.0025452081058406446
anu| malik| kaho| lyrics| amir| jamal,0.3007849643768386,2559,0.2540439929231539,0,0.5990643618445455,0,0,0.005642040164295708
anything| franklin| shinchan| touch| turns| into| gold| diamond,0.3061203002819651,1081,0.2501843479165805,0,0.3642226867870377,0,0,0.006852374292077071
apoorva| videos,0.3008805782339885,2494,0.25319027867679733,0,0.5828698480341602,0,0,0.006417297777679404
apple pay india,0.6000000000000001,180,0.08224657660092499,0,3.6938237618821637,1,1,0.2518542485748445
apple |  launches |  india,0.4499999999999999,214,0.01055211766245534,0,5.558204269439836,1,1,0.3627365977671527
ark| survival| evolved,0.3230998520655622,284,0.1917177572683037,0,3.1805003124013487,1,1,0.11567419418845701
arman tsarukyan,0.6000000000000001,180,0.08224657660092499,0,3.6938237618821637,1,1,0.2518542485748445
army |  chief |  dhiraj,0.375,228,0.022195736186053194,0,6.498045602493089,1,1,0.36237022303727556
army| shinchan| saheed| gya| kya| hoga| indian| theft,0.3029207810527878,1669,0.25470215178019107,0,0.3642226867870377,0,0,0.001533069471022831
arvind |  sharma |  haryana,0.375,228,0.02561257732255806,0,3.9178538272101355,1,1,0.3217162085331702
arvind| akela| kallu| mahi| mixer| sixer| chahi| bhojpuri,0.3014527036885724,2145,0.2530824075006926,0,0.4859665972741447,0,0,0.005168570454754503
arvind| akela| kallu| navratri| sacha| darbar| devi| geet,0.3050786681302598,1242,0.2536033728684147,0,0.3642226867870377,0,0,0.0028267821108658563
arvind| akela| kallu| shilpi| raj| rani| bhojpuri| 2026,0.305198872618298,1228,0.252996712622988,0,0.3642226867870377,0,0,0.0035410695978089703
arvind| marshal| ranjana| nishad| balu| ghat| raja| bhojpuri,0.3020901349668473,1896,0.255311341498133,0,0.37800222948373174,0,0,0.0010114319853736305
asalayavale| version| khalifa| prithviraj| malvika| jakes| bejoy| hanan,0.3035532536954909,1490,0.2540238855180754,0,0.3642226867870377,0,0,0.002331666556454249
asarams |  wife |  about,0.375,228,0.09452010098965052,0,2.7447749374000825,0,0,0.22392963517546663
asha| bhosle| hits| dance,0.3002375308967806,2724,0.2512469320831813,0,0.691785430916849,0,0,0.010251687352618735
ashish| yadav| duniya| dushmanma| karanma,0.3009763697317226,2427,0.2539182879241805,0,0.5666452465044989,0,0,0.005329792096206857
ashish| yadav| kajal| raghwani| khushi| kakkar| chata| othlali,0.3016788943414061,2045,0.2552753481572869,0,0.4476557523790226,0,0,0.0020426822436093077
ashish| yadav| karma| geet| 2026| jhumar,0.3014666236697839,2137,0.2548708159587967,0,0.4836089125756115,0,0,0.0030294094319647737
ashish| yadav| khushi| kakkar| nache| amarpali| magahi| 2026,0.3016084193804607,2080,0.25502893766736984,0,0.4595923875314699,0,0,0.002502272735157595
ashish| yadav| sweta| sargam| rokliyo| nay| karwa| maghi,0.3142014219336057,436,0.22480716947143708,0,1.6733364560498267,0,0,0.0553171969443272
ashi| chik| motyachi| maal| male| version| original| ganpati,0.300386367568191,2695,0.2503484351437924,0,0.6665763492785319,0,0,0.01095169267292172
ashi| chik| motyachi| maal| original| urmila| kanetkar| ganpati,0.301462992580163,2141,0.25502893766736984,0,0.48422392521880403,0,0,0.002851966780084417
ashke| music| karan| aujla| mxrci| szn,0.3072420686618818,948,-0.00720872581647658,1,5.538553503810728,1,1,0.38336940016118015
ashtalakshmi| varuga,0.6011280879623019,153,0.17670046943725765,0,0.5409481032907224,0,0,0.09588195642649237
ashutosh| shashank| shekhar| shiv| mantra| powerful| shiva| stuti,0.3021057980014678,1891,0.2555636248121359,0,0.3753493166316003,0,0,0.000676727820270788
asian games 2026 medal tally,0.8,87,-0.048286505835766214,1,6.46633365038139,1,1,0.44490646392946376
asian games cricket,0.4439999999999999,215,-0.006547502301433639,1,3.0862716906014205,1,1,0.34777581407263836
asian games japan 2026,0.6000000000000001,180,0.08224657660092499,0,3.6938237618821637,1,1,0.2518542485748445
asian games kabaddi,0.6000000000000001,180,0.08224657660092499,0,3.6938237618821637,1,1,0.2518542485748445
asian games live,0.6000000000000001,180,0.08224657660092499,0,3.6938237618821637,1,1,0.2518542485748445
asian games medal tally,0.6000000000000001,180,0.08224657660092499,0,3.6938237618821637,1,1,0.2518542485748445
asian |  games |  cricket,0.525,198,-0.029432299246128002,1,8.514787335293095,1,1,0.451789249153187
asian |  games |  gold,0.375,228,-0.0031003432165074285,1,6.607317729776451,1,1,0.39370540203725135
asian |  games |  india,0.4499999999999999,214,0.024984414649305897,0,5.558204269439836,1,1,0.3457438753607206
asian |  games |  live,0.525,198,-0.03210849065186838,1,8.514787335293095,1,1,0.45494022212066815
asian |  games |  medal,0.375,228,0.028403735612180903,0,4.222651589936153,1,1,0.32275708760280847
asian |  games |  schedule,0.375,228,0.08563735850419296,0,2.7447749374000825,0,0,0.23438825984212408
asian |  games |  squash,0.375,228,0.039122340141849565,0,3.688843643422954,1,1,0.3025584279950448
asian |  games |  women,0.375,228,0.07631553291832105,0,3.3075522530563832,1,1,0.2533536170220444
asian |  games |  wrestling,0.375,228,0.05635942034969621,0,3.3075522530563832,1,1,0.27685013192186386
assassin| bodyguards| rivals| roblox,0.3099759584967733,694,0.21486614734745701,0,0.9576522652555418,0,0,0.056861278535523536
assay| passay| talwiinder| dropped| out| music,0.3168509543345492,359,0.20446402415959863,0,2.1220986996947477,0,0,0.08564048731609127
astalakshmi| stuthi,0.3016635703428475,2050,0.25501165920834645,0,0.45025124129333655,0,0,0.0023900002628258624
astronauts |  reach |  international,0.375,228,0.07358108356776955,0,2.7447749374000825,0,0,0.24858343150723927
atha| petha| azhakay| fayas| aishwarya| tamil| folk,0.3085028263005449,822,0.2468656859399716,0,0.7081417820738037,0,0,0.015642419014158443
ather energy share price,0.6000000000000001,180,0.08224657660092499,0,3.6938237618821637,1,1,0.2518542485748445
audio| tuntun| yadav| goldi| krishna| janmashtami| special| 2026,0.3056591720628542,1157,0.2519388928834544,0,0.3642226867870377,0,0,0.004786556522469441
audio| tuntun| yadav| jitiya| bhukhal| badi| 2026,0.6065830191864062,99,0.16219810041124372,0,0.5212506280820206,0,0,0.1126775371728172
audio| tuntun| yadav| prabha| raj| vishwakarma| puja| 2026,0.6028471510895997,112,0.17175341602639999,0,0.5175191263219051,0,0,0.10137404242215704
august| 2026,0.3010445122107475,2381,0.24654711640404314,0,0.5551036734466104,0,0,0.013844823109583985
aujla| szn| audio| karan| mxrci,0.3127677806341045,492,0.23584837109118267,0,1.4305147091192765,0,0,0.03886984079281881
aur| batao| bintu| pabra| shiva| choudhary| nandini| sharma,0.304505354465954,1323,0.22227330432591252,0,0.3642226867870377,0,0,0.03971509990271092
automotive |  nitin |  gadkari,0.375,228,0.01578485782217942,0,4.138538494300458,1,1,0.3364205191915574
auto| headshot| guns| free| fire| tonde| gamer,0.3113090448250361,586,0.2300360026533596,0,1.1834426014788384,0,0,0.04220569437754805
avaraachan| sons| biju| menon| listin| stephen| thamby,0.3020401595447259,1909,0.25253657885695013,0,0.3864667730953867,0,0,0.004398634815406423
avengers endgame encore,0.288,2807,0.04279907910063263,0,3.0862716906014205,1,1,0.2896746843470157
avengers| doomsday| bhojpuri| reaction,0.3095278630482683,743,0.2379028233495794,0,0.8817564887907625,0,0,0.028660186573975056
avengers| doomsday| extinction| concept| marvel| studios,0.3023851839695347,1817,0.23101771893200046,0,0.3642226867870377,0,0,0.029419343784098183
avengers| doomsday| superhero| news| 353,0.3117311072056238,548,0.24103876650662437,0,1.2549290497303331,0,0,0.03026582999325607
axar patel,0.6000000000000001,180,0.08224657660092499,0,3.6938237618821637,1,1,0.2518542485748445
ayeba| awm| odia| movie| sambalpuri| joydev| cookies| swain,0.3092029846442934,761,0.2475162381712599,0,0.8267304919667073,0,0,0.01656005710654105
aye| momino| niaz| dilao| imam| lyric| mohammed| rafi,0.3006330754137203,2626,0.2513890226772829,0,0.6247904227334836,0,0,0.009133260133728123
ayushman bharat,0.34,241,0.0018622332308949607,0,3.0862716906014205,1,1,0.33787411224772645
baba| niddura| levayya,0.3014865232779744,2123,0.25501165920834645,0,0.4802384337635636,0,0,0.0028157285614007856
baba| nidura| levayya| sai| songs| telugu| shirdi,0.3018449374039095,1984,0.2536456449941203,0,0.4195323532297334,0,0,0.0035622420807795247
baba| ramdev| aarti| mita| chauhan| ramdevpir,0.3033554366062155,1545,0.25350290188523517,0,0.3642226867870377,0,0,0.002945077592771962
babbu| maan| hooligan| latest| punjabi| 2026,0.3083608012769052,840,0.22644280977233916,0,0.684086417346223,0,0,0.039346991656800785
babita| yadav| 2026| chaurchan,0.3012653959883609,2254,0.25350291256044005,0,0.5176916759215884,0,0,0.005123864912775661
baby| dance| scooby| doo| music,0.3004941682481648,2671,0.25307554313166536,0,0.6483177029625652,0,0,0.007481551962945957
baby| die| huma| qureshi| chunky| pandey| saqib| saleem,0.3013246963906131,2214,0.2541169287396555,0,0.5076477219188836,0,0,0.004258322422566886
baby| yellow| khele| shortsfeed| shortslive| babyinyellow| shorts| live,0.301624672588707,2069,0.250955574780235,0,0.4568395145352887,0,0,0.007259206014840939
back,0.6024848599449821,116,0.13719360846861628,0,0.5850092608527145,0,0,0.14302324307661354
backbone| gaming| community,0.3261566440614831,271,0.1401413161373527,0,3.698241795372779,1,1,0.18375115978909767
back| ladakh| bgmi| live| crate| opening| insta,0.3090462234232356,768,0.24376349964843563,0,0.8001791966312016,0,0,0.02060161793700556
badge| lobby| free| fire| live| malayalam,0.3050632642324595,1248,0.2530460517699484,0,0.3642226867870377,0,0,0.0034829772214650242
badhaigeet| 2026,0.3020961701099432,1894,0.2555636248121359,0,0.37698003237624095,0,0,0.0006998790986078473
badli| lage| sapna| chaudhary| lyrical| vicky| kajla| haryanvi,0.3008313247995707,2533,0.25285718412399066,0,0.5912121056071263,0,0,0.006927921507601314
bail| shiva| rajkumar| pavan| wadeyar| kvn| productions,0.3029877945988971,1643,0.2126274397623673,0,0.546722280752964,0,0,0.05366317920066341
bajaj auto share price,0.6000000000000001,180,0.08224657660092499,0,3.6938237618821637,1,1,0.2518542485748445
baj| rahe| hain| dhol| nagade| ganesh| bhajan| 2026,0.3032581362294544,1567,0.25491686569056593,0,0.3642226867870377,0,0,0.001280263290612057
balaghat |  madhya |  pradesh,0.375,228,0.09660375983921704,0,2.7447749374000825,0,0,0.2214763156205372
balamuwa| ballam| latest| bhojpuri| 2024| samar| singh| namrita,0.3010173782134672,2399,0.25424027442742614,0,0.5596994706122586,0,0,0.004852072944801009
ballot |  babas |  booth,0.375,228,0.06945213325344513,0,2.7447749374000825,0,0,0.25344489649685187
banere,0.3051593077793951,1233,0.2509025635693021,0,0.3642226867870377,0,0,0.00600674041787315
banjaare| barsaat| music| her| side| story,0.313716157280914,454,0.2238844682948281,0,1.5911451779865886,0,0,0.05523672407739168
bank |  holidays |  october,0.375,228,0.039711190537522034,0,3.992001450246252,1,1,0.3061690426610946
bansuriya| yehi| pukare| balmaa| lyrical| ayesha| jhulka| kumar,0.3003796108231188,2698,0.24795748606728674,0,0.6677207670924893,0,0,0.013783065939891752
bappa| aaya| krish| mondal| music| ganesh| chaturthi| special,0.3031963438459391,1587,0.2541872177629649,0,0.3642226867870377,0,0,0.0021393576329367583
bappa| chalale| aaplya| gavala| ganpati| visarjan| 2026| akash,0.3011387910525601,2323,0.2537923478315115,0,0.5391352766966728,0,0,0.005087515989573608
bappa| chalale| aaplya| gavala| soundcheck| ganpati| visarjan| shubham,0.3010222557101247,2394,0.2539176875168103,0,0.5588733488623974,0,0,0.005220161357740094
bappa| chalale| aaplya| gavala| sound| check| saurabh| digras,0.6012890501179868,143,0.17608870297337748,0,0.5175191263219051,0,0,0.09626963473782674
bappa| morya| ganpati| balaji| jahire,0.3008910251004862,2483,0.2533893628606636,0,0.5811004191164808,0,0,0.006157773594629736
bappa| morya| parul| rathva| ganpati| 2026,0.3034667829759882,1513,0.25409661305437226,0,0.3642226867870377,0,0,0.002246036470216291
barbadi| hoi| vishwakarma| puja| gana,0.303178834294808,1589,0.2542174510146658,0,0.3642226867870377,0,0,0.0021037607176248195
bari,0.3045295471503788,1321,0.25275113361605867,0,0.3642226867870377,0,0,0.003830216633613437
bari| music| nijjar| autobiography| latest| punjabi| 2026,0.3040155411502728,1404,0.07549155563779714,0,3.3452601248190796,1,1,0.25485911444817216
barriers |  eight |  dhaba,0.375,228,0.028744837742762264,0,4.526949571145005,1,1,0.32667559047023753
baththa| vijay| sethupathi| atlee| saiabhyankkar| balaji| tharaneetharan,0.3005979928472296,2642,0.17701680996116004,0,1.5025840371842887,0,0,0.10916184354267894
baththa| vijay| sethupathi| lijo| mol| atlee| saiabhyankkar| balaji,0.3055153342818845,1179,0.24367311046898338,0,0.3642226867870377,0,0,0.014518766590558209
bawaal| hogya| after| win| crying| mom| stage| bgmi,0.3074978757151758,918,0.24820356349114736,0,0.5379291516180144,0,0,0.011650679948395876
bbc,0.3052458045567675,1213,0.25357532264551674,0,0.3642226867870377,0,0,0.002859808707503813
beauty| pandey| hamro| bhawani| maiya| bhojpuri| devi| geet,0.3049789971506624,1257,0.2534394263917351,0,0.3642226867870377,0,0,0.003019814236678365
beauty| pandey| lage| nazarwa| navratri| 2026,0.3071392801933418,963,0.24984649651655283,0,0.4771923473117335,0,0,0.008853994461800139
beauty| pandey| pakad| hath| maiya| bhojpuri| devi| geet,0.3045911385834945,1309,0.2541644481612705,0,0.3642226867870377,0,0,0.0021661667764327937
became| admin| troll| friends| steal| egg| roblox,0.3065811965811966,1025,0.25094516590615684,0,0.38266742138948323,0,0,0.006218440000513007
became| admin| troll| noobs| steal| egg| roblox,0.3053136334812936,1207,0.2487121685112087,0,0.3642226867870377,0,0,0.00858573219004315
became| biggest| gangstar,0.3064182773072094,1047,0.18053525887588223,0,0.9759124232657574,0,0,0.09754202951646523
became| bounty| hunter| hardcore| civilization,0.3109660167709442,613,0.24280703533840559,0,1.12534252346786,0,0,0.0263441131533548
became| evil| monkey| funniest,0.3083521166443614,843,0.2382005538234515,0,0.6826154652702369,0,0,0.02548242995498077
became| fastest| player| steal| egg| roblox,0.3081070906211325,860,0.24327638085461945,0,0.6411143959130687,0,0,0.018916912543036412
became| india| desert| eagle| shield| gun| player,0.3116927735114215,550,0.23625451951857607,0,1.2484363136493002,0,0,0.03580667005692661
became| monster| hide| steal| egg| roblox,0.3103407467042366,669,0.20125447942851638,0,1.1486876030420243,0,0,0.07559991404819806
became| most| powerful| superhero| roblox,0.3040256358902463,1401,0.2550481439306314,0,0.3642226867870377,0,0,0.001125695054282792
became| nightmare| manhunt| smp| minecraft,0.3151712532171847,404,0.21079510244279148,0,1.8376007853408856,0,0,0.07414719801896956
became| president| roblox| rivals,0.3105415233608939,652,0.19124922551862883,0,1.435375456510146,0,0,0.09145030290919598
became| railway| station| chaiwali| desi| horror| game| slayypop,0.3069597359716788,983,0.2301371954263136,0,0.44678220108431566,0,0,0.03162817822745604
became| rich| making| endless| popcorn,0.3096709883380025,725,0.2453764247443892,0,0.9059982101301768,0,0,0.020204857720369337
became| spiderman| steal| eggs| egg| roblox,0.3064776535997622,1037,0.24462293687410364,0,0.3651299190567703,0,0,0.013413312015375548
became| spiderman| steal| egg| roblox,0.3083473046169719,844,0.2485073829027335,0,0.6818004323206266,0,0,0.01333550129340758
became| strongest| ninja| escape| roblox,0.3105554840671938,650,0.23979553918426794,0,1.0558089041926233,0,0,0.028902708002239152
became| strongest| player| loot| forge| roblox,0.3099684230905316,695,0.23925829110290447,0,0.9563759623839001,0,0,0.028123619057218708
became| strongest| swordsman| defeat| scary| sonic| roblox,0.306378564667071,1051,0.25163579738657,0,0.3642226867870377,0,0,0.0051434240152801
became| strongest| wrestler| steal| friends| egg| roblox,0.3041601464345395,1373,0.25374649407293665,0,0.3642226867870377,0,0,0.002658269856639722
became| taxi| driver| gangstar| mirage| city,0.3074801362427694,920,0.12005396531061541,0,1.8295712550288132,0,0,0.18087267227009057
became| wolverine| game| good| bad,0.3100398048694227,690,0.23341335481725545,0,0.968466189036393,0,0,0.03517714709092146
become| god| terror| minecraft,0.3033594079805432,1543,0.24362710110212304,0,0.3642226867870377,0,0,0.014572938452450024
become| illegal| football| player| roblox,0.3089078848389523,785,0.24789386156599807,0,0.776748219360078,0,0,0.015405841228834642
become| man| utd| manager,0.3082114783533949,854,0.23040442261307037,0,0.6587949771818317,0,0,0.03432348870151566
become| spiderman| minecraft,0.3037336622380213,1444,0.24456197356592546,0,0.3642226867870377,0,0,0.013472210808244416
become| venom| troll| friends| minecraft,0.3033987771778278,1534,0.24434471426517185,0,0.3642226867870377,0,0,0.01372801395526151
becoming| best| player| roblox| rivals,0.3100729966993987,688,0.2341151000172606,0,0.9740880263407576,0,0,0.03443071893091024
beginning| radiant| smp| day,0.3099611604166539,697,0.22992764705032465,0,0.9551458533189766,0,0,0.039092143384068745
bel| gada| sariya| pune| maharashtra,0.3003072788686202,2713,0.23984165255324902,0,0.6799719289112657,0,0,0.02351265455653727
bengali| film| romantic| chokher| aloye| bappi| lahiri| tapas,0.3009213519173538,2463,0.25365355578689947,0,0.5759638409129945,0,0,0.005773786332392131
bengali| film| romantic| mon| mane| deepa| narayan| prasenjit,0.3019650977018557,1927,0.25565554808880925,0,0.39918030738036564,0,0,0.0009068251651612846
benjamin ito-davis,0.408,222,-0.0018126919305968547,1,3.0862716906014205,1,1,0.3422010037460472
benjamin šeško,0.6000000000000001,180,0.08224657660092499,0,3.6938237618821637,1,1,0.2518542485748445
ben| god| gta,0.302058809065019,1902,0.25560552688210314,0,0.3833080268325956,0,0,0.0007403817708762105
beporoya| adrit| aryaa| abhirup| ghosh| arindom| svf,0.3139735016539557,445,0.19538033423663304,0,1.6347326571185548,0,0,0.08941657161660418
best |  buys |  global,0.375,228,0.06581218602599714,0,3.1169065578730977,1,1,0.26301375883899863
best| golden| 90s| malayalam| songs| evergreen| romantic| melodies,0.3005953728043452,2644,0.2517235919260134,0,0.6311762693713396,0,0,0.00882999504082926
best| krishna| bhajans| hare| bhajan| bangla,0.3018894691981625,1961,0.25521456757179095,0,0.41198981934887763,0,0,0.0016078964750804799
best| old| hindi| songs| everest| classic| sadabahar| gaane,0.3011438915421353,2320,0.25422207023196036,0,0.5382713857155293,0,0,0.004569292123919572
bethlehem| kudumba| unit| malayalam| nivin| pauly| mamitha| baiju,0.3009630020869824,2440,0.2003876431307275,0,0.9453170892086962,0,0,0.07373328322302006
bethlehem| kudumba| unit| nivin| pauly| mamitha| baiju| oct,0.3029835920282894,1646,0.25456236790298686,0,0.3642226867870377,0,0,0.001697652324631649
bethlehem| kudumba| unit| tamil| girish| nivin| pauly| mamitha,0.3018817669237953,1964,0.2262609600285828,0,0.45165023524689,0,0,0.036261205795649225
bgmi| masters| series| live| grand| finals| champion,0.3034481280726081,1521,0.25456800189893186,0,0.3642226867870377,0,0,0.0016910188047408413
bgmi| update| here| midnight| hunters| theme| mode| gameplay,0.3000506928016221,2750,0.2500008736055504,0,0.7234309706172866,0,0,0.012168080201717158
bhabhi| tabaahi| nayyi| navelli| yami| gautam| addinath| neeti,0.3005275736512998,2664,0.2212279759621733,0,0.642659691890369,0,0,0.04489885070522747
bhadarvi| bij| special| 2026| non| stop| ramdevpir| bhajan,0.3056154282473057,1166,0.25167059350188914,0,0.3642226867870377,0,0,0.0051024547413676255
bhagavan| saranam| bhagavathi| ayyappa| swamy| bhakti| songs| telugu,0.3029817780231916,1647,0.2541899726700536,0,0.3642226867870377,0,0,0.002136113979382721
bhagavan| saranam| bhagavathi| telugu| ayyappa| swamy| songs,0.3015572217187114,2093,0.2544568275960755,0,0.46826394691599094,0,0,0.003298990686987015
bhagyada| lakshmi| baramma,0.3010234546670488,2392,0.25336197912661074,0,0.5586702765772237,0,0,0.0058715746323431284
bhakthi| yaathirai,0.3011623786888037,2310,0.2529916025290231,0,0.5351401413440459,0,0,0.0059736020972074675
bheegi| hui| hai| raat| magar,0.3006685385746757,2610,0.25201013577680786,0,0.6187838807219829,0,0,0.008316680817851137
bhimacha| panthar| jaga| aahe| jaybhim| ambedkar| trending,0.3180330996723216,343,0.2146999544598031,0,2.322323537067619,0,0,0.07643119943568549
bhi| kasmein| songs| raaz| bipasha| basu| dino| morea,0.3014408986349995,2149,0.2552753481572869,0,0.4879660679451979,0,0,0.0026149679645231503
bhojpuri,0.6009364854162389,157,0.1760595023549722,0,0.5734006177150366,0,0,0.09709736559108455
bhojpuri| nonstop| vishwakarma| pooja| 2026| rani| thakur| bhakti,0.3015075274925942,2115,0.25512345370408124,0,0.4766808631992473,0,0,0.002633593824781562
bholenath| bhajan| 2026| shiv,0.6031191416952671,110,0.17192989929554503,0,0.5175191263219051,0,0,0.1011662493588149
bhootni| udta| teer| teaser| ayushmann| sara| ali| sachin,0.3027741409909517,1715,0.2547044497408703,0,0.3642226867870377,0,0,0.0015303638304751865
bhopal |  court |  years,0.375,228,0.0870519143423884,0,2.7447749374000825,0,0,0.2327227484748931
bigg boss 20 bhagirath bhatt,0.6000000000000001,180,0.08224657660092499,0,3.6938237618821637,1,1,0.2518542485748445
biggest| fight| pokemon| legends,0.3123030837540295,522,0.23616502289200203,0,1.3518070796360602,0,0,0.03737959943076347
biggest| mission| first| light| gameplay,0.3080799250126393,862,0.11574231310071237,0,1.8860202953535383,0,0,0.18675065945708105
big| breaking| disha| murder| case| live| maharashtra| cbi,0.3009593565740018,2443,0.2519948860018689,0,0.5695268352812677,0,0,0.007635333563642216
big| changes| bgmi| update| download| how,0.3065201894330822,1032,0.2507044888765369,0,0.3723343887923294,0,0,0.006355117294493384
big| mafia| attacked| malibu| mansion| gta| gameplay| 700,0.3189725345097481,327,0.20924634279426202,0,2.4814394947557052,0,0,0.08511130310244197
bihar| flood| relief| charity| stream,0.3058224743341327,1129,0.2157288834863979,0,0.4665588489539165,0,0,0.04887342956732921
bihar| wali| sannu| kumar| shilpi| raj| saiya| wala,0.3052129699056813,1226,0.25152469007717176,0,0.3642226867870377,0,0,0.005274242807856906
bills |  brady |  hyde,0.375,228,-0.003914184513229557,1,6.673595838569153,1,1,0.3956045770367682
biraha| bazar,0.3071912482348104,955,0.25019084440199935,0,0.4859943890904859,0,0,0.008573518642583629
birth| death| elemental| villager| minecraft,0.3042128534119906,1366,0.23504440388166403,0,0.3642226867870377,0,0,0.02467828699804857
bishwakarma| pranam| mantra| lyrical| biswakarma| pujor| gaan| bibhabendu,0.3045857363904909,1310,0.2536723913778158,0,0.3642226867870377,0,0,0.0027455190678293676
biswakarma| janma| kahani| lord| birth| story| namita| agrawal,0.302188409292361,1871,0.255461937262164,0,0.3642226867870377,0,0,0.0006384908883227759
biswakarma| mahatmya| sri| charana| sidharth| bhakti,0.3032087330466424,1584,0.25449948756094737,0,0.3642226867870377,0,0,0.0017716882316028107
biswakarma| puja| bengali| 2026| nonstop,0.3018911476329959,1960,0.2554591043930172,0,0.4117055359102678,0,0,0.001315940545356253
biswakarma| puja| vishwakarma| gana| sannu| kumar| 2026,0.3013748808547425,2177,0.254143761302108,0,0.49914777199911364,0,0,0.004106055685775573
bixi| conqueror| streamers| pro| youtubers| 1v4| fastest| clutches,0.3151325265072744,406,0.2263707155969769,0,1.8310414825665071,0,0,0.055715201939230935
bixi| pro| streamers| conqueror| top| lobby| bgmi,0.3150018375887674,408,0.2250995457777829,0,1.8089061607761934,0,0,0.05689763399991463
black| animation| big| time| epic| all| stars| boxdraw,0.3095462048070183,740,0.2457110011733717,0,0.8848631082101445,0,0,0.019510869150073752
black| bng| live| driving| class| beamng| game| play,0.300697507801074,2597,0.2520570462413572,0,0.6138772432222671,0,0,0.008191788441676999
black| panther| attack| live,0.3,2806,0.24456099976145929,0,0.7320170197573184,0,0,0.0186949350785562
black| panther| escaped| gta| live| shorts| shprtsfeed| gtav,0.6002940879606198,174,0.1322646409866925,0,0.8476243994914566,0,0,0.15255500405063896
blocks |  govt |  auction,0.375,228,0.05337499716512295,0,2.7447749374000825,0,0,0.27237426795367553
bloody |  stabbing |  then,0.375,228,0.07783419511721001,0,2.7447749374000825,0,0,0.2435757779099581
bloody| politics| teaser| gautham| ram| karthik| anchana| nethrun,0.3065306060514096,1031,0.25064120859062666,0,0.374098694452506,0,0,0.0064546719540789586
blox| fruits| magnet| fruit| insane| sea| rework| live,0.3090905190905191,765,0.24818777857818075,0,0.8076817367121694,0,0,0.01549894384729453
blox| fruits| magnet| fruit| update| countdown,0.3133691323718929,470,0.21176365483041182,0,1.532368136151758,0,0,0.06867342610123216
bmg| mallu| vakkotty| tomboy| mega| epic| snap| trick,0.3124818379949146,506,0.23820527924423884,0,1.3820834235569959,0,0,0.035407215767933015
bollywood| horror| movie,0.3085753328863839,814,0.24719206943824729,0,0.720422521923831,0,0,0.015432481724858218
bollywood| trailers| making| rant| drishyam| haiwaan| prem| keetanu,0.3036653780097212,1463,0.25268946825009414,0,0.3642226867870377,0,0,0.00390282201631038
bol| kanhaiya| krishna| bhajan| jail| mein| janm| liya,0.3006530038296555,2618,0.2500603282390497,0,0.6214150646347462,0,0,0.010649757506705635
bongmedia| darji| mama| ankita| bhattacharya| hit| 2026| rap,0.3079173992571566,881,0.1789013992571526,0,0.9218637816495094,0,0,0.09869842242639851
booyah| 10000| youtubers| esports| players,0.3135135323873828,463,0.20438823213065344,0,1.5568257630562419,0,0,0.07770454328795355
booyah| 20000| secretly| hosted| ffmic| tournament| who| won,0.3180091314468781,344,0.1442413009042452,0,2.3182639397506137,0,0,0.15933224764372483
boro| film| 2026| bboystube| bhumika| daimary| hironya,0.3281930728556128,261,0.16011847729582696,0,4.043160149400569,1,1,0.16512666941511273
bose earbuds,0.6000000000000001,180,0.08224657660092499,0,3.6938237618821637,1,1,0.2518542485748445
bot| richest| players| collection| kings| free| fire| telugu,0.3227083686426867,287,0.19389537000975055,0,3.1141931484893988,1,1,0.11216888934925576
bought| 100| 999| boss| dolphins| gta| dhanu| dino,0.3034302656774397,1527,0.25436485662395664,0,0.3642226867870377,0,0,0.001930203964870062
bought| everything| level| account| roblox| rivals,0.3086988107205857,802,0.22690495211627,0,0.7413364725881296,0,0,0.03961564018513091
bought| tiger| then| upgraded| him| 000| god| gta,0.3033121533657506,1554,0.25476887020407885,0,0.3642226867870377,0,0,0.0014545145703335881
boys| girls| rivals| roblox| challenge,0.6062519146540375,100,0.14105723351336807,0,0.5206661459471172,0,0,0.13756069508344848
boys| girls| skyscraper| challenge| minecraft,0.303208235157789,1585,0.24237840072263156,0,0.3642226867870377,0,0,0.01604317004045282
braves vs phillies,0.6000000000000001,180,0.08224657660092499,0,3.6938237618821637,1,1,0.2518542485748445
brazil |  traditional |  welcome,0.375,228,0.005204453753672289,0,9.610699764787237,1,1,0.4265662833421214
brb| untold| story| kannada| movie| first| look| teaser,0.3060323541159809,1093,0.25195745331941216,0,0.3642226867870377,0,0,0.004764703290356762
brics currency,0.6000000000000001,180,0.08224657660092499,0,3.6938237618821637,1,1,0.2518542485748445
brighton fc,0.6000000000000001,180,0.08224657660092499,0,3.6938237618821637,1,1,0.2518542485748445
broke| every| single| bone| minecraft,0.3025640425643935,1768,0.2521230777114166,0,0.3642226867870377,0,0,0.004569695571236921
brotherhood| album| pardeep| sran| punjabi| songs| 2026,0.3032929763365638,1560,0.25361991680820956,0,0.3642226867870377,0,0,0.002807303120328282
bse,0.6000000000000001,180,0.08224657660092499,0,3.6938237618821637,1,1,0.2518542485748445
bse share,0.8,87,-0.048286505835766214,1,6.46633365038139,1,1,0.44490646392946376
bse share price,0.212,2811,0.10522866219329163,0,3.0862716906014205,1,1,0.2161695052054421
bts,0.456,212,-0.012997538732076652,1,3.0862716906014205,1,1,0.355370147717321
bts| merry| round,0.3331908023092164,250,-0.05773586381507945,1,10.127677791633383,1,1,0.5080123453042286
bts| mic| drop| fya| stage| cam| iheartradio| music,0.3361097105053092,243,0.07777489601836202,0,5.3840337588482186,1,1,0.28111516589980884
budhei| osa| mahima| suna| osha| 2026| special| odia,0.3019654056645228,1926,0.2556383041270051,0,0.39912814647175077,0,0,0.0009263878395652961
buffalo bills,0.6000000000000001,180,0.08224657660092499,0,3.6938237618821637,1,1,0.2518542485748445
building| stairs| till| moon| roblox,0.6046819878965255,104,0.15714666441055858,0,0.5178948334063079,0,0,0.1185775032669759
building| tower| till| mars| roblox,0.3028526804730126,1694,0.25481495328722054,0,0.3642226867870377,0,0,0.0014002559141977876
building| ultimate| stairway| moon,0.3046004107075591,1308,0.25418177325982494,0,0.3642226867870377,0,0,0.002145768042214106
build| sky| base| survive| verity| escape| roblox,0.3061582630094083,1073,0.25117461193476065,0,0.3642226867870377,0,0,0.005686428110028243
built| deadly| car| roblox,0.3077250625773226,893,0.24779115308500393,0,0.5764087285981899,0,0,0.012682550562427671
built| gta| map| city| cities| skylines,0.3085480724633727,819,0.24684721635684537,0,0.7158053115100667,0,0,0.015772964435173502
built| largest| military| army| tycoon| roblox,0.3119429565598586,539,0.24169916020105542,0,1.2908108496612345,0,0,0.029997690303027014
built| massive| drill| reach| centre| earth,0.3057583385777218,1137,0.2520644448288833,0,0.3642226867870377,0,0,0.004638730479379786
built| safest| base| survive| verity| attacks| roblox,0.3062266821856617,1066,0.24381140896838133,0,0.3642226867870377,0,0,0.014355932634768868
built| stairs| reach| moon| roblox,0.307228244038402,950,0.24975085867909042,0,0.4922605211141101,0,0,0.009180522279742646
built| ultimate| army| base| roblox,0.3050716036783547,1246,0.25344537493262953,0,0.3642226867870377,0,0,0.0030128103686014912
built| world| strongest| robot,0.3094488733769478,748,0.2461386129585817,0,0.8683776819817078,0,0,0.018773351340576935
bujji| ganapayya| vinayaka| chaturthi| special| songs| vmc| devotional,0.3009659671461133,2437,0.25313506316628687,0,0.5684071753852594,0,0,0.006276982414931064
bujji| ganapayya| vinayaka| chavithi| special| 2026,0.3009601045491718,2442,0.25027208518773547,0,0.5694001476380779,0,0,0.009661976883815983
bujji| ganapayya| vinayaka| chaviti| bhakti,0.3011671372979941,2306,0.2338119349857265,0,0.5343341560554126,0,0,0.02854448073451007
bujji| ganapayya| vinayaka| songs| telugu,0.3070543887991384,973,0.24952773205846185,0,0.46281394132759335,0,0,0.009025180446429934
bullet| paji| free| fire| gaming,0.3008376488556905,2525,0.2518526067018937,0,0.590140974107749,0,0,0.008095513567800377
bumbro| mission| kashmir| hrithik| roshan| preity| zinta| sanjay,0.3011376470829825,2324,0.25366584283049437,0,0.539329035547907,0,0,0.005239214964521481
burned| down| woodland| mansion| minecraft,0.3139934085517063,444,0.23507387603102542,0,1.6381043705935001,0,0,0.04272888987505993
business |  interfering |  high,0.375,228,0.09270166509539202,0,2.888131723653155,0,0,0.22810591562667942
cabinet |  clears |  lakh,0.375,228,0.06014100210096829,0,2.7447749374000825,0,0,0.2644079100149411
canada |  billion |  india,0.375,228,0.0943624809624215,0,2.7447749374000825,0,0,0.22411521848010882
canadian |  foreign |  visit,0.375,228,0.061198743792753474,0,2.7447749374000825,0,0,0.26316251498443477
canara bank share price,0.6000000000000001,180,0.08224657660092499,0,3.6938237618821637,1,1,0.2518542485748445
candidates |  blank |  cheques,0.375,228,0.009485338028019652,0,4.668683047589911,1,1,0.35136409760038234
can| escape| dinosaur| dusty| trip| roblox,0.3077926929494682,888,0.24846835564996456,0,0.5878635639992785,0,0,0.012047830230776064
can| escape| homer| nightmare| roblox,0.3089833487028691,778,0.24809783353259607,0,0.7895298456098162,0,0,0.015347143516233917
can| girls| play| minecraft| better| then| boys,0.3055470803228431,1176,0.24361422332181787,0,0.3642226867870377,0,0,0.014588100872273859
can| stop| horror| baby| yellow,3.000392321184929,24,-0.06692041825704165,1,4.786775105146697,1,1,0.4430015081382573
can| stop| playing| steal| egg| roblox,0.3140493352333254,442,0.23511949298541795,0,1.6475769036012424,0,0,0.04280966163455589
can| survive| most| dangerous| night| bunker,0.3048936651583711,1271,0.2532866426991987,0,0.3642226867870377,0,0,0.003199703195301256
captain |  machchhar |  fought,0.375,228,0.09107381647191626,0,2.7447749374000825,0,0,0.22798732302631944
captain |  machchhar |  india,0.375,228,0.05828804817562705,0,3.231293974983069,1,1,0.2734967082573982
captain |  machchhar |  mumbai,0.375,228,0.06920549634816131,0,3.431650341569794,1,1,0.26348686213587524
captain |  smit |  machchhar,0.375,228,0.09501082227239094,0,2.7447749374000825,0,0,0.2233518553151898
captain |  smit |  machchhars,0.375,228,0.07956110408095524,0,2.7447749374000825,0,0,0.2415424990307306
car,0.4439999999999999,215,-0.006547502301433639,1,3.0862716906014205,1,1,0.34777581407263836
caribbean premier league,0.8,87,-0.048286505835766214,1,6.46633365038139,1,1,0.44490646392946376
carry| doorbin| become| police| officer| minecraft,0.3040108923612261,1406,0.24337857576043898,0,0.3642226867870377,0,0,0.01486555453054548
carry| doorbin| joined| military| army| minecraft,0.3070065613673483,978,0.2341518791415424,0,0.4547132117081906,0,0,0.02701384839930248
carry| doorbin| noob| roblox| clone| army| challange,0.302640988612202,1744,0.2544146801590927,0,0.3642226867870377,0,0,0.0018715412653257405
carry| friends| creeper| one| block| battle| minecraft,0.303225154883058,1577,0.24444636718762613,0,0.3642226867870377,0,0,0.013608326846920954
casa| tupka| anthemo,0.3108424695599454,622,0.23921666833365307,0,1.1044168221689714,0,0,0.030274362811482956
casa| tupka| anthemo| yoyohoneysingh| priyanshi,0.306827727772955,997,-0.1302072744796341,1,18.156219929384374,1,1,0.7073221135621289
cat,0.476,208,-0.015073380679650805,1,3.0862716906014205,1,1,0.3578142635782192
catfished |  bangkok |  flood,0.375,228,0.0037972726747023122,0,6.623999557405217,1,1,0.3858209160975983
cat| 100| 999| biggest| upgrade| ever| dhanu| dino,0.3038035277589885,1436,0.2547070306102261,0,0.3642226867870377,0,0,0.0015273250905871382
caught| greyninja| pokemon| legends,0.3097362836345199,722,0.23084995110697204,0,0.9170575441297247,0,0,0.03746547401386149
caught| scary| monster| hidden| camera| minecraft,0.3037366048333456,1443,0.2541399695807591,0,0.3642226867870377,0,0,0.0021949880876844185
ccmb |  study |  infections,0.375,228,0.004828922932942237,0,4.370431558022751,1,1,0.3526123269296401
center| fruit| train| fresh| indian| bikes| driving,0.3009970617533,2411,0.25417169203986134,0,0.5631405533649358,0,0,0.004981675560301621
centre |  hikes |  rabi,0.375,228,0.03736590872256185,0,4.317268823581301,1,1,0.31354822183724407
century |  beyond |  launches,0.375,228,0.08552000531854376,0,2.811873445579841,0,0,0.2354790303931949
chaap| kora| mein| latest| bhojpuri| teaser| 2026| neelkamal,0.3045675396851808,1312,0.25398873440433734,0,0.3642226867870377,0,0,0.0023730538088488212
chacha| day| gift| riya| bhabhi| diya| jack| indian,0.3031545710864779,1596,0.25380947928279823,0,0.3642226867870377,0,0,0.002584110477307105
chaddi| gang| secret| revealed| jack| shin| chan| rescue,0.3013114682789969,2223,0.25506769332968127,0,0.5098882218070776,0,0,0.003170691625669194
chained| together| live| king| sachu| shortslive| chaintogethergame,0.3053239997431122,1206,0.2522263666999245,0,0.3642226867870377,0,0,0.004448082143315193
chained| together| sagar| plays| shortslive| chaintogethergame| sagarplays01,2.1008782639469925,35,-0.0037645099092905587,1,3.1667241777316577,1,1,0.3456412769185527
chain| together| live| ajaykhutail| shortslive| chaintogethergame,0.3007908630744166,2554,0.2527767779324323,0,0.5980652750778604,0,0,0.0071198869908847984
chain| together| live| akhi| shortslive| chaintogethergame,2.7008458369046444,26,-0.02660412899480613,1,4.237412202147479,1,1,0.38773342197019806
chain| together| live| stream| shortslive| chaintogethergame| gaminganup45,0.3041141694126768,1379,0.25338368992874816,0,0.3642226867870377,0,0,0.003085438873166696
chain| together| live| stream| shortslive| chaintogethergame| ninjatime1240,0.3009921620601581,2415,0.25179169385745037,0,0.5639704346250207,0,0,0.007795689664632663
chain| together| mvp| vishu| shortslive| shortsfeed| shots| chaintogethergame,2.100816660435312,36,-0.0037645099092905587,1,3.1667241777316577,1,1,0.3456412769185527
chala |  shivaji |  park,0.375,228,0.08586581581706354,0,2.7447749374000825,0,0,0.23411927205016927
chala| gya| aarzoo| khaan| emotional| hindi| sad| 2026,0.3008323123701061,2531,0.2517731532921639,0,0.5910448367074855,0,0,0.008201894901926313
challenging| all| friends| dueling| robux,0.3035002754375018,1500,0.25268965456763015,0,0.3642226867870377,0,0,0.003902602644288604
chal| bahini| shiva| mhatre| sonali| bhoir| ganpati| songs,0.3032179120020828,1580,0.25380947928279823,0,0.3642226867870377,0,0,0.002584110477307105
chal| tere| ishq| mein| gadar| utkarsh| simratt| vishal,0.3011291359173813,2331,0.25374915596149733,0,0.5407706068115159,0,0,0.0051615872927118465
chambal| ghati| deep| lather| monika| mishra| jyoti| haryanvi,0.3037896464605828,1437,0.2545692474861244,0,0.3642226867870377,0,0,0.0016895522386484595
champion| rush| format| grand| finale| live| fozyajay| iqoo,0.3116001501637561,560,0.24249975673863644,0,1.2327483147792353,0,0,0.028230746345296865
chancellor |  ashok |  mittal,0.375,228,0.05214100141729949,0,2.7447749374000825,0,0,0.27382718616985324
chandan| chanchal| dhidiye| thokela| suruti| viral| bhojpuri| 2026,0.3002067032399167,2728,0.24958692294609675,0,0.6970068384586652,0,0,0.012280326090821216
chandi| daal| par| sone| mor| salman| khan| rani,0.301192712732036,2293,0.2544797425975546,0,0.5300023391813214,0,0,0.00414851056503133
chand| jee| shilpi| raj| mani| meraj| venu| great,0.3099341572881501,703,0.23747848546126943,0,0.9505722219383994,0,0,0.03013678325551499
chand| paar| chalo| alka| yagnik| udit| narayan| songs,0.30171037017871,2035,0.2549533593797822,0,0.44232455983950564,0,0,0.0023461078998980854
channel| got| hakked| watch| now| munna| bhai| gaming,0.3048435005331362,1278,0.24796848777394692,0,0.3642226867870377,0,0,0.009461348894633834
charcha| pardeep| sran| jashna| gaiphy| punjabi| songs| 2026,0.302121652629366,1888,0.21238752747772138,0,0.6719081882313007,0,0,0.055722919043241496
charles| monster| train| ajaykhutail| shortslive| chaintogethergame,0.3012135692948683,2283,0.25350348683289864,0,0.5264697770099679,0,0,0.005247811497324206
charlotte fc vs chicago fire fc standings,0.6000000000000001,180,0.08224657660092499,0,3.6938237618821637,1,1,0.2518542485748445
charlotte vs chicago,0.6000000000000001,180,0.08224657660092499,0,3.6938237618821637,1,1,0.2518542485748445
chatni| releasing| sept| malhar| thakar| puja| joshi| saandeep,0.302552669591998,1773,0.25468482587090463,0,0.3642226867870377,0,0,0.0015534691598049898
chaurchan| gana| prakash| sharma| puja| 2026| chauthi| chand,0.3083920496371858,834,0.24774712707203467,0,0.6893790811629636,0,0,0.014338227778857907
chaurchan| puja| sannu| kumar| chaurachan| gana| geet,0.3024106868666189,1810,0.25501909838768544,0,0.3642226867870377,0,0,0.0011598935501199192
cheated| roblox| rivals| extreme| hide| seek,0.305783523729683,1134,0.22701524192196054,0,0.5033349456605931,0,0,0.0361068752427629
cheated| scary| verity| minecraft| build| battle,0.3038980437621918,1419,0.2410149935269758,0,0.3642226867870377,0,0,0.01764845851420159
cheated| scary| verity| potion| minecraft| entities| fight| battle,0.30565515079471,1159,0.24644046795358487,0,0.3642226867870377,0,0,0.011260453823156009
cheats| indian| bikes| driving| secret| city| update,0.309634987845997,730,0.2413036920144967,0,0.8999006581398992,0,0,0.024913564625127515
chelsea football club,0.6000000000000001,180,0.08224657660092499,0,3.6938237618821637,1,1,0.2518542485748445
cheluve| kele| bail| shiva| rajkumar| dheekshith| sanjana| ajaneesh,0.3055841082474389,1171,0.25193405987275685,0,0.3642226867870377,0,0,0.004792246954785611
chham| chhaam| nache| dekho| krishna| kanhaiya| janmashtami| bhajan,0.3011211717620378,2335,0.2537834508159598,0,0.5421195286889896,0,0,0.005140358857663995
chhathi| maiya| vvaan| chhath| puja| 2026| sidharth| malhotra,0.3032411137760843,1571,0.24897830715077152,0,0.3642226867870377,0,0,0.008272378049130107
chhathi| maiya| vvaan| sidharth| malhotra| tamannaah| vishal| mishra,0.3030711960966928,1616,-0.04128973127915547,1,7.063135785884365,1,1,0.4451411981124521
chhode| achra| core| milian| plus| support| nibhai,0.3012351873441258,2267,0.25288044169427465,0,0.5228082387383248,0,0,0.005929407837484088
chicken| comeback| tag| reach| bgms| grand| finals| vlog,0.3272533294237452,268,0.1510874518203819,0,3.8839919237977036,1,1,0.17350017189743852
chief |  ministers |  assam,0.375,228,0.04534762245581436,0,3.231293974983069,1,1,0.288732887382466
childhood |  friends |  manu,0.375,228,0.09416483549408877,0,2.7447749374000825,0,0,0.22434792811609588
childhood| nightmare| eyes| horror| game,0.3155854534308359,389,0.22096381036846435,0,1.9077555859125392,0,0,0.06317045353182998
children |  mother |  held,0.375,228,0.047619443161260766,0,2.7688081807735037,0,0,0.2794921115059309
chill| camp| free| fire| kya| hai| garena| max,0.3154627299162544,394,0.21656962970338212,0,1.8869693974771935,0,0,0.06804910162926059
chill| stream| wormate| live| wormateio| shortsfeed| indvspak,0.6001184440008598,177,0.15577541706031356,0,0.7119556702326981,0,0,0.1229471053353679
chimna| badshah| divya| kumar| nagesh| morwekar| neha| khan,0.305750629997034,1141,0.16434991628037954,0,1.1483016790513538,0,0,0.1190462153289254
choo| chalres| finaly| revenge| save| chotu| dhannoisfire,0.3035044880364499,1499,0.253167757454517,0,0.3642226867870377,0,0,0.0033396798021392425
chop| became| giant| attacked| shinchan| gta5,0.3034096198603568,1532,0.2537290920269801,0,0.3642226867870377,0,0,0.0026787591894544094
chori| dil| tera| churayenge,0.300716218367022,2592,0.25243074816104544,0,0.6107081574048171,0,0,0.007706796756853481
chori| itihaas| alka| yagnik| kumar| sanu| ajay| devgn,0.3026372126213893,1746,0.25470262619257883,0,0.3642226867870377,0,0,0.0015325108934091097
chori| maine| bhi| dalaal| mithun| chakraborty| ayesha| jhulka,0.3004602646051821,2678,0.25053835530721297,0,0.6540601029751909,0,0,0.010550385681892944
chowdhury |  congress |  mamata,0.375,228,0.07733226121205589,0,2.7447749374000825,0,0,0.24416675961747367
chunni| mein| sonam| gujari| love| kush| meena,1.5009864688271084,54,0.0588464819560488,0,2.1070421571677564,0,0,0.25687819524287936
chura| dil| mera,0.301452904681331,2144,0.2541865303120475,0,0.48593255430063725,0,0,0.0038680825489756992
citylights| vinay| rajkumar| monisha| vijayakumar| charan| raj| anandaudio,0.3085583307010871,816,0.2233499354649789,0,0.7175427915918108,0,0,0.043463551284219755
city| girl| village| boy| aur| ladka| garena| free,0.3334439032583137,249,0.13313911903336517,0,4.9325149773226284,1,1,0.20951859420579128
city| update| indian| bike| driving| flood,0.3062124292371688,1067,0.24556391750479462,0,0.3642226867870377,0,0,0.012292512577566158
claim| naruto| chap| all| free| rewards| para| samsung,0.3165694032125159,364,0.2174949400931807,0,2.074411223527471,0,0,0.06962074485979772
claim| naruto| event| all| free| rewards| para| samsung,0.3157286654742302,382,0.21883518750377912,0,1.932012001077608,0,0,0.06602108257055335
classrooms| horror| game| horrorgameplay| walkthrough| theclassrooms,0.3003657306264125,2701,0.2325239888648144,0,0.6700717133251087,0,0,0.03198798730387271
classroom| cursed| something| wrong,0.3173079228095409,354,0.21942504987041905,0,2.199497337295567,0,0,0.06912406351610326
clayface| final,0.3046374106947122,1303,0.14889661265267906,0,1.4265987971956227,0,0,0.1411920659365135
cleaning| leaf| making| millions| roblox,0.3035832946994282,1483,0.25404038568965187,0,0.3642226867870377,0,0,0.0023122390990292403
click |  done |  apple,0.375,228,0.08888962328387678,0,2.7447749374000825,0,0,0.23055901265827417
climbing| most| satisfying| asmr| tower| roblox,0.3082446124728571,850,0.24694177478119872,0,0.6644070398181471,0,0,0.014931928974700378
clone| army| challenge| roblox,0.3042156533422909,1365,0.2543742330447193,0,0.3642226867870377,0,0,0.001919164078750006
clone| defeat| noobs| roblox,0.304417654435859,1337,0.25419191629262244,0,0.3642226867870377,0,0,0.002133825539863692
close| yet| far| gdr| finally| champions,0.310645741457045,642,0.24280703533840559,0,1.0710961710177858,0,0,0.02557397745774425
coal india share,0.6000000000000001,180,0.08224657660092499,0,3.6938237618821637,1,1,0.2518542485748445
coast |  guard |  banks,0.375,228,0.044210883088465436,0,4.114802767057091,1,1,0.3026144730853125
coastal road mumbai,0.6000000000000001,180,0.08224657660092499,0,3.6938237618821637,1,1,0.2518542485748445
cochin shipyard share,0.6000000000000001,180,0.08224657660092499,0,3.6938237618821637,1,1,0.2518542485748445
college |  student |  stabbed,0.375,228,0.038025715833835405,0,2.7724458401211467,0,0,0.29083950028727923
coloros 17,0.6000000000000001,180,0.08224657660092499,0,3.6938237618821637,1,1,0.2518542485748445
coming| back| gas| station| after| years,0.316971537565422,356,0.03906494109427161,0,4.099764568966826,1,1,0.3084598562955738
commanders |  conference |  navy,0.375,228,0.01679449193545901,0,4.576391424445049,1,1,0.341447966381825
commercial |  will |  price,0.375,228,-0.01296381926614143,1,5.845119478660376,1,1,0.3944978198386274
como vs rb leipzig,0.6000000000000001,180,0.08224657660092499,0,3.6938237618821637,1,1,0.2518542485748445
compilation| best| shin| giant| monsters| minecraft| coffin| meme,0.9000180302483932,86,0.12294849339773295,0,1.0473601366038556,0,0,0.1663595730744856
completing| world| keyboard| escape| roblox,0.3084724537753001,828,0.24535079008119154,0,0.7029974620537311,0,0,0.01735303773357797
compound |  archery |  asian,0.375,228,-0.0011265962764681614,1,5.695993733876795,1,1,0.37844342316817553
comrade| kalyan| teaser| sree| vishnu| mahima| nambiar| janakiram,0.3043660586645051,1343,0.21043443100018527,0,0.5246912842606164,0,0,0.055932474222083785
confirm| next| gold| vault| bundle| gun| para| samsung,0.3148378755302458,415,0.2221905152954839,0,1.781135229864538,0,0,0.05992848986535148
confusing| psychological| horror| foghorns| drown,0.3112020501899493,596,0.23566184852739303,0,1.165320478313865,0,0,0.03532449059768934
convierto| hombre| mas| fuerte| gta,0.3030912971034904,1612,0.25256174989875313,0,0.3642226867870377,0,0,0.004053198806125774
cosmic| curse| portal| panic| clash| ween| season,0.3068627162869256,990,0.2338778754987212,0,0.4303495764475631,0,0,0.02699057223609081
courage |  modi |  says,0.375,228,0.0800843455537365,0,2.7447749374000825,0,0,0.24092642959240032
court |  police |  over,0.375,228,0.013386634992755164,0,4.306719611473138,1,1,0.3416318773723616
court| goli| ankit| baliyan| fiza| choudhary| haryanvi| songs,0.3024892941502176,1787,0.25437650144062757,0,0.3642226867870377,0,0,0.0019164932480421584
crash,0.3063194572763508,1056,0.25251286595900085,0,0.3642226867870377,0,0,0.0041107552172154295
craziest| fishing| game| ever| played| how| fish,0.3108143535965918,625,0.24290754957920652,0,1.0996547053545844,0,0,0.0258610766769078
crazy| fan| girls| kidnapped| dash| minecraft,0.3071274191153421,965,0.245404407862096,0,0.47518338755213885,0,0,0.014055630272234365
created| wishing| well| steal| villagers,0.3046637285971739,1300,0.25428806366549755,0,0.3642226867870377,0,0,0.0020206207174530214
cricket |  only |  batting,0.375,228,0.08453496483076556,0,3.0406482797997834,1,1,0.23988674363223667
cricket |  world |  draw,0.375,228,0.0871221696435519,0,2.7447749374000825,0,0,0.23264002922158647
cricket |  world |  schedule,0.375,228,0.02658686219412587,0,3.9938767557162103,1,1,0.32164837418700526
crip| walk| music| yung| sammy| sambata| one| kind,0.3113791297482914,581,0.2148016248186716,0,1.1953131743371075,0,0,0.06031132090199049
crore |  customs |  imposes,0.375,228,0.01609704992309946,0,4.387001085220927,1,1,0.33958036572767103
crore |  gold |  smuggling,0.375,228,0.06629701718051517,0,3.269423114019726,1,1,0.26460819226509336
csky| gurjit| gill| guru| randhawa,0.3126579606818903,497,0.2008745240269343,0,1.4119140503256529,0,0,0.07978430410426976
csr| push| region| 999| 400k| shortslive| verticallive| freefire,2.401887643295417,28,-0.016615387099966905,1,3.6965651880136083,1,1,0.3682941758302322
customers| shapeshifters| shift| midnight,0.3146668229877216,423,0.2305426115554447,0,1.7521633543981547,0,0,0.04968333922384619
custom| room| 1v1| tdm| classic| gameplay| bgmi| live,0.3017106108208501,2034,0.25441760059759483,0,0.4422838012865265,0,0,0.002976336686871077
cyclone,0.6000000000000001,180,0.08224657660092499,0,3.6938237618821637,1,1,0.2518542485748445
daayra| meghna| gulzar| kareena| kapoor| khan| prithviraj| sukumaran,0.3003819827483853,2697,0.019334131941340926,0,7.994795966770351,1,1,0.38698887409206095
daayra| review| yogi| bolta| hai,0.3065464715401393,1030,0.2502290769162571,0,0.3767858977931016,0,0,0.00697806990645835
dada| nandamuri| balakrishna| kajal| agarwal| gopichandu| malineni| thaman,0.3050300308921988,1254,0.25344537493262953,0,0.3642226867870377,0,0,0.0030128103686014912
dada| nandamuri| balakrishna| kajal| gooichandh| malineni,0.3048334890710646,1280,0.2534026648217834,0,0.3642226867870377,0,0,0.0030630976553873137
dakha| jwmwi| lingshar| monalisha| bigrai,0.3175855134840917,347,0.21699130997055116,0,2.246514016118581,0,0,0.07265706778547179
dance| firki| wali| instagram| trending| cover| neelu| maurya,0.3012052580262431,2287,0.25438503264701495,0,0.5278774908973152,0,0,0.0042298564727531515
dandalayya| undralayya| coolie| venkatesh| ilaiyaraaja| balu| ganesh| chaturthi,0.3015812790923922,2085,0.2522627557352129,0,0.4641892501938976,0,0,0.005824463074737712
dangerous| atv| driving| challenge| roblox,0.3049486077916746,1263,0.2534394263917351,0,0.3642226867870377,0,0,0.003019814236678365
darad| uthey| lagal| latest| bhojpuri| 2026| samar| singh,0.3044883772090636,1327,0.24407659859064684,0,0.3642226867870377,0,0,0.014043695875760218
daredevil| first| look| plan| change| scene| raaka| theories,0.311411807363945,577,0.24215894477082833,0,1.2008479170382926,0,0,0.028179131484304135
darji| music| gurnam| bhullar| mixsingh| jassi| lohka| harry,0.3018350110679048,1988,0.2501608347520244,0,0.4212136177483526,0,0,0.007689159401855116
dark| earth| godzilla| moeder| kaiju| hunting| series| animal,0.307272138152399,943,0.24740859365215762,0,0.49969504845678175,0,0,0.012043875199837385
dash| got| billion| diamonds,0.3049729114676942,1258,0.2533144193488646,0,0.3642226867870377,0,0,0.0031669987063634524
dash| went| inside| fan| girl| head,0.3052149376436981,1224,0.2535467759802475,0,0.3642226867870377,0,0,0.0028934198200655636
dating| two| warewolf| girls| minecraft,0.3040245213168265,1402,0.2531817834471489,0,0.3642226867870377,0,0,0.0033231654663071473
dattguru| songs| gani,0.3017528524107471,2019,0.2543811115373937,0,0.4351291687745657,0,0,0.002917724901941929
david| 100| tommy| vercetti| security| gta| real| life,0.3105923909719248,648,0.2370595489462487,0,1.0620599790491485,0,0,0.03221283521430326
day| drinker| 2027| teaser| johnny| depp| madelyn| cline,0.3015571305095963,2094,0.15223945370483544,0,1.9086856394918097,0,0,0.14410036233933207
day| drinker| teaser,0.300798092721577,2550,0.24431664533912995,0,0.5968407598844272,0,0,0.01706354234267399
day| live| shorts,0.3003678315489713,2699,0.2506008068347709,0,0.6697158713958351,0,0,0.010699119675742792
dead| person| visited| petrol| bunk| midnight| shift,0.3128101557991921,489,0.23264799855990076,0,1.437691965812864,0,0,0.042739885098334054
dead| person| visited| shop| midnight| shift| gameplay,0.3116098396136513,557,0.23535612647526027,0,1.2343894569193086,0,0,0.03666502320333964
dear| crazy| soulmate,0.3042838675191291,1354,0.23380991427167125,0,0.3642226867870377,0,0,0.026131786692195992
death| park| gayi,0.3044366782847585,1333,0.25393922359337295,0,0.3642226867870377,0,0,0.00243134830400795
death| swap| against| pro| smp| players| minecraft,0.311382757102394,580,0.22686395275369475,0,1.1959275542801586,0,0,0.04611774473396736
debasilip| biswkarma| nka| aji| janama| pragnyashree| nayak,0.3028635139912436,1691,0.2548928366327272,0,0.3642226867870377,0,0,0.0013085553296349102
declines |  nation |  election,0.375,228,0.06876837320690099,0,2.8500025846164982,0,0,0.25574387936926296
deep |  water |  canyon,0.375,228,-0.02513313535484807,1,8.280839976792182,1,1,0.44340602145484526
deepak| raj| yadav| karma| jhumar| geet| 2024,0.3024040663064383,1812,0.2552080136953356,0,0.3642226867870377,0,0,0.0009374628875476773
deepfake |  video |  claiming,0.375,228,0.018909882624046137,0,6.996889954366488,1,1,0.3733211133472695
defence |  india |  akash,0.375,228,-0.01510833042581905,1,7.833462742441442,1,1,0.42525130521842885
deficit |  rainfall |  july,0.375,228,0.06009462303486979,0,3.549753015056593,1,1,0.27589079434389974
dekha| hazaro| dafaa,0.3009629180267884,2441,0.253976413226485,0,0.568923617316267,0,0,0.005293700857875741
delhi |  court |  bail,0.375,228,0.06152326967982913,0,3.0025191407631264,1,1,0.2664396106957394
delhi |  massive |  protests,0.375,228,0.08036638496134485,0,2.7447749374000825,0,0,0.24059435373742522
delhi |  metro |  stations,0.375,228,0.07892632729854449,0,2.8500025846164982,0,0,0.24378380854659015
delhi |  roads |  cameras,0.375,228,0.07925750850824592,0,2.9643900017264695,0,0,0.24501783131642027
delhi |  uses |  crime,0.375,228,0.05811507627381862,0,2.7447749374000825,0,0,0.26679325416550437
delhis |  enabled |  traffic,0.375,228,0.07087190245027947,0,3.0406482797997834,1,1,0.2559737619679112
delimitation |  discontent |  punish,0.375,228,0.028290018097382186,0,4.088035657024019,1,1,0.3209798367058005
delivery |  worker |  society,0.375,228,-0.01281749234380003,1,7.17068165451442,1,1,0.41314454496991004
dentist |  head |  hands,0.375,228,0.09241795802901637,0,2.7447749374000825,0,0,0.22640471809686422
dentist |  roster |  pilots,0.375,228,0.09416078105203474,0,2.7447749374000825,0,0,0.22435270185435804
desert| eagle| only| ranked| challenge| free| fire| max,0.3174034096034156,349,0.22059182203776312,0,2.2156703298743343,0,0,0.0679799030209199
desert| free| style| bundle| ranked| tonde| gamer,0.3123386650941657,518,0.2292599739679843,0,1.357833638143415,0,0,0.04559522814745914
despite |  close |  ties,0.375,228,0.08267269162163116,0,2.7447749374000825,0,0,0.2378788865530915
destroyed| all| piggybanks| pay| bills,0.3095777779887319,737,0.2317975706927452,0,0.8902107883742846,0,0,0.03596859428295861
destroyed| girls| civilization| minecraft| smp,0.312435562572517,510,0.23875755474153187,0,1.3742455641772016,0,0,0.03464568727284952
destroyed| woodland| mansion| hardcore| minecraft,0.3112777181552972,591,0.2415050452785129,0,1.1781366740657904,0,0,0.02862660729274557
desu7| hindi| teaser| dev| subhashree| anirban| bhattacharya| ventures,0.300064803564196,2739,0.250563568292692,0,0.7210409724916056,0,0,0.011471627363681035
desu7| teaser| review| dev,0.3082278706959641,852,0.2480220898656047,0,0.6615714159328075,0,0,0.013619698454792752
desu| teaser| dev| anirban| bhattacharya| cinema| 16th| october,0.3026357897186745,1747,0.25388303603325046,0,0.3642226867870377,0,0,0.002497504066512428
detained |  says |  dipke,0.375,228,0.09164857051502834,0,2.7447749374000825,0,0,0.22731060220249794
devaki| nandana| kannada| thursday| special| sri| raghavendra| swamy,0.3007928356279788,2553,0.2533893628606636,0,0.5977311755356222,0,0,0.0063938805139875455
dgca |  should |  turned,0.375,228,0.08194478471362127,0,2.7447749374000825,0,0,0.23873593100255136
dhamaal| ajay| devgn| riteish| deshmukh| arshad| warsi| netflix,0.301911110523488,1950,0.21989010356516842,0,0.44661926223189696,0,0,0.04369088745592769
dhanda| nyoliwala| gaddafi| music,0.3054944337397328,1181,0.10831826836908831,0,1.8194226888015832,0,0,0.19454631314683868
dhan| bani| maiya,0.3112654113728545,592,0.2417665507243315,0,1.176052223504215,0,0,0.02828911536432999
dharmendra| asha| parekh| lata| mangeshkar| rama| duhai| mere,0.3003668259951292,2700,0.2505332843207035,0,0.6698861862023728,0,0,0.010781039279813175
dharti| vari| bhakta| ghari| anand| zala| non| stop,0.6018318571045789,122,0.17620390291629584,0,0.5175191263219051,0,0,0.09613399723999586
dharti| vari| bhakta| ghari| anand| zala| remix,0.300490879340646,2673,0.2511388726724976,0,0.648874758810144,0,0,0.009769714526802482
dhire| hrudayare| maunamo| glimpse| antaryami| odia| movie| babushaan,0.3097626674432149,718,0.24540537509699056,0,0.9215262787568683,0,0,0.02039122335863612
dhood| teaser| yashpal| sharma| alka| amin| vivek| pareek,0.3262834008097166,270,0.17843713114952142,0,3.7197111092464676,1,1,0.13896610643532686
dhoomakethu| sudhi| maddison| sajin| gopu| nikhila| vimal| ankit,0.3017998045506944,1997,0.22443134659935354,0,0.42717669094897587,0,0,0.03806795886777703
dhruv jurel,0.416,220,-0.005201250563433679,1,3.0862716906014205,1,1,0.3461907245963164
dhumuhaar| gaan| mcdonald| bhoomi| anurag| saikia| rahul| sharma,0.3233875531872888,283,0.15961746981699826,0,3.2292294394123005,1,1,0.1541611826006932
difficult| life| zone| pushers,0.3064259744752233,1046,0.21846108038212153,0,0.3642226867870377,0,0,0.04420364828049279
dilbar| ishfaq| kawa| sarfaraz| perry| amo| mudasir| shahid,0.315408341956539,398,0.22041373781458512,0,1.8777574841522349,0,0,0.06339223095994773
diljit| dosanjh| devil| intense| hizzy| artist| bro,0.3099293836319764,705,0.22312946787996496,0,0.949763688080075,0,0,0.047019972946856815
dilwale| dulhania| jayenge| album| shah| rukh| khan| kajol,0.3010436002144949,2382,0.25424027442742614,0,0.555258142017884,0,0,0.004789019383925896
dil| ghabrata| hai| aankh| bhar| aati| brother| sister,0.3008095217137764,2542,0.2541146357246484,0,0.5949049842810863,0,0,0.005499813963555214
dil| kahani| dogri| pahari| love| 2026| bishan| dass,0.3225027437155848,290,0.1872599155708668,0,3.079365605484933,1,1,0.11948708912762462
dil| kalam| itihaas| hariharan| alka| yagnik| ajay| devgan,0.3017918945308023,2003,0.25455759237566705,0,0.4285164436814939,0,0,0.0026160538145622485
dil| lagane| saza,0.3006834677168361,2602,0.25201013577680786,0,0.616255270266355,0,0,0.00828078212449723
dil| laga| liya| maine| tumse| pyaar| karke| hai,0.6012093179374143,145,0.17328223146380733,0,0.5271898469773791,0,0,0.09971129598875887
dil| laga| liya| maine| tumse| pyaar| karke| lyrical,0.3015251868505803,2109,0.25502893766736984,0,0.4736898248151418,0,0,0.002702414112013835
dil| walon| basti| hai| dance| version| trending,0.9008241249123368,76,0.12310906664999921,0,1.0473601366038556,0,0,0.1661705126148689
din| roz| aune| harbhajan| mann| avkash| cinemas| 9th,0.3047603039437676,1288,0.22103637166569462,0,0.3642226867870377,0,0,0.04117147606720386
din| roz| aune| teaser| harbhajan| mann| avkash| cinemas,0.3061056038596334,1082,0.2494582783334695,0,0.3642226867870377,0,0,0.007707255457895674
diwali| 2026| free| rewards| fire| max,0.3173184280249313,353,0.21958176634042376,0,2.201276649006153,0,0,0.06896480496414266
diwali| event| 2026| all| free| rewards| para| samsung,0.6179031177430999,90,0.10563734646131234,0,2.300307960972017,0,0,0.20452998609879716
diya| bidya| budhi| namita| agrawal| ganeshpuja| special,0.3028002205653184,1708,0.2547044497408703,0,0.3642226867870377,0,0,0.0015303638304751865
diya| hai| bidya| jay| ganesh| namita| agrawal| puja,0.3016020180841305,2081,0.2547762238165904,0,0.4606766015242259,0,0,0.002815212993962135
documents |  court |  accused,0.375,228,0.06942963806790531,0,2.780024297095401,0,0,0.25397181784915157
domination| can| horaa| qualify| pmgo| finals| day,0.3116803175719813,552,0.241869243178652,0,1.2463265997511426,0,0,0.029165889918754656
dominican republic vs haiti,0.6000000000000001,180,0.08224657660092499,0,3.6938237618821637,1,1,0.2518542485748445
donald| dump| unknown| guess| who| wwe| 2k25| live,0.3004328498718768,2686,0.2334519114859162,0,0.6587034495606713,0,0,0.03073404718108319
dont| trouble| telugu| fahadh| fassil| ssara| bhairava| rajamouli,0.301052568206369,2376,0.17861362788258145,0,1.5493727166714706,0,0,0.10794599416293113
don| miss| blox| fruits| update| here,0.319678826228351,320,0.20566477803074096,0,2.6010670396746516,0,0,0.09102662395100769
don| wake| oni| tiger,0.3109109449354181,618,0.24322396082074976,0,1.116014779272871,0,0,0.02572079513966434
doomed| empire| one| last| night| preview| simply| sarath,0.3234370557798373,282,0.16870067646568349,0,3.2376138979267273,1,1,0.14358556373319048
doorbin| become| deadly| dinosaur| minecraft,0.3034704934836725,1510,0.24815721346598862,0,0.3642226867870377,0,0,0.009239141487264907
doorbin| lost| his| memory| minecraft,0.3042108485462665,1367,0.24505973066120462,0,0.3642226867870377,0,0,0.012886146916015952
doraemon| bus| mein| zombie| attack| shinchan| nobita| zombieattack,0.301047330511025,2379,0.2528646042381395,0,0.5546263262907998,0,0,0.006399776531322843
doraemon| shinchan| got| kicked| out| house| indian| theft,0.3000604736038024,2742,0.25001737941496477,0,0.7217743557634791,0,0,0.012125127138149032
dorothy| ost| jukebox| karthik| subbaraj| ilayaraaja| keerthy| suresh,0.3082021360183918,855,0.24316658550985937,0,0.6572126273244074,0,0,0.019274733275656583
dorothy| tamil| karthik| subbaraj| keerthy| suresh| ilaiyaraaja,0.305168501857422,1232,0.2053733672415703,0,0.5886796073208228,0,0,0.06279986085398787
dorothy| telugu| karthik| subbaraj| keerthy| suresh| sananth| rishikanth,0.3019413907567101,1937,0.25306766979386097,0,0.40319565057438983,0,0,0.004010823288538363
doudini| bodo| film| 2026| sangeena| brahma| kanchan| raibel,0.3273703041144901,266,0.1744343968695372,0,3.9038044102008445,1,1,0.1462925368510823
dreamer,0.3040428931958856,1398,0.2506064213988818,0,0.3642226867870377,0,0,0.006355420998613363
drishyam| conclusion| ajay| devgn| tabu| jaideep| abhishek| pathak,0.6016958190168163,127,-0.05064637455855103,1,8.895278928824473,1,1,0.48216874200173754
drishyam| conclusion| reaction,0.3087390241857233,799,0.24657206680738158,0,0.7481475932347287,0,0,0.016556091616975566
drishyam| conclusion| review| yogi| bolta| hai,0.3056750991044238,1153,0.24466197237652637,0,0.3642226867870377,0,0,0.013354471266779681
drishyam| final| ajay| devgn| tabu| jaideep| ahlawat| abhishek,0.6009271832898525,159,0.1760100717425342,0,0.5749761572730056,0,0,0.09717793360152442
drishyam| impressive| ramayana| serious| danger,0.3068626808491895,991,0.2394772796821102,0,0.43034357421186437,0,0,0.02039769579744699
drishyam| reaction| suraj| kumar,0.3094633914609766,747,0.24649485753797734,0,0.8708366698241911,0,0,0.01838881587823997
drishyam| review| deeksha| sharma,0.3050592774339311,1249,0.24870018794272614,0,0.3642226867870377,0,0,0.008599838224216429
drive| jcb| uploading| stone| dumper| truck| game| tractor,0.3013590666501179,2185,0.2547455349411655,0,0.5018262891390728,0,0,0.003435548654383876
drone |  push |  could,0.375,228,0.05912515327397638,0,2.7447749374000825,0,0,0.2656039799918617
drugs |  seized |  iranian,0.375,228,-0.0005584776519357293,1,5.182338390733353,1,1,0.37048214786538997
dulhaniya| bich| ganesh| 2026,0.3007601876448312,2566,0.25245343274996446,0,0.6032608992569076,0,0,0.007574358952715172
dupahiya| season| gajraj| rao| renuka| shahane| sparsh| shrivastava,0.3002874948937585,2719,0.14086023110974932,0,2.6126866735390917,0,0,0.16749307186445037
durgamma| folk| songs| telugu| mahishasura| mardini| durga| devi,0.303593359108483,1480,0.2539586417295661,0,0.3642226867870377,0,0,0.0024084852075596636
durga| devi| bhakti| songs| durgamma| folk| telugu,0.3012509573653306,2261,0.2535749711526441,0,0.5201372051266369,0,0,0.005073741636100523
durga| devi| folk| songs| telugu| navaratri| special| 2026,0.3017216642754663,2031,0.2543811115373937,0,0.4404116320344058,0,0,0.002992720055227089
durga| puja| 2026| shilpi| raj| devi| geet| barbadi,0.3026787434307248,1734,0.2541954997121108,0,0.3642226867870377,0,0,0.0021296063880067826
dusu elections,0.6000000000000001,180,0.08224657660092499,0,3.6938237618821637,1,1,0.2518542485748445
dwarpalo| kanhaiya| keh| remix| krishna| janmashtmi| soundcheck| bass,0.3051913435298597,1229,0.25371752240684364,0,0.3642226867870377,0,0,0.0026923813691743367
e,0.568,188,-0.008532251201423091,1,3.3750911482623414,1,1,0.354213047185655
earth| godzilla| forest| titan| hunting| series| animal| revolt,0.3077248556235348,894,0.24617016162283972,0,0.5763736759805684,0,0,0.014590623535522916
education |  minister |  reviews,0.375,228,0.08694178702915345,0,2.7447749374000825,0,0,0.23285241341075694
eenadu,0.5519999999999999,192,-0.013300039670792074,1,3.21572484145243,1,1,0.357564162102952
egg| roblox,0.304692406388223,1295,0.25399823804844646,0,0.3642226867870377,0,0,0.002361864128762349
eghoriya| mon| nrc| zubeen| garg| arnab| bashistha| paplu,0.3141327822956938,439,0.23235452420119335,0,1.6617106771382941,0,0,0.04626581916643524
ekadantaya| vakratundaya| ganesh| devotional| songs| telugu,0.3007303067484663,2582,0.2537919200004416,0,0.6083219500635001,0,0,0.006070263216882429
ekadantaya| vakratundaya| gauri| tanayaya,0.3037722248918789,1439,0.2547463182334005,0,0.3642226867870377,0,0,0.001481067473021525
ekadashi,0.48,207,-0.015280629432495973,1,3.0862716906014205,1,1,0.35805828021184216
ekadashi| vrat| aarti| mata| hindi,0.6034229208924949,105,0.17149896322611474,0,0.5175191263219051,0,0,0.10167363754583873
ekam| shivam| nandagovindam| bhajans| jayachandran| harinarayanan| music,0.3148422746030636,414,0.22746566540174679,0,1.7818803189930827,0,0,0.05372805647846318
ekdantay| vakratunday| gauritanayay| ganpati| songs| bappa| balaji| jahire,0.3008332467532467,2530,0.2537919200004416,0,0.5908865763765577,0,0,0.005822733142763965
eken| kerela| kurukshetra| teaser| anirban| suhotra| somak| hoichoi,0.3068302930928469,996,0.2505210986847561,0,0.42485792617912266,0,0,0.007316719516457903
elemental| ninja| tower| battle| minecraft,0.3030570503607611,1621,0.24287401046917406,0,0.3642226867870377,0,0,0.015459634456852226
elemental| tunnel| challenge| minecraft,0.3037312703727717,1445,0.245716327245543,0,0.3642226867870377,0,0,0.012113063913300658
elephant| 000| god| gta| dhanu| dino,0.3022327147615387,1859,0.25600422177098314,0,0.3642226867870377,0,0,0.0
email,0.4679999999999999,210,-0.01324679116145,1,3.0862716906014205,1,1,0.35566361987531014
embraer |  mahindra |  choose,0.375,228,0.08127499654259995,0,2.7447749374000825,0,0,0.23952454590367533
emo| idi| promo| roshan| meka| preity| mukhundhan| sailesh,0.3030447299956418,1627,0.2546388023163291,0,0.3642226867870377,0,0,0.0016076577264462768
emperor| sarat| chandra| nandy| movies| srijit| mukherji| abir,0.3067098388226211,1009,0.25130955162581536,0,0.40445608903084235,0,0,0.006098742628968198
empire| gujarati| movie| hindustani,0.3001857106009801,2730,0.24837613986140922,0,0.7005624484017057,0,0,0.013756392508217294
empire| hindustani| gujarati| movie| 2026,0.3107307072194908,631,0.24260815334063673,0,1.0854871730582234,0,0,0.02601245211208804
employee| found| playtime| real| verity| experiment| minecraft,0.3057076094951086,1148,0.2516173881158002,0,0.3642226867870377,0,0,0.005165099264076667
ended,0.3286916670664074,260,0.14728960961805182,0,4.127609109762354,1,1,0.18143042129886994
endhayya| saami| ranabaali| vijay| deverakonda| rashmika| rahul| sankrityan,0.3013523596541453,2191,0.01823451305879098,0,7.730601059604249,1,1,0.38453279950480257
endless| love| chillout| mashup| arijit| singh| 2307| latest,0.3022196301037596,1862,0.2554112698514126,0,0.3642226867870377,0,0,0.0006981471749648363
end| choo| charles,0.3030710474380527,1617,0.24739762526098136,0,0.3642226867870377,0,0,0.010133487794207502
end| ghoda| free| fire,0.3128061114180699,490,0.22332748666222785,0,1.4370069522814615,0,0,0.05370421845416383
energy |  cabinet |  clears,0.375,228,0.032969960841364054,0,2.7815399884902527,0,0,0.29692130349721224
enna| vilai| karunaas| nimisha| sam| sajeev| pazhoor,0.3046859719161602,1296,0.2403104948125761,0,0.3642226867870377,0,0,0.018477941936029016
entered| end| defeated| ender| dragon| minecraft,0.3160488687958023,375,0.22447711106193563,0,1.9862461598899823,0,0,0.06014819121582923
entering| haunted| house| minecraft,0.3045031238948485,1324,0.24797335717692276,0,0.3642226867870377,0,0,0.009455615613706421
entity| hunting| minecraft,0.3105281635482136,653,0.1601044924679959,0,1.4971168276409887,0,0,0.1289969474548692
epic| anand| deverakonda| vaishnavi| chaitanya| aditya| haasan| hesham,0.3024671153822491,1792,0.2546321153553412,0,0.3642226867870377,0,0,0.0016155310172962455
epic| anand| deverakonda| vaishnavi| chaitanya| hesham| naga| vamsi,0.3017472658487198,2025,0.15619235049417718,0,2.0985032111087176,0,0,0.14214102529686212
epic| battle| prehistoric| elephant| rex| dinosaurs| wild| animals,0.6032782072716637,108,0.16491853728067485,0,0.5175191263219051,0,0,0.10942149303334871
epic| escape| lightning| mcqueen| flame| cannon| drill| construction,0.3067529459741239,1004,0.24432832122377435,0,0.41175732528621267,0,0,0.014422164740812553
epic| escape| lightning| mcqueen| flame| cannon| ramp| construction,0.3053310179024116,1205,0.2444588224512682,0,0.3642226867870377,0,0,0.013593661902195832
epic| escape| lightning| mcqueen| flame| cannon| road| roller,0.3036131237420389,1476,0.2427602151483394,0,0.3642226867870377,0,0,0.015593618139411984
epic| escape| lightning| mcqueen| giant| fire| truck| road,0.3019307980871795,1942,0.25565676797097014,0,0.4049897747538379,0,0,0.0009878658973349393
epic| escape| lightning| mcqueen| long| construction| drill| garbage,0.3099616081217295,696,0.22571685386585888,0,0.9552216829763807,0,0,0.044051047493810336
epic| first| semester| anand| deverakonda| vaishnavi| aditya| haasan,0.3027703599618245,1716,0.25227415744909665,0,0.3642226867870377,0,0,0.004391812865111047
epic| movie| anand| deverakonda| vaishnavi| chaitanya| aditya| hasan,0.300793172364284,2552,0.2534925428240208,0,0.5976741411171206,0,0,0.006271585735423956
epic| review| barbell,0.3059368710941637,1114,0.24994098804840598,0,0.3642226867870377,0,0,0.007138908493010123
epikism,0.3060488468629071,1090,0.24480974815850215,0,0.3642226867870377,0,0,0.013180478669219103
epl,0.416,220,-0.005201250563433679,1,3.0862716906014205,1,1,0.3461907245963164
escaped| hardest| prison| spoon| roblox,0.3104300919346886,662,0.24105401234454427,0,1.034570720919822,0,0,0.027119451272169096
escaped| using| hot| air| balloon| granny,0.3079904198155132,873,0.21850744600603383,0,0.6213533797885112,0,0,0.04779954249636329
escape| cookie| eater| granny,0.301766387722351,2010,0.24284316972944742,0,0.43283663715592297,0,0,0.016470059178436122
escape| grumpy| gran| roblox| granny,0.3026174442841109,1752,0.25457288321934685,0,0.3642226867870377,0,0,0.0016852714921083301
escape| ice| cream| man,0.3080407420700238,867,0.2462485030847718,0,0.6298766678341442,0,0,0.015257965762437844
escape| zombie| city| school| bus,0.3014126439263127,2164,0.2280526907537601,0,0.4927516846296247,0,0,0.03473512261503209
escaping| dinosaur| dusty| trip| roblox,0.3034293546481577,1528,0.25399913480518865,0,0.3642226867870377,0,0,0.0023608082789277635
escaping| minecraft| underworld,0.3141679838120425,438,0.04851088485207533,0,4.88386434923786,1,1,0.3084699810494525
escaping| tornado| funnel| runner,0.307431849945131,926,0.1865105647503552,0,0.8864979479934645,0,0,0.08923723041563525
espncricinfo,0.6000000000000001,180,0.08224657660092499,0,3.6938237618821637,1,1,0.2518542485748445
ethanol |  gadkari |  production,0.375,228,0.03267031762586836,0,3.726972782459611,1,1,0.31069641962379224
ethanungda| title| release| narmada| suraj| kenedy| khuman| nandeswori,0.3079396507345662,877,0.24828944303833766,0,0.6127544109042424,0,0,0.01261185908382607
evening |  brief |  meet,0.375,228,0.021453881299546063,0,4.489555563192752,1,1,0.33472914836877365
evening |  brief |  sept,0.375,228,-0.014400363587240839,1,4.307447143342666,1,1,0.3743588799921167
evergreen| songs| 90s| hindi| gana| hit| durga| boss,0.6006698308144742,168,0.17286736349264797,0,0.6185650087311809,0,0,0.10149701900417155
everlasting| retro| hindi| hits| old| classic,0.3008790524128852,2495,0.2534925428240208,0,0.5831282826551079,0,0,0.006065078121198561
every |  domestic |  trips,0.375,228,0.0975333444241207,0,2.7447749374000825,0,0,0.22038181397475218
everyone| turned| into| zombies| gta5,0.3134914395123621,465,0.23663581333127542,0,1.5530838015843342,0,0,0.039682812807747395
everything| about| bgmi| update| top| things| tips| you,0.3056718508554467,1154,0.25035045298072106,0,0.3642226867870377,0,0,0.006656800625056865
every| time| crash| car| upgrades| gta,0.3027697179997314,1718,0.2548524755798285,0,0.3642226867870377,0,0,0.0013560768134683095
every| time| crash| monster| truck| jump| higher| gta,0.3033112358217052,1555,0.2549691115512679,0,0.3642226867870377,0,0,0.0012187485221311686
every| time| crash| police| car| gets| more| expensive,0.3037036570225799,1455,0.2545680736135815,0,0.3642226867870377,0,0,0.001690934367236866
every| time| crash| taxi| upgrades| gta,0.3019068561269366,1952,0.25519192891794257,0,0.4090449234253779,0,0,0.0015927427394439053
evolved| baby| superhero| minecraft,0.3034907407063852,1503,0.24386771394784762,0,0.3642226867870377,0,0,0.014289638621623052
evolving| slowest| fastest| entity| minecraft,0.3033519640770755,1546,0.24244867557393324,0,0.3642226867870377,0,0,0.015960427768629375
explored| minecraft| dimension| manhunt| smp,0.3106432324696503,643,0.22813899813499178,0,1.070671213462209,0,0,0.04283822949131741
extreme| road| nepal| towards| delhi| india| many| cows,0.3002970460639524,2718,0.2269206616321563,0,0.6817051012928796,0,0,0.03875055682218714
faced| choo| charles| live| jumpscare| horrorgaming| shorts| shortsfeed,0.300328771126589,2710,0.24453977651977754,0,0.6763316964296149,0,0,0.017929358751950474
faces |  backlash |  calling,0.375,228,0.08376333794488972,0,2.8705717010238074,0,0,0.23838068648581628
fact |  check |  video,0.375,228,0.03660511282854062,0,4.026589527876754,1,1,0.3103172148956932
fake| gaming| free| fire| kallu| kaliya| prank| funny,0.3216537474003915,302,0.1949495000834739,0,2.935567593761538,0,0,0.108391798914449
falana| patoh| music| ankush| raja| shivani| singh| 2026,0.303741052287282,1440,0.24069085675498547,0,0.3642226867870377,0,0,0.018030100202504368
falana| patoh| teaser| ankush| raja| khushi| tiwari| bhojpuri,0.3028766561945089,1688,0.25418546923908475,0,0.3642226867870377,0,0,0.0021414163614221224
fall| guys| s8ul| chat,0.3095319304443159,742,0.2467346325099074,0,0.882445400455112,0,0,0.018271311765871254
false |  karnataka |  orders,0.375,228,0.06735451400067938,0,2.7447749374000825,0,0,0.2559146531619976
farm |  hawaii |  harvested,0.375,228,-0.01281749234380003,1,7.1209730729198935,1,1,0.4124388320263652
farmon| jaymin| dabhoda| goga| maharaj| nag| panchami| special,0.3104657501059899,658,0.24217377134794676,0,1.040610292638871,0,0,0.02588678030012822
fast| furious| gta| edition| promotions,0.3044113785895944,1339,0.249335316206088,0,0.3642226867870377,0,0,0.007852032224823481
ffmaml| main| event| group| axb| sea| freefire| freefirelive,0.316078223975378,374,0.21417718061773905,0,1.9912181678730803,0,0,0.0723460139516426
ffmic| 2026| fall| grand| finale| rush| watchparty| tag,0.3134786760745692,466,0.2303849570897173,0,1.550922005420421,0,0,0.04701193879247423
ffmic| 2026| fall| watch| party| last| chance| day,0.3095415344885304,741,0.2443683549532818,0,0.8840720770823698,0,0,0.021080483183375832
ffmic| 2026| fall| watch| party| last| chance| lan,0.3108081679165961,626,0.24127291983590515,0,1.098607011190747,0,0,0.02777083101434657
ffmic| 2026| fall| watch| party| last| chance| s8ul,0.3110489498758639,610,0.2421164045039138,0,1.1393892459095138,0,0,0.02735668978078982
ffmic| 2026| fall| watch| party| top| kon| karega,0.9117321033543512,67,0.08178501803736504,0,1.2550977715537586,0,0,0.217775088755732
ffmic| fall| grand| finale| champion| rush| watchparty| tag,0.3101070514615389,686,0.2296921472575193,0,0.979856022029126,0,0,0.03972023342812102
ffmic| grandfinals| champion| rush| s8ul| elite| tag| tournament,0.3071218039620741,967,0.24875501122928861,0,0.47423232585610264,0,0,0.010097096082296685
ffws| sea| 2026| fall| grand| finals,0.3060007289318449,1106,0.24522440910517473,0,0.3642226867870377,0,0,0.012692252965021394
ffws| sea| final| watchparty| wiith| nonstop| gaming| bru,0.3135426712140813,462,0.23346440993396816,0,1.5617611264591291,0,0,0.043540045056393376
fide| chess| olympiad| round| india| azerbaijan| open| kazakhstan,0.3028092585791371,1705,0.2547819983736855,0,0.3642226867870377,0,0,0.0014390573397878635
fide| chess| olympiad| round| india| germany| open| uzbekistan,0.3037285350423137,1448,0.25329419350997473,0,0.3642226867870377,0,0,0.0031908127995744088
fide| chess| olympiad| round| india| indonesia| open| finland,0.3030341581324343,1629,0.25477970098022346,0,0.3642226867870377,0,0,0.0014417623124886134
fide| chess| olympiad| round| india| netherlands| open| poland,0.3029788501004859,1648,0.25477970098022346,0,0.3642226867870377,0,0,0.0014417623124886134
fide| chess| olympiad| round| india| spain| open| mongolia,0.3024424538095261,1799,0.2545519379897573,0,0.3642226867870377,0,0,0.0017099326027048434
fide| chess| olympiad| round| india| uzbekistan| open| china,0.3027984383997368,1710,0.25290958909627614,0,0.3642226867870377,0,0,0.0036436496587537344
fide| chess| olympiad| round| india| uzbekistan| open| usa,0.3028145104507267,1702,0.2529213148383557,0,0.3642226867870377,0,0,0.003629843659587468
fight| gold| fide| chess| olympiad| round| india| hungary,0.3024801263325534,1790,0.25211443536097794,0,0.3642226867870377,0,0,0.004579871156043513
filmy| babe,0.3351426469386087,246,0.13642656506830425,0,5.220238209193778,1,1,0.2097327322227845
filmy| babe| masoom| sharma| amar| karnawal| pinna| music,0.3124101212279666,512,0.13308868985874783,0,1.7714585312962219,0,0,0.16470043823128983
film| talk| dharman| shooting| update| ajith| gladiators| str,0.3156356736242884,386,0.22634695992656612,0,1.9162615874553042,0,0,0.056953042279560086
film| talk| dharman| update| sigma| baththa| teaser| worth,0.3145381565421704,428,0.23294577448963083,0,1.7303705872039,0,0,0.0465444405421515
film| talk| jailer| vettuvam| jackie| sigma| dorothy| teaser,0.3147570054637824,418,0.22944455697359373,0,1.7674379327652934,0,0,0.05119305228461933
finale| noob| pro| security| tower| build| battle| minecraft,0.3123752617124833,516,0.23250810724048665,0,1.3640321585088035,0,0,0.04185884585897284
finally| answered| everything| you| asked,0.3256566709881066,272,0.1741734016665769,0,3.613559291361656,1,1,0.14247922387917877
finally| became| player| steal| egg| roblox,0.3090887329001006,766,0.23489848515457656,0,0.8073792022651622,0,0,0.03114158800987594
finally| became| player| steal| egg| roblox| 100| real,0.3116094986807388,558,0.23078905867017852,0,1.2343317117040589,0,0,0.04204151204402093
finally| bought| supra| mk4| car| sale| expensive,0.3102231344541588,680,0.2153742557304798,0,0.9995174778386614,0,0,0.056857387540062095
finally| door| escape| gulli| bulli| aur| granny| secret,0.3080202048831842,869,0.24805657136239245,0,0.6263981996934838,0,0,0.013079745315701129
finally| found| demon| eggs| steal| egg| roblox,0.310095457052892,687,0.23340680633804883,0,0.977892229158993,0,0,0.035318678863582545
finally| found| needle| hay| roblox,0.3096415417493974,728,0.24482839599032458,0,0.9010107198223262,0,0,0.020779304516111926
finally| killed| ender| dragon| minecraft| vazha,0.317515544989027,348,0.21611281511400426,0,2.2346631631837357,0,0,0.07352316929455277
finally| made| onto| top| leaderboard| roblox| steal| egg,0.3061607510534131,1072,0.23713603297223934,0,0.3642226867870377,0,0,0.02221558320628573
finally| michael| killed| tommy| vercetti| gta| real| life,0.313030255448212,483,0.23203982640572934,0,1.47497115224004,0,0,0.04398520548855608
finally| ps5| gaya| yaatri,0.3047388781431334,1289,0.25373305844376365,0,0.3642226867870377,0,0,0.0026740890929747643
finally| scooter| escape| gulli| bulli| aur| granny,0.3073176284105089,938,0.2488827959770853,0,0.5073999213189265,0,0,0.010417521610007262
finally| super| bikes| update| car| sale| simulator| cars,0.3112221800785503,595,0.24179367559874865,0,1.1687299606699555,0,0,0.028153224085221855
finally| tag| comeback| rntx| elite| nova| dono| tabahi,0.3229322912277745,285,0.19058001175766448,0,3.152119841384712,1,1,0.11661086880152802
finally| update| here| bgmi| shortsfeed| shortslive,0.6017408236707392,125,0.17217376593164485,0,0.5175191263219051,0,0,0.10087911848455348
finally| update| indian| bike| driving| police,0.3135049851506152,464,0.23374330022070577,0,1.5553780822702097,0,0,0.043121056900593056
finally| update| indian| theft| auto| simulator,0.3078481028746826,884,0.24436119728603828,0,0.5972485718408689,0,0,0.017016876168834492
finally| update| spider| fighter| secret| glitch,0.3099064913089323,709,0.24173754566183503,0,0.945886320795237,0,0,0.02505559990198361
finally| update| spider| fighter| zerg| queen| invasion,0.3064833031548158,1036,0.2507332928529777,0,0.36608680752528283,0,0,0.0062325062836114204
final| boss| came| out| volcano| how| fish,0.313188596491228,478,0.23699189937100706,0,1.5017900285442691,0,0,0.03853533583746936
final| day| 7t7t| mumbai| monsoon| league| 2026,0.3026498540863621,1740,0.2538689916104482,0,0.3642226867870377,0,0,0.0025140401022006637
finance |  ministry |  crude,0.375,228,0.10011634375554568,0,2.7447749374000825,0,0,0.2173405662333223
financer| bintu| pabra| pranjal| dahiya| shiva| choudhary| gunde,0.3022036306559084,1866,0.25599289750350573,0,0.3642226867870377,0,0,1.3333299188279773e-05
finding| every| anomaly| school,0.6058604892078164,101,0.15175817195399516,0,0.5199751823446983,0,0,0.12495149976086013
finding| friends| secret| dark| minecraft,0.3034576334545301,1518,0.22910940439163074,0,0.3642226867870377,0,0,0.031666211297856094
finding| rarest| animal| eggs| roblox,0.312909952606635,488,0.2378975060452863,0,1.4545949631873183,0,0,0.0367990374666267
finding| scary| anomalies| high| school,0.3060285794898179,1096,0.2395590783998946,0,0.3642226867870377,0,0,0.019362666697719237
find| girlfriend| free| fire| dhokha| mila| gaming| revange,0.3279261697625206,263,0.1666649388791553,0,3.997953670382164,1,1,0.1567770073132612
fire |  safety |  clearance,0.375,228,0.080205233982591,0,2.7447749374000825,0,0,0.24078409441764986
firki| wali| instagram| trending| dance| cover| neelu| maurya,0.3012925079110398,2234,0.2535749711526441,0,0.5130996176223301,0,0,0.004973828976479075
first| day| camping| went| wrong,0.30608299685472,1087,0.14244166727418195,0,1.3712995550907503,0,0,0.1480070958481342
first| day| school| went| extremely| wrong,0.3136628487411737,455,0.23560134637588692,0,1.5821160904801277,0,0,0.04131297547288366
first| ever| mobile| pack| opening,0.305756936528902,1138,0.24707662116144308,0,0.3642226867870377,0,0,0.010511441044459391
first| free| fire| gameplay| freefire,0.3036435334335037,1467,0.2542989080681289,0,0.3642226867870377,0,0,0.002007852415654242
first| gta| gameplay| here,0.3087357602051421,800,0.08900566699906265,0,3.041460102185271,1,1,0.2346344222367303
first| job| titan| chaser| chase| dragon,0.3131885023313008,479,0.2368021832855149,0,1.5017740802885882,0,0,0.03875848292596165
first| stream| bootcamp| solo| kills| today| bgmi| live,0.3131097963045713,480,0.21825445110770564,0,1.4884433155351642,0,0,0.06040750056476466
first| time| playing| free| fire| son| tonde| gamer,0.321611904059543,303,0.08744831204558756,0,2.9284804143354224,0,0,0.23486409352010765
fishing| island| fun| how| fish| gameplay| vtg,0.3190135561002451,326,0.2105134008738041,0,2.4883874909314687,0,0,0.0837180977166436
fitbit |  comes |  india,0.375,228,0.05598866741657449,0,2.7447749374000825,0,0,0.2692969079821248
flags |  million |  travis,0.375,228,-0.023809038081072487,1,6.325635767407467,1,1,0.41408897440727
flash flood risk,0.6000000000000001,180,0.08224657660092499,0,3.6938237618821637,1,1,0.2518542485748445
flatbed| mcqueen| transportation| truck| speedbumps| cars| train| beamng,1.5050596064701085,46,0.03735614615179228,0,2.1072860415487167,0,0,0.28218458145837777
flatbed| truck| mcqueen| transportation| pothole| car| 169| beamng,0.3106692209201177,637,0.24164577309771929,0,1.0750729846337672,0,0,0.026997717397318773
flatbed| truck| mcqueen| transportation| pothole| car| 171| beamng,0.3124447869697248,509,0.2378446250597409,0,1.3758079384232442,0,0,0.03574276031263325
flatbed| truck| mcqueen| transportation| pothole| car| 173| beamng,0.3037102922214649,1453,0.24779714895695504,0,0.3642226867870377,0,0,0.009663084831556576
flatbed| truck| mcqueen| transportation| pothole| car| 177| beamng,0.3191052788897159,325,0.21062051515437735,0,2.5039229585413905,0,0,0.08381253745330651
flatbed| truck| mcqueen| transportation| pothole| car| 183| beamng,0.3214271614686143,305,0.19958320235502092,0,2.8971897988394892,0,0,0.10239118449913305
flatbed| truck| mcqueen| transportation| pothole| car| beamng| drive,14.407296619617648,1,-0.15554452526286033,1,25.70683388893689,1,1,0.8443505296599815
flesh| blood,0.3090440195642507,770,0.247093747084785,0,0.799805919934399,0,0,0.01667525382785261
flight |  neerja |  machchhar,0.375,228,-0.00504669974357197,1,6.12680144102936,1,1,0.3891751687568511
flight |  pilot |  smit,0.375,228,0.03674612105652586,0,3.879489338606239,1,1,0.30806280846951084
flood| school| bus,0.3034837838513666,1505,0.25325862952051786,0,0.3642226867870377,0,0,0.003232686175729044
flydubai |  flight |  aviv,0.375,228,0.08803334703487808,0,2.7447749374000825,0,0,0.23156720037889222
flydubai |  flight |  indian,0.375,228,0.009092707728573735,0,5.214009204889236,1,1,0.35956838197911206
flydubai |  inside |  cockpit,0.375,228,0.0838113073715796,0,2.8500025846164982,0,0,0.23803218699822065
flydubai |  israel |  news,0.375,228,-0.018828490562200928,1,4.221305813239171,1,1,0.37834964957131445
flydubai |  pilot |  incident,0.375,228,0.00419017440630276,0,3.9176184776428964,1,1,0.34693580624010006
flydubai |  pilot |  machchhar,0.375,228,0.0726570585635451,0,2.773744306543184,0,0,0.2500826655068549
flydubai |  shouting |  allahu,0.375,228,0.08857816367890486,0,2.7447749374000825,0,0,0.23092572813072645
flydubai |  smit |  machchhar,0.375,228,0.034929774940017255,0,4.184827709499212,1,1,0.31453628164027114
flydubai |  suspends |  flights,0.375,228,0.09628158583406565,0,2.7447749374000825,0,0,0.22185564632867702
fly| karke| lyrical| sabba| jasmeen| akhtar| anjali| arora,0.3015544274900877,2097,0.2548708159587967,0,0.4687372169563815,0,0,0.0028182759062375822
forced| become| firefighter| roblox,0.3072168317329445,952,0.24975085867909042,0,0.4903275718131659,0,0,0.009153080190325987
ford |  farley |  workers,0.375,228,-0.015979781440147556,1,7.502072198477931,1,1,0.4215726068937077
ford| karan| aujla| tru| skool| punjabi| 2026| latest,0.3034426813343358,1522,0.2537290920269801,0,0.3642226867870377,0,0,0.0026787591894544094
foreign |  visa |  kerala,0.375,228,0.03307713614052554,0,2.768505042494534,0,0,0.29661005710698407
former |  aiadmk |  minister,0.375,228,0.03328989261898552,0,3.1608560725559354,1,1,0.301929764861773
former |  family |  stuck,0.375,228,0.0886762277839469,0,2.7447749374000825,0,0,0.23081026652980924
found| dark| secret| steal| egg| update| roblox,0.3086211446433769,809,0.2281094131587103,0,0.7281818483793857,0,0,0.038010740153614976
found| duo| roblox| rivals,0.3084777413662717,826,0.22890346704010328,0,0.7038930431710174,0,0,0.03673098536420189
found| elytra| started| flying| minecraft,0.315094385023521,407,0.22927796055079358,0,1.824581301962936,0,0,0.05220046913660563
found| franklin| jack| michael| body| parts| indian| bike,0.3016862598452801,2041,0.25502893766736984,0,0.4464082265729994,0,0,0.0023150971461603806
found| golden| phoenix| ride| pet| roblox,0.3098964482544601,711,0.24115359335762437,0,0.9441852871878104,0,0,0.02571900126372563
found| hidden| gaming| room| steal| egg| hide| seek,0.3072616116310433,947,0.2179773736657435,0,0.7486970500383631,0,0,0.0502315532886115
found| hidden| secret| steal| egg| roblox,0.3114050604921503,578,0.2112215806276871,0,1.1997051715020852,0,0,0.06458885185433921
found| rarest| pet| max| speed| roblox| ride,0.3027151363311881,1730,0.2544148250779195,0,0.3642226867870377,0,0,0.0018713706365340802
found| scariest| shin| thomas| arrival| minecraft,0.3012315877629439,2269,0.2535749711526441,0,0.5234179146670938,0,0,0.005120317883348875
found| scary| catnap| worm| minecraft| horror,0.3015058014611087,2116,0.2547209826789119,0,0.4769732082793725,0,0,0.003111617424928974
found| secret| girls| island| minecraft,0.3060333349770699,1092,0.25195745331941216,0,0.3642226867870377,0,0,0.004764703290356762
found| surprising| trio| roblox| rivals| audition,0.3058308167586518,1127,0.24459155200732102,0,0.3642226867870377,0,0,0.013437384872753507
found| villager| secret| base| minecraft,0.3036301147581279,1470,0.2436679827256823,0,0.3642226867870377,0,0,0.014524804043817804
found| way| steal| any| egg| roblox,0.3067055140754251,1010,0.22820786132957072,0,0.589798782318266,0,0,0.03593020137469761
found| worst| rivals| trio| roblox| audition,0.308550054752833,817,0.22890346704010328,0,0.7161410600615606,0,0,0.036904870511899696
found| year| old| minecraft| world,0.3055660700774748,1174,-0.04283931918007855,1,6.98031473781429,1,1,0.4457898867317539
four| seasons| you,0.3034386946954255,1523,0.2536394704076584,0,0.3642226867870377,0,0,0.002784280528166878
frankin| opens| superbike| showroom| gta| shinchan| chop,0.30359371559456,1478,0.25322211838727937,0,0.3642226867870377,0,0,0.0032756747278930715
franklin| ask| question| answers| his| tuition| center| gta,0.3032870133992023,1561,0.2529641658162325,0,0.3642226867870377,0,0,0.003579390514632966
franklin| became| giant| gta| shinchan| tried| save,0.3030947623644568,1610,0.25470215178019107,0,0.3642226867870377,0,0,0.001533069471022831
franklin| became| giant| stop| king| kong| gta| malayalam,0.3030517047583364,1623,0.25406183286505857,0,0.3642226867870377,0,0,0.0022869869926999352
franklin| became| harry| potter| gta| telugu,0.3018687408198691,1969,0.25471904034673876,0,0.4155006703755633,0,0,0.0022411784640047373
franklin| became| mafia| boss| attacked| military| base| gta,0.3041641465139881,1372,0.25366745904754845,0,0.3642226867870377,0,0,0.0027513264399424754
franklin| became| mafia| boss| fought| duggan| entire| army,0.3035443562121404,1494,0.25395208215263054,0,0.3642226867870377,0,0,0.0024162085152265836
franklin| became| mafia| gang| fights| duggan| army| gta,0.3029739858664234,1650,0.25470215178019107,0,0.3642226867870377,0,0,0.001533069471022831
franklin| became| police| officer| one| day| gta| malayalam,0.3029258649093904,1665,0.2541683144454118,0,0.3642226867870377,0,0,0.0021616145770692375
franklin| became| zombie| saved| his| family| gta| malayalam,0.3028162546873804,1701,0.2550350694033212,0,0.3642226867870377,0,0,0.0011410891258834472
franklin| becomes| friends| lava| king| hell| gta,0.304037328491625,1399,0.24657527014187813,0,0.3642226867870377,0,0,0.011101736456992188
franklin| becomes| richest| police| officer| gta| shinchan| chop,0.3046766387001431,1298,0.25324720396164463,0,0.3642226867870377,0,0,0.003246138736360808
franklin| become| flash| indian| bike| driving,0.3057109809335472,1147,0.2516173881158002,0,0.3642226867870377,0,0,0.005165099264076667
franklin| become| giant| indian| bike| driving,0.3011056558549503,2342,0.2539687066814298,0,0.5447475219433079,0,0,0.004959546488150097
franklin| become| poor| rich| man| indian| bike| driving,0.305655512062537,1158,0.2516173881158002,0,0.3642226867870377,0,0,0.005165099264076667
franklin| become| poor| rich| man| indian| theft| auto,0.3042649107550556,1357,0.25338431911147574,0,0.3642226867870377,0,0,0.003084698067497126
franklin| become| shinchan| tries| save| gta,0.305822247927511,1130,0.25207041929931795,0,0.3642226867870377,0,0,0.004631696081618014
franklin| blue| gang| shinchan| red| two| ganeshas| fight,0.3029668144976296,1652,0.2544213307708928,0,0.3642226867870377,0,0,0.0018637107723518823
franklin| bought| his| millionaire| mansion| gta| shinchan| chop,0.3033558185252283,1544,0.2523733774261381,0,0.3642226867870377,0,0,0.004274990329614877
franklin| bought| houseboat| escape| huge| tsunami| naddymog,0.3071154391528897,968,0.25010303981214116,0,0.47315429184188795,0,0,0.0084946096786415
franklin| brings| royal| enfield| his| dealership| telugu,0.3048755446842133,1272,0.2529943099301224,0,0.3642226867870377,0,0,0.00354389855101929
franklin| brought| biggest| army| destroy| tuggan| gta,0.3072717581664508,944,0.24942913173816045,0,0.49963068866765487,0,0,0.009663960910247201
franklin| builds| his| ultimate| mafia| army| gta| shinchan,0.3040047344972305,1408,0.2546665492424221,0,0.3642226867870377,0,0,0.0015749882343232071
franklin| builds| secret| bunker| save| shinchan| serbian| dancing,0.3044653837685891,1329,0.25348676065370007,0,0.3642226867870377,0,0,0.0029640824308115135
franklin| build| secret| underground| tunnel| escape| zombie| monsters,0.3032598527869379,1566,0.25380947928279823,0,0.3642226867870377,0,0,0.002584110477307105
franklin| built| biggest| workshop| los| santos| dhanu| dino,0.3064685355087703,1042,0.2519277619677176,0,0.3642226867870377,0,0,0.004799662167497186
franklin| built| flying| house| save| shinchan| gta,0.3042883663366336,1351,0.2536520259336225,0,0.3642226867870377,0,0,0.0027694975336394227
franklin| buried| someone| gta| mods,0.3053830852040541,1194,0.25222697978296527,0,0.3642226867870377,0,0,0.004447360293568507
franklin| celebrates| ganesh| chaturthi| indian| bike| driving,0.3019161835641899,1949,0.2556383041270051,0,0.4074650968613506,0,0,0.0010447475595754898
franklin| changed| house| school| indian| bike| driving,0.3016275593328518,2065,0.25502893766736984,0,0.4563505747590503,0,0,0.0024562487054898977
franklin| change| house| giant| hulk| tractor| indian| bike,0.3008469864939991,2519,0.25206857042030506,0,0.588559419748865,0,0,0.007818782517700653
franklin| chithappu| build| jungle| house| survive| hours| gta,0.3052250071737801,1220,0.25261704967270826,0,0.3642226867870377,0,0,0.003988088331416575
franklin| chithappu| build| wooden| boat| survive| hours| gta,0.3071299292491636,964,0.24955409975013182,0,0.47560853928275865,0,0,0.009175779839295625
franklin| chithappu| celebrate| ganesha| chaturthi| friends| gta,0.3050538506344438,1250,0.25316770353903745,0,0.3642226867870377,0,0,0.0033397432827326516
franklin| climbs| ladder| escape| zombies| 100| days| zombie,0.3062360785778952,1065,0.24732808742838247,0,0.3642226867870377,0,0,0.010215362293268493
franklin| collecting| rare| elemental| cars| gta,0.3075327275083889,913,0.2483922460171557,0,0.543832143750415,0,0,0.01151232816943968
franklin| collects| rare| golden| cars| gta| telugu,0.3039196892045301,1415,0.2546395979563498,0,0.3642226867870377,0,0,0.0016067209323920389
franklin| colourfull| hulk| indian| bikes| driving,0.3009200923211278,2465,0.25365355578689947,0,0.5761771839271416,0,0,0.005776815164068049
franklin| completed| his| modern| mansion| gta,0.3068465263289011,993,0.24696065290435043,0,0.42760741640264344,0,0,0.011547856437590435
franklin| destroyed| evil| sun| save| shinchan| gta,0.3044360926152526,1334,0.25432421635448094,0,0.3642226867870377,0,0,0.001978054200931056
franklin| digging| tunnel| minecraft| world| gta| gtav| mods,0.3041020457024287,1382,0.2544174135659457,0,0.3642226867870377,0,0,0.0018683229263517249
franklin| discovers| portal| naruto| leaf| village| gta| malayalam,0.3037199463419667,1450,0.25425231260400116,0,0.3642226867870377,0,0,0.002062714353988978
franklin| enter| ice| female| titan| head| fight| lava,0.3000168398468197,2786,0.25044361144653116,0,0.7291647853635126,0,0,0.01172819948996197
franklin| escaped| rising| tsunami| los| santos| gta| mods,0.3052183570280543,1223,0.25189549383664644,0,0.3642226867870377,0,0,0.004837654968945639
franklin| escaping| rising| flood| los| santos| gta,0.3044977679826386,1325,0.25338313507234017,0,0.3642226867870377,0,0,0.0030860921663275094
franklin| escaping| rising| flood| los| santos| gta| mods,0.3044180970795092,1336,0.2531993963213427,0,0.3642226867870377,0,0,0.0033024279023402413
franklin| fights| hell| monster| lava| king| gta| shinchan,0.3043809020238056,1342,0.24803526292936612,0,0.3642226867870377,0,0,0.009382727197705162
franklin| fight| longest| car| ever| gta| mods,0.3053683666847661,1196,0.25147172096493636,0,0.3642226867870377,0,0,0.005336609139505389
franklin| find| squid| doll| babies| horror| tung| sahur,0.3009413096034155,2448,0.2535585969528999,0,0.5725835252120917,0,0,0.005837601401605897
franklin| finished| most| impossible| maze| los| santos| gta,0.3056279922331631,1164,0.25204640390930766,0,0.3642226867870377,0,0,0.004659972028010946
franklin| found| abandoned| bmw| supercars| gta| shinchan| chop,0.304285091420893,1352,0.25265261358377383,0,0.3642226867870377,0,0,0.003946215047560586
franklin| found| biggest| megalodon| save| los| santos| gta,0.3021733332016161,1878,0.25495603643087683,0,0.3642226867870377,0,0,0.0012341432920308171
franklin| found| colourful| train| mystery| container| indian| bikes,0.3009968998845055,2412,0.25329214798212946,0,0.5631679697510847,0,0,0.006017648248626016
franklin| found| fastest| supercar| 100| days| zombie| apocalypse,0.3084181591203725,833,0.24792212818220016,0,0.6938013521459957,0,0,0.01419496282334448
franklin| found| giant| colourful| spiderman| bike| attacked| zombie,0.3008640506754044,2505,0.2540439929231539,0,0.5856691888799382,0,0,0.005451868836953177
franklin| found| giant| motu| gta,0.3010468684194693,2380,0.25336092204538946,0,0.554704592645737,0,0,0.005816518418148958
franklin| found| giant| mysterious| hand| print| gta| mods,0.3059047136340598,1117,0.2516834512683785,0,0.3642226867870377,0,0,0.005087315885999051
franklin| found| giant| rgb| defender| indian| theft| auto,0.301220103352083,2275,0.25386570821319476,0,0.5253630767579838,0,0,0.0048056168043257835
franklin| found| gold| inside| his| wall| gta,0.3042486428643087,1360,0.2540196368345907,0,0.3642226867870377,0,0,0.0023366689964063954
franklin| found| his| twin| brother| duggan| boss| army,0.3053874653528042,1193,0.25251692904843126,0,0.3642226867870377,0,0,0.0041059712974508685
franklin| found| longest| rail| colorful| meat| indian| bikes,0.3010173578307646,2400,0.2539176875168103,0,0.5597029229147605,0,0,0.005231938824076934
franklin| found| longest| rail| monster| head| indian| bike,0.3012447858915465,2265,0.25439578742901087,0,0.521182493125736,0,0,0.004122144779400479
franklin| found| longest| road| spiderhulk| flashhulk| deadpool| hulk,0.3007808665019408,2560,0.2532400283785704,0,0.5997584358376304,0,0,0.006598489362845798
franklin| found| red| devil| body| parts| indian| bike,0.3000152589787787,2790,0.2511862962615662,0,0.7294325435116124,0,0,0.010857556757144627
franklin| found| secret| compound| inside| his| house| gta,0.3035752115236996,1486,0.25322211838727937,0,0.3642226867870377,0,0,0.0032756747278930715
franklin| found| tung| sahur| gta,0.3043055104031209,1349,0.2537985166696158,0,0.3642226867870377,0,0,0.0025970179613221743
franklin| going| flipped| indain| bike| driving| city| gta,0.3013966972908382,2168,0.25512345370408124,0,0.4954526321294755,0,0,0.002900096707832125
franklin| got| arrested| los| santos| army| gta,0.304270325069835,1356,0.2535192979090593,0,0.3642226867870377,0,0,0.002925772759891466
franklin| got| hunted| cursed| gold| train| most| shocking,0.3018943796927523,1959,0.25538608094572063,0,0.4111581086029656,0,0,0.0013941472121908644
franklin| grann| kamla| squid| doll| evil| house| indian,0.3011950195592023,2291,0.2544797425975546,0,0.5296116223384228,0,0,0.004142963556356979
franklin| has| girlfriend| while| shinchan| family| leaves| him,0.3074405949954829,923,0.24865735297621944,0,0.5282272795903793,0,0,0.010978646416255476
franklin| house| got| raided| yellow| gang| gta| telugu,0.3030946240825232,1611,0.25363593144265345,0,0.3642226867870377,0,0,0.002788447338896294
franklin| house| mafia| headquarters| gta| dhanu| dino| shin,0.3035669661450585,1487,0.25416390887288226,0,0.3642226867870377,0,0,0.0021668017396605076
franklin| house| mafia| headquarters| gta| shinchan| chop,0.3040364691477761,1400,0.24899223956760475,0,0.3642226867870377,0,0,0.008255973890324793
franklin| house| turned| into| frooti| indian| theft| auto,0.3012153896396197,2282,0.25344590419488394,0,0.526161457702548,0,0,0.005311232627164862
franklin| jails| all| cartoon| characters| indian| bike| driving,0.3008507485565377,2512,0.25197468973918247,0,0.5879222236817577,0,0,0.007920272240627585
franklin| kitcat| house| indian| theft| auto| simulator,0.300869164887326,2504,0.25323493220456367,0,0.5848029736883135,0,0,0.006392166886611078
franklin| loots| most| expensive| super| bikes| cargo| plane,0.3043827853699832,1341,0.25351288819680906,0,0.3642226867870377,0,0,0.002933319615466343
franklin| made| animal| army| fight| gangs| gta| mods,0.3044158203734085,1338,0.2532413709597944,0,0.3642226867870377,0,0,0.003253006567678848
franklin| mafia| boss| fights| duggan| army| gta| shinchan,0.3029586851113151,1657,0.24287401046917406,0,0.3642226867870377,0,0,0.015459634456852226
franklin| mafia| boss| fights| los| santos| army| gta,0.3034358294732683,1525,0.24818873207987407,0,0.3642226867870377,0,0,0.009202031174410414
franklin| mafia| boss| trapped| duggan| his| twin| brother,0.3040565434061779,1396,0.2485570326118947,0,0.3642226867870377,0,0,0.008768390659080796
franklin| mafia| boss| went| inside| duggan| house| gta,0.3042732559795393,1355,0.2520999553480928,0,0.3642226867870377,0,0,0.004596920059597992
franklin| mafia| joins| families| gang| fight| duggan| army,0.3037803522111832,1438,0.2505569391798994,0,0.3642226867870377,0,0,0.006413681829303579
franklin| mafia| los| santos| gta| shinchan| chop,0.3038993574379111,1418,0.25097300140032913,0,0.3642226867870377,0,0,0.005923806252185974
franklin| mafia| meets| his| biggest| enemy| duggan| gta,0.3034979409283896,1501,0.24163040160772475,0,0.3642226867870377,0,0,0.016923871243556456
franklin| opened| abandoned| containers| found| rare| police| cars,0.3058521521270306,1122,0.25174668160423785,0,0.3642226867870377,0,0,0.005012867893007872
franklin| opens| every| haunted| mystery| container| indian| bike,0.3000400824553367,2760,0.2505810916220759,0,0.725228088781694,0,0,0.01151043973833054
franklin| opens| every| mystery| container| gta,0.3020441397381291,1907,0.25588354080008285,0,0.3857926313030043,0,0,0.00044831950550017007
franklin| play| hide| kill| all| colorful| hulks| indian,0.3010918237076275,2350,0.25384789009050324,0,0.5470903298534083,0,0,0.005135057934075279
franklin| play| long| slide| game| red| evil| indian,0.3000368454513929,2763,0.25068663818079473,0,0.7257763535064393,0,0,0.011393951942599538
franklin| rescues| shinchan| kamala| ghost| school| gta| bangla,0.302242006172707,1850,0.25548864401625154,0,0.3642226867870377,0,0,0.000607046104515999
franklin| saved| shinchan| his| friends| scary| teacher| gta,0.3025795057822387,1762,0.2541954997121108,0,0.3642226867870377,0,0,0.0021296063880067826
franklin| saves| his| family| zombie| apocalypse| gta| malayalam,0.3025947837680193,1760,0.25463247764434654,0,0.3642226867870377,0,0,0.0016151044548090375
franklin| save| found| dead| pool| baby| indian| bike,0.3000079763898859,2799,0.2504470088081898,0,0.7306660256648796,0,0,0.01174551251926641
franklin| save| four| hulk| verity| monster| indian| bike,0.3012600932123746,2257,0.25424346695547684,0,0.5185898289875105,0,0,0.00426468027584985
franklin| save| spider| hulk| change| his| house| indian,0.3000057020669993,2801,0.24857758341750985,0,0.73105123712371,0,0,0.013952060430606063
franklin| saving| his| house| giant| colourful| verity| indian,0.3008567823064491,2510,0.25285718412399066,0,0.5869002625436872,0,0,0.006866706253357604
franklin| saving| his| iron| hulk| team| verity| monster,0.3000101500359864,2795,0.24814558490116556,0,0.7302978662490418,0,0,0.014450003943133189
franklin| saving| his| spider| hulk| team| flash| indian,0.3000160614783973,2788,0.25107880571421204,0,0.7292966208373938,0,0,0.010982187445243504
franklin| secured| his| house| save| shinchan| granny| gta,0.6019324667402791,121,0.1757883638082472,0,0.5175191263219051,0,0,0.09662325689966891
franklin| shinchan| big| plan| gone| wrong| ganesh| 2026,0.3036293796668581,1471,0.25372932049671243,0,0.3642226867870377,0,0,0.0026784901870396363
franklin| shinchan| built| 000| biggest| river| mansion| gta,0.3032116888149346,1583,0.25449948756094737,0,0.3642226867870377,0,0,0.0017716882316028107
franklin| shinchan| built| secret| bunker| escape| serbian| dancing,0.3073082843237568,940,0.24949978646604842,0,0.5058172747605373,0,0,0.009668602357130301
franklin| shinchan| buy| tata| signa| truck| start| transport,0.3000597087539667,2745,0.2500235760175819,0,0.721903901538487,0,0,0.012119670361780155
franklin| shinchan| celebrates| vinayagar| chathurthi| world| biggest| ganesh,0.3050989828064929,1237,0.2516219000950015,0,0.3642226867870377,0,0,0.005159786817267859
franklin| shinchan| celebrating| ganesh| visarjan| gta,0.3029304649784026,1664,0.2546140338518537,0,0.3642226867870377,0,0,0.001636820349807458
franklin| shinchan| chop| got| lost| time| gta| mods,0.3023293829178586,1830,0.2533798943745334,0,0.3642226867870377,0,0,0.003089907794448507
franklin| shinchan| controls| entire| indian| bike| driving| city,0.3022413844681105,1851,0.25600422177098314,0,0.3642226867870377,0,0,0.0
franklin| shinchan| driving| tata| signa| truck| container| start,0.3019356391942862,1941,0.2557498754200101,0,0.40416981645247346,0,0,0.0008665993584008841
franklin| shinchan| escape| evil| serbian| dancing| lady| ganesha,0.3001160903143293,2735,0.2487395017373123,0,0.7123543238396178,0,0,0.013495976118678261
franklin| shinchan| escape| serbian| dancing| lady| gta| tamil,0.3125693870008272,500,0.2367307590501701,0,1.3969119602105606,0,0,0.0373538505302669
franklin| shinchan| fight| against| dangerous| moons| gta| bangla,0.3000418407610369,2758,0.25043042785615655,0,0.7249302772845462,0,0,0.011683604644300469
franklin| shinchan| find| pennywise| inside| their| house| gta,0.3030459072381289,1626,0.25262942307875275,0,0.3642226867870377,0,0,0.0039735197665978494
franklin| shinchan| found| chop| puppies| inside| his| secret,0.3063866708582207,1049,0.2519958778100662,0,0.3642226867870377,0,0,0.004719461933150228
franklin| shinchan| found| chop| secret| marriage| his| puppies,0.3000768332135154,2738,0.25001737941496477,0,0.7190034611115154,0,0,0.012085788735033031
franklin| shinchan| found| dinosaur| eggs| rex| attacks| city,0.3025161579556917,1780,0.25463247764434654,0,0.3642226867870377,0,0,0.0016151044548090375
franklin| shinchan| found| doraemon| gta,0.3038558998626163,1428,0.2540418849445653,0,0.3642226867870377,0,0,0.002310473862173058
franklin| shinchan| found| his| mom| gta,0.311175965665236,600,0.24285723008795196,0,1.160902434650539,0,0,0.026789857592218205
franklin| shinchan| found| scary| granny| feared| gta,0.3173318480390273,352,0.21788413949233992,0,2.203549652209788,0,0,0.07099587664070386
franklin| shinchan| found| street| dogs| secret| drainage| saved,0.3018966417261179,1957,0.25538608094572063,0,0.4107749786710565,0,0,0.001388707914923982
franklin| shinchan| going| ganesha| temple| avengers| gta| special,0.3024392087524936,1801,0.2541954997121108,0,0.3642226867870377,0,0,0.0021296063880067826
franklin| shinchan| his| friends| luxury| bus| picnic| trip,0.3022881535313624,1836,0.25495603643087683,0,0.3642226867870377,0,0,0.0012341432920308171
franklin| shinchan| his| friends| opening| mystery| containers| gta,0.3000923048521584,2736,0.250563568292692,0,0.7163829657864547,0,0,0.011405497622749023
franklin| shinchan| joined| indian| bike| driving| city| los,0.3014310792245458,2156,0.25512345370408124,0,0.48962922204171594,0,0,0.0028174217301386514
franklin| shinchan| krishna| janmashtami| bus| journey| virat| kohli,0.3023359125192218,1828,0.2552191802161301,0,0.3642226867870377,0,0,0.0009243153207895995
franklin| shinchan| playing| hide| seek| little| ganesha| gta,0.3068344290670868,995,0.25027988803188245,0,0.42555845321511043,0,0,0.007610668596351277
franklin| shinchan| playing| spiderman| hide| seek| gta,0.3032406254561691,1572,0.2541338672095403,0,0.3642226867870377,0,0,0.002202173077034091
franklin| shinchan| saved| dangerous| moon| gta| bangla| gameplay,0.3000225585641474,2778,0.250372144747342,0,0.7281961825950378,0,0,0.01179859379710523
franklin| shinchan| turned| their| house| into| 7up| gta,0.3073394621862638,934,0.24939262161478198,0,0.5110979980782503,0,0,0.009869749713689141
franklin| shinchan| turned| their| house| into| mirinda| gta,0.3062967793719273,1058,0.2514304831096934,0,0.3642226867870377,0,0,0.005385162978677261
franklin| shin| chan| found| secret| mystery| containers| gta,0.3000436287484366,2755,0.2500008736055504,0,0.7246274384754041,0,0,0.012185066460969061
franklin| started| tuition| classes| gta,0.3000598157674363,2744,0.250563568292692,0,0.7218857762252546,0,0,0.011483621045867629
franklin| survives| hardest| acid| rain| gta,0.3052101679989161,1227,0.25293760370474255,0,0.3642226867870377,0,0,0.003610664994882952
franklin| survives| zombie| apocalypse| giant| monster| gta,0.302437971952535,1802,0.25457288321934685,0,0.3642226867870377,0,0,0.0016852714921083301
franklin| testing| cars| giant| speed| bumps| gta| mods,0.3063316249990481,1055,0.25031306998902864,0,0.3642226867870377,0,0,0.006700815711576364
franklin| three| colourful| lady| head| indian| bike| driving,0.3011702644547789,2303,0.25436771873864084,0,0.5338044965975831,0,0,0.004334387756591369
franklin| touch| anything| becomes| diamond| gold| gta| bangla,0.3000406128020577,2759,0.25043042785615655,0,0.7251382617675575,0,0,0.011686557400887147
franklin| trapped| zombies| 100| days| zombie| apocalypse| survival,0.304898435386419,1270,0.2522632077725066,0,0.3642226867870377,0,0,0.004404705117460369
franklin| tried| 000| water| slide| gta| telugu,0.3060315565231641,1095,0.2514143737004452,0,0.3642226867870377,0,0,0.005404130348856471
franklin| tried| join| green| gang| gta,0.3059798811989349,1110,0.24920699546722436,0,0.3642226867870377,0,0,0.008003118271381766
franklin| tried| learn| kung| gta| mods,0.30699588631404,980,0.2484466696880555,0,0.4529051338481323,0,0,0.010157358081820413
franklin| tried| steal| flying| house| gta| mods,0.3069592758484979,984,0.2484466696880555,0,0.44670426812113967,0,0,0.010069324364817224
franklin| turned| his| home| into| tiny| city| indian,0.3016603449879595,2052,0.25488800168963405,0,0.45079753296939273,0,0,0.0025433514952963527
franklin| turned| his| house| into| air| force| base,0.3057056861173752,1149,0.25222910594413483,0,0.3642226867870377,0,0,0.004444856931381688
franklin| turns| his| house| into| secret| military| base,0.3032259686367226,1576,0.2502994692090642,0,0.3642226867870377,0,0,0.0067168293980087515
franklin| twin| brother| join| mafia| gang| fight| duggan,0.3031885192625856,1588,0.25449948756094737,0,0.3642226867870377,0,0,0.0017716882316028107
franklin| upgraded| his| gym| vip| gta| telugu,0.3067424381301558,1005,0.24687967742273503,0,0.4099775683625714,0,0,0.011392906704997794
franklin| verify| attack| indian| bike| driving,0.3000211246778486,2780,0.2502005554528509,0,0.7284390458384993,0,0,0.012004072579091288
free| bundle| halloween| event| rewards| para| samsung| a10,0.3149653047747006,410,0.2212018178900152,0,1.802718447200229,0,0,0.06139900853081516
free| fire| live| 1v1| guild| test| team| code,0.3025143266475644,1781,0.24930017744069383,0,0.3642226867870377,0,0,0.007893404938161637
free| fire| live| daku| freefirelive| shorts,2.1019213581456087,33,-0.0003713002731466908,1,3.1667241777316577,1,1,0.34164607993318313
free| fire| live| grand| finals| 2026| champion| rush,0.3100473050383033,689,0.24396215936260024,0,0.9697365236106791,0,0,0.022774920208074697
free| fire| live| playing| ranked| awm| speed| game,8.402000949299307,4,-0.1515689498311299,1,14.69322886953107,1,1,0.683309452569469
free| fire| live| pritigaming| rank| push| playing| subs,3.902292090638388,16,-0.07678985584550402,1,6.440843176590548,1,1,0.47810468833226494
free| fire| max| mirzapur| movie,0.3030977535013536,1608,0.20834825558495712,0,0.6388774546864354,0,0,0.060009858350542046
free| fire| max| raushanrohi| khushi| kakkar| nachnagin| jaisan,0.3009988208365124,2410,0.2530507275258889,0,0.5628426101773479,0,0,0.0062972798364340585
free| sasuke| bundle| trick| magic| cube| para| samsung,0.3167789612896307,361,0.21142877562497853,0,2.1099049403910444,0,0,0.07726700848903265
french |  moves |  paris,0.375,228,0.08947257243299228,0,2.7447749374000825,0,0,0.22987264283945663
frenklin| city| hounted| blue| train| indian| bike| driving,0.3010988587291794,2344,0.2525728882129627,0,0.5458987792029508,0,0,0.006619340703974198
friday| powerful| kanakadhara| stothram| tamil| lakshmi| kalyanam| deepavadive,0.3013211515709215,2217,0.253916045369561,0,0.5082481226679254,0,0,0.004503368286563664
friends| became| scary| lunar| moons| minecraft,0.3051872998765165,1230,0.2494982548084938,0,0.3642226867870377,0,0,0.007660186779673875
funniest| animal| prop| hunt| game| ever,0.312232085882662,523,0.23894324740368605,0,1.3397818769861332,0,0,0.033937769870340986
funniest| free| fire| memes| 2026| reaction| gamingfreak21,0.3144469654971395,432,0.2337314241702269,0,1.7149251833455317,0,0,0.04540013074435485
funniest| game| ever,0.3082830664019477,848,0.24032269185164135,0,0.6709201405786905,0,0,0.022817766078508172
funniest| party| game| ever| played| mimic,0.3137407330160596,452,0.23457961208485895,0,1.5953076717304693,0,0,0.042703255985506325
further| mis| adventures| cliff| booth| netflix,0.3030824653492445,1614,0.1733790175070431,0,1.2076287964194676,0,0,0.1092575338385389
fused| every| divine| eggs| steal| egg| roblox,0.3058755973314471,1121,0.2420977238722558,0,0.3642226867870377,0,0,0.016373641607708697
gaane| prajapati| kon| alor| swapna| niye| champa| chameli,0.3010933850206252,2348,0.25324849953522355,0,0.5468258838237554,0,0,0.00583703167796432
gajab| kar| dala| mere| kanha,0.3015352016951185,2105,0.2541865303120475,0,0.47199356924071434,0,0,0.0036701907190114878
gajamukhane| ganapathiye| ganapati| bappa| morya,0.3006481894571505,2619,0.2518300300216554,0,0.6222304947862439,0,0,0.00857767062481356
gajamukhane| ganapathiye| ganesha| songs| kannada| vinayaka| bhakti,0.3015102369151724,2114,0.25501165920834645,0,0.47622195710897686,0,0,0.0027587066253152107
gajamukhane| ganapathiye| ganesh| chaturthi| special| 2026| songs| kannada,0.3008728219636082,2498,0.2537919200004416,0,0.5841835595769694,0,0,0.005727570384855197
galgotias |  outscores |  iisc,0.375,228,0.08838319664693567,0,2.7447749374000825,0,0,0.2311552841505116
gambhir |  india |  cricket,0.375,228,-0.020434146127781716,1,6.822721583352733,1,1,0.41717247426967
gameplay| aawara| gamer| free| fire| live| freefirelive| freefire,1.8025890313335016,43,0.026021556876778096,0,2.636883167449707,0,0,0.30304872626903856
games |  india |  october,0.375,228,0.006925014810697738,0,4.403570612419102,1,1,0.3506148439059141
games |  medal |  manu,0.375,228,-0.009069057822841398,1,6.391913876200169,1,1,0.39767493341051763
game| over| drishyam| conclusion| ajay| devgn| tabu| jaideep,0.3048716103897644,1274,0.24608836660160233,0,0.3642226867870377,0,0,0.011675021271332844
game| success| malayalam| dulquer| salmaan| nahas| hidhayath| wayfarer,0.3041437310951849,1375,0.24549060353692198,0,0.3642226867870377,0,0,0.012378833133864913
gam| ganapataye| namaha| ganapathi| bhakti| songs| telugu,0.3008945621888989,2481,0.2532400283785704,0,0.5805013278460783,0,0,0.006325096119084923
ganapathi| 2026| nampally| raja| nalgonda| gaddar| narsanna| ravi,0.3029780116312775,1649,0.24325721304554893,0,0.3642226867870377,0,0,0.015008448134141398
ganapathi| sankashta| stuthi| latha| hamsalekha| lyrical,0.3011536465164563,2314,0.25422207023196036,0,0.5366191454328771,0,0,0.0045458352616251484
gana| dhav| abhijeet| sawant| tanvi| kolte| sanket| sane,0.3034715291042016,1509,0.25315054694351463,0,0.3642226867870377,0,0,0.0033599436198948006
gandhi |  sonia |  surprise,0.375,228,0.08508432708221164,0,2.7447749374000825,0,0,0.2350394042472264
ganesh,0.3013159779783467,2220,0.25473955788778124,0,0.5091243954059891,0,0,0.0035461973389330098
ganesha| habbada| vishesha| bhakthigeethegalu| audio| jukebox| ganesh| chaturthi,0.3008558611643813,2511,0.25122013955539013,0,0.5870562801794392,0,0,0.008796392930367908
ganesha| janma| katha| sri| charana| gajanananka| kahani| ganesh,0.301686504090257,2040,0.25502893766736984,0,0.44636685779267404,0,0,0.0023145098334107954
ganesh| aarti| jai| deva,0.300924328871415,2460,0.22224058633001648,0,0.575459621910707,0,0,0.04275255404233947
ganesh| aarti| jai| deva| ganpati| aart,0.6009142571809016,160,0.17529882912308825,0,0.5771655057226922,0,0,0.09804643954989027
ganesh| aarti| sukhkarta| dukh| harta| ganpati| ganapati| bappa,0.3002718841947137,2722,0.25027891938269514,0,0.6859668709884658,0,0,0.011308828503674909
ganesh| bhajan,0.3019208654934177,1947,0.25506261154870097,0,0.4066720991746261,0,0,0.0017113152320530796
ganesh| bhajan| 2026,1.502900261532356,47,0.05677906308291658,0,2.1070421571677564,0,0,0.25931239369659487
ganesh| chaturthi| 2026| special| jukebox| super| hit| telugu,0.3008044509762754,2545,0.2265010819174335,0,0.5957638360305739,0,0,0.038024465423098154
ganesh| chaturthi| shrikant,0.3016889330440011,2039,0.2550228327193159,0,0.4459554558669911,0,0,0.0023158571818681284
ganesh| chaturthi| special| 2026| ganpati| bappa| morya,0.3010427959320634,2383,0.2528646042381395,0,0.5553943666544845,0,0,0.006410680403620758
ganesh| chaturthi| special| 2026| ganpati| bappa| morya| vakratundaya,0.3030968775020016,1609,0.25363593144265345,0,0.3642226867870377,0,0,0.002788447338896294
ganesh| chaturthi| special| bhajan,0.607392335403052,98,0.15733917780933987,0,0.5226792731891496,0,0,0.1184187608898881
ganesh| chaturthi| special| ganesha| bhakti| songs| kannada,0.3006239468319526,2628,0.2532244070071658,0,0.6263365683227553,0,0,0.006994211972191307
ganesh| chaturthi| special| manohar| burman| bhajan,0.3028887978314316,1683,0.2550327738609073,0,0.3642226867870377,0,0,0.0011437919191427384
ganesh| mantra| 108| times| gan| ganpataye| namo| namah,1.5013178501053583,51,0.05887150224616022,0,2.1070421571677564,0,0,0.2568487361176424
ganesh| mantra| odia| gan| ganpataye| namo| namah| 108,0.3049573916265283,1262,0.25261962388915915,0,0.3642226867870377,0,0,0.00398505742472141
ganesh| songs| vinayaka| chavithi| special| ganapati| bhakthi| patalu,0.3011688729491105,2305,0.25382909332097164,0,0.5340401816586805,0,0,0.00497191641834128
ganesh| tera| chuha| haye| daiya| bhajan| 2026,0.3007591237653201,2568,0.2510088590091223,0,0.603441092922864,0,0,0.009277771891492538
ganesh| vandana| jai| deva| ganpati| bappa| morya| ganesha,0.3010481389817047,2377,0.2540701657071095,0,0.5544893922733137,0,0,0.004978393050055888
ganesh| visarjan| bhajan| 2026,0.3015357996850638,2104,0.2547440194974234,0,0.4718922852143509,0,0,0.0030123597715503514
ganesh| visarjan| dance| jukebox| music| ganpati| songs| deva,0.3016823951518075,2043,0.25512345370408124,0,0.4470628056651976,0,0,0.002213106136459813
ganpati| aaj| padharo| bhajan| gujarati| shri| ramaji| dhun,0.3016097082523991,2079,0.25501165920834645,0,0.45937408596901824,0,0,0.0025195173273459028
ganpati| aayo| bapa| riddhi| siddhi| layo,0.3007020042730695,2595,0.25243074816104544,0,0.6131156571928172,0,0,0.007740976041545852
ganpati| aayo| bapa| riddhi| siddhi| layo| songs| gujarati,0.3022187229073408,1863,0.25574114568974543,0,0.3642226867870377,0,0,0.00030974825589560987
ganpati| apne| gaon| chale| agneepath| gane| songs| visarjan,0.6013018601753477,142,0.17688539035441592,0,0.5175191263219051,0,0,0.09533160751159739
ganpati| apne| gaon| chale| agneepath| visarjan| songs| bhakti,0.3013015051420009,2229,0.2549776439440378,0,0.511575719461553,0,0,0.0033006740318295225
ganpati| apne| gaon| chale| ganesh| visarjan,0.3007597960794351,2567,0.2510088590091223,0,0.6033272203049631,0,0,0.009276155241453648
ganpati| atharvashirsha| times,0.3011525940698595,2315,0.2535535289678256,0,0.5367974026589244,0,0,0.005335512761430159
ganpati| bappa| moriya| armaan| malik| payal| kritika| zaid,0.3081923211011543,856,0.24050726228224784,0,0.6555502342624748,0,0,0.022382244489986873
ganpati| bappa| morya| ganesh| bhajan| bhakti,0.3004994074826477,2669,0.25259338094808614,0,0.6474303121834738,0,0,0.008036655968603212
ganpati| bappa| morya| ganesh| chaturthi| special,0.3009862973064278,2420,0.25329320529376664,0,0.5649637721820593,0,0,0.006041898374668365
ganpati| bappa| morya| nonstop| dandiya| raas| hemant| chauhan,0.3022812018784123,1838,0.25600422177098314,0,0.3642226867870377,0,0,0.0
ganpati| bappa| morya| nonstop| festive| hits| sukh| karta,0.3010919071318139,2349,0.25359422524544273,0,0.5470761999544601,0,0,0.005433524709618578
ganpati| bhajan| gujarati,0.3010090352778684,2403,0.25424027442742614,0,0.561112548065701,0,0,0.004872134411395654
ganpati| bhaktigeete| hey| ganraya| sansari| majhya| tseriesbhaktimarathi,0.3022454013672563,1848,0.25574114568974543,0,0.3642226867870377,0,0,0.00030974825589560987
ganpati| gani| songs,0.3006785891001625,2605,0.25284238584002233,0,0.6170815817179528,0,0,0.007312614208497967
ganpati| lage| najariya,0.3013094014837997,2224,0.25506769332968127,0,0.5102382834441722,0,0,0.0031756614522144636
ganpati| lyrical| ganesh| lyrics| aayo| bapa,0.3016282651746141,2064,0.25502893766736984,0,0.45623102342509,0,0,0.0024545514346950474
ganpati| raksha| karen,0.3008317599632596,2532,0.25205112898212556,0,0.5911384001361689,0,0,0.007875932026777
ganpati| raya| padte| paya| ganesh| devachi| gani,0.3016503046716317,2054,0.25501165920834645,0,0.4524981028060105,0,0,0.0024218989652426987
ganpati| sewa| mangal| mewa| anuradha| paudwal| ganesh| aarti,0.3062874795566055,1060,0.25060545947833046,0,0.3642226867870377,0,0,0.006356553572930574
ganpati| songs| marathi| sankashti| chaturthi,0.3005829293735043,2649,0.25267698949983186,0,0.6332838646363762,0,0,0.007737377296516455
ganpati| thad| sheri| vadavi| saj| karu,0.3006802073012727,2604,0.2513890226772829,0,0.6168075003137669,0,0,0.009019926550306605
ganpati| thal| bappa| jamva| aavo| ganesh| chaturthi| special,0.3013389341034392,2201,0.2548352324978685,0,0.5052362217047596,0,0,0.00337834873336854
ganpati| thal| ganesh| chaturthi| 2026| special,0.3017969903753119,1998,0.25504487325396463,0,0.4276533394542871,0,0,0.002030071224509521
ganpati| thal| jamva| padharo| dada| ketlik| varche| gujarati,0.3017638850791303,2012,0.2550093237395148,0,0.43326052017254535,0,0,0.0021515327260729074
ganpati| visrajan| 2026,0.3029599618684461,1656,0.2541899726700536,0,0.3642226867870377,0,0,0.002136113979382721
garbe| haal| geeta| rabari| roopal| shah| gujarati| garba,0.3038415582658881,1430,0.25462357685363074,0,0.3642226867870377,0,0,0.001625584329632097
gaurai| maher| vasini| manachi| marathi| gauri| mangalagauri,0.3013540766349755,2188,0.2547233353049277,0,0.5026714686093552,0,0,0.003473685731704111
gaurichi| nonstop| gaani| 2026,0.3005993673344803,2641,0.25297570311181344,0,0.6304996993074704,0,0,0.007346142269289441
gauri| aagaman| songs| marathi| geet| ganpati,0.3007302117126408,2583,0.2523094205338014,0,0.6083380466736827,0,0,0.0078160005758309
gauri| ganpati| geete| tseriesbhaktimarathi,0.3005944829289652,2646,0.25297570311181344,0,0.6313269912390759,0,0,0.0073578873363482145
gauri| ganpati| special| jukebox| nonstop| marathi| devotional| songs,0.3007974875217318,2551,0.25197468973918247,0,0.5969432650813056,0,0,0.008048344003604947
gauri| geet| 2026| aala| neyala| maherala| anuradha| paudwal,0.3011340855719113,2328,0.25410995456081537,0,0.5399322633848264,0,0,0.004724877658423745
gauri| lala| dukalu| yadav| kanchan| joshi| chhattisgarhi| superhits,0.3016310482787219,2063,0.25512345370408124,0,0.45575963758989646,0,0,0.0023365750961488584
gause| azam| qawwali| 2026| gaus| pak| kavvali| 2025,0.3018806040321046,1965,0.2557261688433792,0,0.41349134913166014,0,0,0.0010268495439600838
geopolitical |  tensions |  high,0.375,228,0.07103013775846073,0,3.421939670166354,1,1,0.2612006497104929
getting |  india |  rich,0.375,228,0.09757715332063438,0,2.7447749374000825,0,0,0.22033023296737217
ghode| lagam| lucky| udaan| abhi| silariya| ramdev| 2026,0.3024132197048431,1808,0.2543784964485231,0,0.3642226867870377,0,0,0.0019141443069554689
ghostface| killah,0.327344064961161,267,0.1552808177074151,0,3.8993601764503487,1,1,0.16878104655383963
ghostface| killah| sidhu| moose| wala| mxrci| navkaran| brar,0.3177146526123505,345,-0.09552695970301328,1,27.143346248568562,1,1,0.7940794547368388
ghost| hunters| back| phasmophobia,0.3157755249818971,381,0.22685759017291596,0,1.939948789391364,0,0,0.05668810872427631
ghost| hunting| phasmophobia| gang| hok| later,0.305406881485527,1189,0.22938963695910997,0,0.3642226867870377,0,0,0.031336262833467174
ghotala| swata| ajya| siddhya| waghmare| khushi| aman| langarya,0.3745274011838839,229,0.10849519769409482,0,11.890996669901648,1,1,0.33732417338256776
giant| black| takala| baby| gang| pink| epic| battle,0.300807564881281,2544,0.2533893628606636,0,0.5952364210813125,0,0,0.006358462474427824
giant| blue| takala| baby| gang| epic| battle| indian,0.3005916509808425,2647,0.25214571175839023,0,0.631806649986773,0,0,0.008341936690618671
giant| chacha| gang| jack| indian| theft| auto| simulator,0.3017406143344709,2028,0.2538012918249083,0,0.43720198228899243,0,0,0.003629837834843972
giant| rainy| cloud| destroyed| city,0.3024254636673931,1806,0.2545307515514035,0,0.3642226867870377,0,0,0.001734877714772257
gifted| him| his| dream| bundle,0.3074382421462073,925,0.19137458110127448,0,1.1508225125891274,0,0,0.08726290871481544
gift| noob| friend| most| rarest| pet| steal| egg,0.3072781811555605,941,0.24865186289268437,0,0.500718576856042,0,0,0.01059456932302782
giribala |  singhs |  dowry,0.375,228,0.014638980024203718,0,3.8935421372367234,1,1,0.3342914721841822
girl |  beaten |  dragged,0.375,228,0.09006551788756234,0,2.7447749374000825,0,0,0.22917450327644423
girlfriend| need| surgery| minecraft,0.303296642165577,1559,0.24233337250468806,0,0.3642226867870377,0,0,0.016096186688368763
gita| dash| parswa| paribartana| ekadashi| sidharth| bhakti,0.3027268109678396,1725,0.2535944841270579,0,0.3642226867870377,0,0,0.0028372477986601924
gladiators| ajith| kumar| prakash| theater| response| reaction,0.3033970381917381,1535,0.2541998668533955,0,0.3642226867870377,0,0,0.0021244644747251767
gladiators| ajith| kumar| prakash| vijay| racing,0.3000313739844306,2769,0.25088589059794686,0,0.726703078459537,0,0,0.011172506988023322
gladiators| ajith| kumar| theatre| reaction| celebration,0.3019450949778818,1934,0.25590146660912055,0,0.40256825133845126,0,0,0.0006653770378329528
gladiators| ajith| movie| tamil| live| dare| devil| thala,0.3034666280634228,1514,0.2532613704652914,0,0.3642226867870377,0,0,0.0032294589615364223
gladiators| celebration| rohini| theatre| response| thala,0.3012289485662267,2270,0.2536655845553444,0,0.5238649263133253,0,0,0.005019975035780926
gladiators| documentry| experience,0.3023853738916642,1816,0.2552080136953356,0,0.3642226867870377,0,0,0.0009374628875476773
gladiators| movie| tamil| ajith| kumar| racing| vijay| prakash,0.3071410004434645,962,0.19598266950577742,0,0.8301298786508945,0,0,0.07728442734194453
gladiators| racing| ajith| kumar| gladiator| race| begins,0.3063787122889356,1050,0.24531520919590766,0,0.3642226867870377,0,0,0.012585344082969617
gladiators| response| thala| ajithkumar| racing| documentary| trending| fyp,0.3032671771907045,1564,0.24941018185898928,0,0.3642226867870377,0,0,0.00776388469995709
gladiators| teaser| ajith| kumar| director| vijay| prakash| cancept,0.303736851023893,1442,0.2514972723095589,0,0.3642226867870377,0,0,0.005306524745685265
gladiator| ajith| kumar,0.3033660348876482,1540,0.25197224840410487,0,0.3642226867870377,0,0,0.004747283418288448
gladiator| casino| theatre| experience| ajith| kumar| shalini| prakesh,0.3028553086346026,1693,0.2542880030050103,0,0.3642226867870377,0,0,0.0020206921396820486
gleiker mendoza,0.6000000000000001,180,0.08224657660092499,0,3.6938237618821637,1,1,0.2518542485748445
godzilla| family| devil| community| hunting| series| animal| revolt,0.314617977233384,424,0.22824951445801728,0,1.7438901472838404,0,0,0.0522657985879915
godzilla| minus| zero| filmed| imax,0.3057518859694472,1140,0.06632042013954242,0,2.4112119778336023,0,0,0.2523966102634787
godzilla| minus| zero| tamil| breakdown,0.3105273490981798,655,0.24381986461013133,0,1.0510435683110453,0,0,0.02409677584803105
godzilla| nemesis| shimo| all| kaiju| hunting| series| animal,0.3075203028368951,916,0.24660275800157427,0,0.5417277258334458,0,0,0.013589411783630224
godzilla| strongest| gold| gta,0.3025776255707763,1763,0.2541304190678361,0,0.3642226867870377,0,0,0.00220623295155374
godzilla| team| king| kong| hunting| series| animal| revolt,0.3065920515455327,1022,0.25102698144160684,0,0.3845059715232644,0,0,0.006148211522514985
goga| maharajni| aarti| rohit| thakor| nagpachami| special| lyrical,0.3018475750577367,1982,0.2536456449941203,0,0.4190856029091745,0,0,0.00355589956458538
going |  flydubai |  captain,0.375,228,0.01909824208333466,0,4.26078072897281,1,1,0.33425478287821697
going| into| scary| entities| secret| dream| minecraft,0.3058360178516005,1124,0.24222334167683301,0,0.3642226867870377,0,0,0.016225738021437522
gokula| krishna| gokulamlo| seetha| pawan| kalyan| raasi| spb,0.3011136632204664,2338,0.25243313370824516,0,0.5433912813804735,0,0,0.006748290016928966
gokul| baje| badhai| sandeep| kapoor| roshni| pandey| krishan,0.3007286188067401,2586,0.25241136546099824,0,0.6086078437237873,0,0,0.007699799968219782
gola |  crushing |  googoo,0.375,228,0.04587293762901823,0,4.073333450493963,1,1,0.30006881435182
gold |  medal |  secured,0.375,228,0.0591321633137033,0,3.269423114019726,1,1,0.2730441586918038
gold |  medal |  women,0.375,228,-0.005100505062221483,1,6.806152056154557,1,1,0.3988832632075875
gold |  price |  prediction,0.375,228,0.007700659674388821,0,4.701822101986262,1,1,0.3539358699990728
golden| bhagyam| telugu| satya| yogi| babu| pawan| basamsetti,0.3017618789117384,2014,0.24965639906795506,0,0.43360031302792384,0,0,0.008458940692803545
golden| bhagyam| title| teaser| satya| yogi| babu| pawan,0.3018887296528416,1962,0.25396051940283554,0,0.41211507919374085,0,0,0.003086202915315895
golds |  lost |  just,0.375,228,0.018420282928055864,0,4.108264172826182,1,1,0.3328877401792413
gold| rush| khalifa| prithviraj| sukumaran| malvika| sharma| jakes,0.3049130772170811,1268,0.2536033728684147,0,0.3642226867870377,0,0,0.0028267821108658563
goli| bng| game| live| driving| class| beamng| play,0.3012958907527954,2232,0.2532590495358584,0,0.5125266517451685,0,0,0.00533766366468135
gonna |  save |  flydubai,0.375,228,0.08675597854736145,0,2.7447749374000825,0,0,0.2330711860673014
good |  foundation |  indias,0.375,228,0.08734389940716125,0,2.7447749374000825,0,0,0.2323789625094969
good |  ideas |  putin,0.375,228,0.09510007697966455,0,2.7447749374000825,0,0,0.2232467659821786
good| luck| charm| gulab| sidhu| jasmeen| akhtar| jang,0.3076502628071932,904,0.19130424247855204,0,0.6521540365831868,0,0,0.08026612760467347
good| morning,0.3066798330838085,1013,0.2512721855790655,0,0.39937389314338445,0,0,0.00607058580780194
google |  launches |  gemini,0.375,228,0.05633255967160611,0,2.7447749374000825,0,0,0.2688920060020174
gora| ruth| gayi| pihar| chali| shiv| gaura| bhajan,1.201294850732485,62,0.0829859004628355,0,1.5772011468858063,0,0,0.22093406146172787
got| admin| powers| break| every| egg| steal| roblox,0.3072169931409047,951,0.2391365710088752,0,0.49035491014590304,0,0,0.021650830588924076
got| adopted| creeper| minecraft,0.3035284481129103,1496,0.2426848601449313,0,0.3642226867870377,0,0,0.015682341830174192
got| all| upcoming| bundles,0.3110852576059689,606,0.2243357919303554,0,1.145538836085427,0,0,0.04837905625372716
got| dream| job| railway| chai| wala| indian| horror,0.3132411799584939,474,0.23021535715555802,0,1.5106963075316286,0,0,0.0466405429489823
got| every| eternal| egg| steal| roblox,0.3072687473698094,945,0.24033724413410823,0,0.4991207376078036,0,0,0.020361595232064687
got| every| secret| hidden| eggs| roblox| steal| egg,0.3077660999603286,889,0.23734448609727743,0,0.5833593996164328,0,0,0.02508123337416197
got| john| cena| challenge| clash| clans,0.3086479935181899,805,0.24789607439119787,0,0.732729353175368,0,0,0.01477829979784166
got| kicked| bodybuilder| villagers| minecraft,0.3041445921536915,1374,0.24842199677110138,0,0.3642226867870377,0,0,0.008927383129898912
got| mysterious| bundle| solo| squad| gameplay,0.3212700854141441,307,0.20020802535287247,0,2.870585178868867,0,0,0.10127780611395074
got| naruto| bundle| very| low| diamonds| semma| luck,0.3183617838948968,337,0.21321014496590895,0,2.377994141103642,0,0,0.07897567096734281
got| revenge| steal| egg,0.3080523881136852,864,0.24850864570238063,0,0.6318492063398827,0,0,0.012624856694284824
got| trapped| inside| haunted| elevator,0.3287099638052311,259,0.1695416959939639,0,4.1307081039709255,1,1,0.15527460164707194
govinda,0.6200000000000001,89,-0.022686203296580554,1,6.46633365038139,1,1,0.4147644265971242
govinda| naamamam,0.3028333962976955,1699,0.25409788207962813,0,0.3642226867870377,0,0,0.002244542307927395
govinda| namalu| easy| lyrics| tirumala| darshan| srinivasa| venkateswara,0.3005947570869832,2645,0.25267698949983186,0,0.6312805559634573,0,0,0.007708936314797712
govinda| namalu| length,0.3006102852505944,2635,0.252671521347982,0,0.6286504867710981,0,0,0.007678035464819653
govinda| namalu| original| hari| saturday| special| venkateswara| songs,0.3009698632729337,2430,0.2527759697987657,0,0.5677472722971445,0,0,0.0066904136811206626
govinda| namalu| telugu| lyrics| lord| venkateswara| devotional| songs,0.3006002102926572,2640,0.25297570311181344,0,0.6303569240001464,0,0,0.007344115287646331
govinda| namalu| telugu| lyrics| venkateswara| swamy| songs,0.3009642910953743,2439,0.25217829898888955,0,0.5686910550199424,0,0,0.007407515809292338
grandmaster| live| rank| push| free| fire| telugu| munna,4.203771863565167,15,-0.07786776371081416,1,6.993751696443606,1,1,0.4872234718048041
grand| finale| champions| rush| 110| freefire| freefirelive| gyangaming,0.3109941781194755,611,0.24149153053944167,0,1.130112327357218,0,0,0.027960717820088136
grand| finale| live| fozyajay| iqoo| iqooz11,0.3119979461433135,535,0.24194077736790576,0,1.3001246624832792,0,0,0.029845436215150335
grand| finale| tournament| live| iqoo| total| gaming| esports,0.6091709131169182,96,0.15160488850467818,0,0.8212984049399801,0,0,0.12940986420590994
granny| grandpa| army| verity| house| funny| horror| animation,0.3025572200660161,1772,0.25457288321934685,0,0.3642226867870377,0,0,0.0016852714921083301
granny| grandpa| robot| legacy| day| shortslive| shortsfeed,0.6004345440965497,172,0.1672862874082981,0,0.65841649173175,0,0,0.10863400222564894
granny| grandpa| spider| man| rides| quad| bikes| house,0.3018517312326867,1981,0.2537889175523931,0,0.4183816543955128,0,0,0.0033772151449958736
granny| grandpa| spider| man| rides| tractors| house| funny,0.3019515044346918,1931,0.2553728130536278,0,0.4014826551715356,0,0,0.0012724064999406828
granny| horror| game| live| shortslive| shorts| gaming| gabruislive,3.00130150558918,22,-0.04242237043641228,1,4.788442533108272,1,1,0.4141809483752376
granny| hot| air| balloon| escape| karliya,0.3065890180781781,1023,0.1844983935944543,0,0.7869636456773685,0,0,0.09019329077494573
granny| house| update| indian| bike| driving,0.306452055530035,1043,0.25147860705239344,0,0.3642226867870377,0,0,0.005328501395275125
granny| live| gameplay| shorts| shortsfeed| horror| shortslive,0.600848936384447,162,0.15786789554602104,0,0.5882291587518989,0,0,0.11872685564997412
granny| live| gameplay| shorts| shortsfeed| shortslive| horror,1.201813972860349,59,0.07593260398734408,0,1.5772011468858063,0,0,0.22923867916516708
granny| live| horror| gameplay| grandpa| shortsfeed,0.3016221469378116,2073,0.2545864424232598,0,0.45726729445678727,0,0,0.0029902614470881162
granny| live| horror| gameplay| shortslive| shortsfeed| ishowspeed| short,0.3000000860040209,2805,0.2139881573929447,0,0.7320024529011435,0,0,0.05469148083530974
granny| live| thriller| horror| gamepaly| sus| guy| grannygame,0.9028329130353746,69,0.1046722951448038,0,1.0473601366038556,0,0,0.18787814103632158
granny| live| thriller| horror| gameplay| sus| guy| grannygame,0.30937883092011,757,0.2441763638678056,0,0.8565143018359407,0,0,0.02091529744377677
granny| pregnant| franklin| doctor| gta| gtav| mods,0.3053568043673309,1199,0.2530321097006892,0,0.3642226867870377,0,0,0.003499392745127589
granny| sabse| dangerous| house| door| live,0.3007330549760688,2578,0.25245892482510585,0,0.6078564714060084,0,0,0.007633135888990441
granny| sabse| dangerous| house| live,0.6006413272254549,169,0.17113615796795745,0,0.6233927793052048,0,0,0.10360389657402205
granny| sinchan| kidnap| kar| liya| indian| theft| auto,0.3000630528950737,2740,0.24918368750807895,0,0.7213374905500185,0,0,0.013100521664360463
granny| spider| kid| verity| house| funny| horror| animation,0.3014837378699513,2126,0.2548148200040273,0,0.48071020982240703,0,0,0.0030541867012509284
granny| spider| man| grandpa| rides| quad| bikes| house,0.3020486483435859,1905,0.2554170370244778,0,0.38502899017908,0,0,0.000986744028504895
granny| train| jack| hamla| indian| auto| theft| simulator,0.301547377225475,2099,0.2544568275960755,0,0.46993134938698744,0,0,0.003322662806933614
granny| train| machaya| tabahi| indian| auto| theft| simulator,0.3011640439749946,2309,0.25422207023196036,0,0.5348580849453102,0,0,0.004520833478420409
granny| update| balloon| escape,0.3126073422834739,499,0.23128982012768695,0,1.4033406031638105,0,0,0.04385133073566036
granny| update| vent| escape| spider| mom| hand| canon,0.3103572973975397,668,0.24127196334246692,0,1.0222412095673985,0,0,0.026687791589471786
great| warriors| masoom| sharma| amar| karnawal| pinna| music,0.3147265727019216,420,0.20230360118887208,0,1.7622834102208298,0,0,0.08307589048086507
green| dimond| house| indian| theft| auto| simulator,0.3014231183476938,2160,0.25512345370408124,0,0.490977588627536,0,0,0.0028365644962714395
green| hulk| family| red| venom| franklin| indian| bike,0.3000089135386748,2797,0.25107880571421204,0,0.7305072969046675,0,0,0.010999375418501007
grew| super| long| tongue| roblox,0.303122649603338,1603,0.2538865826316457,0,0.3642226867870377,0,0,0.0024933282681573656
grey| hair| treatment,0.3024352489295609,1803,0.25468482587090463,0,0.3642226867870377,0,0,0.0015534691598049898
grind| bmsd| day| godlsaum4y,1.5078602900744824,45,0.0374253529615296,0,2.1122299470898525,0,0,0.28217328535666986
grind| bmsd| day| godlsaum4y| raven| championship| series,0.3083916749508238,835,0.2459165673375931,0,0.6893156189866135,0,0,0.01649264507897682
gta5| shinchan| arranges| meenu| franklin| wedding| los| santos,0.3004062661963118,2692,0.25020368165106094,0,0.663206036464926,0,0,0.011074278453362918
gta5| shinchan| fills| franklin| swimming| pool| chocolate| gta,0.303868079989311,1427,0.2550481439306314,0,0.3642226867870377,0,0,0.001125695054282792
gta5| shinchan| frooti| here| franklin| start| mango| juice,0.310130503224496,685,0.2451150944739019,0,0.9838281439621425,0,0,0.0216175023426722
gta| chennai| using| chatgpt| making| tamil,0.3132020834625162,476,0.21090254126721747,0,1.504074372564035,0,0,0.06928562263959175
gta| daily| chill| stream| chaos| live| gta5| shorts,3.900794380616519,17,-0.08162219560987916,1,6.438096403155893,1,1,0.4837553347313209
gta| dimaag| hila| diya| grand| theft| auto| gameplay,0.3061463912931199,1076,0.21646910493049532,0,0.38680466947189696,0,0,0.046869615443016224
gta| end| spider| man| telugu,0.3024458831851209,1797,0.2532296934574575,0,0.3642226867870377,0,0,0.003266755768917701
gta| epic| water| ragdolls| spiderman| jump| fails| shorts,0.3005557205839472,2662,0.16648686763421877,0,1.7134711724805285,0,0,0.1245538623707191
gta| every| jump| higher| mods,0.3060139493365744,1102,0.25155290395992275,0,0.3642226867870377,0,0,0.005241023516566553
gta| extended| look| years| later| back,0.3063473656572729,1053,0.24231824280233905,0,0.3642226867870377,0,0,0.01611400054241729
gta| extended| tamil| breakdown,0.3115684952900754,562,0.2420755638463319,0,1.2273867981092759,0,0,0.028654077577176987
gta| franklin| biggest| plan| escape| prison| mods,0.3062948766956288,1059,0.2500251234409475,0,0.3642226867870377,0,0,0.007039846689381969
gta| franklin| meets| serbian| dancing| lady| vinayagar| chaturthi,0.3041156769290222,1378,0.25467041610277336,0,0.3642226867870377,0,0,0.0015704353565246722
gta| franklin| rescues| spiderman| serbian| dancing| lady| tamil,0.3071664486592544,959,0.2498349493729397,0,0.48179398257196293,0,0,0.0089329196127394
gta| franklin| shinchan| built| giant| ice| cream| fun,0.3036498264869663,1466,0.25384477593746274,0,0.3642226867870377,0,0,0.0025425518636549506
gta| franklin| shinchan| built| secret| bunker| escape| kamla,0.3027511895540555,1723,0.2547044497408703,0,0.3642226867870377,0,0,0.0015303638304751865
gta| franklin| shinchan| built| secret| bunker| escape| serbian,0.3030622956020322,1619,0.25470215178019107,0,0.3642226867870377,0,0,0.001533069471022831
gta| franklin| shinchan| celebrating| vinayaka| chavithi| festival| telugu,0.3045554768091976,1315,0.2538423321072448,0,0.3642226867870377,0,0,0.0025454292523713986
gta| franklin| shinchan| facing| biggest| tsunami| los| santos,0.3022454434993925,1847,0.25542957332800625,0,0.3642226867870377,0,0,0.0006765964892277071
gta| franklin| shinchan| found| monster| mosquito| fun| bommalu,0.3026458114825117,1741,0.25446051977508427,0,0.3642226867870377,0,0,0.001817569269705631
gta| franklin| shinchan| gets| whatever| draws| magical| painting,0.3052644075113317,1210,0.25345833399816226,0,0.3642226867870377,0,0,0.002997552242785137
gta| franklin| shinchan| open| all| mystery| containers| telugu,0.3022368249271073,1857,0.25518760362099524,0,0.3642226867870377,0,0,0.0009614939013132616
gta| franklin| shinchan| start| luxury| bus| trip| north,0.3026452019641446,1742,0.25388303603325046,0,0.3642226867870377,0,0,0.002497504066512428
gta| franklin| shinchan| upgrade| their| noob| car| god,0.3062854172082142,1062,0.25159547372281593,0,0.3642226867870377,0,0,0.0051909014767824065
gta| franklin| tried| hide| ghost| mods,0.3061004443208187,1084,0.24955343339678715,0,0.3642226867870377,0,0,0.007595218990104276
gta| game| here| yaatri,0.3041660655028134,1371,0.25311674870298406,0,0.3642226867870377,0,0,0.0033997379866324766
gta| heist| techno| gamerz| carryminati,0.3068099137693328,1000,0.22358893126677498,0,0.4214061960017984,0,0,0.038977902873631204
gta| live| 100,1.8009578454602406,44,0.02379532544946472,0,2.636883167449707,0,0,0.30566991211986183
gta| live| 100| cars| monster| train,2.101029534801943,34,-0.0010746003852707409,1,3.1667241777316577,1,1,0.34247415210940185
gta| live| 100| cars| train,0.6014218344491906,133,0.1755251753694798,0,0.5175191263219051,0,0,0.09693313744637823
gta| live| 100| who| will| survive| shortsfeed| shortslive,3.300955020683612,21,-0.050684506365084814,1,5.338001728709326,1,1,0.4317109592653875
gta| live| black| panther| hunting| mountain| lion| challenge,0.3006597476259174,2614,0.18256198721537997,0,1.386925245897878,0,0,0.10099089126493979
gta| live| crazy| missions| funny| moments| prime| gourav,1.5012827345663102,52,0.045961425400981026,0,2.1070421571677564,0,0,0.27204918219186847
gta| live| don| blink| secret| mod| activated| 133,0.300519242127448,2666,0.24989868876334526,0,0.6440708364890716,0,0,0.01116171743686396
gta| live| don| blink| secret| mod| activated| 135,0.3004273320735268,2687,0.2509645282054357,0,0.6596380218522281,0,0,0.010127795435446521
gta| live| don| blink| secret| mod| activated| 143,0.3003534672874295,2703,0.2506008068347709,0,0.6721488056884968,0,0,0.010733660054205625
gta| live| don| blink| secret| mod| activated| 144,0.3003167826430459,2712,0.19944733766414918,0,0.9666580081054721,0,0,0.07514338485187885
gta| live| don| blink| secret| mod| activated| 148,0.3003300618022508,2709,0.21504032664337347,0,0.6761130893631098,0,0,0.052659185318753014
gta| live| don| blink| secret| mod| activated| 161,0.3003379376762264,2707,0.24673755536321695,0,0.6747791200654517,0,0,0.015319631308146769
gta| live| don| blink| secret| mod| activated| 165,0.3002336329308067,2725,0.21844263279221104,0,0.6924456455099987,0,0,0.048885151382489146
gta| live| don| blink| secret| mod| activated| gta5,3.90038473212311,18,-0.09973101545520724,1,6.437345115134306,1,1,0.5050661637403269
gta| live| don| blink| secret| mod| activated| gtalive,5.700388087475375,7,-0.140736863356408,1,11.370246011092238,1,1,0.6233792502065978
gta| live| don| blink| secret| mod| chaos| unleashed,0.3002983638344252,2716,0.16114660958050625,0,1.982962366088166,0,0,0.134667500119341
gta| live| don| blink| used| secret| mod| stream,0.3004580689084496,2679,0.24735889460003824,0,0.6544319971976149,0,0,0.01429919244889944
gta| live| funny| epic| gameplay| gta5| gtav| gaming,0.3008766658301745,2497,0.2508628699362741,0,0.5835325080239135,0,0,0.009167018536721794
gta| live| gameplay| challenges,0.6006851303019545,167,0.16630841645005445,0,0.6159736713594071,0,0,0.10918279580151766
gta| live| gamer| gtalive| gtaonline| gta5| gtav| gaming,0.3003321075855562,2708,0.2188791248387743,0,0.6757665865968732,0,0,0.04813442886558901
gta| live| gta5| gtav| gaming,13.200530900392788,2,-0.16268631543548195,1,23.49364710977582,1,1,0.8213387185934693
gta| live| gta5| shortsfeed| shorts| gaming,2.400876606219916,29,-0.02175497797178494,1,3.6965651880136083,1,1,0.37434557853120276
gta| live| gta5| shortsfeed| viral| technogamerz,0.600217763497894,176,0.1334574810122835,0,0.7826737058789164,0,0,0.1502284376969977
gta| live| gta5| shortslive| gaming,4.800663816879392,13,-0.10522565070984458,1,8.088440879785018,1,1,0.5349762126092068
gta| live| hr20| gamerz| gta5| gtav| gaming,0.9003769197301212,81,0.10621247270715328,0,1.0473601366038556,0,0,0.18606472146787276
gta| live| mountain| lion| black| panther| hunting| challenge,0.3007886035250192,2557,0.1927284628885476,0,1.1134590792501993,0,0,0.08513838672516799
gta| live| mountain| lion| panther| hunting| challenge| shorts,0.3009115320949053,2470,0.24444305755339513,0,0.5776270647907831,0,0,0.016641926500288545
gta| live| mrrajaplay| gta5gameplay| viralshorts| streamer,0.3001699616582652,2732,0.20426795115866275,0,0.8968225231948138,0,0,0.06847609444409825
gta| live| mrrajaplay| gtalive| gtaonline| gta5| gtav| gaming,0.9001525783326013,84,0.06980394018152525,0,1.8674755562525556,0,0,0.2405756526743151
gta| live| parkour| mrrajaplay| gtalive| gtaonline| gta5| gtav,3.6001591934952177,20,-0.11670307178104233,1,17.468436965054714,1,1,0.6816576804530065
gta| live| royal| sumeet| shortslive| shortsfeed| gta5| gtaonline,0.3003170525473828,2711,0.22447059916704676,0,0.6783165205801056,0,0,0.04158717575038001
gta| live| shortsfeed| shortlive| gta5| shorts,2.1000001791759457,40,-0.029133437504872406,1,3.1667241777316577,1,1,0.37551089121303166
gta| live| shortsfeed| shortslive| shorts| gta5,10.20109887614984,3,-0.16156468299531268,1,17.99274233986671,1,1,0.7419217296647576
gta| live| shortslive| shortsfeed| gta5| gtagameplay,2.100233786963233,38,-0.018564788754507733,1,3.1667241777316577,1,1,0.3630672646309527
gta| live| shortslive| shortsfeed| gta5| gtagameplay| gtaonline,1.5001762733693718,56,0.032431105048623565,0,2.1070421571677564,0,0,0.28797990881336116
gta| live| shorts| gta5| gaming,0.3001939603224553,2729,0.22381291526477987,0,0.6991651590093013,0,0,0.04265752717959397
gta| live| stopping| train| gta5| gtaonline| gta5mods| shortsfeed,1.5016966766046074,50,0.04966873022286289,0,2.1070421571677564,0,0,0.2676841665764288
gta| live| stream| gtav| gaming| livestream| livegaming| gtavlive,0.6005567667696456,170,0.13608828182733507,0,0.7212723091890166,0,0,0.14625919214951205
gta| live| today| something| crazy| will| happen,0.3,2806,0.24104139885785802,0,0.7320170197573184,0,0,0.0228389463326771
gta| live| train| 100| luxury| cars,5.400581560399059,12,-0.11612555191966889,1,9.188679308329963,1,1,0.5634299485895095
gta| live| white| mountain| lion| hunting| challenge| shorts,0.3008344965580931,2527,0.20996139138567615,0,0.7808429916175037,0,0,0.060126022394471984
gta| races| live| gang,0.3060546974572875,1089,0.23798655351470316,0,0.3642226867870377,0,0,0.02121417230875336
gta| rampage| shinchan| went| subway| surfers| world| fun,0.3023208720852684,1831,0.2549727255925194,0,0.3642226867870377,0,0,0.0012144933159219371
gta| shinchan| franklin| starting| billion| dollar| milk| business,0.302628941579076,1749,0.2536520362808737,0,0.3642226867870377,0,0,0.0027694853506884404
gta| trial| live| mega| ramp| fun| gaming,0.3009643084462529,2438,0.24961836390989944,0,0.5686881162299959,0,0,0.010421565760655773
gta| zombie| apocalypse| begins| franklin| trapped| city| telugu,0.3037000405157415,1456,0.2544219406716192,0,0.3642226867870377,0,0,0.0018629926694920932
guild| war| masti| live| tls| warrior| stream| freefire,0.3056356075883854,1162,0.2508122878243792,0,0.3642226867870377,0,0,0.0061130319302294955
guitarist,0.3046108363776657,1307,0.25013765247727243,0,0.3642226867870377,0,0,0.006907353942130799
gujarat |  captive |  ethiopia,0.375,228,0.08133710569864633,0,2.7447749374000825,0,0,0.2394514179983561
gujarat |  compulsorily |  officers,0.375,228,0.0822786519994329,0,2.7447749374000825,0,0,0.23834283251562616
gujarati| ramdevpir| bhajan| 2026,0.3038319880887077,1433,0.2547463182334005,0,0.3642226867870377,0,0,0.001481067473021525
gumthalagala| paradise| nani| keerthy| suresh| anirudh| ravichander| srikanth,0.3060130995140502,1104,0.2451168059022122,0,0.3642226867870377,0,0,0.012818945989676547
gunjan| singh| shilpi| raj| rangdari| hamre| rahi| bhojpuri,0.3020192874306118,1913,0.2509688202210427,0,0.3900019692515608,0,0,0.006294717794451563
gunratan| sadavarte| live,0.3010976361767728,2345,0.2528646042381395,0,0.5461058479524336,0,0,0.006278811264246285
gurgaon| filmy| amor| haryanvi| 2026| real| music,0.3054648936746113,1183,0.24960901652967948,0,0.3642226867870377,0,0,0.007529774885913529
gurugram,0.4519999999999999,213,-0.010178303163236091,1,3.0862716906014205,1,1,0.3520507532049093
guruvara| banthamma| kannada| sri| guru| raghavendra| swamy| devotional,0.3010776325370133,2361,0.2539176875168103,0,0.5494939470209247,0,0,0.00508700195005012
guruvara| banthamma| sri| raghavendra| swamy| kannada| devotional| songs,0.3012394970502353,2266,0.2535749711526441,0,0.5220782860181848,0,0,0.005101299169743443
guru| randhawa| eyes,0.3056687343381567,1156,0.17493109081191954,0,0.8603356802632673,0,0,0.10249958626902095
guzarish| audio| satinder| sartaaj| bhushan| kumar,0.3042312554054953,1362,0.2533936864434873,0,0.3642226867870377,0,0,0.003073668882558202
guzarish| lyrical| satinder| sartaaj| bhushan| kumar,0.3037390833746088,1441,0.2213308801323559,0,0.37489006990347107,0,0,0.040976163907965525
gyanesh |  kumar |  india,0.375,228,0.053333863666868986,0,3.383810531129697,1,1,0.28149508995413164
gyangaming| gta| live,1.8034673970729629,42,0.025320254418378152,0,2.636883167449707,0,0,0.3038744463889472
gyi| shyam| deewani| log| mujhe| tane| mare,0.3016214296985955,2074,0.2538771474776441,0,0.4573887762245635,0,0,0.003827116673895611
gym| skyblock| battle| minecraft,0.3030208454019847,1634,0.24937290756095187,0,0.3642226867870377,0,0,0.0078077718095434095
haal| kya| hai| dilon| poocho,0.3004227900809722,2689,0.25103586198426914,0,0.6604073178867743,0,0,0.010054728071435856
haan| daan| maange| aditya| gadhvi,0.3117501163403171,546,0.2419892969564384,0,1.2581487053690597,0,0,0.029192375953588586
haathi| ghoda| palki| jai| kanhaiya| lal,0.3022498425640515,1846,0.25548864401625154,0,0.3642226867870377,0,0,0.000607046104515999
hacked| into| freinds| account| steal| egg| roblox,0.3069970400215271,979,0.2434843538597431,0,0.4531005420493031,0,0,0.01600280968791922
halak| gya| gurjas| sidhu| deepak| dhillon| pooja| rajput,0.3018649039397225,1971,0.24680633492148457,0,0.41615053860988876,0,0,0.01156689854152438
hansraj| raghuwanshi| deva| ganesh| chaturthi| special| bhajan| 2026,0.3032482370668262,1569,0.21815177671040276,0,0.40863636164031847,0,0,0.04519836646692812
hansraj| raghuwanshi| vrindavan| hawaaon| mein| krishna| janmashtami| special,0.3119184971713069,540,0.24040539885930667,0,1.2866680620203823,0,0,0.03146216191871634
hantu| hamood| habibi| kamla,0.3028963384992318,1678,0.2537425570781759,0,0.3642226867870377,0,0,0.0026629053113525827
hanuman ansh box office,0.584,185,0.005133169219783906,0,3.5344574550722525,1,1,0.3403857766037442
hanuman| bhajan| 2026,0.6033586455869537,106,0.17138639372908365,0,0.5175191263219051,0,0,0.10180617793190644
hanuman| bhajan| balaji| 2026,0.3010067641969482,2404,0.253569123209523,0,0.5614972104192713,0,0,0.005667815229820164
hanuman| chalisa| anjaneya| bhakti| songs| telugu,0.3015246800731261,2110,0.2537838027380746,0,0.4737756598052274,0,0,0.004169666305091482
hanuman| chalisa| anjaneya| dandakam| songs| telugu,0.3013338273434605,2205,0.2541679940105296,0,0.5061011747300469,0,0,0.0041762413546754034
hanuman| devotional| telugu,0.3014241273006888,2159,0.2548708159587967,0,0.49080669809242844,0,0,0.0031315964234486914
hanuman| subrahmanya| sahasranamam| telugu,0.3012008827001043,2288,0.25436771873864084,0,0.5286185579527819,0,0,0.004260762963674953
hanuman| sunderkand,0.3114817525880999,573,0.24098014168961135,0,1.2126948284830577,0,0,0.0297352559869581
happy| birthday| kanha| krishna| special| janmashtami,0.3016231542612935,2072,0.25473591962292547,0,0.4570966799190407,0,0,0.0028118433689988355
happy| birthday| you| lakhbir| singh| lakkha| trending| janmashtami,0.3018699455812673,1968,0.17925346432503236,0,1.4037174843055342,0,0,0.10512477675799908
happy| journey| shekar| chandra| annapurna| aamani| jhansi| vamsi,0.3012882505514402,2238,0.25131644258358915,0,0.5138207041979218,0,0,0.007643279055356736
happy| teacher| day| 2026| thank| you| teachers| hindi,0.3009816194734227,2425,0.253595370890467,0,0.5657560760746286,0,0,0.005697374096813175
happy| teacher| day| songs| guru| bhajan| 2026teachers,0.3009038218753587,2475,0.2534993091691026,0,0.5789329765137379,0,0,0.0059975505837014725
hardest| granny| escape| together| challenge| ever| grannygame,0.3002837401338567,2720,0.18968430945362774,0,1.2238320915575116,0,0,0.09028956777499399
hare| krishna| rama| mahamantra| positive| energy| devotion| powerful,0.3025953179157906,1759,0.25488530714821656,0,0.3642226867870377,0,0,0.0013174206156160502
hare| krishna| rama| mahamantra| powerful| ram| chant| positive,0.3048508129355011,1277,0.2520605637768048,0,0.3642226867870377,0,0,0.004643300066651639
harry| potter| philosopher| stone| breakdown| parents| voldemort| quidditch,0.305220090742657,1222,0.2535467759802475,0,0.3642226867870377,0,0,0.0028934198200655636
harry| potter| philosopher| stone| tamil| breakdown,0.3076752830048818,899,0.24853505456672054,0,0.5679773568556706,0,0,0.011686973730879022
harry| potter| philosopher| stone| teaser| hbomaxasia,0.3054611078788121,1184,0.20011551324543986,0,0.6672655001702903,0,0,0.07010619192521703
harry| potter| philosopher| stone| teaser| hbo| max,0.3076826240314024,898,0.11078181889095173,0,1.7300424846299063,0,0,0.19037677442145737
harry| potter| philosopher| stone| teaser| reaction,0.3071082640124212,969,0.24844388787684146,0,0.47193900867194,0,0,0.010430857414077425
harsh| legit| kratos| knight| lobster| fire| bmsd| day,0.3118374183462676,544,0.24110324065723487,0,1.2729354066191,0,0,0.030445553846116115
haryane| aale| sumit| goswami| kumkum| khatri| shine| haryanvi,0.3121870193417624,526,0.23046141966505462,0,1.3321487708575814,0,0,0.04381598649791844
haryanvi| songs| pranjal| dahiya| renuka| pawar| ajay| hooda,0.3009696947049811,2431,0.2529838066085334,0,0.567775823347354,0,0,0.006446110003119213
hatah| teaser| kiran| abbavaram| rahman| kushlu| thanuja| youwe,0.3029439753485491,1660,0.25477970098022346,0,0.3642226867870377,0,0,0.0014417623124886134
hate| you| baby| singer| raju| sahis| janani| purulia,0.3120333274808063,533,0.2391931892550428,0,1.3061173457170419,0,0,0.033165550487329526
hathi| ghoda| palki| jai| kanhaiya| lal| jeetu| sharma,0.3010817439913297,2357,0.25117176732263247,0,0.5487975730256303,0,0,0.008310187825232986
hathi| ghoda| palki| jai| kanhaiya| lal| nonstop| janmashtami,0.3034811913653338,1506,0.2538852397727859,0,0.3642226867870377,0,0,0.002494909362826976
hathkadiyan,0.3099378470208005,702,0.2457522038663016,0,0.9511971671936723,0,0,0.020404101627829872
hathkadiyan| amanraj| gill| pragati| gauhar| dhillon| haryanvi| songs,0.3107217739196663,633,0.18021975035351223,0,1.2604795686557457,0,0,0.10195351319139426
hayi| shawa| music| gulab| sidhu| punjabi| 2026,0.3033020672149103,1558,0.25142435951650244,0,0.3642226867870377,0,0,0.005392372954976862
hazaaran| jailaan| gurnam| bhullar| isha| malviya| romantic| punjabi,0.3014989072767275,2119,0.25426377764998437,0,0.478140904756643,0,0,0.003666512724121595
hcl tech share price,0.6000000000000001,180,0.08224657660092499,0,3.6938237618821637,1,1,0.2518542485748445
hdfc bank share price,0.5640000000000001,189,-0.011308860769602469,1,3.3352495715598636,1,1,0.35691662241012523
hdfc share price,0.5359999999999999,195,-0.009432992313273436,1,3.1043692859149234,1,1,0.351430148827628
head| criminal| venom| franklin| indian| bike| driving,0.3008466872248266,2520,0.2537919200004416,0,0.5886101082044025,0,0,0.00579041411447701
health |  indian |  pilot,0.375,228,0.054635531782529556,0,3.421939670166354,1,1,0.28050381320315504
hearing |  does |  your,0.375,228,0.08444330261677652,0,2.797303178996704,0,0,0.23653989615901858
heartbreak |  volleyball |  india,0.375,228,-0.021776315028155357,1,9.179439664701572,1,1,0.4522110931623622
heartbreaking |  take |  life,0.375,228,0.0922423221473413,0,2.7447749374000825,0,0,0.2266115134382179
heart| touching| ganesh| bhajan| 2026| ganpati| bappa| morya,0.3010551998732031,2373,0.2518925073963488,0,0.553293459923201,0,0,0.007525409799309768
heavy |  bleeding |  head,0.375,228,0.047657581507713265,0,3.7651019214962678,1,1,0.2935915935165837
heggana| muddu| poornachandra| mysore| avinash| balekkala| daali| pictures,0.3079220268676544,880,0.24829309240671654,0,0.6097693837899469,0,0,0.012565183840533171
help |  video |  shows,0.375,228,0.09099179035607363,0,2.7447749374000825,0,0,0.22808390134769557
hero motors ipo gmp,0.6000000000000001,180,0.08224657660092499,0,3.6938237618821637,1,1,0.2518542485748445
hero motors share price,0.6000000000000001,180,0.08224657660092499,0,3.6938237618821637,1,1,0.2518542485748445
hero |  indian |  captain,0.375,228,0.03595235480039616,0,4.432006662171531,1,1,0.31684148711978866
hero |  trump |  hails,0.375,228,0.05127249323400396,0,3.803231060532925,1,1,0.2898766819506013
herobrine| null| died| minecraft,0.3029226322908736,1667,0.25449182558721006,0,0.3642226867870377,0,0,0.001780709511647285
heropanti| rabba| mohit| chauhan| tiger| shroff| kriti| sanon,0.3027957029605818,1711,0.2548524755798285,0,0.3642226867870377,0,0,0.0013560768134683095
highs| lows| everything| between| bgms| super| weekend| vlog,0.3301694165462802,255,0.1515169713902073,0,4.377901641341401,1,1,0.18000648986337356
high| jump| power| escape| roblox,0.3125451676052329,501,0.23351330079871058,0,1.3928098211679447,0,0,0.04108387809458033
high| level| chhori| main| chhora| zamindara| parveen| chouhan,0.3011641342024372,2308,0.2531873845186244,0,0.5348428027507645,0,0,0.005738865221361581
high| stakes| game| malayalam| dulquer| salmaan| jakes| bejoy,0.3028894689072419,1682,0.23691802413758534,0,0.3642226867870377,0,0,0.022472268861576813
high| voltage| nalgonda| gaddar,0.3098664947016174,714,0.2457015707647563,0,0.9391119302535699,0,0,0.020292143358437945
himlands| end| killwish| ep14| minecraft| smp,0.3161747957185417,371,0.14930289194514546,0,2.007574922793076,0,0,0.1489618293880011
hindi| best| old| remix| bollywood| non| stop| 2026,0.6009009683341343,161,0.17416554815746405,0,0.5794162925742223,0,0,0.09941272966336902
hindi| bmsd| 2026| qualifiers| week| day| bgmilive,2.105445633703884,30,-0.05049970329049114,1,3.69341534230364,1,1,0.40814517048777144
hindi| bmsd| 2026| upper| bracket| survival| day| bgmilive,0.3054946307030831,1180,0.20294544575721163,0,0.7125052885559598,0,0,0.06741647219886793
hindi| champion| rush| grand| finals| tez| ffmic| 2026,0.3060273139754252,1097,0.14493806679323784,0,1.6197505716496636,0,0,0.14859507167638356
hindi| gaana| sadabahar| purane| gane| mp3| filmi| gaane,0.3007997136827555,2548,0.2532400283785704,0,0.5965662109960743,0,0,0.006553169333242705
hindi| gana| evergreen| purane| gane| sadabahar| filmi| 90s,0.9006936687947322,77,0.11890142017494681,0,1.0473601366038556,0,0,0.17112463520534163
hindi| gana| sadabahar| purane| gane| mp3| filmi| durga,0.3007195805873148,2589,0.25246345974263423,0,0.6101386842699974,0,0,0.007660197020080552
hindi| live| india| afghanistan| 3rd| t20| afg| ind,0.3020744660576568,1900,0.25576517321632214,0,0.380656137336022,0,0,0.0005147637868781433
hindi| live| india| west| indies| 1st| odi| ind,0.3025212862693229,1779,0.25414366695428736,0,0.3642226867870377,0,0,0.002190634765267596
hindi| live| india| west| indies| 2nd| odi| ind,0.3026161482552193,1753,0.25414366695428736,0,0.3642226867870377,0,0,0.002190634765267596
hindi| madhavan| sathyaraj| jayaram| netflix| india,0.3023716228780915,1821,0.25495508212215345,0,0.3642226867870377,0,0,0.0012352669041101117
hindi| point| rush| grand| finals| tez| ffmic| 2026,0.3062381234045814,1064,0.20115982807244132,0,0.7721323255050596,0,0,0.07036540057543746
hindi| tez| ffmic| 2026| fall| knockout| stage| week,1.8042637540677529,41,0.011108889140845735,0,2.636883167449707,0,0,0.3206070417199289
hindustan copper share price,0.512,202,-0.014425710704743633,1,3.0862716906014205,1,1,0.3570516908495257
hired| two| guards| protect| roblox| rivals,0.3067410970021004,1006,0.23005949829033712,0,0.46399161257826577,0,0,0.03196398165507123
hockey |  latest |  news,0.375,228,0.05563866903311876,0,2.7447749374000825,0,0,0.26970899937535087
hockey |  preview |  indian,0.375,228,0.013700854038178778,0,4.489555563192752,1,1,0.3438576356900884
home| same| jonny| officially| face| kick,0.3334451414511583,248,0.11215238083974816,0,4.932724695157659,1,1,0.23423155478866828
honey| singh| casa| tupka| pankha| fast| mashup| phenom,0.3058350578891436,1125,0.2520644448288833,0,0.3642226867870377,0,0,0.004638730479379786
hong kong vs malaysia,0.6000000000000001,180,0.08224657660092499,0,3.6938237618821637,1,1,0.2518542485748445
hood| ambience| music| navaan| sandhu| punjabi| songs| 2026,0.3051443042992933,1236,0.1473113872727813,0,1.4554501875560404,0,0,0.1434681285408464
hope| you| regret,0.3002522580168828,2723,0.2504123985894278,0,0.6892910377714285,0,0,0.011198862038365707
horilwa| nilotpal| mrinal| folk| cafe,0.3165744757639814,363,0.2238971392852152,0,2.0752703825156242,0,0,0.06209493271421509
horror| game| granny| shortslive| shorts| live| gaming| ericislive,3.001107656202467,23,-0.049663591844251176,1,4.7880870167947185,1,1,0.4227017833974296
horror| granny| game| shortslive| shorts| live| gaming| zoneout,0.9019004781532504,70,0.11288993951768134,0,1.0473601366038556,0,0,0.17820260915180489
horror| jcb| bus| horurr| fire| brigade| franklin| indian,0.300869481209545,2503,0.25206857042030506,0,0.5847493968878837,0,0,0.007764691606997772
hotel |  hyderabad |  woman,0.375,228,0.04027739457642454,0,4.3808066068534615,1,1,0.31102225714873094
hotstar| specials| hunkkaar| roar| 25th| september| jiohotstar,0.302779640676291,1714,0.25449412508627584,0,0.3642226867870377,0,0,0.0017780020597888513
hotstar| specials| hunkkaar| roar| teaser| 25th| september| jiohotstar,0.3024318312559923,1804,0.25205581697644647,0,0.3642226867870377,0,0,0.004648888994102441
hot| air| ballon| escape| granny| chapter,0.3056979600822572,1150,0.2519388928834544,0,0.3642226867870377,0,0,0.004786556522469441
houthis| attack| saudi| arabia| live| breaking,0.3006208367341565,2629,0.25239506909365717,0,0.626863338429224,0,0,0.00797816080031189
how| banned| corrupt| admin| using| illegal| items,0.3083686047375064,838,0.24787606326782358,0,0.6854081216916306,0,0,0.014130041359076959
how| build| wool| factory| minecraft| hardcore,0.3186247869246967,331,0.1906373606218985,0,2.422540050297427,0,0,0.10618549832285744
how| complete| naruto| nine| tails| strikes| mission| september,0.3140518818609514,441,0.23479227694151583,0,1.6480082364382016,0,0,0.043201052520724634
how| destroyed| entire| minecraft| civilization,0.3084975885791734,823,0.23562657261876263,0,0.7072546475766451,0,0,0.028862862244668344
how| escaped| most| secured| prison| proboii,0.3111677926935873,601,0.2269661873013929,0,1.1595181446931926,0,0,0.04548046827239016
how| exposed| underwater| gang| minecraft| smp,0.3138519389920015,449,0.19633367960671066,0,1.6141430870862752,0,0,0.08800178358555896
how| found| lost| weapon| minecraft| smp,0.309622336957386,731,0.2082877140570814,0,0.897757924895663,0,0,0.06375646764829229
how| minecraft| mobs| act| when| you| leave,0.3066010397716241,1020,0.25123628890207417,0,0.38602834449205736,0,0,0.0059233840826365515
how| minecraft| mobs| act| when| you| leave| game,0.303332969184615,1548,0.23224296557270757,0,0.3642226867870377,0,0,0.027976726849044873
how| obtained| fortune| pickaxe| minecraft| hardcore,0.3154014561376712,399,0.21999741976443604,0,1.8765912045764994,0,0,0.0638658500773075
how| pak| loving| karan| johar| became| basher| udta,0.3109320986548691,617,0.24222740711610496,0,1.1195976720878116,0,0,0.026945013202274343
how| saved| armour| civilization| finale,0.3143360657535849,435,0.23413231626247455,0,1.696141635833723,0,0,0.044661446515419215
how| saved| world| largest| minecraft| server,0.3113170526471111,585,0.04310738326596486,0,4.0913003058776445,1,1,0.30358007962894756
how| tag| climbed| back| group| bmsd| vlog,0.3278035180526948,264,0.16708471622319127,0,3.9771796438148006,1,1,0.15598782857140797
how| took| over| titan| only| minecraft| smp,0.3127521640583551,494,0.194060324360173,0,1.4278696651979907,0,0,0.08803392890507525
hrithik| roshan| hombale| films| trailers| ramayana| deeksha| sharma,0.3040724492549084,1390,0.25021272895227237,0,0.3642226867870377,0,0,0.006818958193339758
https| youtube| com| pawan| z4p6b| 7nzc9arr3iqd,0.3015985137700834,2083,0.25512345370408124,0,0.4612701416649756,0,0,0.0024148077458543225
hul share price,0.6000000000000001,180,0.08224657660092499,0,3.6938237618821637,1,1,0.2518542485748445
hulibeera| rural| anjan| chaitra| thotada| vanu| patil| rangayana,0.3129238848061347,487,0.23899809196247407,0,1.4569547173477762,0,0,0.03553669868140838
hunterz| did| again| can| godl| tag| qualify| playoffs,0.3165587238497435,365,0.22419634895451496,0,2.072602415755685,0,0,0.06170476329600545
hunterz| one| man| army| domination| playoffs| day,0.3148083546272636,416,0.22932162643275478,0,1.7761351526237428,0,0,0.051461266328440586
hunt| minecraft| strongest| weapon,0.30991539428523,707,0.2457522038663016,0,0.9473942546544634,0,0,0.020350111662395327
hyundai |  records |  monthly,0.375,228,0.07927195266416848,0,2.7447749374000825,0,0,0.2418829486322986
iaf,0.6000000000000001,180,0.08224657660092499,0,3.6938237618821637,1,1,0.2518542485748445
iari| wanpli| jngai| phi| music,0.33241496716812,251,0.146037433185434,0,4.7582398228696725,1,1,0.19185781253093812
ibd3d| franklin| found| spider| man| secret| base| indian,0.3064180048046529,1048,0.25131546198528454,0,0.3642226867870377,0,0,0.005520589933910813
icici bank share price,0.6000000000000001,180,0.08224657660092499,0,3.6938237618821637,1,1,0.2518542485748445
idiots| trapped| pennywise| carnival| devour,0.3153871366496853,400,0.2272030003140844,0,1.8741658537658854,0,0,0.05534749895489506
ifci share price,0.6000000000000001,180,0.08224657660092499,0,3.6938237618821637,1,1,0.2518542485748445
ikk| munda| sheera| jasvir| officials| deep| kila| haans,0.3057895698019723,1133,0.23053874401525165,0,0.3642226867870377,0,0,0.029983293362420473
ilaiyaraajas |  copyright |  rejects,0.375,228,0.07461823726687411,0,2.9643900017264695,0,0,0.25048015297212073
ilaiyaraja| vinayagar| chaturthi| saamy| varuthu| mano| udan| pirappu,0.3008703862578663,2499,0.25122013955539013,0,0.5845961051164199,0,0,0.008761465814572872
illegal |  buildings |  encroachments,0.375,228,0.08861431289809507,0,2.7447749374000825,0,0,0.23088316569957165
imli| boota| beri| ped| saudagar| dilip| kumar| raaj,0.3010206756116493,2395,0.2539176875168103,0,0.5591409766659856,0,0,0.005223960870801747
immortal| telugu| prakash| kayadu| lohar| sam| mariyappan| chinna,0.3018551055678339,1979,0.24607296812876372,0,0.4178101293177563,0,0,0.012453932726980522
impossible| zoo| missions| live| zoonomaly| granny| shorts| shortsfeed,2.100000359733294,39,-0.0037993346524846094,1,3.1667241777316577,1,1,0.3456822798991947
ind vs wi,0.6000000000000001,180,0.08224657660092499,0,3.6938237618821637,1,1,0.2518542485748445
india national cricket team vs west indies cricket team players,0.592,183,0.03114190431643249,0,3.614140608477208,1,1,0.3108941089978851
india vs west indies,0.6000000000000001,180,0.08224657660092499,0,3.6938237618821637,1,1,0.2518542485748445
india |  asian |  games,0.6,181,-0.038218230083999716,1,11.471370401146356,1,1,0.5041085091890042
india |  bags |  silver,0.375,228,0.09757715332063438,0,2.7447749374000825,0,0,0.22033023296737217
india |  beat |  pakistan,0.375,228,0.0839007758726304,0,2.7447749374000825,0,0,0.23643292858895354
india |  china |  women,0.375,228,0.028182933097217644,0,4.298909868009467,1,1,0.32409970166057106
india |  clash |  pakistan,0.375,228,0.07844251646395817,0,2.8500025846164982,0,0,0.24435345198012265
india |  cockroach |  janata,0.375,228,0.0591321633137033,0,3.269423114019726,1,1,0.2730441586918038
india |  efta |  partnership,0.375,228,0.073225533562499,0,2.7447749374000825,0,0,0.24900205943227938
india |  ends |  year,0.375,228,0.08949529861853417,0,2.7447749374000825,0,0,0.22984588481454749
india |  enter |  asian,0.375,228,0.06136846615118352,0,3.193164835946412,1,1,0.2693284755708277
india |  factory |  growth,0.375,228,0.09757715332063438,0,2.7447749374000825,0,0,0.22033023296737217
india |  geopolitical |  tensions,0.375,228,0.08257840280893025,0,3.0787774188364407,1,1,0.24273173773358409
india |  launching |  into,0.375,228,0.061385641101843746,0,2.7727489784001165,0,0,0.2633396079109955
india |  medals |  asian,0.375,228,0.05842568422360617,0,2.7447749374000825,0,0,0.26642754143988767
india |  pakistan |  hockey,0.4499999999999999,214,-0.04181735146236043,1,5.576236025737479,1,1,0.4246529008899169
india |  pakistan |  scheduled,0.375,228,0.0839007758726304,0,2.7447749374000825,0,0,0.23643292858895354
india |  proud |  captain,0.375,228,0.026820958107479753,0,4.337039007046124,1,1,0.3262446233900638
india |  proud |  modi,0.375,228,0.08923392415865278,0,2.8686922436941917,0,0,0.23191288408800617
india |  september |  goods,0.375,228,0.09138068049980053,0,2.888131723653155,0,0,0.2296612553315449
india |  squash |  match,0.375,228,-0.01527007893544119,1,6.657026311370977,1,1,0.4087398764398972
india |  targets |  million,0.375,228,0.08832961460640848,0,2.7447749374000825,0,0,0.23121837214970384
india |  trade |  deal,0.375,228,0.02658686219412587,0,4.032005894752867,1,1,0.32218969373548645
indian |  asian |  games,0.375,228,0.021130388950493684,0,4.070135033789525,1,1,0.3291555162741462
indian |  automakers |  stronger,0.375,228,0.0975333444241207,0,2.7447749374000825,0,0,0.22038181397475218
indian |  benchmark |  shares,0.375,228,0.08805642163174693,0,2.7447749374000825,0,0,0.2315400321312051
indian |  calcutta |  court,0.375,228,-0.025915563598578495,1,8.148283759206777,1,1,0.4424453586557187
indian |  compares |  public,0.375,228,0.06982000408820027,0,3.0406482797997834,1,1,0.2572122770069849
indian |  hails |  hero,0.375,228,0.08388089840803309,0,2.7447749374000825,0,0,0.23645633250299114
indian |  refiners |  change,0.375,228,0.026820958107479753,0,4.337039007046124,1,1,0.3262446233900638
indian| bike| driving,1.2009542727303295,64,0.06751654282017583,0,1.5772011468858063,0,0,0.23914782885211872
indian| bike| driving| ramp| challenge,0.9013297125095404,73,0.10559932450287124,0,1.0473601366038556,0,0,0.18678664793868055
indian| theft| auto| simulator,0.3016109785202864,2078,0.25501165920834645,0,0.45915893545155667,0,0,0.0025164628345377693
indian| theft| auto| simulator| gameplay,2.701177964731175,25,-0.017222422491916967,1,4.2380213186503415,1,1,0.3766959599993745
indian| truck| drivers| gameplay| shortsfeed| shortslive| shorts| ets2,0.3012609553151513,2256,0.22551080932034506,0,0.518443811080282,0,0,0.03809270898416023
indias |  ujjain |  tense,0.375,228,0.09515067686159279,0,2.811873445579841,0,0,0.2241397870095767
ind| 1st| match| gameplay| vaibhav| abhishek| sharma| shreyas,0.3008099329710644,2540,0.25288079202793473,0,0.594835327935983,0,0,0.006951564241897473
ind| afg| 2nd| t20| match| gameplay,0.3014929597396165,2122,0.2550228327193159,0,0.47914826367671726,0,0,0.0027870956150021836
ind| japan| 1st| t20| match| gameplay| vaibhav| sharma,0.3018437316043022,1985,0.2530986137921561,0,0.4197365844884118,0,0,0.0042092212423640776
infinix| play| wildcards| powered| hot| pro| freefire| freefirelive,0.3099986744732648,693,0.24515789650997416,0,0.9614997639965409,0,0,0.02125011071726787
infosys share price,0.6000000000000001,180,0.08224657660092499,0,3.6938237618821637,1,1,0.2518542485748445
innu| yaka| baralilavva| audio| hubballi| kichcha| sudeepa| rakshita,0.3027249391166984,1726,0.2534616652341755,0,0.3642226867870377,0,0,0.0029936300141270647
inox wind share price,0.6000000000000001,180,0.08224657660092499,0,3.6938237618821637,1,1,0.2518542485748445
inside |  india |  newsletter,0.375,228,0.06921389562634411,0,3.4981979482396683,1,1,0.2644217494005296
instagram |  cartoonist |  satish,0.375,228,0.02245292350360073,0,4.664695605109075,1,1,0.3360393305852642
inter miami vs,0.288,2807,0.04279907910063263,0,3.0862716906014205,1,1,0.2896746843470157
investigation |  transfer |  veeramani,0.375,228,-0.009052714949101981,1,5.381172717111459,1,1,0.38330619463830173
iphone |  available |  price,0.375,228,0.053779238820986786,0,2.7447749374000825,0,0,0.27189831002061265
iphone |  cheaper |  heres,0.375,228,0.05269798086538713,0,2.7447749374000825,0,0,0.2731713933216279
iragai| poley| naan| mahaan| alla| karthi| kajal| aggarwal,0.3031576102284478,1595,0.25497231970694856,0,0.3642226867870377,0,0,0.0012149712094159531
iran war,0.6000000000000001,180,0.08224657660092499,0,3.6938237618821637,1,1,0.2518542485748445
irani| israel| war| latest| update| animated| scenes,0.3001560301584471,2733,0.19923685105760924,0,1.0006115595388958,0,0,0.07587325247852195
irl| bootcamp,0.3313791805754446,252,0.11777876726310454,0,4.582804370523125,1,1,0.22263917408863873
ironman| strongest| gta,0.303007596967154,1636,0.25417501223311356,0,0.3642226867870377,0,0,0.002153728538744463
irumudi| hindi| ravi| teja| priya| bhavani| shankar| shiva,0.3020736605312024,1901,0.22957062477626233,0,0.38079257267793326,0,0,0.03135840881308437
irumudi| kattu| ravi| teja| prakash| ananthu| shiva| nirvana,0.6016665205487965,129,0.15711699810845048,0,0.5175191263219051,0,0,0.11860709873542791
irumudi| love| raviteja| prakash| ananthu| shivanirvana| telugusongs2026,0.3011845812929171,2299,0.2541386480763957,0,0.5313795946026078,0,0,0.004569671367978244
irumudi| ravi| teja| priya| bhavani| shankar| shiva| nirvana,0.3019435503749645,1935,0.24665900227656695,0,0.4028298671127847,0,0,0.011551255755646209
iruttarai| premieres| sept| 18th| ahatamil,0.3015299230633699,2107,0.2545870749516018,0,0.4728876328973934,0,0,0.0032112787132953305
ishan kishan,0.6000000000000001,180,0.08224657660092499,0,3.6938237618821637,1,1,0.2518542485748445
ishq| fanniyar| jyotica| tangri| fukrey| returns| pulkit| samrat,0.3013789070537232,2174,0.25267813715830806,0,0.49846583805209604,0,0,0.005822013937888969
ishq| kisi| dosti| akshay| bobby| sukhwinder| kailash| kher,0.3011922714137233,2294,0.254604955098059,0,0.5300770870863232,0,0,0.004002145383916994
ishq| mein| pal| bhi| judaai| lagti| hain| saal,0.301265475784209,2253,0.2536872773778868,0,0.517678160569301,0,0,0.004906600162715074
israeli |  passenger |  controlled,0.375,228,0.08314234325926129,0,2.7447749374000825,0,0,0.23732591429141714
israeli |  security |  lapse,0.375,228,0.08783690536291539,0,2.7447749374000825,0,0,0.23179849265369498
itc share price,0.6000000000000001,180,0.08224657660092499,0,3.6938237618821637,1,1,0.2518542485748445
jaadu| filmy| rawme| hooda| haryanvi| 2026| real| music,0.3026332508295247,1748,0.2436487001218165,0,0.3642226867870377,0,0,0.014547507563227311
jab| dekha| tumhe| damru| wale| dil| hamara| thikane,0.3010667699403243,2368,0.2528646042381395,0,0.5513337898778164,0,0,0.006353032377915114
jack| aur| shinchan| banaya| diamond| house| indian| theft,0.3000454991738308,2754,0.25001737941496477,0,0.7243106368027169,0,0,0.01216113473081095
jack| aur| shinchan| chips| house| indian| theft| aura,0.3000192311390603,2783,0.2511862962615662,0,0.7287597623221935,0,0,0.01084800527974744
jack| aur| shinchan| mila| blue| diamond| house| indian,0.3016388552251328,2062,0.25502893766736984,0,0.4544373428385092,0,0,0.0024290865438063762
jack| aur| shinchan| mila| centre| fresh| house| indian,0.301453373015873,2143,0.25502893766736984,0,0.48585323054534263,0,0,0.0028750980347097047
jack| aur| shinchan| mila| dairy| milk| house| indian,0.3011622005880734,2311,0.2543744010641039,0,0.5351703070001652,0,0,0.004345910339725301
jack| aur| shinchan| mila| jolo| chips| house| indian,0.3009965194857985,2413,0.25329214798212946,0,0.5632323994509012,0,0,0.00601856295734734
jack| aur| shinchan| mila| oreo| house| indian| theft,0.3009684484462611,2434,0.2536163995744747,0,0.5679869073330361,0,0,0.005704285847027842
jack| bob| final| battle| minecraft,0.3143451034284102,434,0.12845832204169227,0,1.9523285539872377,0,0,0.1727200893899488
jack| chacha| found| mentos| house| indian| theft| aura,0.3000197733968718,2781,0.2511862962615662,0,0.7286679178774802,0,0,0.010846701363776641
jack| found| blue| diamond| house| indian| theft| aura,0.3000163249314352,2787,0.25021809876633283,0,0.7292519987084569,0,0,0.011994958411901492
jack| found| green| diamond| house| indian| theft| auto,0.3000861189078846,2737,0.250563568292692,0,0.7174307047121399,0,0,0.011420372376716923
jack| found| pink| diamond| house| indian| theft| auto,0.3008844221105528,2488,0.2541146357246484,0,0.5822187947877,0,0,0.005319708077558027
jack| found| rgb| diamond| house| indian| theft| aura,0.3000121239553191,2794,0.25062470239649326,0,0.7299635353806223,0,0,0.011526321157204972
jack| green| colour| diamond| house| indian| theft| auto,0.3008097853165499,2541,0.2532400283785704,0,0.5948603367908238,0,0,0.006528951029921874
jack| kicked| out| his| house| indian| theft| auto,0.3014724073261243,2133,0.25501165920834645,0,0.4826293108184017,0,0,0.0028496718530800127
jack| pink| diamond| house| indian| theft| auto| simulator,0.3015557118623029,2096,0.25512345370408124,0,0.46851967753063767,0,0,0.0025177294372600943
jack| riya| found| gems| house| indian| theft| aura,0.6002830296425665,175,0.17036356253682888,0,0.6840791204619829,0,0,0.10537512195408162
jack| riya| found| oreo| biscuit| house| indian| theft,0.3000337516875844,2766,0.2506298407138472,0,0.7263003570579809,0,0,0.011468265095786157
jack| riya| found| red| lays| chips| house| indian,0.300007496322117,2800,0.2500463702517973,0,0.730747336725288,0,0,0.012218382502544221
jack| riya| swimming| pool| fek| diya| indian| theft,0.300022541984446,2779,0.25078041013315594,0,0.728198990767521,0,0,0.011317938154137269
jack| shinchan| doreamon| nobita| found| chocolate| world| indian,0.3000049033228184,2802,0.24966955249430645,0,0.7311865237239314,0,0,0.012668286419044928
jack| shinchan| doreamon| nobita| found| jelly| world| indian,0.3,2806,0.24865484207000277,0,0.7320170197573184,0,0,0.013874806585623395
jack| shinchan| found| giant| indian| theft| auto| simulator,0.3008488827387637,2515,0.2537919200004416,0,0.5882382449427802,0,0,0.005785134770175934
jack| shinchan| found| kit| kat| house| indian| theft,0.3000262271004629,2772,0.2505221618895441,0,0.7275748274505385,0,0,0.011613140819283795
jack| shinchan| mila| golden| diamond| house| indian| theft,0.302502496622217,1784,0.25446051977508427,0,0.3642226867870377,0,0,0.001817569269705631
jack| shinchan| mila| green| diamond| house| indian| theft,0.300014001157429,2792,0.25021809876633283,0,0.72964558590762,0,0,0.012000546171035895
jack| shinchan| mila| mehndi| diamond| house| indian| theft,0.3010545640850482,2375,0.25380546338988996,0,0.5534011459883971,0,0,0.005274606214395031
jack| shinchan| swimming| pool| dhakka| diya| indian| theft,0.3014727971549115,2132,0.2550228327193159,0,0.48256328390694975,0,0,0.0028355786716824415
jack| teaser| gurunandan| thapaswini| poonacha| sumanth| gowda| kiran,0.3079462516313016,875,0.2478304903955602,0,0.6138724320418661,0,0,0.013168106799018432
jadal| zamana| interval| theme| paradise| nani| anirudh| ravichander,0.3056256032427845,1165,0.22147827868980402,0,0.3642226867870377,0,0,0.04065117057480821
jadal| zamana| interval| theme| paradise| telugu,0.3052366959408913,1216,0.24752862506752538,0,0.3642226867870377,0,0,0.009979247388128899
jadi| sailendra| priyambada| akash| sushant| kajal| dibya,0.3104649538348213,659,0.2400807358830398,0,1.040475424902951,0,0,0.02834922525245706
jaga| mecchida| maga| teaser| now| color| rajkumar| bharathi,0.3041011532125206,1384,0.252226414489509,0,0.3642226867870377,0,0,0.0044480258754082715
jagran,0.6000000000000001,180,0.08224657660092499,0,3.6938237618821637,1,1,0.2518542485748445
jahale| bhajan| amhi| namito| tav| charna| ganpati,0.3007754989657738,2563,0.2537462894791643,0,0.6006675576027714,0,0,0.00601531958021498
jahre |  nrburgring |  editions,0.375,228,0.06776085353027239,0,2.7447749374000825,0,0,0.25543622517264664
jailer| first| rajinikanth| shiva| rajkumar| mohanlal| nelson,0.3016471794138329,2058,0.2545870749516018,0,0.453027440624726,0,0,0.002929323479439805
jailer| rajinikanth| nelson| anirudh| mohanlal| mammootty| entertainment| kizhi,0.3066690104659653,1016,0.24980428064286192,0,0.39754082166870686,0,0,0.007772886782015306
jail| star| raushan| rohi| srishti| bharti| queen| shalini,0.3045619677281088,1313,0.1817558933094537,0,0.8616314553728337,0,0,0.09448239565207651
jai| ambe| bol| yeh| prem| mol| liya| ayushmann,0.3014659981691843,2138,0.004147620794805573,0,6.623231939602517,1,1,0.38539751504795156
jai| dev| shri| shankara,0.3004031013924416,2693,0.2503659703163991,0,0.6637420723650701,0,0,0.010890808354184182
jai| ganesha| audio| kutumba| upendra| natanya| singh| gurukiran,0.3017508576139927,2022,0.25551502017676603,0,0.4354670357381122,0,0,0.0015874468886626762
jai| ganesh| deva| aarti| lyrics| lakhbir| singh| lakkha,0.3038878255219766,1421,0.25412999963187316,0,0.3642226867870377,0,0,0.0022067267994070913
jai| ganesh| deva| nonstop| ganpati| songs| sukh| karta,0.3014634916735396,2139,0.2550228327193159,0,0.4841393917126873,0,0,0.002857954680879484
jai| ganesh| shekhar| jaiswal| chaturthi| special| 2026| ganpati,0.3014736147662653,2131,0.25483241573932863,0,0.48242480169573937,0,0,0.0030578113848689133
jai| ram,0.3099103224450646,708,0.2194664114243597,0,0.9465352161421531,0,0,0.0512870554892946
jalan| jalur| extreme,0.9001159811123303,85,0.01569690811436708,0,4.288651157163664,1,1,0.33865522211670473
janmashtami| 2026| nand| anand| bhayo| jai| kanhaiya| lal,0.3032180683851622,1579,0.2541338672095403,0,0.3642226867870377,0,0,0.002202173077034091
janmashtami| badhai| raj| pareek| krishna| special| bhajan| 2026,0.3033029878618113,1557,0.2506471950258621,0,0.3642226867870377,0,0,0.0063074137461703985
janmashtami| bhajan| 2026,0.3013579042280163,2186,0.2156258413889926,0,0.6064214793368919,0,0,0.05098038265957681
janmashtami| jhanki| dance| famous| radha| krishna| chhalkat| hamri,0.9012581026811752,75,0.12279110609925975,0,1.0473601366038556,0,0,0.16654488236209866
janmashtami| krishna,0.3008699221174445,2500,0.2533084430561483,0,0.5846747184962706,0,0,0.006303793678070485
janmashtami| non| stop| mashup| tulsi| kumar| jubin| nautiyal,0.3019307513365063,1943,0.2554019875336888,0,0.404997693108412,0,0,0.0012879592008152026
janmashtami| special| 2026,0.3019963594801676,1919,0.255303651089527,0,0.39388537089626074,0,0,0.0012459797708411179
janmashtami| special| 2026| devendra| pathak| sohar| geet,0.301995321790987,1921,0.2540613536732734,0,0.3940611285977839,0,0,0.0027111676824530663
janmashtami| special| top| krishna| bhajans| nonstop| bhakti| songs,0.3007478906456916,2574,0.25070421449681324,0,0.605343692780055,0,0,0.009663474427889047
janmotsava| kannada| ramachari| maaruti| pictures| lightboy| films| film,0.3147385355160343,419,0.2290185093185968,0,1.7643096014459654,0,0,0.05165027187344935
jantala| game| over| aseema| panda| satyajeet| anurag| das,0.3095002880592363,745,0.24664579047103635,0,0.8770859990311044,0,0,0.018299827774490587
jantar |  mantar |  protest,0.375,228,0.054257019939597306,0,3.231293974983069,1,1,0.27824287886972365
jason| sanjay| speech| sigma| audio| launch| event| sundeep,0.3032004251074421,1586,0.25491686569056593,0,0.3642226867870377,0,0,0.001280263290612057
jawab| geya| deep| bajwa| navkiran| bhatthal| verse| jugnu,0.3044861801591685,1328,0.24986333176534203,0,0.3642226867870377,0,0,0.007230341732114278
jayanti| shailesh| narwade| ruturaj| priyadarshini| rohini| payal| sept,0.3041742171758772,1370,0.25381394261148,0,0.3642226867870377,0,0,0.002578855312078251
jaya| janardhana| krishna| songs,0.3006353896213373,2625,0.2529244906087815,0,0.62439845583318,0,0,0.007319820973257276
jaya| janardhana| krishna| songs| tamil| bhakti| janmashtami| special,0.3005656486773448,2659,0.25259338094808614,0,0.6362107675032691,0,0,0.007877372045233885
jaymin| dabhoda| hina| suthar| konudo| ramva| lai| mane,0.3089456292096281,781,0.24769717296600613,0,0.7831411392818831,0,0,0.015728184550245577
jcb| police| train| haunted| indian| bikes| driving,0.3015265922521339,2108,0.25502893766736984,0,0.47345178615058353,0,0,0.002699034676084377
jcb| tractor| horror| monster| truck| franklin| indian| bike,0.3009828517458162,2422,0.2524684550484182,0,0.565547361010834,0,0,0.007021252294728418
jeeva| shivachi| bail| jodi| mazi| gunvaan,0.3013372220999339,2202,0.2541679940105296,0,0.5055261908079414,0,0,0.004168078305496693
jets |  taiwan |  first,0.375,228,-0.01090671583663505,1,6.640456784172802,1,1,0.40336717398211347
jev,0.6000000000000001,180,0.08224657660092499,0,3.6938237618821637,1,1,0.2518542485748445
jhadu| pocha| meri| maa| bhi| tere| lad| kare,0.3073140289565652,939,0.24932214036156602,0,0.5067902669409948,0,0,0.009891578127860255
jhanki| menu| nachna| mohan| naal,0.3011916509015945,2296,0.25392397069422057,0,0.5301821857878931,0,0,0.004805434921725893
jharkhand |  hemant |  soren,0.375,228,0.023139351067904657,0,3.984483620927791,1,1,0.3255741518838477
jhoom| zara| paradise| nani| keerthy| suresh| anirudh| ravichander,0.3061037229030063,1083,0.24770018154951684,0,0.3642226867870377,0,0,0.009777255170385522
jignesh| barot| ambaji| farava| gyata| gujarati| devotional| 2026,0.3051744780171606,1231,0.24914045628840759,0,0.3642226867870377,0,0,0.008081462127236141
jignesh| barot| gujju| love| guru| jadav| gadhvi| loksahitya,0.3036828576493529,1460,0.2538601204524132,0,0.3642226867870377,0,0,0.002524485087226236
jignesh| barot| marvad| farava| gyata| gujarati| 2026,0.3074410314383405,922,0.24606415813522353,0,0.5283012017194029,0,0,0.014032947919462057
jindal supreme ipo,0.6000000000000001,180,0.08224657660092499,0,3.6938237618821637,1,1,0.2518542485748445
jio finance share price,0.6000000000000001,180,0.08224657660092499,0,3.6938237618821637,1,1,0.2518542485748445
jisoo| click,0.3222131834654624,294,-0.12432832841893182,1,26.14977342880415,1,1,0.813884700003082
jitan ram manjhi,0.6000000000000001,180,0.08224657660092499,0,3.6938237618821637,1,1,0.2518542485748445
jitiya| beta| khatir| vrat| tanyamouar| sherasamrat| geet,0.3030341515228484,1630,0.2543859609724843,0,0.3642226867870377,0,0,0.0019053555061371511
jitiya| geet| amar| viral| treanding,0.3010006903818902,2407,0.25384903481378207,0,0.5625259575566772,0,0,0.00535284979801896
jitiya| vrat| geet| 2026| viral| trending| katha,0.3010878523158067,2354,0.25324849953522355,0,0.5477629808854245,0,0,0.005850335648919922
john| cena| clash| clans,0.3080018892274545,871,0.20772766445313107,0,0.6232960014504356,0,0,0.060519338236723015
joined| armour| only| civilization| minecraft,0.3180395336635754,342,0.214454243771804,0,2.3234132887346224,0,0,0.07673597272305621
joined| gun| only| minecraft| smp,0.3036370523653143,1468,0.23522732920600387,0,0.3642226867870377,0,0,0.024462908998244003
joined| hackers| civilization| minecraft,0.3118796801624571,543,0.24214900659409733,0,1.2800934649417537,0,0,0.029315882166592387
joined| haters| minecraft| smp,0.3102603990130502,675,0.2311162880908474,0,1.005829130057231,0,0,0.038412176922082084
joined| mace| only| smp| minecraft,0.310681597499526,635,0.22966631781644237,0,1.0771692569956186,0,0,0.04113220166452425
joining| dark| side| only| choice| hellmart| ending,0.3132987332548958,471,0.2254541266288413,0,1.520444347002032,0,0,0.05238485357362129
jonathan| lianhna| tin| fiah| music,0.3405739617358843,239,0.13349328491785006,0,6.140162424311623,1,1,0.22624657188008612
jonathan| player| india| simp| fire| godlike| comeback,0.3121574012583997,528,0.23839870925812795,0,1.3271322337744305,0,0,0.03439932717350537
journey| nepal| india| along| most| extreme| road| world,0.3007277036865743,2588,0.24974262864725588,0,0.6087628414051395,0,0,0.010844196331608536
journey| nooooob| pro,0.3121131991433918,531,0.18571576026459657,0,1.31964553902872,0,0,0.09632243888868137
joy| baba| vishwakarma| bengali| puja| brm| gaan| biswakarma,0.3018547586251081,1980,0.2547809905119963,0,0.41786889243988135,0,0,0.00220185941462053
joy| vishwakarma| puja| bengali| biswakarma| brm| music,0.3015456140546944,2100,0.25502893766736984,0,0.4702299849028738,0,0,0.002653294750117789
judges |  decline |  meet,0.375,228,0.07926978469389284,0,2.7447749374000825,0,0,0.24188550122092067
jug| jive| yashoda| maiya| tero| lalna,0.3011575509906228,2313,0.2531873845186244,0,0.535957828520284,0,0,0.005754695246936534
jukebox| babita| yadav| 2026,0.3021479110512129,1885,0.25569954446435483,0,0.36821645549594645,0,0,0.00041542948178635786
jukebox| jitiya| gana| 2026| bhojpuri| geet,0.3028798198101571,1686,0.2550327738609073,0,0.3642226867870377,0,0,0.0011437919191427384
jukebox| savita| yadav| paramparik| teej| vrat| geet| 2026,0.3011648465938638,2307,0.25410995456081537,0,0.5347221420731326,0,0,0.004650909544082978
jukebox| top| jhullur| dada,0.3012260931161053,2271,0.2538927652959926,0,0.5243485656915773,0,0,0.004759356522286973
jumangon| asa| music| nikrang| sangma,0.3245202097332518,278,0.18256809884964836,0,3.4210721557589623,1,1,0.1298624876684808
jumping| 348| 239| steal| rare| eggs| roblox,0.3039729348337374,1410,0.2546665492424221,0,0.3642226867870377,0,0,0.0015749882343232071
jumping| superhero| cars| across| entire| map| gta,0.3096414592140284,729,0.24154821483704564,0,0.9009967404660529,0,0,0.024641222236189676
kaala| asla| square| simran| choudhary| nikhil| swapnil| music,0.3070478232741956,975,0.21159081751622677,0,0.5285697603559408,0,0,0.0546259965879486
kaanuda| mcdonald| bhoomi| 2026| salim| sulaiman| aditya| gadhvi,0.3056136485640153,1167,0.24793937507936997,0,0.3642226867870377,0,0,0.009495626455433758
kaari| ankhiya,0.3162642591747604,368,0.22420290873355359,0,2.02272771780047,0,0,0.06098896845215898
kaat| harry| lather| vaishali| chaudhary| komal| haryanvi| songs,0.3034637615660902,1515,0.2540162990588651,0,0.3642226867870377,0,0,0.002340598924983423
kabar| khudegi| aaj| sabki| promotions,0.3048356504299942,1279,0.251202935023034,0,0.3642226867870377,0,0,0.005653080239127299
kabhi| shaam| dhale| evergreen| romantic| hindi| old| gold,0.6011736198289201,149,0.1776427821281532,0,0.5332361830237133,0,0,0.09466298242411858
kachori |  samosa |  indian,0.375,228,0.06311791476399498,0,3.1550356969097546,1,1,0.2667273387480132
kah| dena| gause| azam| salam| hamara| most| trending,0.3135575221238938,460,0.2343037864969506,0,1.5642764863789582,0,0,0.04258746576070569
kailash| kher| teri| deewani| lyrics,0.3010410388471864,2385,0.25344431576985565,0,0.5556919713757438,0,0,0.005732347681512363
kakashi| mystery| shop| discount| free| fire| tonde| gamer,0.308360011950245,841,0.22435727030142655,0,0.6839527258303655,0,0,0.04180062745399903
kala| sheesha| bala| gadi,0.3525050692801622,235,0.11989036495828764,0,8.160983377032322,1,1,0.27095238159219887
kali| ray| ban| surjit| bhullar| sudesh| kumari| gaiphy,0.3055921484683261,1170,0.22449145855167013,0,0.3642226867870377,0,0,0.03710342422507655
kallu| bihari| yadav| srishti| bharti| magahi| 2026,0.3086047458631029,812,0.24814269162267227,0,0.725404319247759,0,0,0.014383936808967903
kalyan jewellers share price,0.6000000000000001,180,0.08224657660092499,0,3.6938237618821637,1,1,0.2518542485748445
kalyani| bewafa| punjabi| mashup| shreya| ghoshal| priyadarshan| imran,0.3018303296225115,1990,0.24666629546049545,0,0.42200653348603334,0,0,0.011814919905961093
kalyani| majboor| aasa| kooda| shreya| ghoshal| zoha| waseem,0.3016488443252704,2056,0.2553373540634853,0,0.45274544769952113,0,0,0.002041934331667019
kalyani| majboor| mashup| ameet| shreya| ghoshal| aasa| kooda,0.3000175319454212,2784,0.250372144747342,0,0.7290475617654499,0,0,0.011810680830795416
kalyan| keys| rajendar| 2026| eatala| emotional,0.3058037783169315,1132,0.25222910594413483,0,0.3642226867870377,0,0,0.004444856931381688
kamariya| dole| neelkamal| singh| shilpi| raj| bhojpuri| free,0.300754730443747,2572,0.24998620178641345,0,0.6041852079393376,0,0,0.010492422341698929
kamboj |  replaces |  injured,0.375,228,0.08860884406068376,0,2.7447749374000825,0,0,0.23088960476024933
kamla| granny| celebrates| krishna| janmashtami| special,0.302992444094575,1640,0.25103347593915126,0,0.3642226867870377,0,0,0.005852602960582582
kamla| sends| hantu| hamood| hibibi| jungle,0.3018647025403782,1972,0.2543333936008894,0,0.4161846504484868,0,0,0.002704953042869585
kanch| keri,0.3105975153443434,646,0.24041483506740052,0,1.0629279151660949,0,0,0.02827461182540753
kanch| keri| rapperiya| baalam| mandeep| ramana| jagirdar| ismail,0.314596871456087,426,0.22479840736797468,0,1.7403153746294937,0,0,0.056278413518380324
kanhaiya| mittal| aman| jaji,0.3052130727330984,1225,0.25345833399816226,0,0.3642226867870377,0,0,0.002997552242785137
kanha| kiska| deewana| pawan| singh| janmashtami| songs,0.3023785004244244,1818,0.25487757622302193,0,0.3642226867870377,0,0,0.001326523079755811
kanohar electricals share price,0.6000000000000001,180,0.08224657660092499,0,3.6938237618821637,1,1,0.2518542485748445
kante| jass| manak| track| latest| punjabi| songs,0.3160450143504126,376,0.2034616897139589,0,1.9855933165578858,0,0,0.08488267783026376
karamtara engineering share price,0.6000000000000001,180,0.08224657660092499,0,3.6938237618821637,1,1,0.2518542485748445
karina| pandey| sovita| aahe| malin| navratri,0.3036879722278946,1458,0.2544219406716192,0,0.3642226867870377,0,0,0.0018629926694920932
karina| pandey| sovita| dhan| bani| maiya| viral| devi,0.3080507129524995,865,0.24463914687737925,0,0.6315654773724868,0,0,0.01717681295530879
karina| pandey| sovita| maiya| bari| sukwar| navratri,0.3023874476551232,1815,0.25495544403881365,0,0.3642226867870377,0,0,0.001234840780025596
kari| thi| mohabbat| may| june| jahar| bhaiya,0.3073214752190742,935,0.2449836833296678,0,0.5080514711705356,0,0,0.01501762362182578
karma| geet| 2026| ashish| yadav| dariya,0.3012785238773233,2245,0.25311530882366534,0,0.5154681511581366,0,0,0.005548665812705437
karma| geet| kiran| maurya,0.3010139541149025,2401,0.2539176875168103,0,0.5602794243255268,0,0,0.005240123417048592
karma| geet| puja| 2026,0.3011364134965556,2326,0.2535535289678256,0,0.5395379731749579,0,0,0.0053744206526598545
karma| geet| tanya| mouar| puja| 2026,0.3014799033415788,2129,0.2548708159587967,0,0.48135967972704174,0,0,0.002997477063682176
karma| kakar| diyal| lugwa| vikash| rangila| lali| patel,0.3025583914108118,1771,0.2545545297170097,0,0.3642226867870377,0,0,0.0017068810786270267
karma| nitish| nirmal| yadav| 2026,0.300905052748473,2474,0.2534819464983781,0,0.5787244984516192,0,0,0.00601503379181576
karma| puja| raj| bhai| hunter| hope| khortha| jhumar,0.3019423550695231,1936,0.2557270488943096,0,0.4030323209312553,0,0,0.0008773264960228398
karma| pujbay| karm| dariya| manita| shree| khortha| jhumar,0.301463228332047,2140,0.2553382015387722,0,0.4841839949487163,0,0,0.002487269694804341
karma| puj| hai| sabhe| bahin| karm| dariya| savitri,0.3028196364766195,1700,0.25448027917422317,0,0.3642226867870377,0,0,0.001794304367050767
karnataka |  counterfeit |  drug,0.375,228,0.02696591826857131,0,4.53392175156132,1,1,0.32886909108925355
karpur| gauram| shiva| mantra| monday| special| morning| meditation,0.300842865743528,2522,0.25243601249987835,0,0.5892573682722615,0,0,0.007396061530512407
karthiga| maasam| irumudi| kattu| ravi| teja| prakash| haricharan,0.3007329417943943,2579,0.2537919200004416,0,0.6078756414535909,0,0,0.006063926971656249
karunya lottery results,0.6000000000000001,180,0.08224657660092499,0,3.6938237618821637,1,1,0.2518542485748445
kar| pyar| zyada| mein| tudi| aadat| ban| jawan,0.3089600513396438,779,0.24803272606919285,0,0.7855838749969295,0,0,0.01536778069536263
kasoor| alka| yagnik| udit| narayan| songs| aftab| shivdasani,0.3005700527103533,2655,0.2523168603769973,0,0.6354648382467486,0,0,0.008192360009294625
katseye| hootie| frutti| live| saturday| night,0.3102520947973987,676,0.1515106958039602,0,1.3560005127156523,0,0,0.13711193566888177
katta| dupatta| pawan| singh| shivani| bhojpuri| 2026,0.3023499401432845,1823,0.255025520491369,0,0.3642226867870377,0,0,0.0011523321047547345
kaun| marvana| masoom| sharma| priyam| shivani| yadav| haryanvi,0.3050746382454974,1245,0.179938856426827,0,0.9003593350512188,0,0,0.09717161186379594
kavita| jha| madhu| pandey| vishwakarma| puja| geet| 2026,0.3011828649523241,2300,0.25381174880608337,0,0.531670298296253,0,0,0.004958692769395173
kavita| jha| radha| kaha| jalu| janmashtami| special| 2026,0.3012860195025748,2241,0.2541313589082807,0,0.5141985861570871,0,0,0.004334334853463552
kawan| roki| rangdari| khesari| lal| yadav| srishti| bharti,0.3156642887867484,384,0.0319429137572762,0,5.350342085279873,1,1,0.33459985266130754
kayyum| kaalum| kaatti| music| thanseer| koothuparamba| trending| viral,0.3026642204762095,1739,0.2542664479503563,0,0.3642226867870377,0,0,0.0020460712640532268
kehdoon| tumhein| chup,0.3008696693365935,2501,0.2524728128734938,0,0.5847175330328215,0,0,0.0072882803638716935
kerala |  high |  court,0.375,228,0.0827634896616421,0,2.7447749374000825,0,0,0.23777198008557912
khale| kanhaiya| layi| makhan| mishri| ghol,0.3009321268868221,2454,0.25258307859698353,0,0.5741388398403247,0,0,0.007008266710387623
khatre| bar| latest| bhojpuri| 2026| chand| jee| shilpi,0.308253414942273,849,0.24423931245611202,0,0.6658979504117647,0,0,0.018135000034074485
khatu| shyam| bhajan| 2026| viral| hit| viralvideo,0.3017388526310985,2030,0.2543811115373937,0,0.437500369263906,0,0,0.0029513888453374017
khatu| shyam| bhajan| pitram| sharma| sunil| 2026,0.3013360069015365,2204,0.25474062963637345,0,0.5057320139785186,0,0,0.003496773798544509
khesari| lal| yadav| bhojpuri| krishna| bhajan| 2026,0.3024106850013969,1811,0.2552191802161301,0,0.3642226867870377,0,0,0.0009243153207895995
khesari| lal| yadav| devi| geet| chunari| sunari| bhakti,0.3072673333688772,946,0.1663308921697204,0,0.9255895553697573,0,0,0.11355195069482739
khesari| lal| yadav| devi| geet| maai| bhakti| 2026,0.3089958054529112,776,0.24803867921313905,0,0.7916396968029581,0,0,0.01544674593545186
khesari| lal| yadav| jaan| hamar| dusman| gauri| subba,0.3170870904935555,355,0.13869545918950366,0,2.1620940560389887,0,0,0.16364482941267966
khesari| lal| yadav| kaari| ankhiya| shilpi| raj| ritu,0.3185952395279069,332,0.1828176613136322,0,2.4175354856910456,0,0,0.11532143611523374
khesari| lal| yadav| kangana| sharma| shilpi| raj| afeem,0.3106162321471751,645,-0.016153798531794328,1,9.482459513697794,1,1,0.44989306336279206
khesari| lal| yadav| khushi| kakkar| fulauna| samita| giri,0.3186329585256713,330,0.09563388201317924,0,2.4239241080980745,0,0,0.21806313832469246
khesari| lal| yadav| muskan| jaiswal| photauwa| bhojpuri| devi,0.3309585122023801,253,0.09134774552670633,0,4.511554031082217,1,1,0.2527477666571317
khesari| lal| yadav| rani| chatarjee| viral| hit| 2026,0.3008695028806479,2502,0.24754344674965612,0,0.5847457263636807,0,0,0.013092562727354734
khesari| lal| yadav| rani| chatterjee| kareja| kaha| jata,0.3004263041654539,2688,0.2511821774535746,0,0.659812122887152,0,0,0.009874004873835787
khesari| lal| yadav| shilpi| raj| bhojpuri| 2026,0.3015337824579763,2106,0.25552015166451675,0,0.47223395129604273,0,0,0.0021033850826339237
khesari| lal| yadav| shilpi| raj| jila| chhapra| bhojpuri,0.3148982569366087,412,0.08378373289935237,0,3.0975550324689363,1,1,0.24157915659273863
khudurukuni| osha| bahi| gita| mansi| patra| debajani| singh,0.3014693698523319,2135,0.25502893766736984,0,0.4831437802974488,0,0,0.002836631958058665
khushi| kakkar| karma| 2026,0.3025850288490738,1761,0.25488530714821656,0,0.3642226867870377,0,0,0.0013174206156160502
khwaab| chore| shyam| yadav| sanjana| yaduvanshi| haryanvi| 2026,0.3114590846943059,574,0.24263224906355896,0,1.2088554737070736,0,0,0.027735541868070885
kichcha| sudeepa| devaraaya| movie| teaser| abhinaya| chakravarthy| kiccha,0.3074087725764836,928,0.2484908344980386,0,0.5228373850779536,0,0,0.011098186485627175
kidnapped| vampire| girls| minecraft,0.3037126317902749,1451,0.24009379403660042,0,0.3642226867870377,0,0,0.01873308747071198
killed| final| gaint| blue| whale| boss| island,0.3137739980648775,451,0.23510409504090796,0,1.600941910412422,0,0,0.04216571412352699
killed| yessmartypie| himlands| day,0.315383093436217,401,0.21630665460841353,0,1.8734810380048372,0,0,0.06816723668638383
kings| free| fire| max| india| ffmic| fall| final,0.322803187685182,286,0.18570961736675423,0,3.130253041259651,1,1,0.12203487397634566
kiran| maurya| paramparik| karma| puja| geet,0.301019289078124,2397,0.2539176875168103,0,0.559375819574676,0,0,0.005227294936571605
kishore| kumar| lata| mangeshkar| aap| kasam,0.3004654238945742,2677,0.2517427875858438,0,0.6531862528262461,0,0,0.009119869718525783
kishori| kuch| aisa| intezam| jaye| radha| naam,0.3016442728824883,2060,0.25502893766736984,0,0.45351973184071,0,0,0.0024160592165821107
kishori| kuch| aisa| intezam| jaye| radha| rani| bhajan,0.3018984030494033,1955,0.25540333879257854,0,0.4104766560730646,0,0,0.0013641530762983564
kisi| aur| gali| music| anmol| daniel| nikki| tamboli,0.3026676627505033,1737,0.2452395374326954,0,0.3642226867870377,0,0,0.01267444072970873
kisi| din| banoongi| main| evergreen| hindi| romantic| old,0.3006034777739758,2638,0.2517410513953255,0,0.6298034971965908,0,0,0.008789948844832701
kisi| tum| pyaar| karo| evergreen| bollywood| love| andaaz,0.3012661738637597,2252,0.25419119369807813,0,0.5175599239531641,0,0,0.004311605735322539
kissayariyathe| khalifa| prithviraj| sukumaran| vysakh| jinu| abhraham| jakes,0.3026083584485913,1755,0.25457288321934685,0,0.3642226867870377,0,0,0.0016852714921083301
kite,0.6000000000000001,180,0.08224657660092499,0,3.6938237618821637,1,1,0.2518542485748445
kiya| audio| welcome| akshay| kumar| katrina| kaif| anand,0.3010695532607993,2366,0.25424027442742614,0,0.5508623673955912,0,0,0.004726612552985468
koi| jaye| aaye| 90s,0.300590663557733,2648,0.25307554313166536,0,0.6319738939162534,0,0,0.007249518836656189
kota news,0.588,184,0.014750559066458613,0,3.5742990317747303,1,1,0.32962780224781363
koyi| maru| mali| gayu| kajal| maheriya| gujarati| love,0.3037120735005372,1452,0.2548291193434487,0,0.3642226867870377,0,0,0.0013835766661682784
krishnasthami| special| songs| krishna| telugu,0.3010794858381739,2359,0.2539869255351415,0,0.5491800457503911,0,0,0.005001023997463815
krishna| bhajan| mashup| jigardan| gadhavi| jigrra,0.3095510402725392,739,0.246761780860285,0,0.885682110972841,0,0,0.018285298635369537
krishna| bhajan| sohar| geet| priti| prakash,0.3021860426382411,1872,0.25574114568974543,0,0.3642226867870377,0,0,0.00030974825589560987
krishna| chati| bhajan| 2026,0.301422685221177,2161,0.2547762238165904,0,0.4910509490542358,0,0,0.003246437734561421
krishna| chati| bhajan| 2026| chathi,0.6011339599965135,152,0.1715917386491504,0,0.5399535326084972,0,0,0.10188290425004841
krishna| chhatti| bhajan| nonstop| 2026,0.3018880831851142,1963,0.25538608094572063,0,0.41222457410223606,0,0,0.0014092878274033107
krishna| festival| special| songs| kannada,0.3057201435161455,1146,0.25124106882780023,0,0.3642226867870377,0,0,0.005608181138222963
krishna| gavlani,0.3010697964270877,2364,0.2525728882129627,0,0.5508211813172151,0,0,0.0066892240676498065
krishna| janam| chhathi| sohar| priti| prakash| bhojpuri| geet,0.3017736222523179,2009,0.2549360767598948,0,0.4316112949413781,0,0,0.002214360352176311
krishna| janam| sohar| geet| viral,0.6011787376169647,147,0.1742696160816266,0,0.5323693621293587,0,0,0.09862227363837688
krishna| janmala| janmashtami| 2026| swara| dabir,0.3006956676234266,2600,0.2533949727418094,0,0.6141889217091934,0,0,0.006620926079256757
krishna| janmashtami| 2026| devendra| pathak| sohar| geet,0.3013684628204111,2179,0.2547569043547438,0,0.5002348209762687,0,0,0.0033995681194997525
krishna| janmashtami| bhaktigeethegalu| kannada| devotional| audio| jukebox,0.3010423169487366,2384,0.25357368877143743,0,0.5554754940384419,0,0,0.005576949361243732
krishna| janmashtami| radha| bhajan| brm,0.3012947474761357,2233,0.25399012063385573,0,0.5127202932340281,0,0,0.004479642797165546
krishna| janmashtami| special| 2026| bhajan,0.3013615695941106,2182,0.2545870749516018,0,0.5014023551794362,0,0,0.003616102346368794
krishna| janmashtami| special| 2026| bhakti| songs,0.3010274823704839,2390,0.2533046866716448,0,0.5579880878145519,0,0,0.005929346271688481
krishna| janmashtami| special| bhajan| 2026,0.3070434167059934,976,0.24952773205846185,0,0.4609555526038011,0,0,0.008998796893843062
krishna| jayanthi| 2026| special| kannan| piranthan| powerful| bakthi,0.3009061105748486,2472,0.2536038880482065,0,0.5785453300302318,0,0,0.005868915007673819
krishna| jayanthi| songs| colection| sudha| ragunathan| juke| box,0.301022662920974,2393,0.2532658750573585,0,0.5588043778793259,0,0,0.005986632305414604
krishna| jeyanthi| special| songs| tamil| devotional| gokulashtami| saregama,0.3008780993704984,2496,0.25070421449681324,0,0.583289703379624,0,0,0.009350373846914128
krishna| mantras| heart| hare| peaceful| maha| mantra,0.3021048727340163,1892,0.2555636248121359,0,0.3755060330006198,0,0,0.0006789527232258662
krishna| songs| 2026| jai| shri| janmashtami| bhajan,0.3023495818886396,1824,0.2543784964485231,0,0.3642226867870377,0,0,0.0019141443069554689
krishn| janmashtami| katha| story,0.6021525255671346,119,0.1705815349450523,0,0.5175191263219051,0,0,0.10275382624498401
krushnacha| palana| aangai| geet| marathi| sumeet| music,0.3010696543110168,2365,0.2539869255351415,0,0.5508452521029915,0,0,0.005024664939108237
kumar |  deepak |  arrested,0.375,228,-0.023845137509654113,1,7.038125436929016,1,1,0.4242466970719698
kumari| bail| shiva| rajkumar| dheekshith| niveditha| ajaneesh| loknath,0.3021806205297525,1875,0.24798511673450463,0,0.3642226867870377,0,0,0.009441769799849262
kurbaan| 1990| movie| all| songs| anand| milind| sameer,0.302451781627983,1796,0.25463247764434654,0,0.3642226867870377,0,0,0.0016151044548090375
kurmaavatar| teaser| telugu| shivaraj| kumar| varalaxmi| sarathkumar| raj,0.3030459154752157,1625,0.2502590052008165,0,0.3642226867870377,0,0,0.006764472102439736
kya| khoob| lagti| female| verssion,0.300835596261108,2526,0.2524728128734938,0,0.5904886305280891,0,0,0.007370212659467876
kynan |  chenai |  father,0.375,228,-0.005585877516371296,1,6.077092859434833,1,1,0.3891042888013777
laadi| betuli| garhwali| 2026| pritam| bhartwan| ramesh| rawat,0.3107039864291772,634,0.2401468375782671,0,1.080961362462811,0,0,0.028846175521003874
laadli| shri| radhe| jaya| kishori| radha| ashtami| special,0.3047061302487121,1291,0.25390072933534596,0,0.3642226867870377,0,0,0.0024766718059764984
laddu| gopal| bhajan| krishan| chhathi| special,0.3012155677981162,2280,0.25381174880608337,0,0.5261312822623186,0,0,0.004880055335289017
lady gaga,0.6000000000000001,180,0.08224657660092499,0,3.6938237618821637,1,1,0.2518542485748445
lahanga| lahake,0.3356500563877883,244,0.13327174744816678,0,5.306180242882209,1,1,0.21466736361962124
lakshmi,0.3014859437751004,2124,0.2544568275960755,0,0.4803365865583159,0,0,0.003470386003148677
lakshmi| baramma,0.3011927202292749,2292,0.253837003157101,0,0.5300010693430118,0,0,0.0049052600081199715
lakshmi| baramma| friday| devi| devotional| songs| kannada,0.300780460931044,2561,0.2537919200004416,0,0.5998271290551819,0,0,0.00594966220702929
lakshmi| devi| 2026| special| songs| telugu,0.3022391273144825,1854,0.25460927079915685,0,0.3642226867870377,0,0,0.0016424284129147226
lakshmi| devi| bhakti| songs| telugu| friday,0.3011984811328217,2289,0.25381174880608337,0,0.5290253213203866,0,0,0.004921142020060321
lakshvedhi,0.3013517012791962,2192,0.25364351918927047,0,0.5030737924264177,0,0,0.004750783189726493
lalahi| chhath| geet| halsashti,0.6012458413300236,144,0.17684359819919204,0,0.5210037291525796,0,0,0.0954302849099412
lalbaugcha| raja| 2026| live| visarjan| miravnuk| abp| majha,0.3009893079735695,2417,0.2525811554002351,0,0.5644538430561138,0,0,0.00687303315996627
lalitha| sahasranama| stotram,0.3012500347231868,2262,0.2535749711526441,0,0.520293476836469,0,0,0.005075960226227234
lanterns| midseason| hbo| max,0.3068240377040581,998,0.19471001625900192,0,0.6488498055376775,0,0,0.07620922729530431
last| chance| solo| kills| classic| hacker| what| bgmi,0.3080444580980432,866,0.23939389730360033,0,0.6305060668446377,0,0,0.023337578751387082
last| gaming| bye| free| fire,0.3386393253707552,242,0.11281371657707162,0,5.812485074322182,1,1,0.24594285369370333
last| man| tower| manoj| bajpayee| divya| dutta| boman,0.3024120267410823,1809,0.25142226184243377,0,0.3642226867870377,0,0,0.005394842776182768
lata| mangeshkar| old,0.3014943626457433,2121,0.25483241573932863,0,0.478910647672904,0,0,0.003007920925314978
latest| ganesh| bhajan| 2026,0.3020575139255695,1903,0.25529400568829536,0,0.38352738994926455,0,0,0.0011102840577008812
latest| subash| brahamnu| silma| bheda| reha| palla| contact,0.3161806591618066,370,0.22442958481539527,0,2.0085680383911733,0,0,0.060521052869817044
lathi| aashish| yadav| khushi| kakkar| bhojpuri| gana| 2026,0.3086888091934137,803,0.1688896744525868,0,1.0441806815853272,0,0,0.11222285505589426
law| order| prakash| varma| abhirami| ranjith,0.3029600742397499,1655,0.23858410004713765,0,0.3642226867870377,0,0,0.020510615393327027
law| order| reaction| mammootty| prakash| varma| ranjith| black,0.305153594391188,1234,0.2535536352895662,0,0.3642226867870377,0,0,0.0028853436046676374
lcc projects share price,0.6000000000000001,180,0.08224657660092499,0,3.6938237618821637,1,1,0.2518542485748445
leader| board| ban| grandmaster| pushing| funwithsrbyt| freefire| rankpush,0.328813010156396,258,0.16950766641445375,0,4.148161489984137,1,1,0.15556245418969394
leaked| light| darkness| update| steal| egg| roblox,0.3105279503105589,654,0.23659555698787987,0,1.0511453981343328,0,0,0.032604189364808536
leaked| rift| update| steal| egg| roblox,0.318486091824441,334,0.16836097716415332,0,2.399048688443875,0,0,0.1320804150577823
leaked| sammy| update| steal| egg| roblox,0.6112378307612965,94,0.12219693406194532,0,1.1713807814341075,0,0,0.1690051877353978
least| eligible| bachelor| teaser| harsha| chemudu| hyper| aadi,0.301611824401049,2077,0.25009430483349754,0,0.4590156651338361,0,0,0.008304168181480323
left |  back |  others,0.375,228,0.06982000408820027,0,3.0406482797997834,1,1,0.2572122770069849
left |  voters |  election,0.375,228,0.04339836455445878,0,3.6125853653496396,1,1,0.2964411574798959
legacy| crossover| continued| semi| finale| raftaarmusic| krsnaofficial,0.312421517054132,511,0.23010241828300165,0,1.3718666167292188,0,0,0.04480255253263962
legacy| crossover| semi| finale| raftaarmusic| krsnaofficial,0.3067567764012897,1003,0.23690342124877806,0,0.41240610055253324,0,0,0.023173522569812373
legacy| finale| promo| raftaarmusic| krsnaofficial,0.3111861004829705,597,0.2345768196256659,0,1.1626190105806409,0,0,0.03656366109733614
legal |  setback |  hemant,0.375,228,0.04391015372255469,0,4.127868026880707,1,1,0.3031540422223106
legal |  system |  fails,0.375,228,0.08652397177804244,0,2.9643900017264695,0,0,0.2364622290216027
lekhak| negative| kirdar| rajat| dalal| bad| junkie| haryanvi,0.3132624950806769,473,0.23116971311624757,0,1.5143065377937663,0,0,0.04556812970636216
less| promotions| why| paradise| still| hyped| nani| srikanth,0.3047882544527526,1284,0.2539770268040217,0,0.3642226867870377,0,0,0.0023868384477313703
lets| explore| update| record| today| bgmi| live,0.3085297158854981,821,0.23882168204135984,0,0.7126961821143677,0,0,0.025178163805475228
let| wipe| out| gullit| netherlands| epic| boxdraw| football,0.3103787499670766,666,0.2441406991336828,0,1.02587471985545,0,0,0.023361700009962467
level| 000| transformer| bikes| gta,0.3024406418710653,1800,0.25446051977508427,0,0.3642226867870377,0,0,0.001817569269705631
libra horoscope today,0.5599999999999999,190,-0.014287371165865093,1,3.295407994857386,1,1,0.3598579175712329
lies |  damned |  statistics,0.375,228,0.09138068049980053,0,2.888131723653155,0,0,0.2296612553315449
life| diamond| minecraft,0.3034525132175725,1520,0.2380864389700857,0,0.3642226867870377,0,0,0.02109656623279041
life| gold| minecraft,0.3046517219981383,1301,0.2541891459829698,0,0.3642226867870377,0,0,0.0021370873285415275
life| golem| minecraft,0.3035448133125095,1493,0.2478176547714362,0,0.3642226867870377,0,0,0.009638941092447444
lifted| impossible| lava| cube| roblox| lift,0.3040602060329406,1394,0.2536094482738718,0,0.3642226867870377,0,0,0.0028196288712580343
lilyville| danger| day,0.3110763937086168,607,0.20019307727855423,0,1.1440375211885778,0,0,0.0767836017048601
lingashtakam| hara| namah| shivaya| monday| shiva| bhakti| songs,0.3018097841455368,1991,0.2536456449941203,0,0.42548640576109514,0,0,0.0036467717897984346
lingastakam| telugu| namah| shivaya| shiva| songs,0.3003939600494472,2694,0.25156024695223544,0,0.6652903793760122,0,0,0.00950663711575982
liquor |  schools |  shops,0.375,228,0.04738541911159,0,3.5363270872763253,1,1,0.29066412279431997
lisa| always| lalisa,0.3212713907684456,306,0.08826597984842749,0,2.870806272117212,0,0,0.23308256370616548
lisa| sawadika| dance| performance,0.3238648583961012,281,0.014725575902458266,0,4.985615333236182,1,1,0.34969368117292493
lisa| sawadika| music,0.3054040094575517,1191,-0.14898963333979554,1,35.58292035118277,1,1,0.9768435795267785
live,0.3018621477532368,1975,0.2547809905119963,0,0.4166173652962745,0,0,0.002184091478459215
live |  ganesh |  secures,0.375,228,0.029812464648580672,0,3.6510618278884417,1,1,0.31298357449290637
live |  israel |  condemns,0.375,228,0.04167769661079568,0,4.323058764709633,1,1,0.3085536819847448
live |  leaders |  detained,0.375,228,0.09099179035607363,0,2.7447749374000825,0,0,0.22808390134769557
live |  lovlina |  gold,0.375,228,0.08387242400093292,0,2.7447749374000825,0,0,0.23646631034972918
live| aigirinandinistotram| bhakthinidhi,0.6013109534845612,141,0.17739719483874866,0,0.5175191263219051,0,0,0.09472900409118847
live| badge| team| lava| guild| test,0.3103152725684245,672,0.24476807640582365,0,1.0151232907241299,0,0,0.022470382015699647
live| day| rank| season| road| top| 1with| kusumyt,0.3028589967670164,1692,0.25176442147609523,0,0.3642226867870377,0,0,0.004991980800795676
live| day| rank| season| road| top| 1with| lakagamingz,0.6027223592594982,114,0.1648237056933513,0,0.5175191263219051,0,0,0.10953314863745792
live| free| fire| max| ranked| push,0.6009327404719228,158,0.17028012965244843,0,0.5740349143981149,0,0,0.10391105855816703
live| free| fire| rank| season| push,5.403742875056296,8,-0.11676773498634685,1,9.194477102957954,1,1,0.5642683722956767
live| ganesha| namavalidevotional| bhakthinidhi,0.6049014044545326,103,0.1655753535205809,0,0.5182821583919841,0,0,0.10865898417563152
live| ganesha| suprabhatha| bhakthinidhi,0.3017581030518865,2017,0.2549360767598948,0,0.434239846002947,0,0,0.002251677902736274
live| granny| chapter| main| aaj| hoga| escape| horror,0.3009714334312956,2428,0.25270904646840164,0,0.5674813280916227,0,0,0.006765434229612276
live| gta| black| panther| mountion| lion| hunting| challange,0.3007676125610957,2564,0.2426261985854804,0,0.6020033105289783,0,0,0.01912718302568436
live| gta| gameplay| gta5| gtav| gaming,6.900386470606057,6,-0.1431680562824571,1,11.939294730785868,1,1,0.6343205467414299
live| gta| gameplay| raajoo| gaming,4.800517018820037,14,-0.11984826116913949,1,8.498341574594576,1,1,0.5580123737918341
live| hanuman| bhajan,0.3030334099345942,1631,0.2534832429284755,0,0.3642226867870377,0,0,0.0029682242336234593
live| hanuman| jayanti,0.3017607407120443,2015,0.2549360767598948,0,0.43379309461015847,0,0,0.0022453353713196805
live| indian| bike| driving| game| short| shortslive| shortfeed,0.3013241769028951,2215,0.252173205350664,0,0.5077357096988496,0,0,0.006548129811084029
live| india| afghanistan| 1st| t20| ind| afg| 2026,0.3028080785395746,1706,0.25420056166806343,0,0.3642226867870377,0,0,0.0021236463933908957
live| kerala| guild| war,0.3084745960722923,827,0.24767182498929013,0,0.7033603117416348,0,0,0.014625380750105282
live| lalbaugcha| raja| visarjan| 2026,0.3015032403180188,2118,0.2547762238165904,0,0.47740699966040884,0,0,0.0030527345271990306
live| lava| battle| back,0.3088362021708146,793,0.24769717296600613,0,0.764607029853397,0,0,0.015465055720148363
live| lingashtakam| telugu| sumantv,0.6013145568281406,140,0.1754739983394219,0,0.5175191263219051,0,0,0.09699339376359177
live| panther| hunt| challange| gta| mods| gtav| gtalive,0.9003867775897936,80,0.07238852025198378,0,1.7038311750324964,0,0,0.2352092837822104
live| raghavendrasuprabhatha| bhakthi| nidhi,1.2017794854861463,60,0.08379235744299002,0,1.5772011468858063,0,0,0.2199845314174819
live| raghavendra| bhakthidhama637,0.3022898883782009,1835,0.25544597194419355,0,0.3642226867870377,0,0,0.0006572886040744122
live| random| horror| game,0.3004922979527152,2672,0.2516620576383938,0,0.6486344826260075,0,0,0.009150300418206574
live| rank| push| challenges,0.3083853371154265,836,0.24814269162267227,0,0.6882421536341164,0,0,0.013856345386270914
live| rudrashtakam| stotram| shiva,0.3047382825863838,1290,0.25317860729084063,0,0.3642226867870377,0,0,0.003326905102659936
live| rureke| kalan| barnala| kabaddi| tournament| 2026| www,0.3021547719127472,1882,0.25481429196243094,0,0.3670544030468561,0,0,0.0014412364519743616
live| samaon| mansa| kabaddi| tournament| 2026| www| 123live,0.3020143694990472,1915,0.25403077196897966,0,0.39083493962860477,0,0,0.002701372650662912
live| school| holidays| extended| districts| otv,0.3011371355596011,2325,0.25345887160998054,0,0.5394156743752835,0,0,0.0054841348407628655
live| serious| gameplay,0.3078271349862259,886,0.2488283844517361,0,0.5936971539887993,0,0,0.011706748430352949
live| sri| lakshmi| suprabhatha| bhakthi| nidhi,0.3013220675944333,2216,0.25505041700430037,0,0.5080929719831175,0,0,0.0031655457645355612
live| suryadeva| stotra| bhakthi| nidhi,0.3023934481736995,1813,0.25495544403881365,0,0.3642226867870377,0,0,0.001234840780025596
live| top| grandmaster| push| free| fire| shorts| shortslive,5.401075919865192,10,-0.11465609628665063,1,9.189585954762794,1,1,0.5617126693500158
live| ujjain| shahi| masjid,0.3011198061622082,2336,0.2531700046752952,0,0.5423508259712049,0,0,0.005865919850070581
live| vannu| njan| drone| view| custom| ro0m,0.3095835337116475,734,0.2453402535783638,0,0.8911856589320243,0,0,0.02003715213980407
live| venkateshwara| suprabhatha| bhakthi| nidhi,0.6015125532542,132,0.17641996856486525,0,0.5175191263219051,0,0,0.09587959951030314
live| wwe| 2k25| gameplay| shorts| shortsfeed,2.1005926557188705,37,-0.008222213200100303,1,3.1667241777316577,1,1,0.3508898187591193
lojak| mojak| meesaya| murukku,0.3075753198275762,911,0.24754237962778114,0,0.5510461807305832,0,0,0.012615386574541445
lojak| mojak| music| meesaya| murukku| hiphop| tamizha| ketika,0.3039140930672221,1416,0.24375351373486365,0,0.3642226867870377,0,0,0.014424099028012982
lord| ganesha| saved| franklin| shinchan| world| biggest| tsunami,0.3032453513475869,1570,0.2543870978777463,0,0.3642226867870377,0,0,0.0019040169031734
lord| shiva| bilvashtakam| telugu,0.301333461374892,2206,0.25473451908016237,0,0.5061631603377267,0,0,0.003510089411669924
lord| shiva| songs| lingashtakam| devotional,0.3012231315765806,2273,0.2533247222029855,0,0.5248501738701722,0,0,0.005435297143683258
lord| shiva| songs| telugu,0.3007553215838864,2571,0.2517586620235362,0,0.6040850840928883,0,0,0.008404089505488613
lord| shiva| songs| telugu| bhakti,0.3006580159503066,2615,0.2528211248032601,0,0.6205661410631784,0,0,0.007387117457224611
lost| girl| spent| 9187361| robux| roblox,0.3103846192041471,665,0.24044940973722095,0,1.0268688167743099,0,0,0.027721972110837115
lost| minecraft| most| illegal| weapon,0.3099404671727798,701,0.23635059514496437,0,0.951640953153986,0,0,0.03147994471883959
lost| somewhere| zone| map| challenge| freefiretelugu| mbg| army,0.3126802959989965,495,0.23900754635118443,0,1.4156970752147042,0,0,0.034939832074893824
lovesick| nirvair| pannu| deol| harman| sukhi| badrukhan| juke,0.311522591141019,566,0.2409400608301963,0,1.2196118228284156,0,0,0.029880648166377553
love| arjun| das| aishwarya| lekshmi| netflix| india,0.3002986800154585,2715,0.17780854505086524,0,1.5487236181794046,0,0,0.10888469101782057
love| playing| supermarket| horror| games| hellmart,0.3110915678888794,605,0.2274565326054006,0,1.1466076347594434,0,0,0.044719840528774854
lovlina |  gives |  herself,0.375,228,0.08557541442802813,0,2.7447749374000825,0,0,0.23446119338083596
lovlina |  history |  gold,0.375,228,0.0030961015479266107,0,6.474761512191046,1,1,0.3845277484260919
luffy| became| best| guard| protect| president| rivals| roblox,0.3071503386635011,961,0.24205013668001413,0,0.4790653660671153,0,0,0.018060093220467543
lumino industries share price,0.556,191,-0.017658221164972843,1,3.255566418154908,1,1,0.36326115707607687
lust| stories| netflix| india,0.3010192862250466,2398,0.19811525718689055,0,0.9676265334556329,0,0,0.076725539110829
lutana| gopal| bharwad| jigar| studio| latest| gujarati| sad,0.3059088657751361,1116,0.25181100774832993,0,0.3642226867870377,0,0,0.004937129685082363
m1014| evo| gun| max| free| fire| city| girl,0.3194668177231771,322,0.20106320398705851,0,2.5651582836919884,0,0,0.095934763810234
maahi,0.3016672464776482,2048,0.2547209826789119,0,0.44962859916200937,0,0,0.0027234058934129937
maan| panu| met| her| again| music,0.3143636066949508,433,0.22538694208679122,0,1.7008063587995694,0,0,0.05502455753202508
maare| jaoge| armaan| malik| payal| kritika| shiva| chaudhary,0.310200549652724,681,0.2173364024398895,0,0.9956921967586756,0,0,0.054492829991742334
maar| goli| jaan,0.3250334396542854,276,0.18444729161175877,0,3.5080000268001674,1,1,0.12888402376427754
maa| anjani| lala| hanuman| bhajan| shri| ram,0.3010060297294682,2405,0.25324849953522355,0,0.5616216102092394,0,0,0.006047086668158088
maa| santoshi| katha| pal| story,0.3058510035151377,1123,0.25101965889891187,0,0.3642226867870377,0,0,0.005868871273899614
maa| sherawaliye| tera| sher| gaya| khiladiyon| khiladi| 1996,0.3019588045234248,1928,0.2550845802609574,0,0.4002462089980567,0,0,0.0015942206732572376
madeira |  home |  cristiano,0.375,228,0.00510166550330915,0,5.762271842669498,1,1,0.372051159677654
made| biggest| ore| mining| factory| roblox,0.3114864995298069,571,0.2397845738542665,0,1.2134988376018447,0,0,0.03115434333790734
made| biggest| toll| farm| roblox,0.309360863558794,758,0.24298395022288033,0,0.8534710956559821,0,0,0.02227605208931806
made| biggest| tower| mars| roblox,0.304574200414634,1311,0.25347958782616326,0,0.3642226867870377,0,0,0.0029725277855123895
made| jack| richest| player| steal| egg| roblox,0.3108287420713921,624,0.2290552634488019,0,1.102091740746841,0,0,0.04220548743977772
made| scanner| find| evil| villager,0.3028873626586346,1684,0.25297389280804805,0,0.3642226867870377,0,0,0.0035679378628532756
made| secret| room| inside| giant| villager| control| him,0.3028512046644975,1695,0.2536661684556823,0,0.3642226867870377,0,0,0.0027528459949614404
made| sonic| pickaxe| roblox,0.3042994498251041,1350,0.2537985166696158,0,0.3642226867870377,0,0,0.0025970179613221743
madhumallati| glimpse| side| odia| movie| sanjay| mishra| maheswata,0.3112434992797324,593,0.24258796896546947,0,1.1723408818090058,0,0,0.027269279856711577
madmax| vegeta| best| match| final| blackshoutgaming| blackshout| freefire,0.320567230420987,310,0.18916399535655448,0,2.751539726330208,0,0,0.11259106225834573
madras| talkies| title| teaser| mani| ratnam| rahman| vijay,0.3033841536434943,1537,0.25016627627978694,0,0.3642226867870377,0,0,0.006873652007449946
mad| granny| celebrates| teacher| day| scary| evil| nun,0.3030027153615648,1637,0.25363593144265345,0,0.3642226867870377,0,0,0.002788447338896294
mad| granny| scary| worm| tower| roblox,0.3028965243597131,1677,0.2537425570781759,0,0.3642226867870377,0,0,0.0026629053113525827
magale| lyrical| bail| shiva| rajkumar| sangeetha| vijay| yesudas,0.3067359518267036,1007,0.2511756213090817,0,0.4088789563625333,0,0,0.006319224911596354
magale| music| baththa| vijay| sethupathi| saiabhyankkar| balaji| tharaneetharan,0.3033806549467484,1538,0.1468478196796848,0,1.8630273002763234,0,0,0.14980031138764024
mahakavya| shri| ramayan| katha| anjali| arora| dev| sharma,0.301373346668446,2178,0.1381505509967365,0,2.068422973016254,0,0,0.16295656068857595
mahalaxmi| chi| aarti| music| studio,0.3015963422084705,2084,0.25378887412214796,0,0.46163794802255387,0,0,0.003991376064103505
mahanadi |  odisha |  chhattisgarh,0.375,228,0.06307683694940414,0,2.7447749374000825,0,0,0.26095123041251517
maharaja,0.5519999999999999,192,-0.013300039670792074,1,3.21572484145243,1,1,0.357564162102952
maharaya| toxic| kannada| rocking| star| yash| kiara| advani,0.3057485489130095,1143,0.25118294693258647,0,0.3642226867870377,0,0,0.005676614405082909
maha| ganapathi| sahasranama| stotram| vinayaka| chatruthi,0.3012710144173215,2250,0.2541486858284205,0,0.5167400594079513,0,0,0.004350015281005527
maha| sakthi| teaser| telugu| nayanthara| sundar| hiphop| tamizha,0.3022526037100677,1845,0.25198102381006965,0,0.3642226867870377,0,0,0.004736951172652213
mahendragiri| varahi| sumanth| meenakshi| goswami| aishwarya| rajesh| anup,0.302953016236055,1658,0.20376524428965376,0,0.7497679595187862,0,0,0.06698025198286311
mail,0.8,87,-0.048286505835766214,1,6.46633365038139,1,1,0.44490646392946376
maine| tere| bharose| baba| shyam,0.3003434022257551,2705,0.2508488991466235,0,0.6738535667466425,0,0,0.01046575632947897
maine| tere| bharose| hanuman| aaru| pandit| ansh| original,0.3006202412879762,2630,0.25292592856799206,0,0.6269641916075934,0,0,0.007354553668201047
maine| tere| bharose| hanuman| ansh| neem| karoli| baba,1.5023290255381914,49,0.05029586283397003,0,2.1070421571677564,0,0,0.2669457747333096
maine| tere| bharose| hanuman| ansh| neem| karoli| maharaj,0.3056391386310905,1161,0.2520644448288833,0,0.3642226867870377,0,0,0.004638730479379786
maine| tere| bharose| hanuman| ansh| suneel| lodhi| neem,0.6031947489690703,109,0.17034009651328347,0,0.5175191263219051,0,0,0.10303809812859548
maine| tere| bharose| hanuman| hansraj| railhan| ansh| neem,0.3030517868067801,1622,0.2544906873406117,0,0.3642226867870377,0,0,0.0017820496939130528
maine| tere| bharose| hanuman| lyrical| ansh| suneel| lodhi,0.3038212585022494,1435,0.2088425374994038,0,0.605354971899503,0,0,0.0589519673387751
maine| tere| bharose| hanuman| neemkaroli| baba| bhajan,0.3052766118597532,1209,0.2535467759802475,0,0.3642226867870377,0,0,0.0028934198200655636
maine| tere| bharose| hanuman| suneel| lodhi| ansh| neem,2.4033845902735544,27,-0.012824203994045824,1,3.6965651880136083,1,1,0.36383040113313664
maine| tere| bharose| hanuman| suneel| lodhi| neem| karoli,0.3025652104700612,1766,0.25488530714821656,0,0.3642226867870377,0,0,0.0013174206156160502
maine| tere| bharose| shri| ganesh| suparhit| chaturthi| bhajan,0.3002256102687705,2726,0.25111716903658665,0,0.6938044769076004,0,0,0.010433135990370893
maine| tere| bharose| viral| hanuman| bhajan,2.1021500369050083,32,0.006339779937558299,0,3.1667241777316577,1,1,0.33374439088315094
main| account| pack| opening| can| get| best| del,0.3126790957134468,496,0.23949963419768777,0,1.415493777894716,0,0,0.03435755699665784
main| agar| saamne| raaz| dino| morea| bipasha| basu,0.3008493536503979,2514,0.2541146357246484,0,0.5881584846947396,0,0,0.005404033880338572
main| saiyaan| gayi| romantic| mohabbatein| shah| rukh| khan,0.3016003146901788,2082,0.2552753481572869,0,0.4609651123917574,0,0,0.0022316352841104613
main| tujhse| aise| milun,0.6006998543022932,165,0.17470815373637621,0,0.61347980662121,0,0,0.09925746059736885
maithili| chaurchan| geet| priyanka| maithil,0.3019514260421077,1932,0.2556383041270051,0,0.4014959328472183,0,0,0.0009600033127716494
maithili| chaurchan| geet| top| bhawna| mishra,0.3013329902213073,2208,0.25474062963637345,0,0.5062429615659343,0,0,0.0035040277236082643
mai| tujhse| aise| milu| viral,0.3013919174773127,2170,0.2541417895704959,0,0.49626220888389,0,0,0.004067410869372063
majisa| janam| divas| aayo| bhajan| 2026| amrit| rajsthani,0.3046280334173186,1306,0.25428656540935884,0,0.3642226867870377,0,0,0.00202238477834243
make| biggest| money| ball,0.3014593007867953,2142,0.2552753481572869,0,0.4848492195062823,0,0,0.0025707180540277645
malak| marzi| kaka| punjabi| 2026,0.302665464049793,1738,0.23860786735791478,0,0.3642226867870377,0,0,0.020482631537759807
malaysia vs oman,0.6000000000000001,180,0.08224657660092499,0,3.6938237618821637,1,1,0.2518542485748445
malaysia| vasudevan| evergreen| hits,0.301449812853752,2147,0.2552753481572869,0,0.48645622990499465,0,0,0.002593532787468225
mallepoola| pallaki| film| version| ravi| teja| prakash| dappu,0.3015802677012167,2086,0.24402263116514727,0,0.46436055369368257,0,0,0.01552889535167127
mallepoola| pallaki| ravi| teja| prakash| dappu| srinu| shiva,0.302598031121714,1757,0.25109566045856796,0,0.3642226867870377,0,0,0.005779386321721279
mallepula| pallaki| bangaru| vinayaka| chavithi| 2026| ganapathi| patalu,0.3022290295248647,1860,0.25574114568974543,0,0.3642226867870377,0,0,0.00030974825589560987
mamata |  more |  opposition,0.375,228,0.032927714172839906,0,3.773928578888431,1,1,0.31105999014591773
mamidi| konala| meena| 2026| akki| cheery| madhu| priya,0.3046449797593602,1302,0.2520693167540196,0,0.3642226867870377,0,0,0.0046329942288368675
mana| manena| sad| version| tarang| serial| title,0.3041255289139633,1377,0.2540350519505999,0,0.3642226867870377,0,0,0.0023185190936261687
mandaadi| tamil| soori| suhas| mahima| nambiar| prakash| mathimaran,0.3028510960872076,1696,0.10018774876995462,0,3.112458100490425,1,1,0.22247649272131637
mandaadi| telugu| soori| suhas| mahima| nambiar| prakash| mathimaran,0.302468822933508,1791,0.1489555461084836,0,2.1822931315092706,0,0,0.15185127279718613
mandir| mein| dholak| baje| ganpati| nache,0.3010005569570487,2408,0.25384903481378207,0,0.5625485562730289,0,0,0.0053531706320907695
mandu| maaru| dole| devayat| khavad| gujarati| garba| 2026,0.3126286705778791,498,0.2391416444076307,0,1.4069530644596133,0,0,0.03465780500245465
manemma| irumudi| ravi| teja| baby| nakshatra| priya| prakash,0.3027583836075416,1719,0.2529213148383557,0,0.3642226867870377,0,0,0.003629843659587468
mane| tera| sahara| dada| pitr| 2026,0.3067014147431124,1011,0.24952794263044725,0,0.4030292678983307,0,0,0.008176169254969464
manika plastech ipo,0.6000000000000001,180,0.08224657660092499,0,3.6938237618821637,1,1,0.2518542485748445
mani| meraj| babita| dhital| dil| khel| kar| hansti,0.3059821989302033,1108,0.2399767268853208,0,0.3642226867870377,0,0,0.018870923437254168
manjar| siddharth| menon| onkar| bhojane| tejas| raut| bhagyashree,0.3021482630972094,1884,0.16622887791678104,0,1.3363039694866803,0,0,0.11950297751476466
manthothok| kokborok| movie| 2026,0.3088781830695113,788,0.24802706663638013,0,0.7717175080202914,0,0,0.01517758329413299
manwa| chal| vrindavan| dham| muraliya| baj| rahi| shyam,0.3005803788942707,2651,0.2511388726724976,0,0.6337158498360393,0,0,0.009554503431859027
many| happy| returns| teaser| ahammed| khabeer| govind| vasantha,0.3006059260519368,2637,0.24422184548457432,0,0.6293888222484708,0,0,0.01763724556363287
many| youtubers| joined| custom| live,0.307276591802705,942,0.22289891992853522,0,0.5004493815998747,0,0,0.040912505163207956
map| update| you| need| see| piche| tai| hain,0.3113331031630705,584,0.23756129012060045,0,1.1875174615374935,0,0,0.03340320084038115
marathi |  devendra |  fadnavis,0.375,228,0.08043776347836062,0,2.7447749374000825,0,0,0.24051031199919484
maremma| maadhav| bhupathiraju| deepa| balu| manchala| nagaraj| moksha,0.3022446172997482,1849,0.2491844789628876,0,0.3642226867870377,0,0,0.008029629415665072
maruti| mirzapur| movie| dhanda| nyoliwala| guddu| bhaiyya| munna,0.3022625295124707,1843,0.2554511447527372,0,0.3642226867870377,0,0,0.0006511980905737296
marvel| television| visionquest,0.307392620128339,930,0.11929346814688258,0,1.9589396955496412,0,0,0.1836047330918898
mashooqa| shahid| kriti| rashmika| pritam| mahmood| amitabh| raghav,0.3009343284623164,2453,0.252915655733433,0,0.5737659499077373,0,0,0.006611393337519915
massive |  protests |  against,0.375,228,0.08860884406068376,0,2.7447749374000825,0,0,0.23088960476024933
mathara| khalifa| prithviraj| sukumaran| malvika| sharma| jakes| bejoy,0.304497117897883,1326,0.25206727165074644,0,0.3642226867870377,0,0,0.004635402152693007
mathavinte| novena| nityasahaya| best| malayalam,0.3119710910069453,538,0.24025301800804516,0,1.2955760971418244,0,0,0.03176804398059613
mausam| kulwant| khang| punjabi| songs| 2026,0.3027230881741399,1727,0.25434461226959876,0,0.3642226867870377,0,0,0.0019540398583674247
maut| gaggu| sajjan| dark| soul| digital| punjabi| 2026,0.3123835103698925,515,0.23616448371800314,0,1.3654292676759436,0,0,0.03757362852063635
max| ipad| check| vegeta| hacker| exposed| blackshoutgaming,0.3217843764898181,301,0.1778727514673925,0,2.9576927820534427,0,0,0.12881223496848995
max| vegeta| panel| user| blackshoutgaming,0.3226864485279391,288,0.17694989768364672,0,3.1104804481383526,1,1,0.13206793884846355
mazya| ganan| ghungru| harval| ganpati| songs,0.3011341498698042,2327,0.2543744010641039,0,0.5399213729851996,0,0,0.00441336124364817
mbg| tcc| grand| finale| telugu| community| championship| freefire,0.3041043857865848,1381,0.25108591997154805,0,0.3642226867870377,0,0,0.00579085486288167
meccha| chameleon| can| use| only| one| color,0.3141123511206977,440,0.23383839225561187,0,1.6582501646613361,0,0,0.044469570032689365
meera| shivani| devi| pachra| geet| 2026,0.3012082825822168,2286,0.25436771873864084,0,0.5273652093625502,0,0,0.0042429691684281855
meera| shivani| jitiya| geet| 2026,0.3011699648096522,2304,0.25381174880608337,0,0.5338552487300426,0,0,0.004989712519962731
meera| shivani| karma| pooja| geet| 2026,0.3012779091384943,2246,0.2535749711526441,0,0.5155722720120828,0,0,0.005008933261328627
meesaya| murukku| hiphop| tamizha| khushbu| sundar| acs| arun,0.304178325382829,1369,0.09893626133440514,0,2.7191078292237245,0,0,0.2183656103473198
meet |  indore |  november,0.375,228,0.0694514537237681,0,2.7447749374000825,0,0,0.25344569658149396
mehak| chandigarh,0.3084823863016686,825,0.24669861606945248,0,0.7046797750598496,0,0,0.015789978525048168
mehbooba| ajnabee| akshay| kumar| bipasha| basu| adnan| sami,0.3009958998009572,2414,0.25147032726155255,0,0.5633373580313711,0,0,0.008165081930429736
mera| takla| boss| dimaag| kharab| kar| rah| hai,0.3086618364237574,804,0.24083438924962652,0,0.7350739832537896,0,0,0.023126081118893162
mere| dil| mein| reh| gaya| hindi| romantic| 2026,0.3005816816211568,2650,0.2528478510371006,0,0.6334952016038886,0,0,0.00753920366505845
mere| girdhar| sahara| hai| krishan| bhajan,1.2011371361294558,63,0.07973818798025573,0,1.5772011468858063,0,0,0.22475794872809057
mere| sher,0.3156503852563354,385,0.22325195654570246,0,1.9187533573248527,0,0,0.06063250407863147
mere| tan| mein| bhi| shiv| man,0.3019391866430911,1939,0.2556383041270051,0,0.4035689703996554,0,0,0.0009894342356883982
meri| reel| viral| jaye| brajbhasha| arun| simra| muskan,0.3165207705599269,366,0.22180325279986235,0,2.0661741103362874,0,0,0.06443115456917402
mero| mann| praak| kripa| record,0.3099282910935141,706,0.22964674980734656,0,0.9495786403292177,0,0,0.039343836697242944
mhara| kirtan| ras| barsao| manish| tiwari| gajanan| ganesh,1.501242169627777,53,0.061258162605641875,0,2.1070421571677564,0,0,0.2540386597310452
mhr| reyan| melvin| nallom| vaari,0.3133845794271171,469,0.23510165907572128,0,1.5349844676816742,0,0,0.041232184157928786
michael| almost| killed| tommy| vercetti| gta| real| life,0.3097463651522686,720,0.23786375344004634,0,0.9187650924211278,0,0,0.02923159915601843
michael| buying| world| most| powerful| security| ever| gta,0.3183688835271268,336,0.18895449811694087,0,2.379196635131445,0,0,0.10755156983786063
michael| empire| danger| gta| gameplay| 697,0.3182875904497784,338,0.21292514005661767,0,2.365427690931837,0,0,0.07913283248558944
michael| finally| meets| his| real| brother| after| years,0.3095047999808479,744,0.23816356074975387,0,0.8778502018258592,0,0,0.028297734330596562
michael| gang| tommy| vercetti| security| biggest| war| begins,0.3121819791669221,527,0.2329467700220213,0,1.3312950956321428,0,0,0.04087759194795336
michael| gifting| 100| 000| luxury| mansion| gta| real,0.3105573260279838,649,0.22989356399955974,0,1.0561208846977617,0,0,0.040565816037439945
michael| kidnapped| ken| tommy| island| gta| real| life,0.3114375424615779,576,0.23520307623113273,0,1.2052067767941064,0,0,0.03643091936891314
michael| most| brutal| revenge| ever| gta| real| life,0.3094973356270717,746,0.2379028233495794,0,0.8765859334037025,0,0,0.02858678017723398
milan |  pradhan |  nandigram,0.375,228,0.023610702272716888,0,4.355524874387344,1,1,0.33028685278347214
milba| jahiya| pyaar| jaiba| latest| bhojpuri| 2026| khushi,0.3030669045084148,1618,0.2484109364032009,0,0.3642226867870377,0,0,0.00894040571123973
milky mist share price,0.4519999999999999,213,-0.010178303163236091,1,3.0862716906014205,1,1,0.3520507532049093
million |  more |  than,0.375,228,0.013620529511305546,0,5.000073591553422,1,1,0.3512000371566163
million |  tons |  waste,0.375,228,-0.026992557442828136,1,8.048866596017724,1,1,0.44230199546477805
milne| tum| koshish| karna| dil| kya| kasoor| divya,0.301150131126953,2316,0.25190690173557656,0,0.5372145614693917,0,0,0.007280189579240962
milti| hai| zindagi| mein| mohabbat| evergreen| hit| 90s,0.3006189800416679,2632,0.2534769339499805,0,0.6271778141029918,0,0,0.0067088275411415176
mimicked| every| animal| sound| mimic| party,0.3154650576944345,393,0.2270265473291554,0,1.8873636628798105,0,0,0.055742625713234066
mimic| party| harshit| anky| bhaiya,0.3071993499458288,954,0.20642416961198934,0,0.5263518518459415,0,0,0.06067776883721783
mimic| party| only| malayalam| challenge,0.3146139947725718,425,0.23081427193859633,0,1.743215621451017,0,0,0.04923645272745596
mimic| party| ruchika| harshit,0.3109882857957727,612,0.204913402085167,0,1.129114320160092,0,0,0.07101398206978142
minecraft| 1v4| manhunt| can| use| creative,0.3114921814045999,569,0.24240673813477814,0,1.2144612001980912,0,0,0.028080645082395238
minecraft| all| drops| cars,0.3035302355303171,1495,0.2522057239287177,0,0.3642226867870377,0,0,0.004472387136563039
minecraft| can| make| giant| sword| any| block,0.3044393654863895,1332,0.24644687447485641,0,0.3642226867870377,0,0,0.011252910724669512
minecraft| challenge| first| build| house| wins,0.3094154322145133,752,0.2447226789411318,0,0.862713614209287,0,0,0.02036007259487544
minecraft| death| items,0.3061271712547814,1079,0.2513242269507081,0,0.3642226867870377,0,0,0.005510269981066135
minecraft| death| swap| smarty| senpaispider,0.3130285746164343,484,0.2102628518952795,0,1.474686462821088,0,0,0.06962157865202594
minecraft| every| block| spread,0.3040646400945952,1393,0.25433850297555943,0,0.3642226867870377,0,0,0.0019612329987112043
minecraft| every| craft| gun,0.310402843711006,664,0.24378592721736003,0,1.029955576756725,0,0,0.02383734774846747
minecraft| every| drop| avaritia| gun,0.3036261179133829,1472,0.24608476172366983,0,0.3642226867870377,0,0,0.011679265688563987
minecraft| found| biggest| secret| 000| emerald| mods,0.3063400163116054,1054,0.2523502525095541,0,0.3642226867870377,0,0,0.004302217824208508
minecraft| live| september| 2026,0.3129710273211744,486,0.14233911758897594,0,1.9447722391490327,0,0,0.15626943293913473
minecraft| our| drops| random| superheros,0.3035111213393611,1498,0.23777066743563735,0,0.3642226867870377,0,0,0.02146835861162121
minecraft| rainbow| tsunami| doomsday| bunker| mods,0.3060931049209889,1086,0.25135507709991206,0,0.3642226867870377,0,0,0.005473946724823734
minecraft| rains| avaritia| items,0.3041006430205586,1385,0.2540350519505999,0,0.3642226867870377,0,0,0.0023185190936261687
minecraft| survive| sea| island| mods,0.3070275897969807,977,0.2505210986847561,0,0.4582748836691801,0,0,0.0077911402035534885
minecraft| trapped,0.3076524638058274,902,0.17658082589654023,0,0.9454611211708638,0,0,0.10176569888725234
minecraft| upgrade| more| realistic| one| block,0.3055708173834721,1173,0.25204640390930766,0,0.3642226867870377,0,0,0.004659972028010946
minecraft| your| age,0.3076675681140373,901,0.2431978601461715,0,0.5666706539357111,0,0,0.017952485444410707
minecraft| you| can| craft| super| balls,0.3124927259089523,505,0.20120551164697664,0,1.3839275545177698,0,0,0.07899727176336276
minecraft| you| can| equip| anything,0.3031624396601072,1593,0.25422455090169144,0,0.3642226867870377,0,0,0.0020954012437688226
minecraft| you| can| equip| any| enchantments,0.3032367161264201,1573,0.2541872177629649,0,0.3642226867870377,0,0,0.0021393576329367583
minecraft| you| can| mine| trillion| blocks,0.3054609676973639,1185,0.178823109391402,0,0.7363450733729813,0,0,0.09615679176416098
minecraft| you| have| custom| fire,0.3113005880233042,587,0.2096680451601713,0,1.182010238048253,0,0,0.06616678410091664
minimum |  temperature |  degrees,0.375,228,0.06932229759547481,0,2.7447749374000825,0,0,0.253597766223435
mirzapur movie review box office,0.6000000000000001,180,0.08224657660092499,0,3.6938237618821637,1,1,0.2518542485748445
missile |  ukraine |  ballistic,0.375,228,0.004360226863598271,0,6.1433709682275355,1,1,0.3783346024159812
misti| paan| ariyoshi| tithi| manchu| dada| 2026,0.307746176985787,891,0.24638420125752086,0,0.5799849631490058,0,0,0.014389880712898427
mithu| marshal| 2026,0.3016475751264504,2057,0.2545870749516018,0,0.4529604171446531,0,0,0.0029283719468091887
mitti| baway| teaser| wahaj| ali| coming| soon| only,0.3038777416790998,1425,0.25460627607799674,0,0.3642226867870377,0,0,0.001645954425815149
mix| roblox| games,0.3035181081045214,1497,0.25252663248696633,0,0.3642226867870377,0,0,0.004094546377525473
mobile| live| update| anniversary,0.3085834317018708,813,0.20020040486708274,0,0.7217942517458455,0,0,0.07078038464751395
moderate |  quality |  warm,0.375,228,0.08248099082905086,0,2.7447749374000825,0,0,0.23810459687185628
modi |  global |  trump,0.375,228,0.03787643972976762,0,4.141842701541234,1,1,0.3104565924228023
modi |  pays |  tribute,0.375,228,0.07500770762623882,0,2.7447749374000825,0,0,0.2469037109037904
modi |  proud |  hero,0.375,228,0.09747268353570565,0,2.7447749374000825,0,0,0.22045323667612143
modified| mahindra| thar| games| indian| blue| gadi| wala,0.3032286845034861,1575,0.25483676097717484,0,0.3642226867870377,0,0,0.0013745793346445394
modified| mahindra| thar| games| indian| green| gadi| wala,0.3075867497091232,908,0.24838859777749472,0,0.5529821069663994,0,0,0.01164652570772999
modified| mahindra| thar| games| indian| red| gadi| wala,0.9016427079341928,71,0.11741335480516912,0,1.0473601366038556,0,0,0.17287669738742503
modiji| trump| wwe| 2k25| live| shortdlive| wwe2k25,1.2001065495157903,66,0.03970064079186031,0,1.8918621158551425,0,0,0.27636577700100423
modis |  india |  takes,0.375,228,0.08860884406068376,0,2.7447749374000825,0,0,0.23088960476024933
mohali| surjit| bhullar| sargi| maan| latest| punjabi| songs,0.3034923623361521,1502,0.2508269668951574,0,0.3642226867870377,0,0,0.006095748654036854
mohammed siraj,0.556,191,-0.017658221164972843,1,3.255566418154908,1,1,0.36326115707607687
mohe| mor| banaiyo| radha| apne| vrindavan| peaceful| krishna,0.3007982093082186,2549,0.2518526067018937,0,0.5968210131235187,0,0,0.008190350110014899
mohobbat| tose| kar| baithi| anil| rawat| kajal| hathrasi,0.3075122902443348,917,0.2452001091604668,0,0.5403705999445695,0,0,0.015221636618345469
mohra| power| star| pawan| singh| ishani| ghosh| bhojpuri,0.3139470180798655,446,0.19245401701818782,0,1.6302470248144398,0,0,0.09279836253100501
mom and son,0.4720000000000001,209,-0.013373678695280167,1,3.0862716906014205,1,1,0.3558130184527629
monday| shiva| devotional| songs| kannada| lingashtakam| bilwashtakam,0.3014145426868885,2163,0.25501165920834645,0,0.4924300837101997,0,0,0.0029888134673570757
money |  changes |  bulk,0.375,228,-0.012899672450462973,1,5.066351700346124,1,1,0.38336612332479547
money |  laundering |  case,0.375,228,0.09582822800322416,0,2.7447749374000825,0,0,0.22238943410877124
moneyview,0.6000000000000001,180,0.08224657660092499,0,3.6938237618821637,1,1,0.2518542485748445
money| printing| business| gta| real| life| mega,0.3098039286182962,716,0.23592848643848996,0,0.928514854363023,0,0,0.031648618163040994
monk |  mathematician |  problem,0.375,228,0.06511976745107761,0,2.7447749374000825,0,0,0.2585458647980049
monsoon |  below |  normal,0.375,228,0.03786679914296831,0,4.0044604335119285,1,1,0.30851752669911253
monsoon |  limp |  left,0.375,228,0.07519899086543225,0,2.7447749374000825,0,0,0.24667849221631613
mookuthi| amman| maha| sakthi| teaser| tamil| nayanthara| sundar,0.3037048647374798,1454,0.17003482248655277,0,1.0973692647064783,0,0,0.11162966551481163
moonride,0.3093915692278403,756,0.24612566111206574,0,0.8586718416173768,0,0,0.01865080710987262
moosa |  actionable |  intelligence,0.375,228,0.028983479041124194,0,4.644930989320216,1,1,0.32806959465164176
more| blocks| realistic| skyblock| minecraft,0.3038945118754788,1420,0.2540325368589072,0,0.3642226867870377,0,0,0.002321480386274147
more| hearts| superhero| minecraft,0.3045381298446526,1318,0.25404325650954884,0,0.3642226867870377,0,0,0.0023088589686430273
morya| bedardi| jasraj| joshi| arun| nalawada| omkar| kulkarni,0.3012154101448624,2281,0.25381174880608337,0,0.5261579846449079,0,0,0.004880434429127793
mor| gaon| aaja| kishan| sen| ganesh| ganpati| 2026,0.3050365539586275,1253,0.2536033728684147,0,0.3642226867870377,0,0,0.0028267821108658563
most| crazy| driver| loaded| overload| passenger| world| euro,0.3004959173657142,2670,0.24482198219917134,0,0.6480214477004731,0,0,0.017195166405832654
most| dangerous| desert| ever,0.3081149848419228,859,0.24849705013585038,0,0.6424514726864882,0,0,0.012789029843784619
most| difficult| brain| puzzle| game,0.3085487135776394,818,0.18709230321039744,0,0.732990215513248,0,0,0.08637293614500267
most| embarrassing| reaction,0.3073873999154931,932,0.24745059672877356,0,0.5192174092303912,0,0,0.01227157942044532
most| nonsense| horror| game| icecream| shop,0.3097547895881337,719,0.23499172395291085,0,0.9201919739111962,0,0,0.03263341116764411
most| popular| bhojpuri| sohar| geet| 2026,0.3012176935147121,2279,0.2542265865280357,0,0.5257712408645941,0,0,0.00438650998496271
most| popular| shree| radhe| krishna| bhajan| janmashtami| bhajans,0.3012965849511124,2231,0.25505041700430037,0,0.5124090725096375,0,0,0.0032268214620006725
mother |  year |  about,0.375,228,-0.015632939080647446,1,6.259357658614764,1,1,0.403521407844191
motion| poster| khesari| lal| yadav| srishti| bharti| kangana,0.3222478347521698,293,0.17992874429406397,0,3.036190621738161,1,1,0.12750592381214637
motu| patlu| city| charpai| cheat| code| gta5| kamla,0.3007577393129165,2569,0.25041399552006344,0,0.6036755833433649,0,0,0.009981498827871036
motu| patlu| city| electric| charpai| cheat| code| gta5,0.3,2806,0.23411444740648069,0,0.7320170197573184,0,0,0.030994804214712943
motu| patlu| city| magical| charpai| cheat| code| gta5,0.3,2806,0.23954403499673077,0,0.7320170197573184,0,0,0.024601956646055592
motu| patlu| city| ranger| charpai| cheat| code| gta5,0.3,2806,0.23801947990253342,0,0.7320170197573184,0,0,0.026396982173358084
mount |  scaled |  rohit,0.375,228,0.048327141267455076,0,3.836612768446116,1,1,0.2938184873462363
movie roles,0.596,182,0.04717645256540337,0,3.653982185179686,1,1,0.2925805118975172
movie| giving| tough| competition| adipurush| mahakavya| sri| ramayana,0.3053968508997429,1192,0.25110640805367956,0,0.3642226867870377,0,0,0.005766732002008027
movie| kannada| found| footage| horror| dheekshithh| shetty| srinidhi,0.3108479663088596,619,0.2423426956395462,0,1.105347829230676,0,0,0.02660696632947298
mozhiye| baththa,0.3088234103422217,795,0.2472591148077003,0,0.7624404250224465,0,0,0.0159500702237291
mozhiye| lyric| baththa| vijay| sethupathi| saiabhyankkar| sid| sriram,0.3009820432649239,2423,0.21538789482319076,0,0.7000090830871323,0,0,0.05258920679434305
mp cm,0.6000000000000001,180,0.08224657660092499,0,3.6938237618821637,1,1,0.2518542485748445
mrbeast| trapped| survival| island| roblox,0.3042839963924241,1353,0.2543588345355408,0,0.3642226867870377,0,0,0.0019372944284913646
much |  heat |  generated,0.375,228,0.024298916639453383,0,4.4773864625333735,1,1,0.331206612189277
mujhe| tumse| mohabbat| hai| tumsa| nahin| dekha| love,0.3010311155126086,2388,0.2529771634867928,0,0.5573727275303066,0,0,0.006306238881827254
mulaqat| barbaad| mashup| version| ishq| jubin| nautiyal| arijit,0.300847696514312,2518,0.23512752600249065,0,0.588439160676535,0,0,0.02776362046004057
mulaqat| barbaad| mashup| version| vol| 2307| jubin| arijit,0.3015179114775519,2113,0.2549500841828639,0,0.4749220847876673,0,0,0.002812751347423741
mulich| navt| kanha| mazhya| manat,0.3006174218997677,2633,0.25201013577680786,0,0.6274417230307767,0,0,0.008439596241797954
mumbai |  protest |  gyanesh,0.375,228,0.0684492383410451,0,3.3075522530563832,1,1,0.26261546634794597
munda| haryane| mankirt| aulakh| hammy| muzic| legacy| punjabi,0.3069443312263531,986,0.2236703804736383,0,0.4441730357566215,0,0,0.03920522473079812
munda| kaale| rang| jigar| latest| punjabi| songs| 2026,0.3031251128264747,1602,0.24470091331000404,0,0.3642226867870377,0,0,0.013308621844928379
mundina| adhyaaya| seetharam| coming| soon,0.3112829656659479,590,0.24040081982309952,0,1.1790254666136024,0,0,0.029939350935934132
mysaa| pre| teaser| rashmika| rawindra| pulle| jakes| bejoy,0.3023314481938054,1829,0.2542533314570389,0,0.3642226867870377,0,0,0.002061514746826056
mysaa| teaser| telugu| rashmika| rawindra| pulle| jakes| bejoy,0.3043306346513109,1345,0.223581871419338,0,0.3642226867870377,0,0,0.03817438068185298
naam| sujal| hisab| bajesh| vishay| red| bull| bars,0.3218685491876901,300,0.1896442730737115,0,2.9719494594721465,0,0,0.1151547366659866
naa| pushde| neha| kakkar| akanksha| chaudhary| yogesh| rawat,0.3224686933210289,291,-0.004549127639217776,1,5.166141015699739,1,1,0.3749508225453365
naa| pushde| teaser| neha| kakkar| akanksha| chaudhary| yogesh,0.3116731817211623,553,0.15915911504336921,0,1.2515023199247959,0,0,0.1266230535320187
nachaib| hathiyar,0.3016972839978439,2038,0.25406006413394194,0,0.44454102033047244,0,0,0.0034293492350526917
nachaib| hathiyar| edm| remix| bhojpuri| tweater| king,0.3005665779770667,2657,0.25221920279113,0,0.6360533681719528,0,0,0.008315698332548683
nachbu| alex| bawa| sumit| chandni,0.3106570791152045,640,0.2423895107205581,0,1.0730164769976502,0,0,0.0260928374674892
nach| bindani| gulshan| music| jaat| nia,0.3066541049798116,1017,0.25163983765324255,0,0.39501621792858954,0,0,0.005575842859354294
nach| bindani| gulshan| music| jaat| nia| renuka| panwar,0.3139380541252081,447,0.17676973374699428,0,1.6287287627986338,0,0,0.11124363060848891
nach| nagin| jaisan| popular| magahi| released| 2026| growth,0.3007300396476816,2584,0.2533893628606636,0,0.6083671900263421,0,0,0.006544880056783962
naga |  manipur |  group,0.375,228,-0.044162977768478995,1,6.789582528956382,1,1,0.44464054884352705
naggnee| gurinder| gill| manu| sach| music,0.3112958576610519,588,0.22833067398109919,0,1.181209037060181,0,0,0.04418185449480537
nagina| ban| jaate| nathni| mein| jadate| lyrical| instagram,0.3021788069113748,1876,0.25491130147320257,0,0.3642226867870377,0,0,0.001286814652543621
nag| pancham| special| gaman| santhal| kajal| maheriya| goga,0.3022784487879388,1840,0.25574114568974543,0,0.3642226867870377,0,0,0.00030974825589560987
najar| shyam| milakar| dekho| khatu| bhajan| 2026,0.3025672811612748,1765,0.254308603608233,0,0.3642226867870377,0,0,0.0019964367954158567
namah| shivaya| lingashtakam| shiva| songs,0.3006202308010374,2631,0.2528211248032601,0,0.626965967823724,0,0,0.007477975824864279
namah| shivaya| monday| special| shiva| devotional| songs| lord,0.3011100118717847,2339,0.25410995456081537,0,0.5440097253844628,0,0,0.004782765403711423
name| 123456789,0.311574872801872,561,0.22242533649638957,0,1.2284669836173694,0,0,0.05180577573770081
nanadiya| jethaniya| priyaamarnathvlog| amarnathsdk| bhojpuri,0.3066774238022048,1014,0.2401857429025429,0,0.39896582316936813,0,0,0.0191180744643575
nand| ghar| anand| bhayo| audio| version| kumar| vishu,0.3047017849368741,1292,0.25260806664137636,0,0.3642226867870377,0,0,0.003998665037115628
nand| ghar| anand| bhayo| krishna| janmashtami| bhajan,0.3021896955345881,1870,0.2529062006854082,0,0.3642226867870377,0,0,0.0036476392056242267
nand| gher| anand| bhayo| krishna| janmashtami| bhajan,0.3019274896741624,1945,0.25590146660912055,0,0.40555013432820075,0,0,0.0007077108432745912
nani| gives| clarity| about| paradise| movie| theparadise| press,0.3026052867993357,1756,0.2543302521781663,0,0.3642226867870377,0,0,0.0019709475652740366
nanna| muddu| tangemma| malu| nipanal| rakshita| shetty| raksha,0.309406988141061,754,0.23113141683747013,0,0.8612834066199584,0,0,0.0363422479451421
nara |  lokesh |  defends,0.375,228,0.05742650818202766,0,2.7447749374000825,0,0,0.2676039807222258
narak| lyrical| ishqnama| jai| randhhawa| shehnaaz| gill| praak,0.3017625847606336,2013,0.2532545307225102,0,0.4334807604858315,0,0,0.0042207693049017845
narayanamma| lyric| aadarsha| kutumbam| venkatesh| srinidhi| nivetha| dimple,0.3016468388220947,2059,0.16320477787705484,0,1.7887813080075963,0,0,0.12948740407718343
narender| kaushik| chetawani| bhajan| 2026,0.301220005392289,2276,0.2538988922256489,0,0.5253796686128074,0,0,0.0047667811901438255
narender| kaushik| nonstop| pittar| hit,0.3025385881062446,1776,0.25488530714821656,0,0.3642226867870377,0,0,0.0013174206156160502
naruto| bundle| spinning| total| loss| srbytofficial03| funwithsrbyt| freefire,0.3200197571944783,317,0.2050541336503982,0,2.6588119252374276,0,0,0.0925654067809636
naruto| chapter| back,0.310665038586115,638,0.23939877584360053,0,1.0743646054533464,0,0,0.02963329626598437
naruto| chapter| live| tls| warrior| stream| freefire| max,0.3064754830184636,1039,0.25097320037460635,0,0.36476227873908673,0,0,0.0059312325672277256
naruto| chapter| return| details| free| fire| max,0.3355729896329504,245,0.13797782973681416,0,5.293127128378241,1,1,0.208941062885655
naruto| chap| event| confirm| rewards| para| samsung| a10,0.313543813986234,461,0.2285702389685763,0,1.5619546824975654,0,0,0.04930523596388829
naruto| collaboration| return| ochindhi| hidden| leaf| gaadi| fireeeee,0.3202401038286827,315,0.20455813815269897,0,2.6961329445651785,0,0,0.09367924322115878
naruto| diamonds| instagamer,0.3490521677047686,237,0.11729876932573907,0,7.576151178902988,1,1,0.265700885504384
naruto| mirzapur| update| mein| random| player| noob| bana,0.3114864692121847,572,0.2405956882783994,0,1.2134937025809782,0,0,0.030199256673340943
naruto| once| more| free| fire| good| bad| tonde,0.3096748392596132,724,0.22481907836982995,0,0.9066504566252678,0,0,0.044418530912418173
nasa |  launch |  three,0.375,228,0.07519893839636532,0,2.7447749374000825,0,0,0.24667855399388974
nassr,0.328,262,0.005852603013123292,0,3.0862716906014205,1,1,0.3331758132818584
nas| kyu| dukhei| anjali| raghav| karan| chaudhary| braj,0.6008300910120299,163,0.17602331249695297,0,0.5914210772976707,0,0,0.0973958124118384
nas| kyu| dukhe| anjali| raghav| karan| chaudhary| brajbhasha,0.3007195076576531,2590,0.2533438892663249,0,0.6101510366679513,0,0,0.006623746373392749
navasachi| gauri| mazi| nikita| dutta| bhushan| pradhan| abhay,0.3009001541572093,2478,0.2535633093611502,0,0.5795541930820449,0,0,0.005931015569035993
navrang| nejavala| hitesh| prajapati| ramdevpir| 2026,0.3068146786013683,999,0.25090566317508134,0,0.42221323527940274,0,0,0.006826382975523776
navratri| bhakti| 2026| barbadi| hoi| durga| puja| devi,0.6000415539323871,178,0.17565620443631613,0,0.7249788586373875,0,0,0.0997241692877797
nayyi| navelli| teaser| yami| addinath| balaji| mohan| aanand,0.3008137443368933,2538,0.10328821731581211,0,3.8058187527005454,1,1,0.2286696159705476
nayyi| navelli| yami| addinath| balaji| mohan| aanand| rai,0.3020746475368093,1899,0.14723138252737317,0,2.1817622419696243,0,0,0.1538737821959973
nazm,0.3010993138170449,2343,0.25336092204538946,0,0.5458216990919538,0,0,0.0056904079407233375
nebula| unstoppable| tag| points| wwcd,0.3155478081638527,390,0.22691571743792155,0,1.901379451592391,0,0,0.05607210008279766
nederlands| epic| pack| opening,0.3107922634674819,627,0.24260815334063673,0,1.0959132089689485,0,0,0.026160470588094453
need| superchat| emi| promotions,0.3050052210018462,1256,0.24963804786674154,0,0.3642226867870377,0,0,0.007495593116217923
neelkamal| singh| akanksha| puri| latest| hit,0.3044080668363826,1340,0.2362080819734469,0,0.3642226867870377,0,0,0.023308161452397093
neelkamal| singh| astha| bhojpuri| sad| 2026| gmj,0.3003834954080962,2696,0.2498701765960027,0,0.6670628188939838,0,0,0.01152170520287633
neelkamal| singh| kahe| pyar| kailu| bhojpuri| sad,0.312474260998484,507,0.2324952899162237,0,1.380800076383334,0,0,0.04211199129840435
neelkamal| singh| location| shrishti| uttrakhandi| bhojpuri,0.3066512842191438,1018,0.24290173028421658,0,0.3945384540463343,0,0,0.01585738996178305
neha |  bora |  protests,0.375,228,0.0737660842266818,0,2.7447749374000825,0,0,0.2483656099889621
nepal| charity| stream| superchat| jokerkihaveli,0.312067587967567,532,0.23424728489213686,0,1.3119201858338971,0,0,0.03907128781415263
nestle india share price,0.6000000000000001,180,0.08224657660092499,0,3.6938237618821637,1,1,0.2518542485748445
netanyahu |  indian |  pilot,0.375,228,0.03899344703603547,0,3.4651774352239006,1,1,0.29953479784622133
netanyahu |  president |  plotted,0.375,228,0.08597362145631005,0,2.7447749374000825,0,0,0.2339923406751267
never| going| stranger| house| again| guest| horror,0.3055561546440458,1175,0.20425710069327407,0,0.46717744928663746,0,0,0.06238919694928649
next |  punjab |  pargat,0.375,228,0.05369792113932026,0,3.5363270872763253,1,1,0.28323172345102815
nfak| sanson| mala| diljit| dosanjh| wembley| stadium,0.3052596336994828,1211,0.22383386863860594,0,0.3642226867870377,0,0,0.03787767678238954
nifty 50,0.6000000000000001,180,0.08224657660092499,0,3.6938237618821637,1,1,0.2518542485748445
nifty50,0.576,187,0.0008202780617777572,0,3.4547743016672965,1,1,0.34433255320864026
nijjar| autobiography| audio| jukebox| latest| punjabi| songs| 2026,0.3095789718539195,735,0.24482839599032458,0,0.890412998251027,0,0,0.0206288486180548
nirimakhi| tapoi| namita| agrawal| khudurukuni| story,0.3018958037114003,1958,0.2556494553295583,0,0.41091691668425356,0,0,0.0010806235293123912
nirop| gheto| aamha| aata| adnya| asavi| trending| visarjan,0.3018004860207663,1996,0.25479828166948465,0,0.42706126754885837,0,0,0.0023120048313089586
nitish rajput news,0.6000000000000001,180,0.08224657660092499,0,3.6938237618821637,1,1,0.2518542485748445
nitish| aryan| karma| karbai| runu| jhunu| maghi,0.3019884749254155,1922,0.25563811822146687,0,0.39522081049285696,0,0,0.0008711342610467558
niva| yadav| akhiji| pankaj| matlabi| annu| chaudhary| pardeshwa,0.3075762579665947,909,0.2483922460171557,0,0.5512050772100704,0,0,0.01161700173701029
nivin| pauly| anjali| soori| vhouse| productions| triple,0.3022582303683796,1844,0.2200466871828906,0,0.5604205968459487,0,0,0.045122162459366
nobita| shinchan| masao| escaping| evil| clown,0.3013595039003311,2183,0.2540932772529049,0,0.501752230264899,0,0,0.004202471585839718
nobita| upgraded| god| lvl| vehicle| roblox,0.3014810269699527,2128,0.2548148200040273,0,0.4811693661494781,0,0,0.0030607053455720982
nonstop| gandhi| 2026,0.3028985507246376,1676,0.2547452751804235,0,0.3642226867870377,0,0,0.0014822955734208822
nonstop| ganesh| bhajan| utsav| 2026| ganpati,0.3009345087468368,2452,0.25310142181076917,0,0.5737354143740626,0,0,0.006392237095280158
nonstop| ganpati| visarjan,0.3012598261231714,2258,0.2541313589082807,0,0.5186350669887613,0,0,0.004397319590631065
nonstop| krishna| bhajan| janmashtami| 2026,0.6015416217581298,131,0.17455276512380852,0,0.5175191263219051,0,0,0.09807806242851502
nonstop| nirgun| bhajan| chetawani| 2026,0.3014511673927084,2146,0.25501165920834645,0,0.4862268060485613,0,0,0.0029007455081075002
nonstop| pitradev| bhajans| pitru| paksh,0.3050908859794076,1240,0.2527922972855975,0,0.3642226867870377,0,0,0.0037817501413883498
non| stop| krishna| gavlan,0.3008938107819439,2482,0.25261252808803975,0,0.5806285967448935,0,0,0.007065727708516274
noobie| escape| scary| choo| charles| brother| roblox,0.3154456780184599,396,0.227540570296061,0,1.8840812471341546,0,0,0.05509080976029773
noob| max| race| spin| wheel| steal| egg| roblox,0.3087493452778731,798,0.2433071840643911,0,0.7498957192317321,0,0,0.02042501346185551
noob| max| race| steal| egg| roblox,0.3099466372896538,700,0.23635276310204267,0,0.9526860113276269,0,0,0.03149222884107593
noob| player| need| help| free| fire| funny| garena,0.3202403778373044,314,0.1880365534810975,0,2.696179354536922,0,0,0.11313257150864851
noob| pro| magnet| fruit| sea| bloxfruit| roblox,0.3130543440196109,482,0.22951162884135112,0,1.4790511330484766,0,0,0.04701985261812816
noob| pro| roblox| steal| egg,0.3086116718368084,810,0.24792578173187052,0,0.7265774000141544,0,0,0.01465598279002829
noob| pro| verity| boss| mob| battle| minecraft,0.3032163008079494,1581,0.2541872177629649,0,0.3642226867870377,0,0,0.0021393576329367583
noob| pro| without| robux| steal| egg| roblox,0.3085703215807826,815,0.24226285544371667,0,0.7195737364006052,0,0,0.021224134497354444
nooh| bebe| dilpreet| dhillon| latest| punjabi| songs| 2026,0.3021590647647532,1881,0.25594917624100716,0,0.36632730497582794,0,0,9.469039879837422e-05
nostalgia,0.3054872351743088,1182,0.24666051123410404,0,0.3642226867870377,0,0,0.011001372792141358
nostalgia| band| ver,0.305046129479311,1251,0.2536033728684147,0,0.3642226867870377,0,0,0.0028267821108658563
not| game,0.306023377035424,1098,0.16556876798502707,0,1.1928258151942672,0,0,0.11824323720131938
not| normal| teaser| aarish| shah19,0.3340652768284347,247,0.1388416354878782,0,5.037759584774814,1,1,0.20429855575969164
not| ready| gta,0.3059788726226429,1111,0.23914818494321866,0,0.3642226867870377,0,0,0.019846456523709876
not| safe| here| animaly| bar| ending,0.3119724667118032,537,0.24134874393087363,0,1.2958091059543966,0,0,0.03048123398579514
november| teaser| assamese| movie| 2026| indiflix| studios,0.309815269225427,715,0.2457015707647563,0,0.9304356598223221,0,0,0.02016896631035856
nrc| nalparar| ram| chandra| assamese| film| releasing| september,0.3165156604630049,367,0.2239427186050037,0,2.0653085921191505,0,0,0.061899839613322884
nse ipo allotment status,0.6000000000000001,180,0.08224657660092499,0,3.6938237618821637,1,1,0.2518542485748445
nse ipo gmp,0.8,87,-0.048286505835766214,1,6.46633365038139,1,1,0.44490646392946376
nse listing date,0.6000000000000001,180,0.08224657660092499,0,3.6938237618821637,1,1,0.2518542485748445
nse share price,0.6000000000000001,180,0.08224657660092499,0,3.6938237618821637,1,1,0.2518542485748445
nua| khai| natia| comedy,0.305351359172513,1202,0.2523308121570775,0,0.3642226867870377,0,0,0.004325107078318213
nungbai| music| bru| khasrangti| reang| agluma| kaubru,0.3147976878612716,417,0.22845180316940233,0,1.7743284784206745,0,0,0.0524597550700376
nursing |  promise |  turns,0.375,228,0.08049634551580698,0,2.7447749374000825,0,0,0.24044133695653627
nushrratt |  bharuccha |  airlifted,0.375,228,0.08810961114565863,0,2.7447749374000825,0,0,0.23147740629654706
oasis,0.416,220,-0.005201250563433679,1,3.0862716906014205,1,1,0.3461907245963164
ob55| naruto| diwali| cube| store| update| para| samsung,0.3184126452231992,335,0.20390482397637055,0,2.3866087343034144,0,0,0.09005414496102668
ob55| tripple| store| update| free| fire| max,0.3251488322393527,274,0.1836492368982593,0,3.5275445454315952,1,1,0.13010113451445818
obtained| admin| egg| steal| roblox,0.3102932805152879,674,0.237145014954241,0,1.011398405871068,0,0,0.03139296416241562
obtained| everything| scramble| update| steal| egg| roblox,0.3109642296133183,614,0.22282266671538298,0,1.1250398252009297,0,0,0.04986959958918036
obtained| every| single| divine| roblox| steal| egg,0.3074034096789933,929,0.23079153078714643,0,0.5219290489846521,0,0,0.03192461772868089
obtained| world| biggest| divine| octophant| roblox| steal| egg,0.3082428849948881,851,0.2372318412797516,0,0.6641144497411419,0,0,0.026360342232121414
ocean| mode| back| rank| push| bgmi| live,0.3082237519943042,853,0.23941982829737268,0,0.6608738144250363,0,0,0.023738178396168805
october,0.8,87,-0.048286505835766214,1,6.46633365038139,1,1,0.44490646392946376
october |  india |  bloc,0.375,228,0.021006343470826416,0,4.4520137885835664,1,1,0.33472310289033713
october |  india |  open,0.375,228,0.08920650109726458,0,2.7447749374000825,0,0,0.23018591773620029
october |  wrap |  silver,0.375,228,0.07930842276468902,0,2.7447749374000825,0,0,0.24184000839244313
odisha |  chhattisgarh |  mahanadi,0.375,228,0.07545288842365228,0,2.773744306543184,0,0,0.24679082909635824
officers |  unsuitable |  service,0.375,228,-0.020800490524913395,1,6.888999692145435,1,1,0.41854476220475023
officially| joined| garena| partner| program| funwithsrbyt| freefire| vbadge,0.3247759465009741,277,0.18437346346992406,0,3.4643873481395757,1,1,0.12835178033008257
oguniverse| pawan| kalyan| birthday| teaser| sujeeth| thaman| snehith,0.3039679945736826,1411,0.2515970630822988,0,0.3642226867870377,0,0,0.005189030149957521
ohh| dog| pankaj| tripathi| amit| rai| netflix| india,0.3017963436180135,2000,0.25460161531150194,0,0.42776288340862006,0,0,0.0025535224968821677
ola electric share price,0.6000000000000001,180,0.08224657660092499,0,3.6938237618821637,1,1,0.2518542485748445
old| hindi| songs| 90s| love| udit| narayan| alka,1.2008067863480498,65,0.0722425733790551,0,1.5772011468858063,0,0,0.23358335595882113
old| hits| sadabahar| lata,0.300438440506329,2685,0.2449798515190852,0,0.6577565407176991,0,0,0.017147498738454774
old| money| khasa| aala| chahar| manya| yadav| akshita,0.301721179387394,2032,0.24289385104101646,0,0.4404937595294711,0,0,0.016519094723625855
old| wmax| back| live| bgmi| wmaxgaming6,0.3088360618972863,794,0.2476301579399735,0,0.7645832711466812,0,0,0.015543622540536643
oli mcburnie,0.408,222,-0.0018126919305968547,1,3.0862716906014205,1,1,0.3422010037460472
omdia |  indias |  market,0.375,228,0.09346988954792257,0,2.8500025846164982,0,0,0.2266600813720791
omg| tommy| almost| killed| michael| gta| real| life,0.3127639825941155,493,0.23140400402123923,0,1.4298714194028288,0,0,0.04409354765449657
omkar| swaroopa| suresh| wadkar| marathi| bhaktigeet| ganesh| chaturthi,0.3008832976445396,2489,0.2518526067018937,0,0.5824092502396807,0,0,0.0079857462512811
onbathu| kolum| vinayagar| chaturthi| 2026| songs,0.3014670578821019,2136,0.2544568275960755,0,0.48353536824229576,0,0,0.003515799120271444
onbathu| kolum| vinayagar| songs| vinayaka| chaturthi| 2026,0.3009022649962665,2476,0.2536038880482065,0,0.579196671554507,0,0,0.005878162106054109
ondhe| ondu| brindavihari| golden| mega| ganesh| chithra| vnp,0.3011488360400035,2317,0.212138374319352,0,0.6446534067882351,0,0,0.05562933807097215
one| about| matthew| perry| netflix,0.3041868140973705,1368,0.21894359388041396,0,0.3642226867870377,0,0,0.04363553234293205
one| block| golem| battle| minecraft,0.3065882367078644,1024,0.24153098045149707,0,0.38385983671449647,0,0,0.0173197193500568
one| name| jailer,0.3064325090726684,1044,0.2455113723687133,0,0.3642226867870377,0,0,0.012354379715697512
one| sun| moon| jailer,0.3054043840408791,1190,0.23943161328964818,0,0.3642226867870377,0,0,0.019512745319084642
only| naruto| challenge| battle| royale| kill| booyah| garena,0.3185896251616543,333,0.2075590642186177,0,2.416584557295049,0,0,0.08617717496748978
onna| thottu| lyric| dorothy| maestro| ilaiyaraaja| karthik| subbaraj,0.3049647574921135,1259,0.2318390886723296,0,0.3642226867870377,0,0,0.028452255315563123
ooroda| oththa| don| baththa,0.3072329720701951,949,0.2444148862113596,0,0.49306132738270575,0,0,0.015474515571397705
ooroda| oththa| don| lyric| baththa| vijay| sethupathi| saiabhyankkar,0.3029660680794319,1653,0.23809119280183516,0,0.3642226867870377,0,0,0.021090969026513456
openai |  researchers |  safety,0.375,228,-0.007699263829569425,1,6.938708273739962,1,1,0.40382496744009344
opened| 100| limited| extinction| eggs| steal| egg| roblox,0.3099508801188257,698,0.2346476872711697,0,0.9534046368246873,0,0,0.033510003513246005
opened| 100| luminious| angel| demon| eggs| steal| egg,0.3089904398198919,777,0.23599867344935493,0,0.7907308973817935,0,0,0.029609859894232902
opened| 150| demon| angel| eggs| steal| egg| roblox,0.3090307754753059,772,0.2372831573568734,0,0.7975627139000887,0,0,0.028194487771356316
opened| golem| heart| store| minecraft,0.3036962920484748,1457,0.2404420233711687,0,0.3642226867870377,0,0,0.018323078972308223
opened| hell| heaven| prison| scary| entities| minecraft,0.3034083907696605,1533,0.2530568512260955,0,0.3642226867870377,0,0,0.0034702618400800824
opened| horror| momo| stall| minecraft,0.3045312142089404,1320,0.25327018693004033,0,0.3642226867870377,0,0,0.003219078372901007
opened| hospital| harshit| treat| haunted| patients| night| infirmary,0.3069160876421663,988,0.213539036167752,0,0.43938930327471887,0,0,0.051066050270772254
opened| shoes| shop| villager| minecraft,0.3034536871215965,1519,0.2478667596150308,0,0.3642226867870377,0,0,0.009581124587093193
opened| skin| cases| destroy| noobs| roblox| rivals,0.3112372133449221,594,0.21551180648855894,0,1.171276207073242,0,0,0.05913389338874035
operation safed sagar,0.268,2808,0.054095069547612895,0,3.0862716906014205,1,1,0.276374678800696
opposition |  motion |  kumar,0.375,228,0.05928740738692129,0,3.0787774188364407,1,1,0.27015477511538666
opps| ammy| virk| arjan| ary| punjabi| songs| 2026,0.3046784002780857,1297,0.2459569125993657,0,0.3642226867870377,0,0,0.01182979645169788
orient cables ipo gmp,0.8,87,-0.048286505835766214,1,6.46633365038139,1,1,0.44490646392946376
orochi| love| universe,0.3123715183858468,517,0.23700527057989834,0,1.3633981358188176,0,0,0.036554842162701676
oru| rojathottam| lyrics| manuneethi| deva| unnikrishnan| chithra| murali,0.3015243565668838,2111,0.2538771474776441,0,0.47383045339335234,0,0,0.004060539234334915
oseh| pele| john| jebaraj| bezalel| charly| johnjebarajnewsong| tamilchristiansongs,0.3086245128700114,808,0.24291891122381815,0,0.7287523388331268,0,0,0.020581996900271543
other| mommy,0.3014092447378698,2166,0.19744101384869617,0,0.905527430451019,0,0,0.07663777833923412
ottam| music| asal| kolaar| mass| appeal| prod| urban,0.3065762408011483,1026,0.21994380952635012,0,0.43673024266637345,0,0,0.043487259098711734
ottam| thullal| teaser| vishnu| unnikrishnan| harisree| ashokan| marthandan,0.3028797055892049,1687,0.2547204966627576,0,0.3642226867870377,0,0,0.0015114700335032492
ottam| thullal| vishnu| unnikrishnan| harisree| ashokan| marthandan,0.3022404033677401,1852,0.25514229355505547,0,0.3642226867870377,0,0,0.001014842399714675
our| ending,0.3040468092465556,1397,0.25462357685363074,0,0.3642226867870377,0,0,0.001625584329632097
ovalu| aarti| madan| gopala| shri| krishna,0.3014976062850362,2120,0.25407440197753706,0,0.4783612590916783,0,0,0.0038926137959703656
owner |  mohammad |  deepak,0.375,228,0.0898322291690023,0,2.7447749374000825,0,0,0.22944917961096362
oyo| rajeev| yadav| srishti| bharti| muskan| maghi,0.3096947666559917,723,0.24510836301060285,0,0.9100256420374736,0,0,0.020577653598389024
paalmazhai| vishwanath| sons| suriya| mamitha| baiju| prakash| venky,0.301222381186375,2274,0.2536395999034029,0,0.5249772705579209,0,0,0.005066361565673861
paas| nahin| aana| rajesh| khanna| mumtaz| kishore| kumar,0.3004185349449264,2690,0.25162297404296924,0,0.661128027849882,0,0,0.009373688726064384
paas| woh| aane| lage| main| khiladi| anari| kumar,0.3012722406028463,2249,0.2528635086914219,0,0.5165323753022568,0,0,0.005860246454733818
padayaatra| mammootty| adoor| gopalakrishnan| kampany,0.3052465812824553,1212,0.23349149731439484,0,0.3642226867870377,0,0,0.026506693816781127
padma| ekadashi| aarti| mata,0.3031625862384761,1592,0.2545590959023454,0,0.3642226867870377,0,0,0.0017015048090050712
padma| ekadashi| bhajan| 2026| parivartini| story,0.3044401799894124,1331,0.25433239367684307,0,0.3642226867870377,0,0,0.0019684261445617702
pahije| music| sanju| rathod| juilee| joglekar| spxrk| saumya,0.3058795333386129,1120,0.21384007099803204,0,0.4492078640117443,0,0,0.050851003174621594
paint| get| caught| roblox,0.3083230377054564,846,0.24823968646488914,0,0.6776902453102163,0,0,0.013592337258285497
pakistan,0.288,2807,0.04279907910063263,0,3.0862716906014205,1,1,0.2896746843470157
pakistan cricket,0.22,2810,0.09952751379292762,0,3.0862716906014205,1,1,0.22288209102968942
pakistan vs thailand,0.6000000000000001,180,0.08224657660092499,0,3.6938237618821637,1,1,0.2518542485748445
pakistani| lion| attacked| indian| goat| took| revenge| theft,0.3011752060830017,2301,0.25463194868501765,0,0.5329675126196859,0,0,0.004011398263931969
palkhi| nighali| rajachi| lalbaugcha| raja| ganpati| bappa| mashup,0.6010261189442261,156,0.17503265950583485,0,0.5582190169499172,0,0,0.09809084678283238
pal| dil| paas| black| mail| 1973| kishore| kumar,0.3009996263079222,2409,0.2536637085469837,0,0.562706184158578,0,0,0.005573613367918965
pal| hartalika| teej| katha| story,0.301623980508631,2071,0.2545870749516018,0,0.4569567349956115,0,0,0.0029851076882742257
pal| janmashtami| katha| krishan,0.3029631390817613,1654,0.25470215178019107,0,0.3642226867870377,0,0,0.001533069471022831
pal| padma| ekadashi| katha,0.3057210965435041,1145,0.25124106882780023,0,0.3642226867870377,0,0,0.005608181138222963
pal| parivartini| ekadashi| katha,0.3046283309957924,1305,0.25402550411673713,0,0.3642226867870377,0,0,0.002329760803144782
pandit| gaurangi| gauri| janmashtami| special| 2026,0.6013199669046198,138,0.17572034939107772,0,0.5175191263219051,0,0,0.09670333771505465
pandi| muni| kekkudhu| lyrical| lenin| pandiyan| ilaiyaraaja| balachandran,0.3066707138888317,1015,0.2499058376928076,0,0.3978293374336491,0,0,0.007657408614406886
panel |  court |  visit,0.375,228,0.09170194119437647,0,2.7447749374000825,0,0,0.2272477630619487
panjabrao| dakh| live| havaman| andaj| today,0.6004840156686689,171,0.17515317564246963,0,0.6500372872755384,0,0,0.0992524943213541
pankaj| mistry| man| gamti| malan| gujarati| 2026| jhankar,0.3050922056939105,1239,0.2536116521831835,0,0.3642226867870377,0,0,0.0028170339676763623
paper |  demand |  target,0.375,228,0.0120533861504174,0,4.436709666815453,1,1,0.3450471264834067
paradise| audio| jukebox| nani| kayadu| lohar| anirudh| ravichander,0.3053507074110408,1203,0.24570400844196466,0,0.3642226867870377,0,0,0.012127568188661439
paradise| final| nani| srikanth| odela| anirudh,0.3010590956252041,2370,0.25295796532105885,0,0.5526336203197905,0,0,0.006261561857834632
paradise| final| release| nani| srikanth| odela| anirudh| ravichander,0.6007694523351758,164,0.1718992681080791,0,0.6016917003959155,0,0,0.1023973131982669
paradise| hindi| nani| srikanth| odela| anirudh| ravichander| sept,0.3010785844837979,2360,0.21839975811965895,0,0.5810154859096743,0,0,0.04735365797773017
paradise| movie| why| nani,0.3146822498173849,422,0.22798190489501252,0,1.7547762602412944,0,0,0.0527354347998078
paradise| release| nani| srikanth| odela| anirudh| ravichander,0.3013594696594648,2184,0.25483241573932863,0,0.5017580297818124,0,0,0.0033322853059342705
paradise| telugu| nani| srikanth| odela| anirudh| ravichander| sept,0.3023395638867771,1827,0.24139412894096773,0,0.3642226867870377,0,0,0.017202060906787994
paramparik| karma| geet| 2026,0.3012537105334173,2260,0.2537705848435351,0,0.5196708896789487,0,0,0.0048368039516232305
parchoon| simar| dorraha| music| bop| latest| punjabi,0.305408282224137,1188,0.2508602539190027,0,0.3642226867870377,0,0,0.006056556198639425
parda| kar| pujari| dikhne| radha| bhajan| 2026,0.3015424367864581,2102,0.25501165920834645,0,0.4707681319441538,0,0,0.002681278646338837
parda| kar| pujari| popular| shiv| bhajan| 2026,0.3029009817948591,1673,0.2544923329210615,0,0.3642226867870377,0,0,0.0017801121719921641
pardesi| alka| yagnik| udit| narayan| aamir| khan| karisma,0.3010560966998276,2371,0.2522341564579374,0,0.5531415606944797,0,0,0.007120992462296338
pardes| jake| pardesiya| bhool| jaana| piya| reena| roy,0.3004702539544082,2676,0.252776923927766,0,0.6523681656470651,0,0,0.007890653462131225
parivartini| ekadashi| katha,0.3039314705452724,1414,0.2550481439306314,0,0.3642226867870377,0,0,0.001125695054282792
parivartini| ekadashi| special| bhajan,0.3114890646812471,570,0.2416643914375951,0,1.2139333078937198,0,0,0.028947196586350053
parties |  left |  voters,0.375,228,0.02097078725523238,0,3.7904981060866065,1,1,0.32537342616579373
parvatichya| bala| classic| entertainment,0.3011080847291626,2341,0.25389892056138913,0,0.5443361334882493,0,0,0.005035872839543801
parvatichya| bala| ganpati| parvatichyabala| remix| bappa,0.3013002953473208,2230,0.2549142985190064,0,0.5117806273822272,0,0,0.003378166610514044
parvatichya| bala| ganpati| remix| shubham,0.300788603448464,2558,0.2511310450105167,0,0.5984479972562885,0,0,0.00906302194227472
parvatichya| bala| ganpati| songs| nonstop| 2026,0.3008478207360542,2517,0.2533893628606636,0,0.5884181207270961,0,0,0.006261663035405471
parvati| audio| jab| zid| gayi| hanuman| ansh| sadhu,0.3019406908448679,1938,0.25565676797097014,0,0.4033141975333077,0,0,0.0009640777204345689
parvati| jab| zid| gayi| hanuman| ansh| sadhu| tiwari,0.3050100881254484,1255,0.24776706720753783,0,0.3642226867870377,0,0,0.009698503366652704
parvati| kahe| manwa| aaya| hanuman| ansh| sadhu| vaayu,0.302341077720801,1825,0.25501909838768544,0,0.3642226867870377,0,0,0.0011598935501199192
parvati| lyrical| jab| zid| gayi| hanuman| ansh| sadhu,0.3022033812098221,1867,0.2432053998053227,0,0.3642226867870377,0,0,0.015069453531199432
parwana| alka| yagnik| udit| narayan| songs| ajay| devgan,0.3012788822503039,2244,0.2536872773778868,0,0.5154074520465328,0,0,0.004874362904194874
patanpur| paat| devta| mithleshwari| sen| 2026| viral,0.3034890277182615,1504,0.2528683390499403,0,0.3642226867870377,0,0,0.003692217851833162
patha| dian| prabhu| ganesha| pratikhya| krishna| odia| ganesh,0.3021133252960782,1890,0.2555636248121359,0,0.3740743876604476,0,0,0.0006586276482646351
path| sampurn| sunderkand,0.3033159073935773,1553,0.2545590959023454,0,0.3642226867870377,0,0,0.0017015048090050712
patient zero lyrics,0.6000000000000001,180,0.08224657660092499,0,3.6938237618821637,1,1,0.2518542485748445
patient| zero,0.3077122363645536,895,0.17805688046140228,0,0.9318368260380102,0,0,0.09983435416426727
pattampoochi| vishwanath| sons| suriya| mamitha| baiju| prakash| venky,0.3017483740976731,2024,0.17770305435973172,0,1.4883180554331272,0,0,0.10815131872086473
pawan| kalyan| sujeeth| thaman,0.3061776899195023,1071,0.25064090084317864,0,0.3642226867870377,0,0,0.0063148245761451794
pawan| raja| yadav| rangdar| hathiyar| pujela| vishwakarma| pooja,0.3028906817573509,1681,0.2544563411712582,0,0.3642226867870377,0,0,0.001822489197207642
pawan| singh| aara| sara| ritika| sharma| shivani| laakhan,0.3066503094718267,1019,0.12645705495913384,0,1.6830249639740977,0,0,0.17125309589374604
pawan| singh| beauty| kharab| jai| shilpi| raj| sheetal,0.3065058116094487,1034,0.224113042573654,0,0.36989915743218005,0,0,0.037629563639600024
pawan| singh| dev| dulari| aavya| dubey| bhojpuri| devi,0.3195912567976058,321,0.10777161960822235,0,2.586235043582849,0,0,0.20607638079693613
pawan| singh| jan| hau| hamar| jaan| devar| bhabhi,0.3013930670051195,2169,0.25512345370408124,0,0.496067508612443,0,0,0.0029088261118664434
pawan| singh| latest| devi| geet| 2026,0.3006030289545963,2639,0.2517235919260134,0,0.6298795155882256,0,0,0.008811585021875207
pawan| singh| lehanga| lahke| shilpi| raj| bhojpuri| 2026,0.3105940176303016,647,0.05370941043342248,0,4.91283812166283,1,1,0.30276052883628934
pawan| singh| marad| banala| srishti| bharti| ishani| ghosh,0.3136031564242137,459,0.16879399969234882,0,1.572005756265004,0,0,0.1198290382416978
pawan| singh| oth| madhuiya| shivani| sheetal| ahir| laakhan,0.3181070978727374,341,0.2034495559200593,0,2.3348569178379392,0,0,0.08985546110091469
pawan| singh| roj| vishwakarma| bhakti| 2026,0.6020179477175185,120,0.17575574114667303,0,0.5175191263219051,0,0,0.09666166712867084
pawan| singh| sapna| chauhan| paramparik| bhojpuri| navratri,0.317372027534418,351,0.13150990939121987,0,2.2103550192600645,0,0,0.17279032452339735
pawan| singh| shilpi| raj| babuaan| bhojpuri| 2026,0.3008104222038255,2539,0.2537919200004416,0,0.5947524645630146,0,0,0.005877617173729359
pawan| singh| shilpi| raj| chandani| bhojpuri| babuan| pawansingh,0.3010807223775892,2358,0.25424027442742614,0,0.548970607963484,0,0,0.0046997552363112335
pawan| singh| srishti| bharti| zila| shweta| mahara,0.3149286825625568,411,0.06604955844427995,0,4.420131496899265,1,1,0.281236164299923
payment |  durga |  puja,0.375,228,0.051916690111377894,0,3.193164835946412,1,1,0.28045708570395605
paypal,0.368,230,0.0045802146876852134,0,3.0862716906014205,1,1,0.33467393528052947
pays |  when |  indian,0.375,228,-0.027865187375653577,1,23.421497871703238,1,1,0.6615747495314431
pb fintech share price,0.6000000000000001,180,0.08224657660092499,0,3.6938237618821637,1,1,0.2518542485748445
peak| indian| horror| here| promotion,0.3083087407996175,847,0.24697500591765026,0,0.675268719331098,0,0,0.01504700563172008
peetal| goli| sanjay| yaduvanshi| shilpi| raj| officail,0.3160404872658818,378,0.2145384628897971,0,1.9848265455569083,0,0,0.07182989491258798
pehla| pyaar| doosri| baar| anuj| saini| luv| ranjan,0.3004144671099872,2691,0.1240151372792096,0,3.011720168551582,1,1,0.19299172421981356
pentagon |  creates |  religious,0.375,228,0.08991702946757796,0,2.7447749374000825,0,0,0.2293493349407083
people |  telangana |  arms,0.375,228,0.016478786628369213,0,3.6910809428975533,1,1,0.3292509241257778
people |  wonderful |  your,0.375,228,0.08891625299175926,0,2.7447749374000825,0,0,0.23052765858939492
pepsico |  monster |  challenge,0.375,228,0.07383341808396243,0,2.926260862689812,0,0,0.2508628869216109
perjalanan| yang| menyenangkan| euro| truck| simulator,0.9003624889696286,82,0.10118052258384796,0,1.0473601366038556,0,0,0.19198938693770373
permission |  protest |  delhi,0.375,228,0.07873787755101519,0,2.811873445579841,0,0,0.2434643715058099
pesamale| music| siri| xander| arra| aria| khayal| tamil,0.3080172030764032,870,0.2113122849755082,0,0.6258897712834143,0,0,0.05633559603236253
pet| shop| running| successfully,0.3098767874300571,713,0.24540537509699056,0,0.9408552521718712,0,0,0.020665636876118262
phantasia| siren| opening| scrims| dangerous| goblin| live| bgmi,0.311782789020654,545,0.24142189812917209,0,1.2636826121552693,0,0,0.02993900157509094
phareng| wanbhaa| upunn| dapyn| musicvideo,0.311602755894705,559,0.241869243178652,0,1.233189658190077,0,0,0.0289793847037425
phool| udit| narayan| songs| madhuri| dixit| kumar| gaurav,0.3021459716720339,1887,0.25465396139949026,0,0.3685449361558992,0,0,0.0016511722717587238
photo| hustinder| jagdeep| sangala| deol| harman| untamed| latest,0.3049179110021543,1266,0.25345679140321975,0,0.3642226867870377,0,0,0.0029993685085997496
phuket,0.324,279,0.005280911733940741,0,3.0862716906014205,1,1,0.3338489279785819
pilot |  flydubai |  flight,0.375,228,0.03228726543022131,0,3.688843643422954,1,1,0.31060610933833654
pilot |  hero |  trump,0.375,228,0.08641090204144997,0,2.858173345413925,0,0,0.23508740007466378
pilot |  morning |  brief,0.375,228,0.017836694384909757,0,4.451426424156096,1,1,0.3384467387629437
pilot |  smit |  machchhar,0.375,228,0.05807561935224681,0,3.383810531129697,1,1,0.2759121021487837
pilot |  true |  hero,0.375,228,0.03248052645617583,0,4.108264172826182,1,1,0.3163330770193949
pilot |  very |  shape,0.375,228,0.08206170044357886,0,2.7447749374000825,0,0,0.23859827332089995
pink| dimond| house| indian| theft| auto| simulator,0.3019961034965991,1920,0.25590146660912055,0,0.3939287278903099,0,0,0.0005427216868284474
pitru| dev| nonstop| bhajan| pitra| paksh| 2026,0.3029710584901842,1651,0.25389719437903246,0,0.3642226867870377,0,0,0.002480833896834863
pittar| dev| bhajan| shradh| special,0.3039036664270308,1417,0.2547463182334005,0,0.3642226867870377,0,0,0.001481067473021525
piya| atif| aslam| shreya| ghoshal| tere| naal| love,0.3017513169130042,2021,0.25519231258680175,0,0.43538924236791926,0,0,0.001966301411780584
piyush |  goyal |  india,0.375,228,0.04988662599534288,0,3.9663256380174743,1,1,0.29382386949821515
pl,0.488,206,-0.015083046550455892,1,3.0862716906014205,1,1,0.35782564426554553
play store,0.516,201,-0.013131522688806019,1,3.0862716906014205,1,1,0.35552790168993476
played| best| modded| roblox| rivals,0.306849440255883,992,0.24098428807349348,0,0.42810096024825456,0,0,0.018591491523360905
played| fake| steal| egg| copy| games| roblox,0.3061878729444794,1070,0.24505962017210736,0,0.3642226867870377,0,0,0.012886277006919734
played| funniest| fishing| game| ever| made,0.3111366851785375,602,0.24292549437750782,0,1.154249336414781,0,0,0.026615028510884715
played| red| light| green| roblox| rivals,0.3084410774528974,830,0.23592367050676227,0,0.6976831247639775,0,0,0.02837716944311637
played| squid| game| until| one| won,0.3065582261109154,1027,0.25028072075910984,0,0.3787768179844106,0,0,0.006945529061856236
players| villagers| rivals,0.302798910468972,1709,0.25449412508627584,0,0.3642226867870377,0,0,0.0017780020597888513
playing| granny| alien| grandpa| room| house| gameplay| animation,0.3013399314474065,2200,0.25483241573932863,0,0.5050672974386218,0,0,0.0033792669928814985
playing| hide| seek| hidden| leaf| village| can| find,0.3113951438416539,579,0.24177767433193553,0,1.198025547458024,0,0,0.028587973697253993
playing| hok| first| time| honorofkings| rofkings| hokstudio,0.3014775902490182,2130,0.25119798721326914,0,0.48175145776564177,0,0,0.007327462296575162
playing| kamla| antim| ritual| horror| game| scary| bhootni,0.3042191684842183,1364,0.25332913729150314,0,0.3642226867870377,0,0,0.0031496696620763208
playing| kamla| chandramukhi| horror| game| scary,0.3039580433643633,1413,0.2532189231913454,0,0.3642226867870377,0,0,0.003279436781680434
playing| kamla| chunga| changa| horror| game,0.3028991082519142,1675,0.25342698143293846,0,0.3642226867870377,0,0,0.0030344670483814285
playing| kamla| hantu| hamood| habibi| horror| game| scary,0.3034334592667482,1526,0.2533908364231891,0,0.3642226867870377,0,0,0.0030770245233009224
playing| kamla| shanta| horror| escape| scary| bai,0.3030591245054905,1620,0.2528055557724507,0,0.3642226867870377,0,0,0.0037661394740891134
playing| kamla| who| door| horror| game| scary| monster,0.3029237363718426,1666,0.25275641545838484,0,0.3642226867870377,0,0,0.0038239977427102743
playing| scary| teacher| chapter| rocket| uda| diya,0.305830374380645,1128,0.24785209046610468,0,0.3642226867870377,0,0,0.009598396181203764
playing| scout| bhai| bgmi| wmax| live| wmaxgaming6,0.3086056167507223,811,0.2459165673375931,0,0.7255518250800714,0,0,0.017007090650441856
playing| trees| hate| you,0.3028678234147804,1690,0.25456236790298686,0,0.3642226867870377,0,0,0.001697652324631649
plea |  seeks |  recall,0.375,228,0.0338620317598336,0,4.457500591432927,1,1,0.3196645905777234
police |  better |  disband,0.375,228,0.05494793874878523,0,3.269423114019726,1,1,0.27797070410467944
police |  jodhpur |  wanted,0.375,228,0.07997002453652668,0,2.7447749374000825,0,0,0.24106103223482359
police |  plant |  delhi,0.375,228,-0.02488693122729624,1,6.922138746541786,1,1,0.42382665127257224
police| rumi| kpop| demont| potbelly| injected| doctor| scary,0.3007278270974581,2587,0.2538955992869279,0,0.6087419387941344,0,0,0.005954152830233352
pooja| meri| jaan| zee| original| mrunal| thakur| huma,0.3018405254849239,1987,0.24893145471470202,0,0.420279618166768,0,0,0.009123383040996916
poor| billionaire| journey| roblox,0.3059125672576326,1115,0.2515204114928968,0,0.3642226867870377,0,0,0.005279280453281165
poor| rich| chunk| minecraft,0.6033278679093316,107,0.16161757213097272,0,0.5175191263219051,0,0,0.11330808049155452
poor| rich| life| cycle| evolution| minecraft,0.3033659746703225,1541,0.25409661305437226,0,0.3642226867870377,0,0,0.002246036470216291
poor| rich| rivals| who| will| win,0.3035802311065587,1485,0.25416390887288226,0,0.3642226867870377,0,0,0.0021668017396605076
poor| rich| scary| entities| verity| apocalypse| bunker| battle,0.3046752063417338,1299,0.2499969306184901,0,0.3642226867870377,0,0,0.007073041184084318
poor| rich| simulator,0.3151711847225401,405,0.22873894317193305,0,1.8375891841200946,0,0,0.053019786233450834
poor| rich| simulator| malayalam,0.3222123781799772,295,0.19398215805197067,0,3.03018519569262,1,1,0.11087404302905957
popular| biswkarma| puja| songs| viswakarma| pujo| 2026,0.3018608948132506,1977,0.25422575113709994,0,0.4168295809155956,0,0,0.002840848374166675
pot| youtuber| day| srm| pvs| ffk| tnm| tamil,0.3,2806,0.24837740805333702,0,0.7320170197573184,0,0,0.014201460009925695
powerful| ganesh| bhajan| 2026,0.30469889278963,1293,0.2534889307237567,0,0.3642226867870377,0,0,0.002961527369887478
powerful| onbathu| kolum| vinayagar| songs| ganesha| devotional| chaturthi,0.3009275725487025,2459,0.2532508218706793,0,0.5749102268941774,0,0,0.0062330108759074965
power| raushan| rohi| srishti| bharti| aparna| malik| rangdari,0.3084433353282369,829,0.1933564254123955,0,0.7965745825540327,0,0,0.07990020719253124
power| star| pawan| singh| chandani| bhojpuri| sad,0.3205104072866723,312,0.17406869219549093,0,2.7419153574276285,0,0,0.13022777717288722
power| star| pawan| singh| rupali| jadhav| bhojpuri| movie,0.3207306728175605,309,0.1886570573882902,0,2.779222639951831,0,0,0.11358095023889575
pradeep| purnekar| case| special| report,0.3010371132253364,2386,0.25380546338988996,0,0.5563568701588265,0,0,0.005316568642967931
pradeshi| piya| yadav| panchayati| hui| bhojpuri| gana,0.3036258129938308,1473,0.25351127129836065,0,0.3642226867870377,0,0,0.0029352233669286527
pradhama| drishtya| kuttakkar| teaser| shahad| parvathy| vijayaragavan| mathew,0.3028928754303711,1680,0.22181430141242747,0,0.3642226867870377,0,0,0.04025553425627927
prahaar| nayyi| navelli| review| yogi| bolta| hai,0.3057489805868811,1142,0.2505429395265649,0,0.3642226867870377,0,0,0.006430165152998755
prahaar| untold| story| ujjwal| nikam| rajkummar| wamiqa| gabbi,0.3010897682670959,2352,-0.018549456633693118,1,8.667133813508984,1,1,0.44113855135541635
prakash| gandhi| maine| tere| bharose| hanuman,0.3026774135800582,1735,0.2545545297170097,0,0.3642226867870377,0,0,0.0017068810786270267
prakash| solanki| dhurandhar| attitude| 2026| team| 018,0.3070688470167157,971,0.25010666853562513,0,0.4652627893419822,0,0,0.008378301491000897
pramod| premi| jarawatiya| diya| bhojpuri| devi| geet| srk,0.3088385000854914,792,0.24820543269636708,0,0.7649962371511527,0,0,0.01487215150410853
pramod| premi| yadav| bhej| location| bhojpuri| 2026| rangdari,0.3058940030103778,1118,0.25000446757446576,0,0.3642226867870377,0,0,0.007064167101129912
pramod| premi| yadav| hamar| ghar| jare| sapna| chauhan,0.3154480896766242,395,0.22565259811983207,0,1.8844897196360655,0,0,0.05731952506875736
pramod| premi| yadav| mayariya| bhojpuri| devigeet| bhakti| 2026,0.3123205159406181,520,0.23936772058951522,0,1.3547596410624996,0,0,0.03365063052340399
pranav construction share price,0.6000000000000001,180,0.08224657660092499,0,3.6938237618821637,1,1,0.2518542485748445
pranav constructions ipo gmp,0.6000000000000001,180,0.08224657660092499,0,3.6938237618821637,1,1,0.2518542485748445
prasol chemicals share price,0.6000000000000001,180,0.08224657660092499,0,3.6938237618821637,1,1,0.2518542485748445
pratham| tula| vandito| sukhkarta| dukh| harta| tuj| magato,0.3011481319722553,2318,0.25422207023196036,0,0.5375531665557921,0,0,0.004559095563465223
preeti| rai| horilwa| rani| komal| jyoti| paridhi| bhojpuri,0.3034716605997772,1508,0.23369126750645658,0,0.3642226867870377,0,0,0.02627148251106328
prema| chandrama| audio| vishnuvardan| shasikumar| abhijeet,0.3015570164598882,2095,0.2544568275960755,0,0.46829871245044374,0,0,0.0032994842534269653
premier league,0.42,219,-0.005007076889608775,1,3.0862716906014205,1,1,0.34596210268388283
prem| keetanu| veer| aparshakti| aafiya| nikhil| rakesh| apoorv,0.3005965315216823,2643,0.029293974986085547,0,6.978911644598589,1,1,0.36083954705513344
president| michael| billion| dollar| gold| deal| gta| gameplay,0.318168641923004,339,0.21349759598894474,0,2.3452808877696856,0,0,0.07817279322918344
pretended| noob| girl| then| trolled| brother| steal| egg,0.3040103112521197,1407,0.25317867704426755,0,0.3642226867870377,0,0,0.0033268229743180864
pretending| noob| rivals| roblox,0.3088611166163423,791,0.24092244202216734,0,0.7688268923733793,0,0,0.02350159714896076
prevented |  another |  modi,0.375,228,0.09806819292783514,0,2.7447749374000825,0,0,0.21975207830887752
prices |  middle |  east,0.375,228,0.004551166502090531,0,5.911397587453077,1,1,0.37481646121733275
prime| diamond| free| fire| max,0.3219582790091264,298,0.19766344338144187,0,2.9871473698563724,0,0,0.10592865481327886
prime| store| bundle| giveaway| booyah| 10000| diamonds| dum,0.3021807473710222,1874,0.25143111211251157,0,0.3642226867870377,0,0,0.005384422384834738
prisoner| gang| kidnapped| gta,0.3070633812023918,972,0.24409226997430522,0,0.464337021799582,0,0,0.015446567879458303
priti| prakash| janmashtami| special| sohar| krishnajanmsohar,0.3042636198968928,1358,0.2534257804793502,0,0.3642226867870377,0,0,0.0030358810624477005
priti| prakash| krishna| janam| sohar,0.3010593308612141,2369,0.2532658750573585,0,0.5525937774254022,0,0,0.005898460384451922
priyanka| pandey| baba| vishwakarma| puja,0.3013330032315229,2207,0.2544876836363614,0,0.5062407579719704,0,0,0.003801817442023325
priyanka| singh| teej| special| geet,0.3011920188432047,2295,0.2544797425975546,0,0.5301198659979967,0,0,0.004150179093745705
probe |  into |  aqis,0.375,228,0.002841022169345897,0,4.602404938797209,1,1,0.35824622708210346
promoter |  chairman |  gurugram,0.375,228,0.03153275639365616,0,4.066361270077648,1,1,0.31685409472991877
protest |  delhi |  commuters,0.375,228,0.08801388729536558,0,2.7447749374000825,0,0,0.23159011245948055
protest |  gyanesh |  denies,0.375,228,0.021596644539701337,0,4.070135033789525,1,1,0.328606542551871
protest |  mumbai |  live,0.375,228,0.007979811227751377,0,3.9557476166795533,1,1,0.3430151717013877
protest| pros| promotion,0.3039636207581531,1412,0.2482323024834795,0,0.3642226867870377,0,0,0.009150730970826904
proud |  mumbai |  netizens,0.375,228,0.00228738267917028,0,6.441622457794695,1,1,0.38500946634358524
ps5| wapas| kar| prank| sayansh| yaatri,0.3059529430733263,1113,0.2510392790749257,0,0.3642226867870377,0,0,0.005845770293863531
public |  prohibitory |  orders,0.375,228,0.07839028267960091,0,2.7447749374000825,0,0,0.24292103517635252
pump| rawme| hooda| desi| hip| hop| haryanvi| workout,0.3134042451043672,468,0.23099910689886705,0,1.5383153246443662,0,0,0.04610985592226102
punjab |  amit |  shah,0.375,228,0.0327853906636163,0,3.9426808522577965,1,1,0.31362333992632363
punjabi| songs| 2026| doctor| saab| korala| maan| gurlez,0.3021025527111506,1893,0.24514069900875401,0,0.3758989848536327,0,0,0.012956582474122607
punjabi| songs| 2026| relation| bukka| jatt| syphr| latest,0.3012342876761973,2268,0.2531011209840606,0,0.5229606192104306,0,0,0.005671741309376511
punjabi| songs| 2026| rishta| nait| isha| sharma| latest,0.3048063788318109,1282,0.22988834400722558,0,0.3642226867870377,0,0,0.03074908045782171
punjabi| songs| 2026| sorry| manjit| sahota| baaghi| latest,0.3087615503616674,797,0.24722999628676556,0,0.7519629446732699,0,0,0.015835605811620444
punjabi| songs| laddi| chhajla| jasmeen| akhtar| latest| 2026,0.3027582753267565,1720,0.2547819983736855,0,0.3642226867870377,0,0,0.0014390573397878635
puratasi| most| popular| srinivasa| govindha| tamil| bakthi| padalgal,0.3011098140444912,2340,0.25422207023196036,0,0.5440432322100665,0,0,0.004651235053061557
purattasi| 1st| saturday| most| powerful| perumal| tamil| devotional,0.3007297145931937,2585,0.2537919200004416,0,0.6084222458472345,0,0,0.006071687116549124
purattasi| 2nd| saturday| pournami| special| perumal| bhakti| padalgal,0.3005219752457194,2665,0.25252239672735594,0,0.6436079169613957,0,0,0.008065966897507378
purattasi| saturday| most| powerful| perumal| tamil| devotional| songs,0.3008239688618243,2534,0.2533719941369886,0,0.5924580111586056,0,0,0.00633946747582778
purattasi| saturday| pournami| special| tirupati| balaji| powerful| devotional,0.3008169476592848,2535,0.25243601249987835,0,0.5936472212258727,0,0,0.007458384291497468
purattasi| saturday| spl| powerful| perumal| suprabatham| lord| balaji,0.3020093447188528,1916,0.25574023564136605,0,0.39168600739929876,0,0,0.0007007166345411051
puri| squad| akela| finish| kar| diya,0.3007472232398502,2575,0.2534925428240208,0,0.6054567340633525,0,0,0.006382075240461486
purnima| amritwani| 2026,0.3021756647864625,1877,0.25550625749857636,0,0.3642226867870377,0,0,0.0005863078245298722
pushpa| live| journey| zero| billion| gta5| gtav| gaming,0.3012487343695028,2264,0.24303144507989954,0,0.5205137231095581,0,0,0.017493133968324633
putaapu| gang,0.3083290979987002,845,0.24518622619852037,0,0.6787167022021093,0,0,0.01720208274851338
putin |  modi |  russia,0.375,228,0.07075098608204611,0,3.0787774188364407,1,1,0.25665744958723075
putin |  warns |  nato,0.375,228,0.08601866699255917,0,2.7447749374000825,0,0,0.23393930363647458
putin |  warns |  west,0.375,228,0.09177158317709183,0,2.7447749374000825,0,0,0.2271657659355596
python,0.6000000000000001,180,0.08224657660092499,0,3.6938237618821637,1,1,0.2518542485748445
qismat| kaur| gulab| sidhu| kulshan| sandhu| upma| sharma,0.3038443563602374,1429,0.238161276577397,0,0.3642226867870377,0,0,0.021008451729065795
raaka| first| glimpse| allu| arjun| atlee| kumar| deepika,0.3025291837749258,1778,0.2546321153553412,0,0.3642226867870377,0,0,0.0016155310172962455
raaka| notion| allu| arjun| atlee| kumar| deepika| padukone,0.301796848044242,1999,0.25469890704751574,0,0.42767744665532514,0,0,0.002437757344584956
rachin ravindra,0.6000000000000001,180,0.08224657660092499,0,3.6938237618821637,1,1,0.2518542485748445
racing| fastest| animals| eggs| roblox,0.3089220425490148,782,0.24820543269636708,0,0.7791461691757684,0,0,0.0150730381490244
radhastami| special| radharanir| gaan| apily| dutta| bhowmick| audio,0.3020540703821175,1904,0.25574023564136605,0,0.38411063712339494,0,0,0.0005931690706323601
radhasthami| superhit| bhajan| jukebox| namita| agrawal| radha| krishna,0.3018575388854767,1978,0.2547809905119963,0,0.41739798826053554,0,0,0.0021951739859908323
radha| aarti| rani,0.3018460454982283,1983,0.25210189111486836,0,0.4193446707192245,0,0,0.005377207909036695
radha| ashtami| bhajan,0.3012864057923852,2240,0.25380487736592194,0,0.5141331586567478,0,0,0.004717808421983328
radha| ashtami| bhajan| 2026,0.30230505024806,1833,0.2552080136953356,0,0.3642226867870377,0,0,0.0009374628875476773
radha| ashtami| katha| pal,0.3046330987846111,1304,0.25404283686425355,0,0.3642226867870377,0,0,0.0023093530629662348
radha| ashtami| rani| 2026| radharani,0.3019070511856268,1951,0.2555297437306798,0,0.40901188552953915,0,0,0.0011945273579885064
radha| ashtami| special| bhajan| 2026| rani,0.3019730941704036,1924,0.25503999406014566,0,0.3978259124820464,0,0,0.0016123559261448793
radha| astottaro| satanam| rani| 108| naam| bhajan| bangla,0.3032219731174066,1578,0.25412187087392857,0,0.3642226867870377,0,0,0.002216297675573746
radha| janamdin| aayo| rani| janmotsav| ashtami| special| bhajan,0.6017791633355997,124,0.1738203360401797,0,0.5175191263219051,0,0,0.0989404313301418
radha| kavach,0.3050931521693827,1238,0.2536116521831835,0,0.3642226867870377,0,0,0.0028170339676763623
radha| kavach| bhajan,0.3136215629522431,456,0.2343037864969506,0,1.5751233459246996,0,0,0.04274145867164174
radha| krishan| janmashtami| bhajan,0.3007897841072459,2555,0.2515242900780404,0,0.598248024203012,0,0,0.008597172477612821
radha| krishna| bhajan| 2026,0.3010699463946049,2363,0.2536435469495483,0,0.5507957806995558,0,0,0.0054282597742565195
radha| krishna| bhajan| apily| dutta| bhowmick| radhastami| special,0.3020763842561707,1898,0.25548809453661186,0,0.3803312441327698,0,0,0.0008363863239188881
radha| krishna| sad| bhajan| dard| bhare| popular| famous,0.3013661493798962,2181,0.25512345370408124,0,0.5006266579493118,0,0,0.0029735523743220317
radha| rani| ashtami| bhajan| nonstop| bhajans| top| songs,0.3013364823342627,2203,0.2545870749516018,0,0.5056514879744347,0,0,0.003676427302665709
radha| rani| janam| badhai| geet| bhajan| ashtami| 2026,0.3025644168019853,1767,0.25488530714821656,0,0.3642226867870377,0,0,0.0013174206156160502
radha| tamanna| hai| kanha| mujhe| mil| jaye| radhe,0.3012184092311912,2278,0.253837003157101,0,0.5256500170090717,0,0,0.004843488099696803
radha| tamanna| hai| peaceful| krishna| bhajan| 2026,0.301664808973842,2049,0.25501165920834645,0,0.45004144924701656,0,0,0.0023870218442552335
radhe| shyam| payal| kritika| malik| zaid| ayaan| tuba,0.3115292195878363,565,0.23642368403138792,0,1.2207345102371634,0,0,0.035214211545792115
radhika| sundari| rakesh| reeyan| dulal| manki| arjun| lakra,0.3168824056798081,358,0.22248484693504705,0,2.1274257439154414,0,0,0.06449822891613269
raftaar| legacy| finale| performance,0.3078279754230024,885,0.24682948718600595,0,0.5938395022361054,0,0,0.014062289816795994
raga| panther| sab| set| hai| music| def| jam,0.3239298238111529,280,0.1851098488526972,0,3.321076054211701,1,1,0.1254501621973833
raghav chadha,0.6000000000000001,180,0.08224657660092499,0,3.6938237618821637,1,1,0.2518542485748445
rahul |  gandhi |  chandrashekhar,0.375,228,0.09365047572129381,0,2.7447749374000825,0,0,0.2249535401572078
rahul| rawani| maghi| sad,0.3079248809308494,879,0.2463803587240983,0,0.6102527882587728,0,0,0.014824117389289682
rahul| sipligunj| ganeshuni| paataro| 2026| music| ganeshsong| rahulsipligunj,0.3050713560107699,1247,0.24487524611162198,0,0.3642226867870377,0,0,0.013103360762307345
rainfall |  lowest |  since,0.375,228,0.05286205660669896,0,3.251374007066202,1,1,0.2801703981372573
raise| shivang| anomaly| scp| roblox,0.3057718650118301,1136,0.24785140310640452,0,0.3642226867870377,0,0,0.009599205484988795
rajasthan nikay chunav 2026,0.6000000000000001,180,0.08224657660092499,0,3.6938237618821637,1,1,0.2518542485748445
rajat patidar,0.424,218,-0.004618926549291857,1,3.0862716906014205,1,1,0.34550509081730485
raja| bhagwan| rajbhagadhvi| rajesh| ahir| dwarika| janmashtami,0.3106600344365792,639,0.24253512481033318,0,1.0735170319824963,0,0,0.02592849644792717
rajeev| yadav| khushi| kakkar| goli| choli| par| chaltau,0.3017522589933509,2020,0.2551998292083555,0,0.43522967832940807,0,0,0.0019551859394351576
rajeev| yadav| srishti| bharti| odhaniya| kaise| phatal| hako,0.3040747419409425,1389,0.25394966104572736,0,0.3642226867870377,0,0,0.0024190591492981783
rajini| jailer| hindi| rajinikanth| sun| pictures| anirudh| nelson,0.3014325308685438,2154,0.24842989699952378,0,0.4893833511034042,0,0,0.010694987808230208
rajneesh| panahwa| katle| biya| baginiya| bhojpuri| 2026| nirjala,0.3033964851561926,1536,0.2537290920269801,0,0.3642226867870377,0,0,0.0026787591894544094
rakesh| barot| banas| kanudo| 2026,0.3109400876444965,616,0.23865176127316884,0,1.1209508002504873,0,0,0.03117422266210065
rakesh| barot| dhola| dade| andhara| aavya| gujarati| 2026,0.3103247661217831,670,0.24407268934596804,0,1.0167312530588613,0,0,0.023311965537726673
rakesh| barot| tame| ramjo| konudo| reshma| thakor| gujarati,0.3076252770722517,905,0.24753395903865621,0,0.5595076455531713,0,0,0.012745428507431482
rakesh| mishra| kamariya| kala| til| khushi| kakkad| lezza,0.3041092031229213,1380,0.2529885356267895,0,0.3642226867870377,0,0,0.003550697270150101
raksha| gupta| hamar| devrani| ghar| maharani| bhojpuri,0.3005043168251511,2668,0.25087970904315166,0,0.6465987965711774,0,0,0.01004254437943904
rally |  vijay |  aiadmk,0.375,228,0.02709574534993031,0,3.5114363365947567,1,1,0.31420000169164175
ramayam| 9198116541,0.3009179874233391,2467,0.25313506316628687,0,0.5765336991575118,0,0,0.006392354707363063
ramayana| beast| minute| review| deeksha| sharma,0.303730294376798,1446,0.2478110945096042,0,0.3642226867870377,0,0,0.009646665206517857
ramayana| cinemas| november,0.3031762406647417,1590,0.24584714916683204,0,0.3642226867870377,0,0,0.011959032950996712
ramayana| cinemas| november| 2026,0.3031038842902454,1606,0.14482777693705506,0,1.7604326997248045,0,0,0.15072219276028895
ramayana| jai| ram| namit| nitesh| ranbir| yash| rahman,0.3036752157925056,1462,-0.1003241434020401,1,13.26870282674729,1,1,0.6027493325520943
ramayana| minute| footage| review| deeksha| sharma,0.3047686944259469,1287,0.24620373525091188,0,0.3642226867870377,0,0,0.011539185137007971
ramayana| path| dharma| hindi,0.3119732602864158,536,0.2016089394489532,0,1.295943516963497,0,0,0.07727316231552905
ramayana| path| dharma| review| yogi| bolta| hai,0.3060323221102346,1094,0.24806660520957974,0,0.3642226867870377,0,0,0.009345824501776723
ramba| oorvasi| menaka| allari| naresh| surbhi| chandra| mohan,0.30309071537155,1613,0.25498252362111395,0,0.3642226867870377,0,0,0.0012029570247695574
ramdevpir| bhajan| gujarati| desi,0.3032721528509102,1563,0.25367675096099807,0,0.3642226867870377,0,0,0.002740386053528741
ram| ban| jaunga| anil| rawat| farmani| naaz| jitendra,0.3035565376917945,1489,0.25000231656872385,0,0.3642226867870377,0,0,0.007066699715550213
ram| lakhan,0.3140293663797903,443,0.23504404586583322,0,1.6441946964192269,0,0,0.04285047657407642
ram| lakhan| masoom| sharma| rohit| lamba| lakshay| kaushik,0.303280167858833,1562,0.2527167367054373,0,0.3642226867870377,0,0,0.0038707158801547167
ram| nam| nadiya| agam| bahijay| suresh| awasthi| bhajan,0.3022929037568346,1834,0.2545161430120851,0,0.3642226867870377,0,0,0.0017520779465598306
ranabaali| teaser| savage| oath| reaction| review| vijay| devarakonda,0.3083526165895336,842,0.24898438180073695,0,0.6827001430485038,0,0,0.012786651495184011
ranabaali| teaser| savage| oath| vijay| deverakonda| rashmika| mandanna,0.3058201694869427,1131,0.06722058250935148,0,3.117728996865863,1,1,0.2613671757240365
ranabaali| vijay| deverakonda| rashmika| mandanna,0.3029066712421314,1672,0.25401693563840466,0,0.3642226867870377,0,0,0.00233984941023774
rani mukherjee,0.6000000000000001,180,0.08224657660092499,0,3.6938237618821637,1,1,0.2518542485748445
rani| chatterjee| monalisa| bhojpuri| sad,0.3010887957757939,2353,0.253426242874175,0,0.5476031831715081,0,0,0.005638790318697818
rani| thakur| bhojpuri| sohar| geet| 2026| nonstop,0.3017392461765406,2029,0.25060989931999805,0,0.4374337128472849,0,0,0.007390703308753167
rank| play| rocky| grinding| start| now| freefireshortslivestream| freefire,1.2020512525856124,58,0.07466473337446405,0,1.5772011468858063,0,0,0.23073148196652107
rank| push| conqueror| begins| tag| lolzzz| what| bgmi,0.3084248445819298,832,0.23627900276893943,0,0.6949336963766901,0,0,0.027919764244379863
ranuje| manado| moyo2| deshi| pakhat| mandali| rohit| thakor,0.3155895798955825,388,0.22778237235393195,0,1.9084545022863684,0,0,0.05515213694656996
rape |  cornell |  case,0.375,228,0.09661910160211484,0,2.7447749374000825,0,0,0.2214582520844012
rasik| dulari| case| premanand| maharaj,0.3034367627654044,1524,0.25473185297341466,0,0.3642226867870377,0,0,0.0014980990063734251
rathinamo| female| version| lyric| saurav| srisan| tanisha| gnanavel,0.3067110649245314,1008,0.2491937416721277,0,0.40466375897442386,0,0,0.008592865487781938
rathinamo| tanisha| gnanavel| female| version,0.3050391260385985,1252,0.2527564368188576,0,0.3642226867870377,0,0,0.003823972592688435
raushanrohi| khushikakkar| nach| nagin| jaisan| maghisong| 2026,0.3006559706999754,2616,0.2513890226772829,0,0.6209125535573724,0,0,0.009078206008601836
raushan| rohi| biscuit| dubaai| neha| pathak| jailstar| movie,0.3596927122984289,233,0.11167344382214955,0,9.378384155466849,1,1,0.2979105059413152
raushan| rohi| gunda| bhi| puja| karau| srishti| bharti,0.3090805308318189,767,0.20927525960182836,0,0.8059899840909168,0,0,0.06129089237798327
raushan| rohi| khushi| kakkar| magahi| 2026,0.310296618255062,673,0.24405663777306552,0,1.0119637326393767,0,0,0.023263180303249274
raushan| rohi| khushi| kakkar| nach| nagin| jaisan| maghi,0.3009684708920693,2433,0.25365355578689947,0,0.5679831055938075,0,0,0.005660483799246101
raushan| rohi| srishti| bharti| chahat| singh| maal| rasdaar,0.3095955301259634,732,0.22633688172504574,0,0.8932175411623321,0,0,0.04244074778843424
raushan| rohi| srishti| bharti| gulabi| nagar| magahi| 2026,0.3056766863861919,1152,0.2154045922638077,0,0.3642226867870377,0,0,0.04780238617927538
raushan| rohi| srishti| bharti| magahi| 2026| nawada| rangdar,0.3122192790510192,525,0.23790833660115496,0,1.3376127310266546,0,0,0.03512548822242248
raushan| rohi| srishti| bharti| maghi,0.308484814542196,824,0.21955989863438202,0,0.705091056185075,0,0,0.04774919900561664
raushan| rohi| srishti| bharti| maghi| rangdari| 2026,0.3078077927696943,887,0.203496603015209,0,0.5904210829036832,0,0,0.06503430446709754
raushan| rohi| srishti| bharti| priti| tiwari| gulabi| nagar,0.3034579322121523,1517,0.2540162990588651,0,0.3642226867870377,0,0,0.002340598924983423
raushan| rohi| srishti| bharti| radha| magahi| hit,0.3080955196454168,861,0.2068705695927337,0,0.6391545719752885,0,0,0.06175363399105651
raushan| rohi| srishti| bharti| tanya| magahi,0.308998515402697,775,0.21534301335778105,0,0.7920986921885584,0,0,0.0539494472250996
raushan| rohi| srishti| bharti| tanya| magahi| 2026,0.3042606046402624,1359,0.2540995700583593,0,0.3642226867870377,0,0,0.002242554865870664
raushan| rohi| srishti| bharti| thumka| par| jhumka| maghi,0.3006758992525692,2607,0.25266641599502254,0,0.6175371723121967,0,0,0.0075262707830128
raushan| rohi| taniya| maghi| rangdari,0.3173730366172411,350,0.2151344462104423,0,2.2105259317846913,0,0,0.07433243368015581
raven| championship| series| semi| finals| day| apexgaming| godlike,0.3033619327285354,1542,0.2530993001716264,0,0.3642226867870377,0,0,0.0034202820517962346
ravi| kishan| prank| randoms| went| too| funny,0.3111775853672328,599,0.2347747206778802,0,1.161176770266074,0,0,0.03631017504262204
raymond share price,0.6000000000000001,180,0.08224657660092499,0,3.6938237618821637,1,1,0.2518542485748445
ray| gunn| netflix,0.3059603439230878,1112,0.16044329086915093,0,0.8808852815599966,0,0,0.11984940115521074
realistic| build| battle| senpaispider,0.3103653305393701,667,0.23574809640267447,0,1.0236018159710223,0,0,0.03321096108715142
recall |  order |  challenge,0.375,228,0.024943560311907587,0,3.923054323672011,1,1,0.32257774693311736
records |  galore |  india,0.375,228,0.0786662217973137,0,2.7447749374000825,0,0,0.24259614186015752
records |  quickest |  severe,0.375,228,1.9542119639281985e-05,0,7.081435220371284,1,1,0.3967630676801871
recurve |  team |  asian,0.375,228,0.0060295384708075606,0,6.408483403398344,1,1,0.38013294157240657
red| diamond| train| golden| indian| bikes| driving,0.3000175205866893,2785,0.25078041013315594,0,0.7290494856407729,0,0,0.011330012633456921
red| gang| blue| ganesh| chaturthi| battle| who| will,0.3040969359884789,1387,0.2536560502019803,0,0.3642226867870377,0,0,0.0027647593221714274
red| team| blue| challenge| mimic| party,0.3136173359252942,457,0.2365201236831873,0,1.5744073969154186,0,0,0.040121758062334804
red| team| blue| mimic| party| competition,0.3160926660059465,373,0.22448783036868963,0,1.993664274226931,0,0,0.06024088520377167
refugee| music| jordan| sandhu| latest| punjabi| songs| 2026,0.3055742783481185,1172,0.157722965020953,0,1.1151235782793218,0,0,0.12637782052207566
refuses |  relief |  mamata,0.375,228,0.09807234185129182,0,2.7447749374000825,0,0,0.21974719332732198
reining |  tech |  streamlining,0.375,228,0.055402987052651675,0,3.34568139209304,1,1,0.2785175650426859
rekkai| katti| parakudhu| remastered| annamalai| rajini| khushbu| spb,0.3018628492842408,1974,0.25422575113709994,0,0.41649854409326187,0,0,0.0028361486429971865
relief |  frozen |  bank,0.375,228,0.0207167563579147,0,4.022471486861065,1,1,0.3289658516068237
remain| teaser,0.3013539378813008,2189,0.1336448788715517,0,2.4931393330911864,0,0,0.1742912814503234
remember |  name |  israelis,0.375,228,0.07991324303134811,0,2.8340738522357927,0,0,0.2423956643861711
remix| ashish| yadav| karma| rajhans,0.3024993959987842,1786,0.2551491022500451,0,0.3642226867870377,0,0,0.0010068257781045086
removed| badge| only,0.3093266132966451,759,0.22413077858532265,0,0.8476699873238468,0,0,0.04439159558900607
rentomojo ipo,0.52,200,-0.013641612751004284,1,3.0862716906014205,1,1,0.3561284865335749
repair| phones| don| peek| inside| pick,0.3124933611697474,504,0.22767871569187814,0,1.3840351512618638,0,0,0.04782899952798919
report |  amazon |  flipkart,0.375,228,0.045609628980489925,0,3.688843643422954,1,1,0.29492023301431514
rest |  killers |  pradeep,0.375,228,0.06996564108332975,0,2.926260862689812,0,0,0.25541684399175824
revealed| secret| hidden| chinti| gang| memeber| roblox,0.3175899192368235,346,0.16881547537108588,0,2.2472602366517482,0,0,0.12939034329481897
revenge,0.3045470381274334,1316,0.2533904832847508,0,0.3642226867870377,0,0,0.0030774403118243266
rich| poor| boat| minecraft,0.3055457111202214,1177,0.25095127491877706,0,0.3642226867870377,0,0,0.005949387216201561
rich| poor| skyscraper| battle| minecraft,0.3039861484450482,1409,0.2542996936439569,0,0.3642226867870377,0,0,0.0020069274712752176
ride| fastest| pets| roblox,0.3084368316950973,831,0.24845262709083538,0,0.6969640032330806,0,0,0.013615248582569373
riot| live| free| fire| freefire| freefirelive| shortsfeed| shorts,0.312330407916536,519,0.23840861657404822,0,1.3564350858713354,0,0,0.03480367492182125
rivals| boys| girls| loadout| challenge| roblox,0.3060974476173381,1085,0.24531775021089347,0,0.3642226867870377,0,0,0.01258235226799215
rivals| game| choose| inventory| roblox,0.310548195097269,651,0.2384894124527266,0,1.054574341257603,0,0,0.03042302682280945
rivals| hulk| everyone| challenge| roblox,0.3069379165793334,987,0.22672034936563606,0,0.6332594409557205,0,0,0.03829862312637586
rivals| ironman| spiderman| challenge| roblox,0.3063650422289374,1052,0.22690819268366075,0,0.6876996344068479,0,0,0.03885034229160936
road accident,0.6000000000000001,180,0.08224657660092499,0,3.6938237618821637,1,1,0.2518542485748445
robbed| biggest| bank| city| gta| hindi| dubbed,0.3106183276320005,644,0.2344926223629134,0,1.0664529782681929,0,0,0.03529752617927598
robbers| defenders| challenge| steal| egg,0.3071507005093245,960,0.24541280584781594,0,0.47912665338842114,0,0,0.01410172496653709
roblox| build| stairs| moon,0.3146955079539349,421,0.23093615499123593,0,1.7570218455765012,0,0,0.04928895349570817
roblox| can| strech| arms,0.3030175868047967,1635,0.25470215178019107,0,0.3642226867870377,0,0,0.001533069471022831
roblox| catch| imposter| artist,0.305077348804531,1243,0.23819252302852406,0,0.3642226867870377,0,0,0.020971661863206457
roblox| death| order| simon| says| crazy| gameplay,0.3096635268394491,727,0.24555056122968777,0,0.904734425308925,0,0,0.019981885823968995
roblox| giant| mini| hide| seek| rivals,0.3115140060071828,567,0.20152669294098025,0,1.2181577232593943,0,0,0.07626567488582942
roblox| jump| steal| egg,0.3119098522042606,541,0.24210891079872449,0,1.2852038282535012,0,0,0.029435643183309206
roblox| sail| boat| steal| secret| egg,0.309739345274861,721,0.24571936175033476,0,0.9175761067969311,0,0,0.019965451907574015
roblox| save| baddie| fire,0.3025113375060352,1782,0.2543441046973647,0,0.3642226867870377,0,0,0.0019546374786965194
roblox| scariest| game| ever| monochrome,0.315468310330966,392,0.2277384080198211,0,1.887914575360494,0,0,0.05491229553803332
roblox| slash| per| click,0.3054544045466287,1186,0.25190576725377534,0,0.3642226867870377,0,0,0.004825558950855393
roblox| stretch| your| arm,0.3052415245794312,1214,0.2532577705885994,0,0.3642226867870377,0,0,0.0032336974902599214
robotic| spiderman| strongest| robot| gta,0.302695305799615,1732,0.2541304190678361,0,0.3642226867870377,0,0,0.00220623295155374
rogue |  agents |  hack,0.375,228,0.09252587313434524,0,2.7447749374000825,0,0,0.22627765783542522
rohit sharma,0.38,227,0.009364515885599833,0,3.0862716906014205,1,1,0.3290408539879953
rohit |  sharma |  world,0.375,228,0.05199138546675719,0,3.7249669403013828,1,1,0.28791913541811265
rohit| pradhan| jhutha| raur| boliya| raja| bhojpuri| viral,0.3006479221045604,2620,0.25117807360799965,0,0.6222757773984351,0,0,0.009345933124299708
roll| money| become| rich| roblox,0.3090026729351102,774,0.24802706663638013,0,0.7928028706213712,0,0,0.015476932276332825
ronaldo |  camp |  time,0.375,228,-0.021863838086354392,1,5.778841369867673,1,1,0.4040358352331541
rooh| khan| bhaini| guri| nimana| punjabi| songs| 2026,0.3024841402602773,1788,0.2430124427062425,0,0.3642226867870377,0,0,0.015296643037070005
rosemary| fire| domination| pmgo| sea| finals| day,0.3125005055436471,502,0.23929176192196788,0,1.3852452233710295,0,0,0.03417286891523079
ros| trick| music,0.30993145894442,704,-0.1086291220619039,1,14.518548216725478,1,1,0.6302717529466106
rsuty| helicopter| escape| granny| chapter| update,0.3107356682561204,630,0.24118728755588298,0,1.0863274443181283,0,0,0.02769732220446619
rules |  bombay |  court,0.375,228,-0.02495862038748875,1,7.038125436929016,1,1,0.42555772229994276
rvnl share price,0.6000000000000001,180,0.08224657660092499,0,3.6938237618821637,1,1,0.2518542485748445
saah| satkar| sandhu| mannat| noor| guri| babbu| brar,0.3022196325407255,1861,0.2555525514753888,0,0.3642226867870377,0,0,0.0005318008601997782
saajan| aishwarya| rai| arjun| rampal| kumar| sanu| alka,0.3012864926471492,2239,0.25414256375774014,0,0.5141184477067189,0,0,0.004320004432254926
saare| trailers| dil| jeet| liya| yogipedia| 276| yogi,0.3060646707417723,1088,0.24686204026773123,0,0.3642226867870377,0,0,0.010764090609798277
saari| raat| teri| yaad| emraan| hashmi| footpath| udit,0.3012597036644243,2259,0.25424346695547684,0,0.5186558083324366,0,0,0.0042656169848893635
saas| aandhi| bahu| toofan| richa| dixit| anshuman| singh,0.3020019221006453,1917,0.2559641945010079,0,0.39294320689584994,0,0,0.00045487383036770066
saas| bahu| pareshn| dilip| lahariya| rajkumari| chauhan| chhattisgarhi,0.3002740924332993,2721,0.2512398824136384,0,0.6855928525006023,0,0,0.010172071637920107
saat| samundar| paar| main| tere| 90s| bollywood| retro,0.3009505005050968,2446,0.25365355578689947,0,0.5710268242416828,0,0,0.00570369548578819
sabarimala |  reference |  justice,0.375,228,0.07585055375689537,0,2.7447749374000825,0,0,0.24591133593100323
sachin tendulkar,0.532,196,-0.00927794885608979,1,3.0862716906014205,1,1,0.3509906675634683
sadhvi| purnima| radha| rani| birthday,0.3020410756703389,1908,0.25561686516978105,0,0.3863116051172989,0,0,0.0007696737778078427
sadhvi| purnima| shree| radha| krishna| bhajan| radhe| shri,0.3022099447513812,1865,0.25460927079915685,0,0.3642226867870377,0,0,0.0016424284129147226
sadi| motiya| jhariya| dady,0.3009239757251348,2461,0.25338909743693044,0,0.5755194357544694,0,0,0.006078852862592407
sad| story| null| minecraft,0.3035826535245097,1484,0.2511763376759324,0,0.3642226867870377,0,0,0.005684396206118318
sahara| bodo| film| 2026| mwkthang| narzary| monalisha| hazoary,0.3156885944155229,383,0.22640359703916313,0,1.9252250003961724,0,0,0.057013610821243156
sahasa| simha| vishnuvardhan| top| songs| evergreen| hit| audio,0.302016598445304,1914,0.2551866919638856,0,0.39045741379695903,0,0,0.0013350218255141551
saiyan| hawe| ram| rkrajanikaushal| amarnathsdk| bhojpuri| hit,0.3110736095065192,608,0.23698208802587045,0,1.143565949382318,0,0,0.03346117903775467
saiya| gayi| romantic| subscribe| free| fire,0.3012795976354551,2243,0.25380487736592194,0,0.5152862843094033,0,0,0.004734179351760616
sai| baba| chalisa| shiridi| devotional| songs| telugu| live,0.3022147462853938,1864,0.2554890053177736,0,0.3642226867870377,0,0,0.0006066207047009497
sai| baba| chalisa| telugu,0.3012834786524725,2242,0.2541486858284205,0,0.5146289404310164,0,0,0.004320043715943805
sai| chalisa| dattatreya| dakshinamurthy| thursday| special| songs,0.3006262417256438,2627,0.2528211248032601,0,0.6259478727018154,0,0,0.007463521924104215
sakhi| bar| gaini| khesari| lal| yadav| kajal| raghwani,0.3000246514711512,2775,0.24926884280673345,0,0.7278416982934103,0,0,0.013092599278564147
sakhi| sab| gaveli| sohar| krishna| janmashtami| special,0.3012105827798263,2285,0.25358074247872975,0,0.5269756153950542,0,0,0.005164031361968122
sales |  decline |  nike,0.375,228,0.06163183811637074,0,2.7447749374000825,0,0,0.2626525856486031
salman| bhai| jack| aur| shinchain| sath| sabhi| ghar,0.6012036895246694,146,0.17264013892909413,0,0.5281431544857798,0,0,0.1004808358975721
salman| khan| monster| teaser| ranbir| kapoor| ramayana,0.3049331871648247,1264,0.25351494676032804,0,0.3642226867870377,0,0,0.002930895843390012
samar| singh| shilpi| raj| bhojpuri| 2026| toshi| divedi,0.3007001827076089,2596,0.251605302199593,0,0.6134241832567968,0,0,0.008717244037062116
samar| singh| shilpi| raj| raja| boliya| nik| lagega,0.3003589540117296,2702,0.25060787068804985,0,0.6712194965370962,0,0,0.010712149600861812
samavarthi| teaser| satyadev| ajay| nag| sinjith| rudra| pictures,0.3033670798879306,1539,0.16923817637487615,0,1.4299659135336649,0,0,0.11728952018293214
same |  stock |  different,0.375,228,0.08966684143581871,0,2.7447749374000825,0,0,0.22964390868575874
samjho| vvaan| sidharth| malhotra| tamannaah| jubin| nautiyal| tanishk,0.3009775335861189,2426,0.04223033119151953,0,6.724852498386095,1,1,0.3420012806392333
sammakka,0.3061211751324659,1080,0.25141899329777284,0,0.3642226867870377,0,0,0.005398691191452131
sammakka| emotion| paradise| anirudh| ravichander| nani| srikanth| odela,0.3048227526762146,1281,0.23616532846119076,0,0.3642226867870377,0,0,0.023358499840411863
sammakka| nani| kastamtho| vacchinde| paradise| emotiona| pulsar| bike,0.3049228329164887,1265,0.2536033728684147,0,0.3642226867870377,0,0,0.0028267821108658563
samsung one ui 9,0.6000000000000001,180,0.08224657660092499,0,3.6938237618821637,1,1,0.2518542485748445
samsung |  galaxy |  price,0.375,228,0.056562344096008244,0,2.7447749374000825,0,0,0.2686214556564456
samsung |  ultra |  available,0.375,228,0.0626867756146754,0,2.7447749374000825,0,0,0.2614104923019127
sandakari| vemal| shriya| saran| madhesh| amrish,0.3027701276148511,1717,0.23889172660538693,0,0.3642226867870377,0,0,0.02014841298618844
sandeep| chaudhary| live| sir| delhi| arvind| kejriwal,0.3018094333365186,1992,0.2539104815804944,0,0.42554582373312766,0,0,0.0033357942557742243
sandeep| suman| vishwakarma| puja| ago| pistal| bana| apna,0.3052337074886915,1218,0.25338874968113095,0,0.3642226867870377,0,0,0.0030794814730546773
sanjana| pandey| prashant| singh| dahej| lalch| bhojpuri| movie,0.3014337244042847,2152,0.2552678333453917,0,0.48918119702641166,0,0,0.002641067167543933
sanju samson,0.596,182,0.04717645256540337,0,3.653982185179686,1,1,0.2925805118975172
sankatahara| chaturthi| special| ganesh| devotional| songs,0.3007322575963479,2581,0.2533893628606636,0,0.6079915269020074,0,0,0.006539546765815855
sankatahara| chaturthi| special| ganesh| songs,0.3010090696137906,2402,0.25380546338988996,0,0.5611067324487621,0,0,0.005384002458026381
sanson| mala| mirzapur| movie,0.3054443976044232,1187,0.24508507680767266,0,0.3642226867870377,0,0,0.012856304124435608
sanson| mala| mirzapur| movie| madhur| sharma| bollywood| birju,0.3013478976030562,2196,0.19657846991350353,0,1.0633053849174627,0,0,0.0798933199807779
sanson| mala| mirzapur| movie| nusrat| fateh| ali| khan,0.3017864715576335,2006,0.24971115038331015,0,0.42943495504054946,0,0,0.008335340373417752
santos fc vs palmeiras,0.6000000000000001,180,0.08224657660092499,0,3.6938237618821637,1,1,0.2518542485748445
santy sharma iphone,0.6000000000000001,180,0.08224657660092499,0,3.6938237618821637,1,1,0.2518542485748445
sanvariya| seth| bhajan,0.3041017523396928,1383,0.2536560502019803,0,0.3642226867870377,0,0,0.0027647593221714274
san| gauriganpaticha| aala| gauri| ganpatichi| gani,0.300814205955335,2537,0.2528142640207383,0,0.5941115949453526,0,0,0.007019620103845919
sardaari| himmat| sandhu| kahlon| bhindder| burj| punjabi| songs,0.3024559596355095,1794,0.22487783169535552,0,0.3642226867870377,0,0,0.03664850484655154
sardar| tamil| karthi| suryah| malavika| ashika| mithran| sam,0.3055222564629774,1178,0.1505110622200742,0,1.446301073479914,0,0,0.13957091110967426
saudi |  hands |  omani,0.375,228,0.08376665155669688,0,2.811873445579841,0,0,0.23754344562678403
saudi |  patriot |  arabia,0.375,228,-0.01084463941680236,1,6.922138746541786,1,1,0.40729312463414147
says |  afghanistan |  civilians,0.375,228,0.07661820396744318,0,3.0025191407631264,1,1,0.24866669289017707
scammed| rich| friend| rivals| roblox,0.3052305239753324,1219,0.24569976369754803,0,0.3642226867870377,0,0,0.012132565990717737
scary| entities| kids| trolled| secret| base| minecraft,0.3024198071963177,1807,0.25205581697644647,0,0.3642226867870377,0,0,0.004648888994102441
scary| living| house| rich| village| minecraft,0.3034126023022157,1529,0.25385903813831745,0,0.3642226867870377,0,0,0.0025257594140365943
scary| teacher| doraemon| takla| kar| diya| stay| player,0.3013438349184782,2198,0.2547233353049277,0,0.5044061504243251,0,0,0.003498313016782207
scary| teacher| gta5,0.3021680147652947,1880,0.25260388402966755,0,0.36481140642625537,0,0,0.004011947738749294
scene| notion| suriya| naslen| jithu| madhavan| sushin| shyam,0.3026373585000376,1745,0.2551491022500451,0,0.3642226867870377,0,0,0.0010068257781045086
scenuke| scene,0.3062859151645093,1061,0.24700752041410023,0,0.3642226867870377,0,0,0.01059280091522312
schedule |  andhra |  pradesh,0.375,228,0.05194166392246191,0,3.7206926905679034,1,1,0.2879169964911015
scientists |  connected |  three,0.375,228,0.09919909224473988,0,2.7447749374000825,0,0,0.21842054680150244
screams |  blood |  desperate,0.375,228,0.09195514388165243,0,2.7447749374000825,0,0,0.2269496398330986
searching| vault| doesn| exist,0.3160413390465165,377,0.05720044127585755,0,6.420389248995729,1,1,0.3200528659844929
season| rank| push| bgmi| live| custom| giveaway| update,0.3008863336926577,2486,0.2527767779324323,0,0.5818950222329431,0,0,0.006890317842721698
second |  charge |  sheet,0.375,228,0.037006347352603663,0,3.674511415699378,1,1,0.3048463431373713
secretly| cheated| catch| artist| roblox,0.3075268220808002,915,0.22847102058956542,0,0.6058106039215387,0,0,0.03584767508250417
secretly| completed| index| troll| shivang| steal| egg| roblox,0.3062690677541623,1063,0.24787008100277091,0,0.3642226867870377,0,0,0.009577213953884675
secretly| exposed| friends| steal| egg| roblox,0.3079328973557009,878,0.2437329026249334,0,0.6116105632386345,0,0,0.017960533473301205
secretly| lived| inside| enemy| base| minecraft| smp,0.3081282982660544,858,0.24422519392847397,0,0.6447064223076854,0,0,0.017850767107198517
secretly| snuck| into| noobs| only| tournament| roblox| rivals,0.3065486554076512,1029,0.2372970722057327,0,0.37715578845159725,0,0,0.022209585395120947
secretly| used| giant| items| minecraft,0.3029900063387595,1641,0.25485017870186094,0,0.3642226867870377,0,0,0.001358781179221003
secret| code| update| spider| fighter,0.3188123090218834,328,0.19054686349085603,0,2.4543014422458884,0,0,0.10674296711340203
secret| soldier| nihal| kodhaty| surya| srinivas| moon| light,0.3114590077099641,575,0.24258112706944096,0,1.2088424345511943,0,0,0.02779554826849913
selling| 100| 000| most| expensive| super| bike| car,0.3090442575347952,769,0.245873033134828,0,0.7998462259881823,0,0,0.01811310615534083
selwar| pindhuthilu,0.3116346357555764,555,0.2419892969564384,0,1.2385892818695639,0,0,0.02891469073528033
senior |  citizen |  interest,0.375,228,-0.02959545152098597,1,5.97767569624578,1,1,0.41596196148735837
sensex,0.8,87,-0.048286505835766214,1,6.46633365038139,1,1,0.44490646392946376
september |  delhi |  records,0.375,228,0.033964209730505845,0,3.7806231283203156,1,1,0.30993465306048884
september| 2026,0.3028819357908331,1685,0.2534722158441145,0,0.3642226867870377,0,0,0.0029812076266114056
serious| rank| push| live| bin| zaid| gaming| binzaid,5.402255746083841,9,-0.11820687513632366,1,9.191749734978975,1,1,0.5659241090083973
shaam| bhi| khoob| hai| 90s| romantic| bollywood| retro,0.3005664888862404,2658,0.2517881364862599,0,0.6360684578531074,0,0,0.008823454088273328
shaayraana,0.3010554008365105,2372,0.25373240163746125,0,0.5532594219379767,0,0,0.005358617752910168
shahnaaz| akhtar| ganesh| chaturthi| special| bhajan| 2026,0.3022374547335747,1856,0.25542957332800625,0,0.3642226867870377,0,0,0.0006765964892277071
shahnaaz| akhtar| ganpati| bhajan,0.301096387749324,2346,0.2525907947369856,0,0.5463172992646426,0,0,0.006604199125022052
shambhu| sutaya| music| shankar| vishal| abcd| ganesh| chaturthi,0.302987395295314,1644,0.25485017870186094,0,0.3642226867870377,0,0,0.001358781179221003
shaniwar| special| bhajan,0.3116166505324298,556,0.2408257660770579,0,1.235543050357605,0,0,0.03024139558997856
shani| dev| kahani| pal| gatha,0.3029382339002685,1662,0.2547452751804235,0,0.3642226867870377,0,0,0.0014822955734208822
shankarabharanna| teaser| shine| shetty| sumanth| bhat| charan| raj,0.3077008480697718,897,0.24861725533618884,0,0.5723074174636795,0,0,0.01165166365948019
shankersinh vaghela,0.6000000000000001,180,0.08224657660092499,0,3.6938237618821637,1,1,0.2518542485748445
shankersinh |  vaghela |  talks,0.375,228,0.05185853594101564,0,3.0025191407631264,1,1,0.27781895922947375
shau| evans| dream| girl,0.3638197753073349,231,0.11284468901594968,0,10.077401859451543,1,1,0.30645542812413634
sheetla| mata| chalisa| latest| shitala| maa| vrat| jai,0.3043557168784029,1344,0.25465503209517537,0,0.3642226867870377,0,0,0.001588548631968573
shehzad |  poonawalla |  calls,0.375,228,0.04365510050177257,0,4.112195777857947,1,1,0.303231845300951
shelter,0.3304774267993653,254,0.15735606239969824,0,4.430070609794433,1,1,0.17387213217809538
shendur| laal| chadhayo| aarti| ravindra| sathe| sanjay| dutt,0.3033043626690943,1556,0.2552216702113923,0,0.3642226867870377,0,0,0.0009213835769152561
she| thought| ravi| kishan| prank| free| fire,0.3215025943767063,304,0.19274339515843608,0,2.909966181973356,0,0,0.11062582428028006
shift| midnight| dead| customer| visited| shop,0.3132174193548387,475,0.2319360816332816,0,1.5066718759742461,0,0,0.04455741086997249
shikha| rana| krishna| bhajan,0.3025960313918429,1758,0.2540549364819565,0,0.3642226867870377,0,0,0.002295106859119598
shikwa| nahin| kisi| naseeb| 1997| govinda| mamta| kulkarni,0.3006629452627913,2612,0.2533949727418094,0,0.6197312430526876,0,0,0.006699610438856741
shilpi| raj| barbadi| hoi| vishwakarma| puja| gana| 2026,0.3019262399620029,1946,0.25563811822146687,0,0.40576180323718136,0,0,0.001020784779706926
shilpi| raj| devra| dedi| bataiya| bhojpuri| 2026| sapna,0.3003428388749152,2706,0.251026821192735,0,0.6739489838046799,0,0,0.01025762387296234
shilpi| raj| garda| uda| dehab| bhojpuri| 2026,0.6031033900862588,111,0.16340167464659267,0,0.5175191263219051,0,0,0.11120746138565829
shilpi| raj| jhulaniya| bhojpuri| 2026| udanbaj| raja| muskan,0.3004545959901668,2681,0.2513577789497456,0,0.6550202197081392,0,0,0.009599219348559613
shilpi| raj| jhulaniya| muskan| jayswal| udanbaj| raja| bhojpuri,0.3019554583858297,1929,0.25483763277182553,0,0.4008129581399928,0,0,0.0018930251128661283
shilpi| raj| mani| meraj| queen| palak| chhedi| funny,0.3067743345513345,1001,0.24948798506849446,0,0.41537999692971794,0,0,0.008398559017159368
shilpi| raj| naya| chhokari| patawatara| bhojpuri| 2026,0.3008422019753464,2523,0.2518526067018937,0,0.5893697934301111,0,0,0.00808456511245196
shimo| giant| kraken| titanus| boug| kaiju| hunting| series,0.3075759295410178,910,0.24785568443182204,0,0.5511494504139154,0,0,0.012247964667457749
shinchain| red| diamond| house| indian| theft| auto| simulator,0.3017487115692198,2023,0.2543811115373937,0,0.43583052020310736,0,0,0.002927681991145014
shinchain| sky| blue| diamond| house| indian| theft| auto,0.3008826983545694,2491,0.2533893628606636,0,0.5825107544566179,0,0,0.006177796131430165
shinchan| apni| maa| liye| saheed| gya| indian| theft,0.302920927552931,1668,0.25475645817460363,0,0.3642226867870377,0,0,0.00146912861074344
shinchan| become| biggest| gangster| gta,0.3001819717943719,2731,0.24986284202247105,0,0.701195705515859,0,0,0.012014925734848806
shinchan| become| bodybuilder| theft| auto| game,0.302609683109908,1754,0.2548964851572905,0,0.3642226867870377,0,0,0.0013042595224495557
shinchan| betrayed| franklin| become| millionaire| gta,0.3000624730399083,2741,0.250563568292692,0,0.7214357030138014,0,0,0.011477231354577377
shinchan| found| chocolate| gems| swimming| indian| theft| auto,0.3052211604768003,1221,0.2525628504012277,0,0.3642226867870377,0,0,0.004051903064146835
shinchan| found| chocolate| pizza| swiminpool| indian| theft| auto,0.3000459347726228,2752,0.2505810916220759,0,0.7242368576365541,0,0,0.011496367225562503
shinchan| found| dairy| milk| swimming| indian| theft| auto,0.3000581846392552,2747,0.2500008736055504,0,0.7221620471408127,0,0,0.01215006528974441
shinchan| found| green| daimond| house| indian| theft| auto,0.3000242021362418,2776,0.2511862962615662,0,0.7279178040024765,0,0,0.010836051993914495
shinchan| found| ice| cream| swimming| pool| indian| theft,0.3018618821936357,1976,0.25504487325396463,0,0.41666234422250975,0,0,0.00187403201862803
shinchan| found| jelly| choklate| swiminpool| indian| theft| auto,0.3000582497658587,2746,0.25028011368083214,0,0.7221510163790377,0,0,0.011821128791245172
shinchan| found| maggie| world| indian| theft| auto| simulator,0.3000479017578493,2751,0.2503226815604363,0,0.7239037012263372,0,0,0.011795891843067632
shinchan| found| milky| oreo| biscuit| swimming| pool| indian,0.3000279116385189,2771,0.250066890007439,0,0.7272895102839146,0,0,0.012145131572340182
shinchan| found| oreo| chocolate| swimming| pool| indian| theft,0.3028368541250357,1698,0.25448027917422317,0,0.3642226867870377,0,0,0.001794304367050767
shinchan| found| pizza| house| indian| theft| auto| simulator,0.3000456338542353,2753,0.2505810916220759,0,0.7242878254264599,0,0,0.01149709081549178
shinchan| found| secret| elemental| cars| save| franklin| gta,0.3058872861455887,1119,0.2503276068480875,0,0.3642226867870377,0,0,0.006683699876801471
shinchan| franklin| found| giant| curvy| tunnel| space| outside,0.3067006093321883,1012,0.25048121961217285,0,0.4028928521242634,0,0,0.007051835262691146
shinchan| franklin| found| golden| car| bridge| space| gta,0.3086289482818465,807,0.247867013539193,0,0.7295035828510903,0,0,0.014766720043745494
shinchan| franklin| found| mysterious| stairway| space| his| pool,0.3104239182581889,663,0.24378682609252317,0,1.0335250598376826,0,0,0.02388696537081068
shinchan| franklin| found| unique| level1| level| water| slides,0.3045582596447296,1314,0.2541234712589033,0,0.3642226867870377,0,0,0.0022144133672309064
shinchan| franklin| kidnapping| granny| helicopter| gta,0.3034116967747257,1531,0.25399913480518865,0,0.3642226867870377,0,0,0.0023608082789277635
shinchan| franklin| played| spider| man| hide| seek| friends,0.306019095060191,1100,0.25096856856302147,0,0.3642226867870377,0,0,0.005929025516583781
shinchan| franklin| tried| impossible| maze| puzzle| parkour| challenge,0.3026272041797779,1750,0.2548964851572905,0,0.3642226867870377,0,0,0.0013042595224495557
shinchan| franklin| tried| impossible| speed| booster| funnel| tunnel,0.3031469631805307,1598,0.2548117980506161,0,0.3642226867870377,0,0,0.001403970919494216
shinchan| franklin| tried| impossible| spiral| log| parkour| challenge,0.3036776377967206,1461,0.25367038119947777,0,0.3642226867870377,0,0,0.002747885870737894
shinchan| franklin| try| every| car| krishnastami| special| gta,0.3090046428280524,773,0.24820543269636708,0,0.79313651952341,0,0,0.015271659212196025
shinchan| fury| opened| luxury| super| bike| showroom| gta,0.3064984321337912,1035,0.2514767754600007,0,0.36864926516749413,0,0,0.005393502081435266
shinchan| gaya| sabse| bada| indian| theft| aura| simulator,0.3000350701935236,2765,0.25078041013315594,0,0.7260770362624372,0,0,0.0112878127570365
shinchan| gems| swimming| pool| indian| theft| auto| stimulator,0.3010052554629154,2406,0.2539176875168103,0,0.5617527509325331,0,0,0.005261040241131697
shinchan| gets| robotic| dragon| bike| baby| shankar| gameplay,0.3000134255897515,2793,0.24850700880564908,0,0.72974307218189,0,0,0.0140165836201126
shinchan| gets| spider| man| bike| joker| baby| babaji,0.3000093488391858,2796,0.2510003926170313,0,0.7304335682596119,0,0,0.011090653011788255
shinchan| gir| gaya| gehre| kuye| kya| jack| aur,0.3012188016314542,2277,0.2544797425975546,0,0.5255835545561804,0,0,0.004085777060982958
shinchan| his| friends| saved| lord| ganesha| lambodara| gta,0.3045385343866505,1317,0.25422117750247303,0,0.3642226867870377,0,0,0.002099373115781762
shinchan| his| friends| saved| mushik| lambodara| gta| telugu,0.3040141911213738,1405,0.2543576935912891,0,0.3642226867870377,0,0,0.0019386377869995634
shinchan| his| friends| started| collecting| chandha| lambodara| gta,0.3053668856126842,1197,0.2514941016562232,0,0.3642226867870377,0,0,0.005310257902786245
shinchan| jack| swimming| pool| dhakka| diya| indian| theft,0.3022710873115339,1841,0.2557522932311624,0,0.3642226867870377,0,0,0.0002966230356354443
shinchan| kicked| out| his| house| indian| theft| auto,0.3000570003972755,2749,0.24838342946547165,0,0.7223626270950935,0,0,0.014057306889026738
shinchan| koi| pyar| nahi| krta| gher| nikal| dia,0.3012751257345097,2248,0.2530979250123029,0,0.5160437086386619,0,0,0.005577304867927296
shinchan| nobita| doraemon| build| stairs| moon,0.3060041166184647,1105,0.25045365810607434,0,0.3642226867870377,0,0,0.0065352859384032345
shinchan| nobita| jack| goodbyes| chaddi| gang| twist| indian,0.3014353345343332,2151,0.2547762238165904,0,0.4889084826512844,0,0,0.0032160211299597057
shinchan| nobita| play| hide| seek| indian| theft| aura,0.301916637292915,1948,0.2556383041270051,0,0.40738824695356024,0,0,0.0010436565211089277
shinchan| nobita| saved| gangsters| village| indian| theftaurasimulator,0.3013035446173432,2227,0.25490959114687634,0,0.5112302851010864,0,0,0.003375895903099978
shinchan| opened| secret| bunker| ganesha| saved| franklin| granny,0.3035896342430974,1482,0.2542613361120608,0,0.3642226867870377,0,0,0.002052089990609435
shinchan| red| gang| franklin| blue| vinayaka| chavithi| gta,0.3052346570397112,1217,0.2535467759802475,0,0.3642226867870377,0,0,0.0028934198200655636
shinchan| riya| lekar| bhag| gya| indian| theft| auto,0.3013423659756102,2199,0.25498726648509906,0,0.5046549513436871,0,0,0.003191090187054659
shinchan| witness| fury| become| werewolf| gta| telugu,0.3040791581864634,1388,0.25381394261148,0,0.3642226867870377,0,0,0.002578855312078251
shirdi| sai| baba| songs| folk,0.3013748854262145,2176,0.2539811156910385,0,0.49914699771003396,0,0,0.004297545167580859
shiridi| sai| songs| telugu| baba| folk| devotional,0.3011327788930312,2329,0.25297218348117917,0,0.5401535809825031,0,0,0.0060676420908343
shitla| satam| special| 2026| darshana| vyas| viren| prajapati,0.3017109189107527,2033,0.2543811115373937,0,0.4422316188275164,0,0,0.0030185584154413395
shivakumar |  delete |  voters,0.375,228,0.08288327508475424,0,2.7447749374000825,0,0,0.2376309436001786
shivam| shastri,0.3038826669804175,1423,0.25406943142067495,0,0.3642226867870377,0,0,0.0022780403817483533
shivanna| anthem| lyrical| bail| shiva| rajkumar| pavan| wadeyar,0.3070524152031029,974,0.2484466696880555,0,0.4624796652173578,0,0,0.010293287744242784
shivastuthi,0.3020845853365384,1897,0.25548809453661186,0,0.37894219328560996,0,0,0.0008166659631554538
shiva| folk| devotional| songs| monday| special| most| powerful,0.3013494318181818,2195,0.2535877813835149,0,0.5034581804098686,0,0,0.004821866565033195
shiva| folk| songs| telugu| devotional,0.3009193137979151,2466,0.2518691766265559,0,0.5763090456184828,0,0,0.007879632035058287
shiva| karunamrutha,0.3017463420243194,2027,0.2542243504569422,0,0.436231859807617,0,0,0.0031179517838270747
shiva| lingam| divine| prayer| karpur| gauram| karunavtaram| sawan,0.3012686256555398,2251,0.2541313589082807,0,0.5171446538550104,0,0,0.00437616018905536
shiva| songs| telugu| bhakti,0.3008817327966264,2492,0.2528142640207383,0,0.5826742949925756,0,0,0.0068572447079491144
shiv| ravan| samwad| raanjha| siddharth| lucky| ramayan| rap,0.3124938517356911,503,0.23848776883041667,0,1.3841182404414896,0,0,0.03510349817240207
shoaib| akhtar| shocked| ind| beat| 1st| odi| virat,0.3013168704623615,2219,0.2541806547829015,0,0.5089732317030116,0,0,0.004202109047052043
shooting |  asian |  games,0.375,228,0.06581218602599714,0,3.1169065578730977,1,1,0.26301375883899863
should |  kailash |  satyarthi,0.375,228,0.06744705435942733,0,2.863872345058565,0,0,0.2574965216732139
shouldn| have| rented| cheap| apartment| welcome| kowloon| horror,0.306472182406049,1041,0.20276792402378996,0,0.46858061589500444,0,0,0.06416248834839638
showed |  immense |  courage,0.375,228,0.08217117209464864,0,2.8601437442272313,0,0,0.2401072718072621
shree| krishnacha| palana| palna| geet| krishna| songs,0.3012495294531943,2263,0.2541486858284205,0,0.5203790565015484,0,0,0.004401678138164105
shree| radha| krishna| bhajan| keshav| sharma,0.3022337166013243,1858,0.25516601405809974,0,0.3642226867870377,0,0,0.0009869136560129905
shree| vishwakarma| aarti| remix| puja| high| frequency| soundcheck,0.3000376610007783,2762,0.2505810916220759,0,0.7256382205393264,0,0,0.01151626238063164
shree| vishwakarma| pooja| bhajan| 2026,0.301389200212125,2171,0.2522627557352129,0,0.4967224433093333,0,0,0.006286336955261712
shri| ganapati| raksha| stotram| hour| mahaganpati| mantra,0.3036368314963331,1469,0.2539423019723612,0,0.3642226867870377,0,0,0.0024277237915927563
shri| krishna| govind| hare| murari| chhathi| bhajan| 2026,0.3013671729387103,2180,0.22516160668212748,0,0.5004532935663191,0,0,0.03824845200606477
shri| krishna| govind| hare| murari| non| stop| bhajans,0.3017084032287194,2036,0.25261589684282865,0,0.4426577102816827,0,0,0.0051029880451083885
shri| krishna| govind| hare| murari| popular| bhajan| 2026,0.3012624225889481,2255,0.25399012063385573,0,0.5181952928583876,0,0,0.004557371390033689
shri| krishna| katha| pal| janmashtami,0.303593469735202,1479,0.25404857039067946,0,0.3642226867870377,0,0,0.0023026023549497484
shri| krishna| palna| marathi| janmashtami| special,0.3011952388279516,2290,0.2544797425975546,0,0.5295744838849326,0,0,0.0041424363015753985
shri| krishn| govind| hare| murari| jukebox,0.302264631043257,1842,0.25518760362099524,0,0.3642226867870377,0,0,0.0009614939013132616
shri| radha| ashtami| special| bhajan| 2026| chitra| vichitra,0.3053532847883491,1201,0.2530147213089075,0,0.3642226867870377,0,0,0.003519866001388142
shri| ram| janki| baithe| hain| mere| seene| mein,0.3008496373146837,2513,0.25205112898212556,0,0.588110439303306,0,0,0.00783294405400142
shri| ram| katha| chaupai| kumar| vishu| bhajan| 2026,0.3015199398043641,2112,0.2538771474776441,0,0.47457853869975986,0,0,0.004071159804600104
shubman gill,0.6000000000000001,180,0.08224657660092499,0,3.6938237618821637,1,1,0.2518542485748445
shubman |  gill |  hits,0.375,228,0.0871221696435519,0,2.7447749374000825,0,0,0.23264002922158647
shuklambaradharam| vishnum| kannada| vinayaka| chavithi| special| songs| ganapathi,0.3007172608754492,2591,0.2536434075517162,0,0.6105315834476188,0,0,0.0062764933473304415
shuriken| cut| extreme| challenge,0.3079811746987951,874,0.24512782592856813,0,0.619787496193483,0,0,0.016434225588986766
shweta| sargam| sonu| yadav| piya| madarba| maghi| sad,0.3034680560966108,1511,0.25399913480518865,0,0.3642226867870377,0,0,0.0023608082789277635
sigma movie,0.6000000000000001,180,0.08224657660092499,0,3.6938237618821637,1,1,0.2518542485748445
sigma movie review,0.6000000000000001,180,0.08224657660092499,0,3.6938237618821637,1,1,0.2518542485748445
sigma| sundeep| kishan| faria| abdullah| jason| sanjay| thaman,0.3070956176696042,970,0.14806736558238065,0,1.5684218318468202,0,0,0.14418189147148783
signature| mohit| ladhotiya| mackey| muzic| nidhi| negi| ameet,0.3050902048066428,1241,0.25309797993110356,0,0.3642226867870377,0,0,0.003421836515422847
silver |  keeps |  india,0.375,228,0.09585019473043754,0,2.7447749374000825,0,0,0.22236357027725123
simhadriya| simha| movie| vishnuvardhan| balasubrahmanyam,0.3030320940953956,1632,0.254083498417769,0,0.3642226867870377,0,0,0.0022614777668763667
sinchan| granny| kidnap| kar| liya| indian| theft| auto,0.6000245428573255,179,0.17150526731400134,0,0.7278600946655882,0,0,0.10465242667231033
sinchan| hairstyle| scary| teacher| kharab| kar| diya| indian,0.3000255275697753,2773,0.25078041013315594,0,0.7276933098517093,0,0,0.011310759000032592
sinchan| scary| teacher| maara| indian| theft| auto| simulator,0.300060382422006,2743,0.250563568292692,0,0.7217897996008519,0,0,0.011482258465324267
singh |  simi |  ireland,0.375,228,-0.010108035777519953,1,7.220390236108947,1,1,0.41066011823263826
siya| entry| chapter| udhiram| blood| wood,0.307390510948905,931,0.2457241611196706,0,0.519744337805985,0,0,0.014311781774679257
skinny| per| step| roblox,0.311493179325473,568,0.23880469869964843,0,1.2146302221771452,0,0,0.03232411984575807
slap| game| malayalam| dulquer| salmaan| kayadu| lohar| jakes,0.3034765603780759,1507,0.2522057239287177,0,0.3642226867870377,0,0,0.004472387136563039
slowest| fastest| cheetah| gta,0.3030505638465994,1624,0.25489162673159155,0,0.3642226867870377,0,0,0.0013099798786277953
smiling |  chatting |  family,0.375,228,0.09340640627611235,0,2.7447749374000825,0,0,0.22524090982079215
smit |  machchhar |  averted,0.375,228,0.08765370607291073,0,2.8500025846164982,0,0,0.23350811057670268
smit |  machchhar |  dhabi,0.375,228,0.0478162402003679,0,3.34568139209304,1,1,0.2874502722441931
smit |  machchhar |  indian,0.375,228,0.0526928094514556,0,2.7447749374000825,0,0,0.27317748219309906
smit |  machchhar |  modi,0.375,228,0.07279805480403462,0,2.7447749374000825,0,0,0.24950537694880842
smit |  machchhar |  pilot,0.375,228,0.06114123630169643,0,3.0787774188364407,1,1,0.26797205949038994
snitching| teaser| vin| wrld| harshit| rao| aarush| bhola,0.3069062043739777,989,0.22586710453158776,0,0.4377153333299555,0,0,0.0365271011058695
snitching| vin| wrld| harshit| rao| aarush| bhola| laila,0.3136101738721528,458,0.14146098284406394,0,1.5731943304000853,0,0,0.15202806391359622
soja| zara| anushka| shetty| prabhas| baahubali| lyrical| krishna,0.3017563765350387,2018,0.2540679698532381,0,0.43453227329089267,0,0,0.0032779467425570114
sojugada| sooju| mallige| mahadeva| monday| shiva| bhakti| geethegalu,0.3006385538452046,2624,0.2513890226772829,0,0.6238625181705121,0,0,0.009120086668715485
solar industries share price,0.8,87,-0.048286505835766214,1,6.46633365038139,1,1,0.44490646392946376
solo| custom| tournamrnt| grand| final| booyah| mobile,0.310038304473076,691,0.24515789650997416,0,0.9682120607114758,0,0,0.021345405222174138
solo| finishes| bgms| jonathan| back| bgmi,0.3225110736951171,289,0.16598674509033712,0,3.080776488515898,1,1,0.14455435073032186
solo| kills| conqueror| what| bgmi| live| lolzzzgaming,0.3085384385816264,820,0.237806019234103,0,0.7141735811768494,0,0,0.026394989401758412
solo| kills| hoke| rahega| classic| hacker| what| bgmi,0.6097222115347619,95,0.13584492679350357,0,0.9146740944848307,0,0,0.14929144662385707
solo| squad| garena| free| fire| gameplay,0.3137768363763946,450,0.10237140671586087,0,2.003108902500474,0,0,0.204155998023598
solving| very| disturbing| case| rehaunted,0.3123984187460083,514,0.2282763256417762,0,1.3679543609008704,0,0,0.04689706889534423
somwar| special| khatu| shyam| bhajan,0.6143820224719101,91,0.13915838667459585,0,1.7039255149887078,0,0,0.15659515351268957
sonali| srishti| teej| vrat| geet,0.3009917630726516,2416,0.25312151471298433,0,0.5640380127865785,0,0,0.00623090547153045
sonam| yadav| karma| kare| jaibai| naihar| karam| geet,0.6018190077421394,123,0.17740189195640027,0,0.5175191263219051,0,0,0.09472347366062452
song |  hanuman |  ansh,0.375,228,0.06155055599022741,0,2.7447749374000825,0,0,0.26274828798949984
songs| 2026| mohabbat| hindi| ariyan| khan| rashmika| latest,0.3007760218304812,2562,0.24896862642746692,0,0.6005789978481828,0,0,0.011639327773658672
sonia |  gandhi |  surprise,0.375,228,0.08441928696223072,0,2.7447749374000825,0,0,0.23582242874833476
sonic| secretly| cheated| rivals| hide| seek| roblox,0.3053437355342042,1204,0.24289244634184576,0,0.3642226867870377,0,0,0.015437927886725801
sonyliv,0.6000000000000001,180,0.08224657660092499,0,3.6938237618821637,1,1,0.2518542485748445
soul| ceasefire| violated| nebula| absolute| domination,0.313894540942928,448,0.23425069238894863,0,1.6213587554338733,0,0,0.04346037647921412
soul| player| change| sid| retire| family| stage| aadi,0.3055978962860803,1168,0.25204640390930766,0,0.3642226867870377,0,0,0.004659972028010946
soul| tease| shut| goblin| big| statement| hector| manya,0.3078700327035738,882,0.24777311591611484,0,0.6009629175165316,0,0,0.013052383619090833
sourav| joshi| surprised| saving| cat| roblox,0.3113673638601315,582,0.23784763999637593,0,1.193320337273779,0,0,0.03314843325100544
soven| piya| sonu| kundu| sonika| singh| haryanvi| 2026,0.3009535955479551,2445,0.25287215033584753,0,0.5705026040522068,0,0,0.0066162872674633815
soven| piya| sonu| kundu| sonika| singh| latest| haryanvi,0.3018029494634613,1993,0.25422575113709994,0,0.426644024087127,0,0,0.0029801840654630433
spark| niranjan| sudhindra| lovely| star| prem| rachana| inder,0.3062066948904738,1069,0.25166539099463014,0,0.3642226867870377,0,0,0.005108580222415451
speaks |  wounded |  indian,0.375,228,0.08398101815240983,0,2.7447749374000825,0,0,0.2363384505729597
special |  drive |  left,0.375,228,0.09004207902141548,0,2.7447749374000825,0,0,0.22920210041821024
special| 2026| ankita| mishra| bhojpuri| teej| geet,0.300941148720368,2449,0.2529838066085334,0,0.5726107746381921,0,0,0.006514751827084053
special| 2026| janmashtami| badhai| geet| krishan,0.3015670538378848,2091,0.2545870749516018,0,0.4665986402911333,0,0,0.0031219938586137305
special| ganesh| aarti| lyrical| chaturthi,0.3017954905881542,2002,0.2547809905119963,0,0.42790736459836826,0,0,0.0023443756463940608
special| janmashtami| popular| krishna| bhajan,0.3024555307250182,1795,0.2518241172025807,0,0.3642226867870377,0,0,0.004921694490172922
special| main| bhanu| baba| dhing| jaoungi,0.3023881168142209,1814,0.25501909838768544,0,0.3642226867870377,0,0,0.0011598935501199192
special| nonstop| ganesh| bhajan| chaturthi,0.601156426225666,151,0.1703813476910565,0,0.5361483346055884,0,0,0.10325400755229865
special| nonstop| radha| rani| bhajan| ashtami,0.301408784708197,2167,0.2549028816327078,0,0.4934053363379982,0,0,0.0031307348751518213
special| radha| rani| nonstop| bhajan| chitra| vichitra| maharaj,0.3031322830241446,1600,0.25466376461595036,0,0.3642226867870377,0,0,0.00157826687975872
special| vishwakarma| aarti,0.301312984496124,2221,0.25473955788778124,0,0.5096314138512372,0,0,0.0035533954819487626
speedrunner| hunters| manhunt| smp| minecraft,0.313196138682967,477,0.21425356169276843,0,1.5030674807035762,0,0,0.06532580478013389
spending| 958| 458| 559| catch| biggest| fish| roblox,0.3030217759728839,1633,0.25470215178019107,0,0.3642226867870377,0,0,0.001533069471022831
spending| 9827891| robux| became| billionair| roblox,0.3107589457985253,629,0.24172672671277062,0,1.0902700577968025,0,0,0.02711815476057136
spend| unlimited| robux| sabertooth| egg| steal| roblox,0.3116854683673359,551,0.22215586833666662,0,1.247199011229883,0,0,0.052388988762404845
spent| infinite| robux| get| divine| monster| egg| roblox,0.3069920549608529,981,0.24151998339088376,0,0.4522562017377737,0,0,0.018303690876876465
spent| infinite| robux| get| divine| pet| steal| egg,0.6126268019830962,92,0.11519301647378027,0,1.4066365728451025,0,0,0.18059159373940453
spent| infinite| robux| get| luminous| monster| egg| roblox,0.3092719539540136,760,0.21809620330038587,0,0.8384121087537395,0,0,0.05136532722632049
spiderman| victor| wmax| live| bgmi| wmaxgaming6,0.3088724075523381,789,0.24769717296600613,0,0.7707392848274128,0,0,0.015552115370000792
spider| man| rescue| batman| iron| venom| funny| game,7.521567650531833,5,-0.16865689513757554,1,13.07852992198642,1,1,0.6805050725194506
spideyzoom1| live| gta| spider| man| hulk| looped| gta5,0.3007603496115366,2565,0.1982197709460879,0,0.9699266169831642,0,0,0.07663513792194898
split |  verdict |  cecappointment,0.375,228,0.09182919235126757,0,2.7447749374000825,0,0,0.22709793635127898
sree| krishna| jayanthi| songs| malayalam| ashtami| rohini,0.302755835150302,1721,0.2550350694033212,0,0.3642226867870377,0,0,0.0011410891258834472
srilatha| lyrical| idupu| kayitham| priyadarshi| naga| durga| suresh,0.3014092713341865,2165,0.22089133022552793,0,0.5199962873570569,0,0,0.043553767692370314
srit india ipo gmp,0.6000000000000001,180,0.08224657660092499,0,3.6938237618821637,1,1,0.2518542485748445
sri| astalakshmi,0.3019975597001917,1918,0.2556383041270051,0,0.3936820846746258,0,0,0.0008490700771530302
sri| durgamma| bhakti| patalu| durga| devi| telugu| folk,0.3036256658980679,1474,0.2536393006437836,0,0.3642226867870377,0,0,0.0027844804097520194
sri| ganesh| devotional| songs| sankashti| chaturthi| 2026,0.300858310626703,2509,0.25243601249987835,0,0.5866414046312873,0,0,0.007358922683615969
sri| ganesh| sahasranama| namita| agrawal| mamata| sahoo| special,0.3031600740982892,1594,0.25449948756094737,0,0.3642226867870377,0,0,0.0017716882316028107
sri| gowri| bhakthigeethegalu| devotional| audio| jukebox| habba| special,0.3057324840764331,1144,0.2506795717864652,0,0.3642226867870377,0,0,0.006269293043287837
sri| hanuman| manasasmarami,0.3042248435243139,1363,0.25411498126090587,0,0.3642226867870377,0,0,0.0022244095708381737
sri| krishna| bhaktigitegalu| audio| jukebox| bhakti| songs| jhankar,0.3044356360890902,1335,0.254585464617669,0,0.3642226867870377,0,0,0.0016704580352228404
sri| krishna| bhakti| songs| janmashtami| special| kannada,0.3011197974014534,2337,0.25412728265927875,0,0.5423523098164116,0,0,0.00473883280152854
sri| krishna| chalisa| krishnashtami| 2026| special| bhakti| songs,0.3007353743128871,2577,0.2535633093611502,0,0.6074636357516835,0,0,0.006327246044887193
sri| lakshmi,0.305076714801444,1244,0.25261962388915915,0,0.3642226867870377,0,0,0.00398505742472141
sri| lakshmi| narasimha| swamy,0.3040718863893427,1391,0.25533932484903404,0,0.3642226867870377,0,0,0.0007828558983969298
sri| surya| bhagavan| songs| adithya| hrudayam| bhakti,0.3028125,1704,0.25390064229233794,0,0.3642226867870377,0,0,0.002476774291233981
sri| swarnagowri| vratha| ganapathi| shatrigalu| ganesh,0.3031529164477141,1597,0.2542567998609397,0,0.3642226867870377,0,0,0.002057431015405235
sri| venkateshwara| songs| govinda| namalu| tirumala| balaji| devotional,0.3013759714613326,2175,0.2544568275960755,0,0.498963051457428,0,0,0.0037348260042537372
sruthilaya,0.3019020840224942,1954,0.2545060574999075,0,0.40985319446056256,0,0,0.0024117692343975385
stabbed |  indian |  quick,0.375,228,0.09497166861989303,0,2.7447749374000825,0,0,0.22339795519441907
started| biggest| weapon| business| los| santos| gta6,0.3296081187218386,256,0.16254989186341057,0,4.282832311009866,1,1,0.1656665256963808
started| every| gamepass| steal| egg| roblox,0.3107296817189214,632,0.21230102974436627,0,1.0853134797921205,0,0,0.061693878965348115
started| mining| factory| scratch,0.3117271004933994,549,0.22124057371192124,0,1.2542504163356711,0,0,0.053566774102674276
started| petrol| pump| business| minecraft,0.3047839331466364,1285,0.17588911797125495,0,0.8490521840294244,0,0,0.1012114042243593
started| robux| steal| egg| roblox,0.3069765620155165,982,0.24418350040063996,0,0.449632097610045,0,0,0.015130386445182603
starting| over| all| max| out| gamepass| steal| egg,0.3111309108277914,603,0.22902984399702037,0,1.1532713107844952,0,0,0.04296201311443009
starting| over| using| only| robux| steal| egg,0.3059802679293413,1109,0.23282500761404556,0,0.3642226867870377,0,0,0.02729142506746839
state |  bank |  india,0.375,228,0.1004986500370399,0,2.7447749374000825,0,0,0.21689043521664592
stealing| animals| secret| base,0.3060228290062667,1099,0.25179265094088765,0,0.3642226867870377,0,0,0.004958743163062974
stealing| biggest| gorilla| eggs| steal| egg,0.3031097889235324,1604,0.25424352441674464,0,0.3642226867870377,0,0,0.0020730616484384993
stealing| egg| deadly| monster,0.312311279740732,521,0.2400397614052886,0,1.353195267748096,0,0,0.032837153922557996
stealing| newest| egg| steal| roblox,0.3037295348424847,1447,0.2540329796210431,0,0.3642226867870377,0,0,0.002320959073965076
stealing| rarest| angel| egg| roblox,0.3029886890951276,1642,0.2541683144454118,0,0.3642226867870377,0,0,0.0021616145770692375
stealing| rarest| eggs| steal| egg| roblox,0.309398142642464,755,0.2382381722938688,0,0.8597852079962682,0,0,0.027953417201856852
stealing| rare| devil| egg| doorbin| angel| roblox,0.3032614634146341,1565,0.25412187087392857,0,0.3642226867870377,0,0,0.002216297675573746
stealing| sammy| eggs| update| steal| egg| roblox,0.3035912615255658,1481,0.2542613361120608,0,0.3642226867870377,0,0,0.002052089990609435
steal| anime| egg| roblox,0.3032522815395432,1568,0.25386799372036634,0,0.3642226867870377,0,0,0.0025152150273818987
steal| egg| banned| roblox,0.3098794196408309,712,0.23600099212811398,0,0.9413010805800011,0,0,0.031744775388951055
steal| egg| roblox,0.3003483067928664,2704,0.24959005007336932,0,0.6730228599622323,0,0,0.011936143537367407
steal| egg| update| crazy,0.3145753233135267,427,0.23244701018564928,0,1.7366656767438309,0,0,0.04722106174426755
steal| egg| update| went| wrong,0.3181548817211227,340,0.21313024582453666,0,2.342950265556099,0,0,0.07857222691929214
sterlite technologies share price,0.6000000000000001,180,0.08224657660092499,0,3.6938237618821637,1,1,0.2518542485748445
stock |  market |  open,0.375,228,0.0818351357390859,0,2.7447749374000825,0,0,0.23886503273792495
stole| angel| demon| eggs| newest| steal| egg| update,0.3102422950912009,678,0.2247711350368093,0,1.0027627940558372,0,0,0.045839487106074564
stole| biggest| 001| divine| egg| steal| roblox,0.3074264516839901,927,0.24362289021897182,0,0.5258317685198993,0,0,0.016872261204137037
stole| biggest| gorilla| eggs| roblox,0.3077434384221152,892,0.24852743074799394,0,0.5795211213113711,0,0,0.011859836959750486
stole| experiment| eggs| steal| egg| roblox,0.3095594296167324,738,0.23856775347573528,0,0.8871030488415365,0,0,0.027953196716329995
stole| extinction| eggs| steal| egg| roblox,0.3110516749477737,609,0.22810806489416385,0,1.1398508025917062,0,0,0.04385679350045058
stole| newest| scramble| eggs| steal| egg| roblox| update,0.3076054201997622,906,0.2396732329386212,0,0.5561444050632698,0,0,0.021952973516294126
stole| rarest| egg| roblox| steal| game,0.3108393335932846,623,0.1753799276242725,0,1.1038856705460662,0,0,0.10542880182280098
stole| rarest| light| darkness| eternal| eggs| roblox| steal,0.3067710294912312,1002,0.23382635044721906,0,0.4148202052521988,0,0,0.026830767768362136
stole| rarest| rift| egg| steal| roblox,0.3094368826230116,749,0.21181695895094715,0,0.9089677596101694,0,0,0.05976024754014487
stole| rarest| scramble| eggs| steal| egg| update,0.3083658229754377,839,0.2017338450746658,0,1.2476559099041578,0,0,0.07644055789331367
stole| rift| eggs| newest| steal| egg| roblox| update,0.3119093589539549,542,0.22005694196206754,0,1.2851202844124106,0,0,0.05539865292117781
stole| scramble| eggs| newest| update| steal| egg| roblox,0.307341554694735,933,0.23309372068265444,0,0.5114524148787607,0,0,0.029065260843174307
stole| scramble| egg| sammy| steal| roblox,0.3052400651204996,1215,0.24333964649538814,0,0.3642226867870377,0,0,0.014911390213881126
stole| tikawar| egg| steal| chicken| roblox,0.3124022429720623,513,0.23935306368619608,0,1.368602085859272,0,0,0.03386440894686073
stop,0.3010870592683619,2355,0.25380546338988996,0,0.547897302605968,0,0,0.0051964681265713455
strasbourg vs monaco,0.6000000000000001,180,0.08224657660092499,0,3.6938237618821637,1,1,0.2518542485748445
streak| completed| yeee| 400k,0.3014835588698531,2127,0.2539127605287759,0,0.4807405278082067,0,0,0.004116710448252238
streaming| bootcamp| top| kab| hoga| bgmi| live,0.3102262898914727,679,0.23225035142816797,0,1.0000519272864885,0,0,0.036994901095050325
street| fighter| 2026| movie,0.302722054002756,1728,0.15144560621958825,0,1.5696873191746805,0,0,0.14022228525541133
street| fighter| hindi| cinemas| october,0.3056315333443603,1163,0.24278089765297117,0,0.3642226867870377,0,0,0.01556926636365531
students |  drown |  diveagar,0.375,228,0.06524886083457582,0,3.1550356969097546,1,1,0.26421834277367523
subah| prarthana,0.302039995171609,1910,0.25574023564136605,0,0.3864946136489499,0,0,0.0006270143954681125
subah| prarthana| morningprayer,0.3014256619144602,2157,0.2538771474776441,0,0.4905467742209849,0,0,0.004297860911962667
sudip| sarkar| vegeta| 100m| youtubers| garenafreefire,0.3212318165949028,308,0.19747868108798494,0,2.864103430927902,0,0,0.10439934035543968
sugandha| sanjana| pandey| bhojpuri| movie| 2026,0.3016413962471436,2061,0.25038620694529834,0,0.4540069594477393,0,0,0.007889371269844082
sugar |  dealers |  more,0.375,228,0.07611089974378471,0,2.7447749374000825,0,0,0.24560480211390745
sundarkand,2.104015322629876,31,0.0045761229737556475,0,3.1667241777316577,1,1,0.33582093720376605
sunderkand,1.5026194036341949,48,0.056618302370852636,0,2.1070421571677564,0,0,0.25950167487314296
superbikes| finally| here| big| update| car| sale| simulator,0.3221759543904756,296,0.19659416748676067,0,3.0240159480574746,1,1,0.10771105368386971
supercell| going| crazy| september| update,0.311565405778485,563,0.24175069358863466,0,1.2268635147734714,0,0,0.029029153822723672
superhit| krishna| bhajan| janmashtami| special,0.6017062549485351,126,0.17740495282751906,0,0.5175191263219051,0,0,0.0947198697621397
super| badge| wala| challenge,0.3077068999220829,896,0.22713401563470564,0,0.5733324446799625,0,0,0.03696078474488021
super| hit| telugu| folk| songs| jukebox| vol| singer,0.3018971617857411,1956,0.2550845802609574,0,0.4106868940251587,0,0,0.001742447122830933
supreme |  court |  rules,0.375,228,0.026242696711467173,0,4.6230444055785656,1,1,0.33098589365917996
supreme |  margin |  query,0.375,228,0.05619200087735399,0,2.7447749374000825,0,0,0.2690575012502572
survived| 100| days| one| block,0.3038364629129539,1432,-0.05267041565789199,1,9.063975714543611,1,1,0.4869468560377589
survived| lighthouse| monster| minecraft,0.3056689792788715,1155,0.25222910594413483,0,0.3642226867870377,0,0,0.004444856931381688
surviving| against| all| country| road| creatures| minecraft| coffin,0.3000086242004647,2798,0.25107880571421204,0,0.7305563033120973,0,0,0.01100007116267496
surviving| against| big| charlie| minecraft| coffin| meme| gameplay,0.3000234835497734,2777,0.2505221618895441,0,0.7280395139599566,0,0,0.01161973797562718
surviving| against| country| road| creature| arrival| minecraft| coffin,0.3000253937272514,2774,0.25077829840822075,0,0.7277159793126682,0,0,0.011313567203294385
surviving| against| country| road| creature| big| charlie| minecraft,0.3000196945553506,2782,0.2511862962615662,0,0.7286812715914909,0,0,0.010846890946511038
surviving| against| infected| sky| big| charlie| road| creature,0.3000043138157137,2803,0.24896720911720305,0,0.7312863709765361,0,0,0.013496649658307462
surviving| against| jackie| mimic| arrival| minecraft| coffin| meme,0.3000153137123355,2789,0.2511862962615662,0,0.7294232730630748,0,0,0.010857425144547454
surviving| against| scp| 096| country| road| creature| minecraft,0.3000040720481044,2804,0.24898628032321707,0,0.7313273201548762,0,0,0.013474776396378164
surviving| against| wendigo| arrival| minecraft| coffin| meme| gameplay,0.3000149735467341,2791,0.25048729014104426,0,0.7294808883156628,0,0,0.011681259498594998
surviving| against| wendigo| bird| watcher| sea| eater| minecraft,0.3000321835134588,2767,0.2504228697515629,0,0.7265659651851917,0,0,0.011715725495893795
surviving| days| deadly| desert| roblox,0.3031074696612559,1605,0.2543432903946783,0,0.3642226867870377,0,0,0.001955596246349186
surviving| haunted| ship| minecraft,0.3048568658759124,1275,0.2536033728684147,0,0.3642226867870377,0,0,0.0028267821108658563
surviving| jungle| tarzan| minecraft,0.3034621882948142,1516,0.2447606670375862,0,0.3642226867870377,0,0,0.013238267243268069
surviving| superhero| chunk| minecraft,0.3060462522251339,1091,0.25142664884841665,0,0.3642226867870377,0,0,0.005389677474018442
susmita| paswan| karma| puja,0.3010301214545846,2389,0.25373240163746125,0,0.5575410952426657,0,0,0.005419404686961053
swaminarayan| kirtan| jal| jilani| ekadashi| special| ekadashispecial,0.30355056870581,1491,0.253761314694446,0,0.3642226867870377,0,0,0.0026408199172829453
swapna suresh,0.6000000000000001,180,0.08224657660092499,0,3.6938237618821637,1,1,0.2518542485748445
swapped| weopons| rivals| ranked| roblox,0.3104604604604604,660,0.22290605032289723,0,1.039714363532646,0,0,0.048560057003440474
swarthada| jagadali| alakh| female| version,0.3071714597742992,958,0.2481894540512386,0,0.48264273581984407,0,0,0.010882391056466769
sydney sweeney,0.6000000000000001,180,0.08224657660092499,0,3.6938237618821637,1,1,0.2518542485748445
tabu,0.412,221,-0.0040858654494917435,1,3.0862716906014205,1,1,0.34487745965763406
tag| qualified| finals| greatest| comeback| whole| igc| shocked,0.308910852180064,784,0.24803272606919285,0,0.7772508101774183,0,0,0.015249476138807448
tag| shoot| done| solo| kills| today| bgmi| live,0.3096678986412827,726,0.23715070142132416,0,0.9054748954382462,0,0,0.02988247233603141
tainu| khabar| nahi,0.3010548922296282,2374,0.2528820008939656,0,0.5533455667858558,0,0,0.006361110596779423
taiwan |  sees |  chinese,0.375,228,0.08258132409445901,0,2.7447749374000825,0,0,0.23798646354015138
taklu| big| mistake| destroys| shinchan| car| granny| kidnaps,0.301626940313048,2067,0.25502893766736984,0,0.4564554206993912,0,0,0.0024577372037492182
taklu| first| ever| train| journey| village| celebrating| ganesh,0.3018413209399403,1986,0.2542037222978021,0,0.42014488866589944,0,0,0.0029138527752201443
taklu| khele| shortsfeed| shortslive| babyinyellow| shorts| live| wormateio,1.201635294329335,61,0.06065661206260842,0,1.5772011468858063,0,0,0.24722477593801198
taklu| kidnapped| gang| jack| shin| chan| nobita| revenge,0.301573534795487,2089,0.2548708159587967,0,0.46550093373977447,0,0,0.0027723303796971894
tame| aavo| ganpati| maharaj,0.3007066683798021,2593,0.25171650236729637,0,0.6123256781756885,0,0,0.008570720430950642
tamil news,0.6000000000000001,180,0.08224657660092499,0,3.6938237618821637,1,1,0.2518542485748445
tamil |  nadu |  bypolls,0.375,228,0.0508502434593171,0,3.898331722044453,1,1,0.29172398730686233
tamil| gaming| community| peasa| youtubechoco| pcgaming| fun| gggang,0.3112911628909688,589,0.24235407735052322,0,1.1804138644647648,0,0,0.02765927821608885
tamil| love| collections,0.3008090103908211,2543,0.2534925428240208,0,0.5949915891614566,0,0,0.006233501533941688
tanya mishra,0.6000000000000001,180,0.08224657660092499,0,3.6938237618821637,1,1,0.2518542485748445
tarnishing |  india |  image,0.375,228,0.08453496483076556,0,3.0406482797997834,1,1,0.23988674363223667
tata power share price,0.6000000000000001,180,0.08224657660092499,0,3.6938237618821637,1,1,0.2518542485748445
tata steel share,0.8,87,-0.048286505835766214,1,6.46633365038139,1,1,0.44490646392946376
tatvdarshi| masoom| sharma| harry| lather| thinker| haryanvi| 2026,0.3150015572337362,409,0.06375351477390323,0,2.5307365477130808,0,0,0.2571157996430892
taylor| swift| patient| zero| music,0.312140657199777,530,0.08580862002721923,0,3.189034001071694,1,1,0.24049376272140305
tbz share price,0.6000000000000001,180,0.08224657660092499,0,3.6938237618821637,1,1,0.2518542485748445
tcs share price,0.6000000000000001,180,0.08224657660092499,0,3.6938237618821637,1,1,0.2518542485748445
teacher| caught| cheating| exam| roblox,0.3071871888834755,956,0.2503564793100417,0,0.4853068399923461,0,0,0.008368737404321867
team |  olympics |  asian,0.375,228,0.035455649251502575,0,4.070135033789525,1,1,0.31228881986977525
team| india| 46th| fide| chess| olympiad| 2026| round,0.3033290809429492,1549,0.25374619697826206,0,0.3642226867870377,0,0,0.0026586196587078358
teaser| khesari| lal| yadav| srishti| bharti| kangana| sharma,0.3289073254430947,257,0.12935724642464524,0,4.164136059554919,1,1,0.2030627278841229
teaser| power| star| pawan| singh| chandani| bhojpuri| sad,0.3505588019641389,236,0.12110083997853605,0,7.831336044861416,1,1,0.2648471523304447
teaser| pyaar| ravichandran| rishvin| rashika| shetty| supreeth| palani,0.3051503197796554,1235,0.25357099401377514,0,0.3642226867870377,0,0,0.00286490527928665
teddy| hot| air| balloon| escape| granny| mobile| version,0.3103241822429906,671,0.23949117248729562,0,1.0166323590967277,0,0,0.028704882641263668
tedi| medi| chaal| ghungar| wale| bal| janmashtami| special,0.3091149593089375,764,0.24744275045874575,0,0.8118212774283756,0,0,0.016434916049436504
teej| 2026| rakhiha| senurwa| laaj| gana| special,0.3008905086028584,2485,0.24896862642746692,0,0.5811879004525089,0,0,0.011364032281759681
teej| parab| monalisa| rani| chatterji| 2026,0.3012891768788635,2237,0.2541313589082807,0,0.513663808297098,0,0,0.004326742609919087
teej| special| kath| sinhorwa| kajal| raghwani| priyanka| singh,0.3013573554713046,2187,0.24791865159305487,0,0.502116118560772,0,0,0.011477700118645644
teej| vrat| aamrapali| dubey| monalisa| neema| radha| jukebox,0.6013833011317917,135,0.17705396717246896,0,0.5175191263219051,0,0,0.09513312357823979
teej| vrat| special| geet| beauti| gana| hit,0.3015051593280082,2117,0.25501165920834645,0,0.47708196901421723,0,0,0.0027709162179783346
tehelka| blaster| live| tls| warrior| stream| freefire| max,0.3058321984046145,1126,0.24362462548763508,0,0.3642226867870377,0,0,0.014575853264265332
tehelka| blaster| region| top| live| tls| warrior| stream,0.6057266708233128,102,0.15507636887725262,0,0.5197389594983833,0,0,0.12104126979341844
telangana |  nursing |  student,0.375,228,0.09286957749919611,0,2.7447749374000825,0,0,0.2258729770789863
temperature,0.6000000000000001,180,0.08224657660092499,0,3.6938237618821637,1,1,0.2518542485748445
temple |  ascetics |  killed,0.375,228,0.09044833765292642,0,2.888131723653155,0,0,0.23075900458095333
temple |  priests |  bodies,0.375,228,-0.005490103249049305,1,6.242788131416589,1,1,0.39134389975544237
tennessee |  execution |  woman,0.375,228,0.06478943722554886,0,2.7447749374000825,0,0,0.25893479871683833
tenzing| apple,0.3024835796031339,1789,0.23807635837628988,0,0.3642226867870377,0,0,0.021108435218872134
tera| mera| rishta| old| emrose| flip| mustafa| zahid,0.3024274357136198,1805,0.255025520491369,0,0.3642226867870377,0,0,0.0011523321047547345
tera| naam| liya,0.3006401232830026,2623,0.25201013577680786,0,0.6235966960098803,0,0,0.008385008376888424
tera| rang| balle| bobby| preity| jaspinder| sonu| soldier,0.300987402977478,2419,0.25417169203986134,0,0.5647765001105598,0,0,0.005004901103181808
tere| bin| pal| lyrics| udit| narayan| jaspinder| narula,0.3006440449870229,2621,0.2532244070071658,0,0.6229324608057955,0,0,0.006945883843347624
tere| ishq| mein| naachenge| aamir| khan| karisma| kapoor,0.3013890980274055,2172,0.2552753481572869,0,0.4967397507572352,0,0,0.002739527976585406
tere| naam| barish| mai,0.3004418446318656,2683,0.25097158398622976,0,0.6571799699186897,0,0,0.010084590918966185
teri| dulhan| sajaoongi| barsaat| bobby| deol| priyanka| chopra,0.3012118884550556,2284,0.2544797425975546,0,0.5267544677898647,0,0,0.004102400521123489
teri| yaadon| chadar| odhe| dil| tera| naam| liya,1.5008128830443292,55,0.05615914252136678,0,2.1070421571677564,0,0,0.2600422940046368
teri| yaad| bewafaa| anil| kapoor| kareena| ghulam| ali,0.3018009326258241,1995,0.2548928671689059,0,0.42698562420603187,0,0,0.0021995650645550775
tested| every| broken| glitch| steal| egg| roblox,0.3121549990860903,529,0.21915693086652233,0,1.3267253679309383,0,0,0.05704900200906723
tested| hidden| secrets| steal| egg| roblox,0.6112870557908303,93,0.12826971624695582,0,1.1797182279545848,0,0,0.16197340355636652
testing| scary| minecraft| myths| caught| screenshots,0.3038765680138062,1426,0.25201832685877545,0,0.3642226867870377,0,0,0.004693030211758122
testing| scary| secret| mythbusters| minecraft,0.3025100801985023,1783,0.2517298674033472,0,0.3642226867870377,0,0,0.005032665091505204
tgr| nst| back| tonde| gamer| shortsfeed| tondaegamer| nstwinsff,0.6025302623884293,115,0.15941763768934053,0,0.5175191263219051,0,0,0.11589830402375215
thaat| mexican| coke| studio| version| babbar| chief| legacy,0.3091886560318417,762,0.24609115923748875,0,0.8243035957076325,0,0,0.018203503809142794
thanni| vachu| jaihind| arjun| vidyasagar| malgudi| subha,0.3032294617563739,1574,0.2538741309504672,0,0.3642226867870377,0,0,0.0025079889948561637
thellakaagitham| harsh| roshan| nakshatra| ramesh| bandreddi,0.3040239708113669,1403,0.2424347239623424,0,0.3642226867870377,0,0,0.015976854527523097
thenmavin| kombathu| release| mohanlal| shobhana| priyadarshan| sreenivasan,0.3061511653234589,1075,0.2507416707710145,0,0.3642226867870377,0,0,0.006196177113985055
there |  doctor |  extra,0.375,228,0.0846509325239207,0,2.773744306543184,0,0,0.23596096533867722
third| murder| movie| saiju| kurup| indrans| vinay| fort,0.3021944189025839,1868,0.25451123632207245,0,0.3642226867870377,0,0,0.0017578551295955587
thirupathi| ezhumalai| venkatesa| ninaivirukkum| varai| prabhudeva| mano| krishnaraj,0.3017917748053503,2004,0.2540842236432405,0,0.42853672207568466,0,0,0.0031736905111085403
thokai| kokborok| movie| 2026| shine| film| production| adong,0.3154945506888751,391,0.22572122538334333,0,1.8923590131356804,0,0,0.057350443075477875
thought| she| would| never| find| meccha| chameleon,0.3038843279009925,1422,0.25428117920857946,0,0.3642226867870377,0,0,0.00202872654187133
three |  banned |  firecrackers,0.375,228,0.08129726715492192,0,2.811873445579841,0,0,0.24045092207993402
three |  indian |  startups,0.375,228,0.08141715289184609,0,2.7447749374000825,0,0,0.23935716967913864
thrown |  hostel |  stones,0.375,228,0.08625333988814587,0,2.7447749374000825,0,0,0.2336629975588868
thummak| vvaan| sidharth| malhotra| tamannaah| dev| negi| akasa,0.3006413312050107,2622,0.09917018229724534,0,4.007801338954271,1,1,0.23638577682110162
tiger| train| elephant| indian| bikes| driving,0.3009661225236846,2436,0.25365355578689947,0,0.5683808584444004,0,0,0.0056661306981515055
tiktok| star| plays| indian| horror| game| ajnabee| unknown,0.3073214461778826,936,0.23654521687570912,0,0.5080465523439773,0,0,0.024953083671872642
tilak varma,0.5279999999999999,197,-0.0104411738375495,1,3.0862716906014205,1,1,0.35236025961275763
times |  rankings |  iisc,0.375,228,0.016912841111449084,0,4.3372925036264,1,1,0.3379141325552347
tirumala| venkanna| folk| songs| venkateswara| swamy| bhakti,0.3013320818743005,2210,0.2534943508951445,0,0.5063968120493557,0,0,0.004973592267877065
tnt| earth| core| roblox,0.3091260682091791,763,0.24433875830822332,0,0.8137028377350495,0,0,0.02011629816281707
tohar| charcha| karab| arvind| akela| kallu| neelam| giri,0.3008344171313048,2528,0.24567717224157637,0,0.5906883446119429,0,0,0.015374299287583411
tommy| almost| killed| franklin| trevor| gta| real| life,0.3108429851021206,621,0.2391539081771935,0,1.1045041416760573,0,0,0.030349496886232438
took| night| cleaner| job| haunted| japanese| building,0.3060136870028135,1103,0.21163162168748073,0,0.3809053345915584,0,0,0.05248156089406362
took| revenge| biggest| enemy| minecraft| smp,0.3094107109952483,753,0.22907032984376863,0,0.861913961806707,0,0,0.03877794317903586
top10| ganpati| songs| ashi| chik| motyachi| maal| bappa,0.3006804192796894,2603,0.24747501151004125,0,0.6167715966539848,0,0,0.013627810439277042
topa| barshare| joydev| pralu| biswarupa| mantu| chhuria| sanju,0.3057744894939331,1135,0.25214029438886504,0,0.3642226867870377,0,0,0.004549424493049673
top| bhawna| mishra| 2025| ananta| chaturdashi,0.3022864959937463,1837,0.25518760362099524,0,0.3642226867870377,0,0,0.0009614939013132616
top| evergreen| marathi| gavlan| krishna| gavlani,0.3006599259030564,2613,0.251605302199593,0,0.6202426444790349,0,0,0.008814045759928456
top| games| all| time,0.3193638932320403,323,0.19450454386147614,0,2.5477255376149377,0,0,0.10340949924650733
top| ganesh| bhajans| thakur| gaan| bangla| bhajan,0.3043228768171385,1346,0.25465503209517537,0,0.3642226867870377,0,0,0.001588548631968573
top| ganesh| bhajan| songs,0.3029849304482225,1645,0.2547452751804235,0,0.3642226867870377,0,0,0.0014822955734208822
top| ganesh| bhajan| utsav| 2026,0.6011104384938484,154,0.17659049288136275,0,0.5439374666438623,0,0,0.09605388386343647
top| ganpati| songs| marathi| 2026| nonstop| jukebox,0.3006768593725115,2606,0.25266641599502254,0,0.6173745528328882,0,0,0.007523962073575933
top| ganpati| songs| marathi| bhaktigeete,0.3015695121073219,2090,0.2544568275960755,0,0.4661822730454597,0,0,0.003269437154225686
top| gauri| aagaman| songs| marathi| geet| ganpati,0.3009103366688027,2471,0.25241848887680673,0,0.5778295390461344,0,0,0.007254453069417027
top| gauri| ganpatichi| gani| geete| feryanchi,0.3004897697868594,2674,0.25297570311181344,0,0.6490626885167324,0,0,0.0076096811057567125
top| gauri| ganpati| songs| marathi| bhaktigeete,0.3010200592217239,2396,0.2538166798411557,0,0.5592453771729436,0,0,0.005344370433922669
top| gauri| ganpati| songs| sumeet| marathi| bhakti,0.3009014844090782,2477,0.2537919200004416,0,0.5793288828299051,0,0,0.005658648518504722
top| gauri| ganpati| special| songs| marathi,0.300751770297798,2573,0.25319027867679733,0,0.6046865800822583,0,0,0.006727030015017842
top| hit| himachali| ram| songs| pahadi| nonstop| bhajan,0.3078661546900713,883,0.24663257330015076,0,0.6003060823558543,0,0,0.014385944146046575
top| janmashtami| bhajan| jai| kanhaiya| lal| latest| krishan,0.3029961605265563,1639,0.2544327119184726,0,0.3642226867870377,0,0,0.0018503105019952906
top| krishna| bhajan| gujarati| kanuda| geet,0.3012892578705431,2236,0.2538895991385605,0,0.5136500904018763,0,0,0.004611198086844478
top| krishna| janmashtami| special| marathi| bhaktigeet,0.3011410538784727,2321,0.2543473853538095,0,0.5387520125278227,0,0,0.0044285683800341456
top| live| nonstop,0.3009305647970566,2456,0.2532508218706793,0,0.5744034174343576,0,0,0.006225815699858756
top| nonstop| vitthal| bhakti| geet,0.3009662934121526,2435,0.25354123754618696,0,0.5683519143589222,0,0,0.005797964333359004
top| painjanacha| naad| aala| god| kani,0.3009057914169464,2473,0.253164406903198,0,0.5785993871220481,0,0,0.006387131695928888
top| parvatichaya| bala| ganpati| chi| gani,0.3014248880445108,2158,0.2544568275960755,0,0.4906778477699247,0,0,0.003617200932392492
top| telugu| songs| musical| audio| playlist| old| hits,0.3009207723493438,2464,0.2530268776089156,0,0.5760620047401153,0,0,0.006513036753941409
tournament| pov| live| tag| shoto| team| apex| gaming,0.3094255724837557,750,0.24556135100583637,0,0.8644311134837677,0,0,0.019396995551132556
town| hall| everything| you| need| know,0.3109430924939633,615,0.23966439893103625,0,1.1214597440128102,0,0,0.02998915902270287
toy,0.3061432017351234,1077,0.2501843479165805,0,0.3642226867870377,0,0,0.006852374292077071
trade |  concerns |  over,0.375,228,0.04607000560587804,0,3.540628552859589,1,1,0.2922739709706023
trade |  goyal |  piyush,0.375,228,-0.030397341575011172,1,8.413396194377587,1,1,0.45148604862346375
trade |  india |  canada,0.375,228,0.0049533844362613655,0,4.90897609259598,1,1,0.3601115038228584
trade |  india |  deal,0.375,228,-0.011600501710611444,1,6.9884168553344885,1,1,0.40912403460953906
trade |  modi |  trump,0.375,228,0.06774916530622122,0,2.888131723653155,0,0,0.25748522389966305
trade |  representative |  greer,0.375,228,0.06961612160994263,0,3.0787774188364407,1,1,0.2579936497056836
trade |  talks |  proposed,0.375,228,0.07757311259067579,0,2.7447749374000825,0,0,0.24388317893576905
trading |  stock |  will,0.375,228,-0.008337154402035862,1,6.673595838569153,1,1,0.400812223442671
traffic |  advisory |  special,0.375,228,0.06966032354622181,0,3.0406482797997834,1,1,0.2574002863811006
training |  helped |  indian,0.375,228,0.03889509303995864,0,4.211140112113827,1,1,0.3102410360525054
transformers| rise| unicron| teaser,0.3046939001409852,1294,0.12668557951212317,0,1.7749298456495874,0,0,0.17228880292724938
trapped| every| horror| mob| minecraft,0.3034673290414153,1512,0.23447333629346373,0,0.3642226867870377,0,0,0.025350667355135168
trapped| every| removed| mob| minecraft| hardcore,0.3072008507091637,953,0.24993397403993106,0,0.4876207998238734,0,0,0.008899050386353129
trapped| minecraft| rarest| scary| myths,0.3088827976746288,786,0.24698041447667635,0,0.7724991027444331,0,0,0.016421017708728003
trending| love| tamilsong,0.601059477557159,155,0.17622988882907298,0,0.552568930927463,0,0,0.09660100340605116
trident| ignite| 2026| bgmi| powered| krafton| india| esports,0.3025296347190553,1777,0.25462246681737566,0,0.3642226867870377,0,0,0.001626891296773977
tried| all| free| fire| servers| found,0.3076020701284021,907,0.21776419829795174,0,0.555576989643327,0,0,0.04774082165869098
tried| copying| impossible| sounds| mimic| party,0.3122300942476438,524,0.2390827968209711,0,1.3394445455388944,0,0,0.033768673976063354
tried| malayalam| challenge| mimic| party,0.3148426085801567,413,0.22930870426270228,0,1.7819368860724603,0,0,0.05155884824752814
tried| steal| egg| mobile| first| time,0.3075347027328857,912,0.2428140501278247,0,0.5441666956798639,0,0,0.018084898184298568
triple| flatbed| mcqueen| transportation| truck| speedbumps| cars| train,0.90424187526528,68,0.09897715292868936,0,1.0473601366038556,0,0,0.19458365512266274
trolled| chinti| gang| blade| ball| roblox,0.3108473640629312,620,0.22333082604618765,0,1.1052458243508922,0,0,0.04899027249292022
trolled| girl| get| titan| eggs| steal| egg| roblox,0.3079460861306937,876,0.2297688507742281,0,0.6138444005204777,0,0,0.03443365344351128
trolled| noobs| roblox| blade| ball,0.3061522123426822,1074,0.2507416707710145,0,0.3642226867870377,0,0,0.006196177113985055
trolled| our| trio| member| roblox| rivals| audition,0.3107630386358398,628,0.22333082604618765,0,1.0909632785536187,0,0,0.04878750312971195
trolling| friends| game| gone| wrong| funniest,0.3098984529736775,710,0.23118805992728414,0,0.9445248347598956,0,0,0.0374573347457387
trump |  government |  chatbot,0.375,228,0.06483252052501032,0,2.7447749374000825,0,0,0.25888407203426184
trying| all| jobs| minecraft,0.3053558361047815,1200,0.2386952333902544,0,0.3642226867870377,0,0,0.020379765948404835
trying| climb| most| dangerous| scary| fish| tower| roblox,0.3101787868816496,684,0.24450841325941558,0,0.992006146355296,0,0,0.02244791765341467
tuesday| powerful| murugan| suprabatham| kavasam| bakthi| padalgal| tamil,0.6014119984389967,134,0.17670046943725765,0,0.5175191263219051,0,0,0.09554933514118236
tuition| badmashi| kaa| hemant| faujdar| kiran| masoom| sharma,0.3016242099448525,2070,0.2553382015387722,0,0.4569178744353542,0,0,0.0021001724663319704
tujhe| dekha| yeh| jaana| sanam,0.3007370411676284,2576,0.25257983191752215,0,0.6071813136811114,0,0,0.007481193522505065
tujhko| dulhan| banaoonga| chalo| ishq| ladaaye| govinda| rani,0.3008640315295716,2506,0.2541146357246484,0,0.5856724316887116,0,0,0.0053687393752769805
tujhko| shahid| rashmika| kriti| pritam| arijit| singh| sunidhi,0.3013024680657288,2228,0.25544220204557555,0,0.5114126250934945,0,0,0.0027513834960905923
tujhya| aaila| rohini| hattangadi| rajshri| deshpande| sujay| dahake,0.3040575978639203,1395,0.25345569540554636,0,0.3642226867870377,0,0,0.0030006589465833267
tumhari| nazron| mein| humne| dekha| lyrics| kal| awaz,0.3004824095992163,2675,0.2525721031596358,0,0.6503093138907686,0,0,0.008102581836573353
tumhein| bhi| humse| tum| mere| gurmeet| choudhary| isha,0.3024452919986273,1798,0.2484260097519403,0,0.3642226867870377,0,0,0.008922658208461942
tuntun| yadav| bhojpuri| 2026,0.3087197882710767,801,0.23904837742077018,0,0.7448895269388466,0,0,0.025368299583468826
tuntun| yadav| dedi| nathuniya| sonar| bhojpuri,0.3012753761643181,2247,0.25359232870229953,0,0.5160012923078859,0,0,0.004994587121835559
tuntun| yadav| dunali| raja| bhojpuri| rangdari| 2026,0.6006939360729802,166,0.17503650237091511,0,0.6144822015585093,0,0,0.09888509082760356
tuntun| yadav| dwarikadhis| krishna| janmashtami| special| 2026,0.3073198489055336,937,0.21892348168125325,0,0.507776015730512,0,0,0.045697239854994236
tuntun| yadav| goldi| bhojpuri| vishwakarma| puja| 2026,0.3035598651679617,1488,0.24322617956797593,0,0.3642226867870377,0,0,0.015044987242932231
tuntun| yadav| khushi| kakkar| hathiyar| madhu| bhojpuri| 2026,0.3064735535682658,1040,0.2510558072955696,0,0.36443547979168006,0,0,0.005829330834390961
tuntun| yadav| sona| jiutiya| special| jitiya,0.3145308698796765,429,0.2334617285309647,0,1.729136415087983,0,0,0.04591942984748619
turning| into| 10000000| minecraft| server,0.3075280221766903,914,0.24779198850898904,0,0.5430351822905839,0,0,0.012207762548004606
tutt| paini| english| simi| chahal| satvinder| singh| mandy,0.3036530837363031,1464,0.20428498216031427,0,0.5654011340412426,0,0,0.0637508511160833
ucla |  school |  admissions,0.375,228,0.09314841009250996,0,2.7447749374000825,0,0,0.2255446769573657
udhayanidhi stalin,0.2,2812,0.1176305412967521,0,3.0862716906014205,1,1,0.20156741593890024
udhaya| geetham| movie| jukebox| res| audio| maestro| ilaiyaraaja,0.3009890663213926,2418,0.2537541348665814,0,0.5644947726831898,0,0,0.005492537166385624
udit| alka| sapna| pardesi| jana| nahi| viral| tadka,0.3009693696883852,2432,0.25365355578689947,0,0.5678308727503099,0,0,0.005658322548921856
udit| narayan| sadhana| sargam| hits| pathinettu| vayathil| ajith,0.3025597517816454,1770,0.25488530714821656,0,0.3642226867870377,0,0,0.0013174206156160502
udta| teer| ayushmann| khurrana| sara| ali| khan| aakash,0.3014720537307642,2134,-0.03116724575916907,1,9.080742735041417,1,1,0.4618668627272047
udta| teer| review| yogi| bolta| hai,0.3064765630173247,1038,0.24705308659084463,0,0.3649452026059119,0,0,0.01054940842969043
ujagaro| nonstop| garba| 2026| teaser| sunita| bharwad| navratri,0.3102433387710712,677,0.24450841325941558,0,1.002939566425204,0,0,0.022603139464479123
ujjain |  woman |  fakes,0.375,228,0.05099443193632125,0,4.0232853206359795,1,1,0.2933281852046763
ulkaa| indian| superhero| teaser| dksu,0.3048549674348872,1276,0.17341055662215837,0,0.8818451862366452,0,0,0.10459524809302212
ultimate| grind| godlsaum4y,0.3095785984589929,736,0.24425855755286024,0,0.8903497548104249,0,0,0.021298883894093575
unbeaten |  only |  just,0.375,228,0.09590777236146542,0,2.7447749374000825,0,0,0.22229577783217003
uncha| nicha| rasta| haryanvi| 2026| bharti| choudhary| viral,0.3008460886070837,2521,0.25323493220456367,0,0.5887114985634345,0,0,0.006447656230826117
uncha| nicha| rasta| haryanvi| viral| 2026| raj| mawar,0.3007020821787665,2594,0.2538137468751483,0,0.6131024619832082,0,0,0.006112432997003224
uncle| kicked| out| his| house| indian| theft| auto,0.3013256010158254,2213,0.2549142985190064,0,0.5074945018111517,0,0,0.003317316467618403
unlocked| divine| pets| steal| egg| roblox,0.3063152888121619,1057,0.24297600721598794,0,0.3642226867870377,0,0,0.015339542526472289
unlocked| every| crate| weapon| skin| case| roblox| rivals,0.3061373085657718,1078,0.24146293246334888,0,0.3642226867870377,0,0,0.017121050991493653
unlocked| most| rarest| cthulu| egg| steal| roblox,0.3077557430171462,890,0.22939664110902547,0,0.5879688598493206,0,0,0.03450454144850869
upcoming| mystery| shop| free| fire| max,0.3276383636988655,265,0.17395288889353594,0,3.9492067689234656,1,1,0.14750404635641085
update| free| fire| naruto| bundle| kya| garena| max,0.3137354362285683,453,0.22232857513856896,0,1.5944105329606943,0,0,0.05711500559253571
update| kills| challenge| 1vs4| bgmi| pubg| bgminewupdate,0.3026414071237334,1743,0.2538124879971011,0,0.3642226867870377,0,0,0.0025805679887486
update| magnet| showcase| blox| fruits,0.3153395869430226,402,0.022920662774349454,0,8.02324883825287,1,1,0.3831700044456705
update| spider| fighter| battle| pass| codes,0.3162179700113558,369,0.21085808673125944,0,2.014887531049592,0,0,0.07658998040459948
upgrade| vehicle| win| shinchan| nobita,0.301305444642782,2226,0.22834201380230523,0,0.5109084699466122,0,0,0.03465224289070257
upgrading| all| owned| evo| guns| funwithsrbyt| freefire| evogun,0.3199347912524851,319,0.20636745058665157,0,2.644420892786292,0,0,0.0908147855017297
upgrading| plane| 8889| 759| 448| roblox,0.3030788584207984,1615,0.25470215178019107,0,0.3642226867870377,0,0,0.001533069471022831
upgrading| turbo| spider| man| gta,0.3028459751276905,1697,0.2548924746438875,0,0.3642226867870377,0,0,0.0013089815387042963
urdu |  festival |  vidhana,0.375,228,0.013257084925208051,0,4.734961156382613,1,1,0.34786415786990643
used| anime| voices| troll| random| players,0.316148073541431,372,0.2211798708099285,0,2.003048877310112,0,0,0.06426894119482263
used| sonic| troll| noobs| roblox| rivals,0.3042318125770654,1361,0.25338431911147574,0,0.3642226867870377,0,0,0.003084698067497126
used| tnt| mine| whole| world| roblox,0.3027151495022522,1729,0.2541266152693728,0,0.3642226867870377,0,0,0.0022107115796914578
used| tnt| mine| world| roblox,0.3080378838813508,868,0.24014259561115198,0,0.6293925646160705,0,0,0.0224402459164203
using| scanner| find| evil| villager| minecraft,0.304137814706066,1376,0.24791325644345263,0,0.3642226867870377,0,0,0.009526378783367585
using| weapons| troll| friends| rivals,0.3031390654725998,1599,0.25380947928279823,0,0.3642226867870377,0,0,0.002584110477307105
uttarakhand |  directs |  votes,0.375,228,0.02479961072327741,0,4.426580486977965,1,1,0.32989579760881516
uyire| tamil| vishwanath| sons| suriya| mamitha| baiju| prakash,0.3022392037309967,1853,0.25548864401625154,0,0.3642226867870377,0,0,0.000607046104515999
vaanmathi| music| shabir| sulthan| chinmayi| sripada| muzammil| elias,0.310183227006085,682,0.23315835426720571,0,0.9927581885658291,0,0,0.035822260760595276
vaazhve| maayam| lyric| bachelor| party| eux| amal| neerad,0.3031684860513838,1591,0.24487938010430338,0,0.3642226867870377,0,0,0.013098493360387245
vaibhav sooryavanshi,0.412,221,-0.0040858654494917435,1,3.0862716906014205,1,1,0.34487745965763406
vaibhav |  sooryavanshi |  named,0.375,228,0.0628188586446653,0,2.7447749374000825,0,0,0.26125497649834634
vair| amrit| maan| thiarajxtt| latest| punjabi| songs| 2026,0.3011298086211559,2330,0.2192964468613312,0,0.5523802865889046,0,0,0.04589135416150052
vajat| gajat| gavlok| ninglay| pithorila| anala| pithori| 2026,0.3018679055510321,1970,0.2557089287695085,0,0.4156421433076209,0,0,0.0010776830033456665
valiyudheen| faizy| vazhakkad| noore| ajmeer| majlis| 2096,0.3220255846805839,297,0.19825168928330622,0,2.998547209361078,0,0,0.10539789211764286
valiyudheen| faizy| vazhakkad| noore| ajmeer| majlis| 2099,0.3254723148329737,273,0.18207048211024462,0,3.5823341280922025,1,1,0.13273782320896577
valiyudheen| faizy| vazhakkad| noore| ajmeer| majlis| 2103,0.3251350191941746,275,0.18387175899812375,0,3.5252049729306187,1,1,0.1298059199774884
valobasar| dhoron| vala| biswajeeta| deb| manchu| dada,0.3095860015067331,733,0.2446939819977768,0,0.8916036395761108,0,0,0.020804012458829287
valorant| champions| shanghai| group| stage| day,0.3023398648425316,1826,0.2333894692235582,0,0.3642226867870377,0,0,0.026626822651908688
valorant| champions| shanghai| opening| day,0.3029501249780009,1659,0.23942978256164066,0,0.3642226867870377,0,0,0.01951490083548386
vanga| spirit| review| challenge| yogipedia| 279| yogi| bolta,0.3068429817157214,994,0.24359026272251372,0,0.42700705063138,0,0,0.015507662187129364
varalakshmi| songs| telugu| lakshmi| devi,0.301870790720878,1967,0.25457693742594956,0,0.4151534701768881,0,0,0.0024035625786811054
varavu| joju| george| arjun| ashokan| shaji| kailas| watch,0.3002143305094994,2727,0.24349137705776558,0,0.6957149763136136,0,0,0.019438938659782374
vastaguna| huiya| danny| pandit| snehal| vidhate,0.3076738245928407,900,0.238796607054442,0,0.5677303395859546,0,0,0.02314960665055736
vasu| gamer| finally| live| shorts| freefire,0.3104921124536319,657,0.23882187362788954,0,1.0450753923188543,0,0,0.02989672728546922
vct| pacific| stage| grand| finals| vctwatchparty,0.3144737958708645,431,0.23234426454411178,0,1.719469554535848,0,0,0.047097902010490925
veeramani |  abetment |  suicide,0.375,228,0.024945908089684665,0,3.210564654150462,1,1,0.312459763779973
veer| bajrangi| hanuman| bhajan| 2026,0.3032143643435505,1582,0.2538741309504672,0,0.3642226867870377,0,0,0.0025079889948561637
vegeta| exposed| proofs| sudip| sarkar| garenafreefire,0.3187459234932658,329,0.14416757170468952,0,2.443057451133593,0,0,0.16119075110765307
vegeta| max| angry| all| youtubers| one| match| clashadda,0.32051812673308,311,0.2014206256188819,0,2.743222831942135,0,0,0.09804191536054406
vehicles |  mlas |  residence,0.375,228,0.03058326350849161,0,4.082700423314143,1,1,0.3182040036236803
venkateswara| suprabhatam| original| lyrics| subbulakshmi| tirumala| songs,0.3013889484288592,2173,0.2538771474776441,0,0.4967650888807595,0,0,0.004386142351538504
venom| hulk| strongest| gta,0.3017645616581183,2011,0.25519231258680175,0,0.43314592519550005,0,0,0.0019344530283773643
ventilator| presented| priyanka| chopra| rajesh| mapuskar| ganesh| chaturthi,0.3016612696944134,2051,0.25512345370408124,0,0.45064091161883807,0,0,0.002263904521846393
verity| falsity| attacked| our| village| minecraft,0.3060161704969981,1101,0.2514401807477986,0,0.3642226867870377,0,0,0.005373744888232613
vfx| aman| horror| story,0.3004505396004458,2682,0.19176233387120512,0,1.1156002374083658,0,0,0.08630631416135413
vibe movie release date,0.6000000000000001,180,0.08224657660092499,0,3.6938237618821637,1,1,0.2518542485748445
vibe| cinemas| september| kunal| kemmu| preity| zinta| sparsh,0.3007553300291984,2570,0.008161219471393588,0,9.916817843567827,1,1,0.42743091919872434
vibe| venuma| meesaya| murukku,0.3059846244825547,1107,0.2513327761023581,0,0.3642226867870377,0,0,0.005500204129391158
vibe| venuma| music| meesaya| murukku| hiphop| tamizha| siddhu,0.3043139082362823,1347,0.14062110813865752,0,1.7892953856073426,0,0,0.156084927898844
victims |  families |  nightclub,0.375,228,0.03459736977026262,0,4.1900416878975,1,1,0.31500168149139496
video,0.54,194,-0.010086913854769342,1,3.1297386487809415,1,1,0.3525602511618203
video film,0.524,199,-0.014376988102961952,1,3.0862716906014205,1,1,0.35699432439928225
vighnaharta| antim| final| truth| salman| khan| aayush| ganesh,0.3027336696984526,1724,0.2541724968770784,0,0.3642226867870377,0,0,0.0021566901426317816
vijay| rajput| sunil| sharma| dhingadiya| krishna| bhajan| janmashtami,0.3029083772134451,1671,0.24734764416244487,0,0.3642226867870377,0,0,0.010192336010383548
village |  committee |  arrested,0.375,228,0.04398059718298297,0,3.3075522530563832,1,1,0.2914250749113215
villager| has| 000| hearts| minecraft,0.303826901416427,1434,0.24174896805958634,0,0.3642226867870377,0,0,0.01678426998638753
vinayagar| chathurthi| 2026| most| powerful| bakthi| padalgal| kavasam,0.301627274356176,2066,0.2544568275960755,0,0.45639884243541623,0,0,0.0031305417483961824
vinayagar| chaturthi| 2026| ganapathi| special| devotional| songs| tamil,0.3013504731411181,2194,0.25473451908016237,0,0.5032818072441425,0,0,0.0034691828295901547
vinayagar| chaturthi| 2026| pillaiyar| patti| karpaga| bakthi| padalgal,0.3006714821044562,2609,0.25354770398946475,0,0.6182853229281285,0,0,0.006499255495195099
vinayagar| chaturthi| special| onbathu| kolum| ganapathi| tamil| bhakti,0.300696375341299,2599,0.25284238584002233,0,0.61406905261071,0,0,0.007269845319996409
vinayagar| manasasmarami,0.3008956960062039,2479,0.25283166344782687,0,0.5803092885271838,0,0,0.006803182451803061
vinayaka| chavithi| special,0.3016793655730057,2044,0.2537838027380746,0,0.4475759379370973,0,0,0.0037977087427044907
vinayaka| chavithi| special| songs| telugu| ganesh,0.300984865894094,2421,0.2530507275258889,0,0.5652062163998547,0,0,0.006330835963991114
vinayaka| folk| songs| telugu| ganapathi| devotional,0.3027126099706744,1731,0.2537503386987276,0,0.3642226867870377,0,0,0.0026537431580219107
vinay| tiwari| navratri| bhojpuri| devigeet| 2026,0.3154342939577951,397,0.227540570296061,0,1.8821530817703727,0,0,0.05506343558845724
vingansa| drishyam| conclusion| ajay| devgn| jaideep| abhishek| ravi,0.3020942225303276,1895,0.09136815523288977,0,3.7500052137259416,1,1,0.2419120242896561
viral| khatu| shyam| bhajan| 2026| trending| viralvideo,0.3017868172593311,2005,0.25443505248913323,0,0.4293764021164971,0,0,0.002772542264684964
viral| paramparik| teej| geet,0.3008333467139806,2529,0.25243601249987835,0,0.590869645614284,0,0,0.007418951038769361
viral| raushan| rohi| neha| jha| daru| mafia| maghi,0.3045327019993349,1319,0.25292914120390275,0,0.3642226867870377,0,0,0.003620628823077865
vishal| hapor| nag| panchami| special| gujarati| popular| 2026,0.3028068722831711,1707,0.25448027917422317,0,0.3642226867870377,0,0,0.001794304367050767
vishwakarma| amritwani| chalisa| aarti| jayanti,0.3033276003888431,1550,0.25380947928279823,0,0.3642226867870377,0,0,0.002584110477307105
vishwakarma| baba| geet| chandani| yadav| bhakti| gana| 2026,0.3023193277310924,1832,0.25463153029668817,0,0.3642226867870377,0,0,0.0016162198708648341
vishwakarma| puja| 2026| amrita| dixit,0.3021729909621847,1879,0.2554890053177736,0,0.3642226867870377,0,0,0.0006066207047009497
vishwakarma| puja| 2026| ashish| yadav| rani| raj,0.3033489203685875,1547,0.2544788999063238,0,0.3642226867870377,0,0,0.0017959283300664837
vishwakarma| puja| 2026| ashish| yadav| rani| raj| baba,0.3014481803299332,2148,0.2550228327193159,0,0.4867327372054799,0,0,0.002894772417830341
vishwakarma| puja| 2026| baba,0.301171915124086,2302,0.2540504593126342,0,0.5335249159208151,0,0,0.004703962784904134
vishwakarma| puja| 2026| dharmendra| nirmalya| banshidhar| chaudhary,0.3014171036538218,2162,0.2550228327193159,0,0.49199632216553585,0,0,0.002969499555813466
vishwakarma| puja| 2026| mahima| mahan| bate,0.6028064334684798,113,0.1656409482319161,0,0.5175191263219051,0,0,0.10857091957515326
vishwakarma| puja| aarti| 2026,0.3016841151501423,2042,0.254641286844066,0,0.446771482444723,0,0,0.0027766780218524845
vishwakarma| puja| bhajan| 2026,0.3014855412129515,2125,0.25501165920834645,0,0.4804047701717842,0,0,0.002818090040093168
vishwanath| sons| hindi| suriya| mamitha| baiju| netflix| india,0.3014336740361503,2153,0.19548403305470557,0,1.082111378501233,0,0,0.0814489090171494
vishwkarma| puja| katha| pal| vishvkarma| vrat,0.3021467904551621,1886,0.25568230292471367,0,0.3684062554764285,0,0,0.00043842442408072857
visiting| year| old| minecraft| world,0.3113592233009708,583,0.23935545256097834,0,1.1919415371533597,0,0,0.03135354570458917
vismaya| mohanlal| thudakkam| aashish| joe| antony| jude| anthany,0.300928440773793,2458,0.2532508218706793,0,0.5747631720253928,0,0,0.006230923137312196
voices |  against |  electoral,0.375,228,0.09861949958547261,0,2.7447749374000825,0,0,0.21910296465755874
vol| radha| ashtami| mithe| bhajan,0.3017581246670218,2016,0.2549360767598948,0,0.4342361849582295,0,0,0.0022516259268689056
vrindavan| bihari| indresh| upadhyay| srishti| bhandari| janmashtami| bhajan,0.3158294680287411,380,0.22607460155556225,0,1.9490853459860773,0,0,0.05773971862981074
vrindavan| jaungi| janmashtami| radha| krishna| popular| bhajan| 2026,0.301345962113659,2197,0.2535877813835149,0,0.5040458585925824,0,0,0.004830209834683555
vrushakarma| teaser| telugu| naga| chaitanya| karthik| dandu| meenakshi,0.3019035311754201,1953,0.2513218035606603,0,0.40960808419367095,0,0,0.006157459982642932
vvaan| reaction| suraj| kumar,0.3115580967939554,564,0.2417427986259098,0,1.2256255618822103,0,0,0.029020874203753308
vvaan| sidharth| malhotra| tamannaah| cinemas| 25th| sept| 2026,0.601315815939837,139,0.024835223699198772,0,4.3337939514071735,1,1,0.3285365757168408
vvaan| teaser| sidharth| malhotra| tamannaah| bhatia| cinemas| 25th,0.3024621819122129,1793,0.06748251682523154,0,4.28005152951139,1,1,0.27756026971490705
waiting| hai| divyenndu| sharma| bhuvan| arora| harshita| gaur,0.3002972300608941,2717,0.195080427168225,0,1.0644131341449181,0,0,0.08167285633922677
wali| laiki,0.304963667521288,1261,0.25292339026759564,0,0.3642226867870377,0,0,0.003627400029652459
want |  justice |  series,0.375,228,0.0846209184582854,0,3.0787774188364407,1,1,0.2403268605701008
wanted |  study |  business,0.375,228,0.08853949581759124,0,2.7447749374000825,0,0,0.2309712560348398
warring |  position |  punjab,0.375,228,0.07395490042533043,0,2.8500025846164982,0,0,0.2496372133717107
wasting| all| diamonds| spinning| naruto| events| dhanu| dino,0.3400755516328331,240,0.12660548689657303,0,6.055744647038601,1,1,0.23315785060306793
watched |  crash |  investigation,0.375,228,0.0787441902979843,0,2.8329219267757058,0,0,0.24375576419480405
watched| gladiators| film| theatre| reaction| review| delite| cinemas,0.3087635926536773,796,0.24811136654955884,0,0.7523088561043692,0,0,0.01480278306885971
watch| now| only| sun| nxt| lokesh| anirudh| arun,0.3023756252416039,1820,0.2548959108624145,0,0.3642226867870377,0,0,0.001304935702645746
water |  musk |  flint,0.375,228,-0.04952093030296412,1,6.358774821803817,1,1,0.44483287377875885
ways| steal| avaritia| steelwing,0.3034119461435824,1530,0.254147492961708,0,0.3642226867870377,0,0,0.0021861299880943257
ways| steal| ores| villagers,0.3027519884203754,1722,0.23809361225986353,0,0.3642226867870377,0,0,0.021088120333842598
weather bengaluru,0.6000000000000001,180,0.08224657660092499,0,3.6938237618821637,1,1,0.2518542485748445
weather dehradun,0.4359999999999999,217,-0.006127095944035377,1,3.0862716906014205,1,1,0.3472808236677377
weather kanpur,0.6000000000000001,180,0.08224657660092499,0,3.6938237618821637,1,1,0.2518542485748445
weather new delhi,0.6000000000000001,180,0.08224657660092499,0,3.6938237618821637,1,1,0.2518542485748445
weather today,0.6000000000000001,180,0.08224657660092499,0,3.6938237618821637,1,1,0.2518542485748445
wedding| tamil| vishwanath| sons| suriya| mamitha| baiju| prakash,0.3036091109380733,1477,0.25220584695429815,0,0.3642226867870377,0,0,0.004472242285085876
welcome| back| galaxy| showroom| gta,0.3086304408802305,806,0.24734307466623218,0,0.7297563904028643,0,0,0.015387199717499654
welcome| zombie| city| resident| evil| gameplay,0.3097746870802255,717,0.07053482233634206,0,2.4238385768188504,0,0,0.24761379330189098
went| highest| water| slide| roblox,0.3090336565788421,771,0.24159904345827848,0,0.7980506983031497,0,0,0.02311985074197271
went| homeless| millionaire,0.3110931976001013,604,0.24292549437750782,0,1.1468836656787877,0,0,0.026510458052232712
went| level| max| luffy| minecraft,0.3036866838178229,1459,0.24551072257014883,0,0.3642226867870377,0,0,0.01235514479464759
were |  voters |  remaining,0.375,228,0.04906003607974352,0,3.383810531129697,1,1,0.2865271348093022
werwulf| only| theaters| christmas,0.3031264296532325,1601,0.191351763916004,0,0.8227948234582222,0,0,0.08263276339100542
wh,0.504,203,-0.016511975457281225,1,3.0862716906014205,1,1,0.35950807861915757
what,0.4439999999999999,215,-0.006547502301433639,1,3.0862716906014205,1,1,0.34777581407263836
whatsapp,0.6000000000000001,180,0.08224657660092499,0,3.6938237618821637,1,1,0.2518542485748445
what| coming| today| efootball| ramos,0.6079035100169979,97,0.15819975549216392,0,0.6066331083313437,0,0,0.11859740157385035
what| did| jack| went| railway| station| pick| niyra,0.300042034468264,2757,0.2500008736055504,0,0.7248974682916188,0,0,0.012188900075414153
whisky |  india |  import,0.375,228,0.023185052644820625,0,4.701822101986262,1,1,0.3357043998721491
who| door| horror| game,0.3028142747136394,1703,0.2547044497408703,0,0.3642226867870377,0,0,0.0015303638304751865
why| ate| mikey| entire| world,0.3021160221232643,1889,0.24729461497356753,0,0.37361761490375156,0,0,0.010388152911121464
why| made| biggest| machine| lilyville,0.3141711070758788,437,0.2345120523002618,0,1.6682019034153923,0,0,0.04381768122835017
wife |  keralam |  hires,0.375,228,0.045355476651716686,0,2.7631874197997224,0,0,0.28207792903062606
wife| threw| out| pokemon| card| collection,0.3106557679072979,641,0.22626546646339146,0,1.072794392300038,0,0,0.045074286106733225
will| india| win| gold| gukesh| arjun| pragg| action,0.9014277194527676,72,0.11486961682748337,0,1.0473601366038556,0,0,0.1758717184411697
will| never| job| again| shady| jobs,0.3064286424977966,1045,0.21513696459587522,0,0.37856672357761345,0,0,0.0483211358673164
will| team| india| win| gold| chess| olympiad| 2026,0.602389310720329,117,0.17349474890001615,0,0.5175191263219051,0,0,0.09932378069559238
winning |  india |  captain,0.375,228,-0.01409969577760628,1,7.286668344901648,1,1,0.4163008869045578
woh| tassavur| aalam| aitraaz| udit| narayan| alka| yagnik,0.3008908930928288,2484,0.25205112898212556,0,0.5811227777985246,0,0,0.007733740194006801
woman |  gives |  green,0.375,228,0.03704478383575127,0,4.653267291991897,1,1,0.31869648898343583
woman |  police |  odisha,0.375,228,0.06370817799699602,0,2.888131723653155,0,0,0.2622431204185708
wonderful| family| suprith| kaati| arya| swaroop| sneha| shriya,0.3145163214186314,430,0.23207924794954599,0,1.7266722821648164,0,0,0.047512192199727285
world |  first |  fully,0.375,228,0.06845965803745646,0,2.7447749374000825,0,0,0.25461344616402715
worlds| first| divine| ritual| egg| steal| roblox,0.3083718833517586,837,0.24047814214428986,0,0.6859634341261238,0,0,0.02284830714203832
world| baththa| vijay| sethupathi| lijo| mol| atlee| saiabhyankkar,0.3029008274156493,1674,0.22889143152660452,0,0.3642226867870377,0,0,0.03192285460216864
world| largest| minecraft| build,0.3053578543829213,1198,-0.05472643995037907,1,7.423268028088254,1,1,0.46607450442755494
world| makes| sense| scary| game| mad| shepherd,0.3130923983434915,481,0.2291878150499847,0,1.4854965510244782,0,0,0.04749261965232096
world| most| insane| minecraft| hardcore| build| reaction,0.3168203848086492,360,0.22264156742689512,0,2.116921012860209,0,0,0.06416456902161408
worst| dentist,0.3065974127613262,1021,0.21037872364194232,0,0.43562883231787036,0,0,0.05473364458272608
worst| indian| game| ever,0.3045150177818988,1322,0.25398818004188833,0,0.3642226867870377,0,0,0.0023737065204176735
wwe| 2k25| championship| match| who| wins| wrestling| wwe2k25,0.9002707307468076,83,0.05190237520112173,0,2.591021191002428,0,0,0.27192530433517875
wwe| 2k25| live| best| match| ever| played| unbelievable,0.9004853308427099,79,0.10694855118386676,0,1.0473601366038556,0,0,0.1851980557364554
wwe| 2k25| live| unbelievable| finish| best| matches| ever,0.9006649158095372,78,0.10156188291009688,0,1.0473601366038556,0,0,0.19154036969764288
wwe| 2k25| live| unbelievable| finish| best| match| ever,5.400772924557248,11,-0.12934971484573354,1,9.189030266778785,1,1,0.5790051851322516
wwe| 2k25| live| undertaker| stone| cold| challenges| evil,0.3003050014501113,2714,0.2407458607137406,0,0.6803576646884061,0,0,0.022453507644331742
xiaomi 18 fold,0.6000000000000001,180,0.08224657660092499,0,3.6938237618821637,1,1,0.2518542485748445
yaad| hai| raaz| reboot| arijit| singh| emraan| hashmi,0.3011847925059509,2298,0.24838064460338727,0,0.5313438205788863,0,0,0.011348691006294098
yaalalo| irumudi| ravi| teja| prakash| hesham| shiva| nirvana,0.6016715176884783,128,0.13491653156007594,0,0.6372318320035331,0,0,0.14644569893986295
yashasvi jaiswal,0.6000000000000001,180,0.08224657660092499,0,3.6938237618821637,1,1,0.2518542485748445
yashoda| nandlala| krishna| janmashtami| 2026| special| lata| mangeshkar,0.3009709072574563,2429,0.25242655796301383,0,0.5675704483275527,0,0,0.007099304096910031
yavanakathayil| bethlehem| kudumba| unit| version| nivin| pauly| mamithabaiju,0.3033253525401337,1552,0.24038039706541253,0,0.3642226867870377,0,0,0.018395638365147963
yeddulache| mudduvette| trending| folk| 2026| singer| prabha| nagavva,0.3036510465149756,1465,0.2518168959176332,0,0.3642226867870377,0,0,0.004930196899085558
yeh| bandhan| toh| pyaar| shahrukh| khan| salman| kumar,0.3018644165847127,1973,0.2542037222978021,0,0.4162330839403605,0,0,0.0028583168669548244
yeh| prem| mol| liya| title| track| ayushmann| sharvari,0.3023780568380007,1819,0.024351816400902004,0,4.782570920576645,1,1,0.3354770325560021
yellow| elephant| sendrayan| premieres| sept| 4th| ahatamil,0.3008478401664279,2516,0.2517586620235362,0,0.5884148297244792,0,0,0.008181618837815319
yes bank share price,0.6000000000000001,180,0.08224657660092499,0,3.6938237618821637,1,1,0.2518542485748445
yeshanagula| paradise| nani| keerthy| suresh| anirudh| ravichander| srikanth,0.3029982806640055,1638,-0.08974073752267542,1,15.701716261573239,1,1,0.6248298328318108
yeshanagula| paradise| telugu,0.3053783075234727,1195,0.2153295397996139,0,0.44536047169848003,0,0,0.04904266713373811
yezhu| kadal| malai| release| ram| nivin| anjali| soori,0.3049644168984212,1260,0.21229288688585152,0,0.48059304053051255,0,0,0.05311824780487063
youtubers| one| block| minecraft,0.3100030819166618,692,0.21786821169179393,0,0.9622462708846766,0,0,0.05339184081820956
yuvan| shankar| raja| konji| playlist| u1records,0.3016158783789363,2075,0.2377550932365346,0,0.4583290261587,0,0,0.022822723919183042
zaalima,0.3014313756053229,2155,0.2553382015387722,0,0.48957902280564636,0,0,0.002563862928151396
zero| hulk| 100000000| super| god| gta,0.3029159916685952,1670,0.254320298362988,0,0.3642226867870377,0,0,0.0019826672810174307
zila,0.3219577513068815,299,0.1946124204493943,0,2.9870579907480663,0,0,0.10951968903469698
zindagi| talash| hum| kumar| sanu| evergreen| 90s,0.3008615237878018,2508,0.25208830230794826,0,0.5860971782676556,0,0,0.007760593554597102
zinda| dil| udit| narayan| songs| abbas| ashima| bhalla,0.3005084319154291,2667,0.2511388726724976,0,0.6459018067380677,0,0,0.009727507513636897
zombie| bites| franklin| michael,0.3089504866694879,780,0.24820543269636708,0,0.7839638673165717,0,0,0.015141435029945086
अनवर इब्राहिम,0.6000000000000001,180,0.08224657660092499,0,3.6938237618821637,1,1,0.2518542485748445
अनिल अंबानी,0.392,224,0.002272819304105278,0,3.0862716906014205,1,1,0.3373906843379234
आवास,0.424,218,-0.004618926549291857,1,3.0862716906014205,1,1,0.34550509081730485
कन्या राशि,0.58,186,0.002431248221385518,0,3.4946158783697743,1,1,0.3430014128026817
क्राउन प्रिंस,0.6000000000000001,180,0.08224657660092499,0,3.6938237618821637,1,1,0.2518542485748445
गांधी जयंती,0.6000000000000001,180,0.08224657660092499,0,3.6938237618821637,1,1,0.2518542485748445
चुनाव,0.796,88,-0.05373091252485607,1,6.46633365038139,1,1,0.4513167596446724
जिलाधिकारी,0.8,87,-0.048286505835766214,1,6.46633365038139,1,1,0.44490646392946376
तस्करी,0.388,225,0.0011665845794789353,0,3.0862716906014205,1,1,0.3386931755220405
नक्षत्र,0.6000000000000001,180,0.08224657660092499,0,3.6938237618821637,1,1,0.2518542485748445
पंजाब प्रदेश कांग्रेस समिति,0.34,241,0.0018622332308949607,0,3.0862716906014205,1,1,0.33787411224772645
पटना,0.592,183,0.03114190431643249,0,3.614140608477208,1,1,0.3108941089978851
पवन सिंह,0.324,279,0.005280911733940741,0,3.0862716906014205,1,1,0.3338489279785819
पितृपक्ष,0.5439999999999999,193,-0.011418113869015478,1,3.1551080116469596,1,1,0.35448778754894145
प्रधानमंत्री आवास योजना,0.4,223,-0.0004569813825394675,1,3.0862716906014205,1,1,0.3406047773776735
प्रधानमंत्री ग्रामीण आवास योजना,0.6000000000000001,180,0.08224657660092499,0,3.6938237618821637,1,1,0.2518542485748445
बिपाशा बसु,0.58,186,0.002431248221385518,0,3.4946158783697743,1,1,0.3430014128026817
बुध,0.6000000000000001,180,0.08224657660092499,0,3.6938237618821637,1,1,0.2518542485748445
भविष्य,0.356,234,0.0024771319278702464,0,3.0862716906014205,1,1,0.33715012473033423
भारत बनाम श्रीलंका,0.6000000000000001,180,0.08224657660092499,0,3.6938237618821637,1,1,0.2518542485748445
भारत मौसम विज्ञान विभाग,0.6000000000000001,180,0.08224657660092499,0,3.6938237618821637,1,1,0.2518542485748445
भारत राष्ट्रीय क्रिकेट संघ,0.44,216,-0.006742197178789766,1,3.0862716906014205,1,1,0.34800504965501877
मतदाता,0.6000000000000001,180,0.08224657660092499,0,3.6938237618821637,1,1,0.2518542485748445
मुख्य न्यायाधीश,0.5,204,-0.01664972980134327,1,3.0862716906014205,1,1,0.35967027188132916
मुद्रा,0.5,204,-0.01664972980134327,1,3.0862716906014205,1,1,0.35967027188132916
रेल,0.384,226,0.005783327798533411,0,3.0862716906014205,1,1,0.3332573785720021
लाल बहादुर शास्त्री,0.6000000000000001,180,0.08224657660092499,0,3.6938237618821637,1,1,0.2518542485748445
वित्तीय संकट,0.6000000000000001,180,0.08224657660092499,0,3.6938237618821637,1,1,0.2518542485748445
विनोद कांबळी,0.6000000000000001,180,0.08224657660092499,0,3.6938237618821637,1,1,0.2518542485748445
शिक्षा मंत्री,0.6000000000000001,180,0.08224657660092499,0,3.6938237618821637,1,1,0.2518542485748445
शेफाली वर्मा,0.6000000000000001,180,0.08224657660092499,0,3.6938237618821637,1,1,0.2518542485748445
सिंध,0.6000000000000001,180,0.08224657660092499,0,3.6938237618821637,1,1,0.2518542485748445
स्मृति ईरानी,0.308,872,0.02323294764238759,0,3.0862716906014205,1,1,0.3127120318143416
हनुमान चालीसा,0.6000000000000001,180,0.08224657660092499,0,3.6938237618821637,1,1,0.2518542485748445
हरीश रावत,0.6000000000000001,180,0.08224657660092499,0,3.6938237618821637,1,1,0.2518542485748445
हार्दिक पांड्या,0.6000000000000001,180,0.08224657660092499,0,3.6938237618821637,1,1,0.2518542485748445
२४ सितम्बर,0.6000000000000001,180,0.08224657660092499,0,3.6938237618821637,1,1,0.2518542485748445
२७ सितम्बर,0.6000000000000001,180,0.08224657660092499,0,3.6938237618821637,1,1,0.2518542485748445
আবহাওয়া,0.6000000000000001,180,0.08224657660092499,0,3.6938237618821637,1,1,0.2518542485748445
মালদা,0.6000000000000001,180,0.08224657660092499,0,3.6938237618821637,1,1,0.2518542485748445
রুক্মিণী মৈত্র,0.6000000000000001,180,0.08224657660092499,0,3.6938237618821637,1,1,0.2518542485748445
রেল পরিবহন,0.252,2809,0.06445443523415151,0,3.0862716906014205,1,1,0.26417746406914944
ફાતિમા સના,0.6000000000000001,180,0.08224657660092499,0,3.6938237618821637,1,1,0.2518542485748445
ભાવ,0.588,184,0.014750559066458613,0,3.5742990317747303,1,1,0.32962780224781363
ஆ. ராசா,0.6000000000000001,180,0.08224657660092499,0,3.6938237618821637,1,1,0.2518542485748445
இந்தியா தேசிய கிரிக்கெட் அணி,0.54,194,-0.010086913854769342,1,3.1297386487809415,1,1,0.3525602511618203
இலங்கை,0.5279999999999999,197,-0.0104411738375495,1,3.0862716906014205,1,1,0.35236025961275763
ஓய்வூதியம்,0.356,234,0.0024771319278702464,0,3.0862716906014205,1,1,0.33715012473033423
சென்னை மெட்ரோ,0.6000000000000001,180,0.08224657660092499,0,3.6938237618821637,1,1,0.2518542485748445
நாம் தமிழர் கட்சி,0.6000000000000001,180,0.08224657660092499,0,3.6938237618821637,1,1,0.2518542485748445
நீர்,0.6000000000000001,180,0.08224657660092499,0,3.6938237618821637,1,1,0.2518542485748445
மின் தடை,0.6000000000000001,180,0.08224657660092499,0,3.6938237618821637,1,1,0.2518542485748445
மு. க. ஸ்டாலின்,0.512,202,-0.014425710704743633,1,3.0862716906014205,1,1,0.3570516908495257
விகடன்,0.388,225,0.0011665845794789353,0,3.0862716906014205,1,1,0.3386931755220405
விஜய் சேதுபதி,0.6000000000000001,180,0.08224657660092499,0,3.6938237618821637,1,1,0.2518542485748445
விலை,0.4439999999999999,215,-0.006547502301433639,1,3.0862716906014205,1,1,0.34777581407263836
ఆంధ్ర ప్రదేశ్,0.6000000000000001,180,0.08224657660092499,0,3.6938237618821637,1,1,0.2518542485748445
ఆధార్,0.6000000000000001,180,0.08224657660092499,0,3.6938237618821637,1,1,0.2518542485748445
ఇరాన్,0.6000000000000001,180,0.08224657660092499,0,3.6938237618821637,1,1,0.2518542485748445
కత్రినా కైఫ్,0.6000000000000001,180,0.08224657660092499,0,3.6938237618821637,1,1,0.2518542485748445
దొంగతనం,0.6000000000000001,180,0.08224657660092499,0,3.6938237618821637,1,1,0.2518542485748445
ధర,0.6000000000000001,180,0.08224657660092499,0,3.6938237618821637,1,1,0.2518542485748445
నందమూరి బాలకృష్ణ,0.6000000000000001,180,0.08224657660092499,0,3.6938237618821637,1,1,0.2518542485748445
పంట,0.6000000000000001,180,0.08224657660092499,0,3.6938237618821637,1,1,0.2518542485748445
పండుగ,0.532,196,-0.00927794885608979,1,3.0862716906014205,1,1,0.3509906675634683
పోలీసులు,0.5599999999999999,190,-0.014287371165865093,1,3.295407994857386,1,1,0.3598579175712329
భోగాపురం,0.6000000000000001,180,0.08224657660092499,0,3.6938237618821637,1,1,0.2518542485748445
మహిళల ఆసియా కప్,0.6000000000000001,180,0.08224657660092499,0,3.6938237618821637,1,1,0.2518542485748445
రంభ ఊర్వశి మేనక,0.412,221,-0.0040858654494917435,1,3.0862716906014205,1,1,0.34487745965763406
వాతావరణ సూచన,0.6000000000000001,180,0.08224657660092499,0,3.6938237618821637,1,1,0.2518542485748445
వాతావరణం,0.8,87,-0.048286505835766214,1,6.46633365038139,1,1,0.44490646392946376
వార్త,0.348,238,0.0010944459086429381,0,3.0862716906014205,1,1,0.3387781122725384
వీరమాచనేని రామకృష్ణ,0.6000000000000001,180,0.08224657660092499,0,3.6938237618821637,1,1,0.2518542485748445
శుక్రవారం,0.6000000000000001,180,0.08224657660092499,0,3.6938237618821637,1,1,0.2518542485748445
శుభ్మన్ గిల్,0.356,234,0.0024771319278702464,0,3.0862716906014205,1,1,0.33715012473033423
షఫాలీ వర్మ,0.6000000000000001,180,0.08224657660092499,0,3.6938237618821637,1,1,0.2518542485748445
సముద్రం,0.6000000000000001,180,0.08224657660092499,0,3.6938237618821637,1,1,0.2518542485748445
సాక్షి,0.584,185,0.005133169219783906,0,3.5344574550722525,1,1,0.3403857766037442
సిద్ధార్థ్ మల్హోత్రా,0.6000000000000001,180,0.08224657660092499,0,3.6938237618821637,1,1,0.2518542485748445
సౌదీ అరేబియా,0.6000000000000001,180,0.08224657660092499,0,3.6938237618821637,1,1,0.2518542485748445
హర్లీన్ డియోల్,0.6000000000000001,180,0.08224657660092499,0,3.6938237618821637,1,1,0.2518542485748445
ಅಮಿತ್ ಶಾ,0.6000000000000001,180,0.08224657660092499,0,3.6938237618821637,1,1,0.2518542485748445
ಆಸ್ತಿ,0.492,205,-0.01565427311069456,1,3.0862716906014205,1,1,0.3584982117978074
ಗಣೇಶ,0.36,232,0.004620503153175193,0,3.0862716906014205,1,1,0.3346264992617948
ಡಿ ಕೆ ಶಿವಕುಮಾರ್,0.6000000000000001,180,0.08224657660092499,0,3.6938237618821637,1,1,0.2518542485748445
ದ್ರೌಪದಿ ಮುರ್ಮು,0.6000000000000001,180,0.08224657660092499,0,3.6938237618821637,1,1,0.2518542485748445
ಬಿಗ್ ಬಾಸ್ - ಸೀಸನ್ 13,0.6000000000000001,180,0.08224657660092499,0,3.6938237618821637,1,1,0.2518542485748445
ಮಳೆ,0.6000000000000001,180,0.08224657660092499,0,3.6938237618821637,1,1,0.2518542485748445
ವಾಯುಭಾರ ಕುಸಿತ,0.584,185,0.005133169219783906,0,3.5344574550722525,1,1,0.3403857766037442
ಸುವರ್ಣ ನ್ಯೂಸ್,0.6000000000000001,180,0.08224657660092499,0,3.6938237618821637,1,1,0.2518542485748445
എം.എ. ബേബി,0.6000000000000001,180,0.08224657660092499,0,3.6938237618821637,1,1,0.2518542485748445
തട്ടിപ്പ്,0.6000000000000001,180,0.08224657660092499,0,3.6938237618821637,1,1,0.2518542485748445
ബാങ്ക്,0.6000000000000001,180,0.08224657660092499,0,3.6938237618821637,1,1,0.2518542485748445
മൊഹ്സിന് നഖ്വി,0.6000000000000001,180,0.08224657660092499,0,3.6938237618821637,1,1,0.2518542485748445
വിമാനത്താവളം,0.6000000000000001,180,0.08224657660092499,0,3.6938237618821637,1,1,0.2518542485748445
ഷാര്ജ,0.384,226,0.005783327798533411,0,3.0862716906014205,1,1,0.3332573785720021
സ്വര്ണം,0.6000000000000001,180,0.08224657660092499,0,3.6938237618821637,1,1,0.2518542485748445
സൗദി അറേബ്യ,0.6000000000000001,180,0.08224657660092499,0,3.6938237618821637,1,1,0.2518542485748445
