keyword,predicted_viral,viral_probability
000| flying| lamborghini| gta,0,0.00021586358
000| prison| escape| minecraft,0,0.00022511328
1,1,0.98825943
1000000| likes| player,0,0.00035873317
1000| players| simulate| mining| prison| minecraft,0,0.00035873317
1008| apoorva| audios,0,0.00030648202
100| 000| sonic| gta,0,0.00021586358
100| chain| saw| blade| fall| again| gameplay,0,0.00035873317
100| days| deadly| raft| friends| minecraft,0,0.00021586358
100| days| floor| changes| every| day| minecraft| hardcore,0,0.00022511328
100| days| ores| block| minecraft| hardcore,0,0.00025312958
108| apoorva| audios,0,0.00030648202
108| bakthipadal,0,0.00033843017
108| sri| krishnar| potri| gokulashtami| spl,0,0.0006196396
146| cricket,0,0.00021586358
152| t20| gameplay,0,0.00021586358
157| gameplay,0,0.00021586358
168| cricket,0,0.00021586358
171| cricket| game,0,0.00021586358
180| cricket,0,0.00021586358
1v1| all| level| noob| pro| players| roblox| rivals,0,0.00023726375
1v4| custom| challenge| solo| squad| clutch| king| fast,0,0.0007790602
200iq| gameplay| casino| friends| funniest,0,0.00025312958
2026,1,0.9977076
2026| alka| singh| pahadiya| teej| bhukhal| bani,0,0.0002392948
2026| anant| chaturdashi| bhajan| vishnu| bhajans,0,0.00021586358
2026| ankita| mishra| paramparik| teej| special,0,0.00021586358
2026| avani| amavasai| amman| songs| tamil| vijay| musicals,0,0.0002873254
2026| awadhesh| premi| yadav| vishwakarma| puja,0,0.00021586358
2026| bhojpuri| sohar| geet| most| popular,0,0.00025307987
2026| chaurachan| pavan| gana| sannu| kumar,0,0.0003517019
2026| ganesh| visarjan| bhajan,0,0.00051684317
2026| gauri| ganpati| songs| chi| gaani,0,0.00026849512
2026| hartalika| teej| bhajan| special,1,0.99817955
2026| hindi| adhoora| ishq| yash| kiara| advani| bollywood,0,0.00021586358
2026| hindi| dil| aarzoo| yash| kiara| advani| bollywood,0,0.00021586358
2026| hindi| dil| hasrat| ariyan| khan| rashmika| mandana,0,0.00021586358
2026| hindi| dil| lagi| yash| kiara| advani| bollywood,0,0.00021586358
2026| hindi| humrah| mera| shahid| kapoor| sharvari,0,0.0003485617
2026| hindi| intezaar| mein| dil| emraan| hashmi| sharvari,0,0.0003485617
2026| hindi| ishq| deewana| yash| kiara| advani| bollywood,0,0.00021586358
2026| hindi| kabhi| aankhon| shahrukh| khan| tamannaah| bhatia,0,0.0003485617
2026| hindi| khamoshiyan| shahid| kapoor| alia| bhatt,0,0.00021586358
2026| hindi| likh| mohabbat| ranbir| kapoor| tamannaah| bhatia,0,0.0003485617
2026| hindi| meri| dua| bhi| emraan| hashmi| kriti,0,0.0003485617
2026| hindi| meri| sajaa| bana| yash| tamannaah| bhatia,0,0.00026849512
2026| hindi| mujhe| dard| mila| emraan| hashmi| rashmika,0,0.0003485617
2026| hindi| mujhe| mohlat| yash| kiara| advani,0,0.00021586358
2026| hindi| nazar| mila| emraan| hashmi| janhvi| kapoor,0,0.00026849512
2026| hindi| pahli| baar| hua| sidharth| malhotra| kriti,0,0.00026849512
2026| hindi| ruswa| kar| diya| emraan| hashmi| tamannaah,0,0.00026849512
2026| hindi| tere| ishq| mein| tanha| ariyan| khan,0,0.00021586358
2026| hindi| teri| deewangi| emran| hashmi| genelia| deshmukh,0,0.00021586358
2026| indu| sonali| alka| jha| banal| rahe| senura,1,0.99817955
2026| jai| ambey,0,0.0004600776
2026| janmashtami| krishna| bhajan,1,0.99817955
2026| jukebox| nonstop| teej| geet,1,0.99817955
2026| khatu| shyam| bhajan| viralvideo,0,0.00056136504
2026| krishna| chati| bhajan| nonstop| janam| badhai| geet,0,0.00027631855
2026| krishna| janmashtami,0,0.0006933692
2026| krishna| janmashtami| gana,0,0.0006933692
2026| krishna| jayanthi| songs| super| hit| jayanathi,0,0.00021586358
2026| maine| tere| bharose| bholenath| shiv| bhajans| bhajan,0,0.00051684317
2026| manush| janam| anmol| bhajan| nirgun,1,0.99816704
2026| mazara| nau| abad,0,0.00022511328
2026| mithleah| kumar| gaming| content| singer| ashish| yadav,0,0.0002392948
2026| neha| singh| yadav| vishwakarma,0,0.00025307987
2026| nonstop| visrajan| songs,0,0.00038120017
2026| paramparik| teej| vrat| geet| gana,0,0.0006933692
2026| radha| ashtami| special| radhe,0,0.00030648202
2026| raksha| bandhan| pooja| yadav| rakhi| geet,0,0.00026849512
2026| sree| krishna| jayanthi| songs| malayalam| ashtami| rohini,0,0.0004191907
2026| susmita| paswan| karma| geet| rahul| smart,0,0.00033288883
2026| teej| geet| susmita| paswan| puja,0,0.00030648202
2026| teej| vrat| aamrapali| dubey| monalisa| neema| radha,0,0.0002873254
2026| top| ganesh| bhajan| ganpati| visarjan| nonstop,0,0.0002392948
2026| tuntun| yadav| krishna| janmashtami| jukebox,0,0.00021586358
2026| tuntun| yadav| viswakarma| puja,0,0.00021586358
2026| vinayaka| chavithi| special| ganapathi| folk| songs| telugu,0,0.0002873254
2026| vishwakarma| puja| barbadi| hoi,0,0.0006196396
2026| vishwakarma| puja| gana,0,0.0006196396
2026| vishwakarma| puja| songs| baba| special| bhakti,0,0.00030648202
2323| aslam| singer| letest| audio| videos| mewati,0,0.0060270512
418| last| warning| prashanth| neel| presents| kirtan| mythri,0,0.00021586358
4kteaser| aashish| yadav| khushi| kakkar| maghi| 2026,0,0.00040918463
4kvideo| aashish| yadav| khushi| kakkar| maghi| 2026,0,0.00023726375
4kvideo| raushan| rohi| shweta| sargam| rangdari| 2026,0,0.0003825688
4kvideo| shilpi| raj| bhojpuri| 2026,0,0.00025307987
50000| crate| opening| stream| before| bmsd,0,0.00040918463
70k| crate| opening| zombies| back| bgmi| live,0,0.00023726375
9000| gameplay| promotions,0,0.00021586358
90s| hits| hindi| songs| bollywood| evergreen| purane| gane,0,0.0003485617
90s| hit| songs| lovesong| love| collection| travel| viral,0,0.0002873254
90s| tamil| romantic| melody| 2026| best| love| songs,0,0.00054937025
a,1,0.99679166
aabhaari| hoon| vichaar,0,0.00078012847
aadabidda| rakhi| paata| relare| ganga| songs| mallikteja| kalyankeys,0,0.00021586358
aadarshakutumbam| special| venkatesh| srinidhi| shetty| nivetha| pethuraj| trivikram,0,0.00021586358
aadarshakutumbam| teaser| venkatesh| nivetha| dimple| hayathi| trivikram| thaman,0,0.00026849512
aadarsha| kutumbam| ak47| teaser| venkatesh| srinidhi| shetty| trivikram,0,0.00021586358
aadarsha| kutumbam| venkatesh| srinidhi| shetty| trivikram| thaman,0,0.00021586358
aajao| dosto| live| iqoo| total| gaming| esports| fozyajay,0,0.0003825688
aaja| barsaat| alka| yagnik| bobby| deol| priyanka| chopra,1,0.99817955
aaja| mahiya,0,0.00048306058
aaja| sniper| god| pahadi| devil| mafia,0,0.00021586358
aaj| banaunga| streak| 300k,1,0.9982767
aaj| conqueror| hoke| rahega| tag| lolzzz| what| bgmi,0,0.00022511328
aaj| custom| hoga| sirf| 400k,0,0.0002794546
aaj| sakhi| ese| manaiyo| gajanan| ganesh,0,0.0004140423
aaj| top| entry| hogi| conqueror| rank| push| bgmi,0,0.00023726375
aamrapali| dubey| monalisa| bhojpuri| teej,0,0.00021586358
aankad| kankad| bhandara| raju| rawal| rajasthani| baba| ramdevji,0,0.00021586358
aaradha| gaaya| toxic| kannada| rocking| star| yash| kiara,0,0.00021586358
aaram| rajeesh| parameswaran| saiju| kurup| anju| kurian| askar,0,0.00021586358
aashish| yadav| chanda| raj| khatiya| hila| debo| maghi,0,0.00040918463
aashish| yadav| chanda| raj| maghi| 2026,0,0.00025312958
aashish| yadav| kamariya| par| chot| magahi| 2026,0,0.00035873317
aashish| yadav| khushi| kakkar| naginiya| magahi| 2026,0,0.00035873317
aashish| yadav| shilpi| raj| baby| kajal| maghi| sad,0,0.0055686305
aashish| yadav| shilpi| raj| rasgulwa| maghi| 2026,0,0.00025312958
aashish| yadav| shilpi| raj| rifle| title| maghi| rangdari,0,0.00035873317
aashish| yadav| toshi| maghi| sad,0,0.00035873317
aavagaman| hanuman| ansh| sadhu| tiwari| shobhinaw| har| mahadev,0,0.00021586358
aavani| amavasai| most| popular| jaya| jagadeeswari| sri| bhuvaneswari,0,0.00059557025
aaya| hai| raja| logo| remix| ganpati| 2026| sound,0,0.00026995412
aayega| maza| barsaat| andaaz| akshay| kumar| priyanka| chopra,0,0.00038370033
aaye| meri| zindagi| mein| tum| bahar| banke| udit,0,0.00026849512
aayi| nai| eclipsa| audio| stree| shraddha| kapoor| rajkummar,0,0.00021586358
abhimanyu easwaran,1,0.9992878
about |  religious |  extremist,1,0.9992878
achyutam| keshavam| krishna| bhajan| bhakti,0,0.00037144296
actually| fun| parkour| game| vholume,0,0.0003825688
adani power share price,1,0.9992878
admino| back| road| 500k| gaming,0,0.00023726375
admino| live| road| 500k| gaming,0,0.00023726375
adopted| verity| minecraft,0,0.00021586358
adroit industries ipo gmp,1,0.9992878
advisory |  indians |  dangerous,1,0.9992878
afeem| khesari| lal| yadav| kangana| sharma| shilpi| raj,0,0.00021586358
afg vs nep,1,0.9992878
afghanistan |  says |  deadly,1,0.9992878
afratafri| sanjay| narvekar| mohan| aagashe| milind| kavde| 9th,0,0.00021586358
afsaana| banaaya| aapne| gunmaaster| emraan| genelia| aditya| himesh,0,0.00021586358
again| update| indian| theft| auto,0,0.00023726375
aga| parvati| kuthun| aanali| mati| ghadvila| ganpati| songs,0,0.00030648202
aga| parvati| kuthun| anali| mati| ghadavila| ganpati,0,0.00048306058
agents |  tried |  hack,1,0.9992878
airplane| gaon| jaakar| apni| girlfriend| milne| wale| hain,0,0.0002392948
aise| mujhe| tum| dekho,0,0.00021586358
ajay| maharaj| baraskar| live,0,0.00030648202
aja| ekadashi| katha| 2026,0,0.00023025674
aja| ekadashi| vrat| katha| pal| 2026,0,0.00021586358
ajith| kumar| gladiators| maayakumar| 6385,0,0.00024012329
ajith| kumar| gladiator| racing| premier| tamil,0,0.0003402499
ajit| halchal| golu| raja| chandan| ydav| babita| sagar,0,0.0003825688
aji| para| janmastami| pragnyashree| nayak| janmaastimi| special,0,0.00021586358
aji| para| radhastami| pragnyashree| nayak| special,0,0.00030648202
ajnabee| unknown| indian| horror| game,0,0.00025312958
akm| master| today| solo| kills| nothing| bgmi| live,0,0.00023726375
al-taawoun vs al-hilal,1,0.9992878
alakh| niranjan| citylights| vinay| rajkumar| monisha| vijayakumar| charan,0,0.00025312958
alan| walker| alok| headlights| kiddo| lyrics,0,0.00021586358
alloy| bappa| visarjan| tlrp,0,0.0003825688
all| best| odia| old| songs| non| stop| jukebox,0,0.00021586358
all| godzilla| attack| kaiju| hunting| series| animal| revolt,0,0.00023726375
all| scary| verity| attacked| our| village| minecraft,0,0.00021586358
almost| killed| tommy| vercetti| gta| real| life,0,0.00025312958
amavasai| angalamman| pambai| udukkai| songs,0,0.00038836146
amavasya| 2026,0,0.00023025674
america |  really |  buying,1,0.9992878
america| nirup| shanvi| pruthvi| nagathihalli| chandrashekhar| aa2,0,0.00021586358
amit| ashik| srishti| bharti| haral| jindagi| jiye| sad,0,0.00025312958
amit| ashik| srishti| bharti| karma| karbo| bhaiya| 2025,0,0.00021586358
amit| ashik| srishti| bharti| maghi| sad,0,0.00023025674
ammiye| music| nijjar| zeus| autobiography| latest| punjabi| 2026,0,0.00021586358
among |  killed |  indian,1,0.9992878
anand| potat| majhya| maina| rup| savale| sundar| akki,0,0.00021586358
anand| potat| majhya| maina| rup| savale| sundar| nesh,0,0.00021586358
anand| puja| gana| anant| bhagwan,0,0.00030648202
anant| chaturdashi| katha| 2026,0,0.00030648202
anant| puja| 2026| khushboo| uttam,0,0.00045530443
anbil| avan| ashok| selvan| preity| mukhundhan| govind| vasantha,0,0.00021586358
andhra |  develop |  tirupati,1,0.9992878
andhra |  meghalaya |  more,1,0.9992878
angel one share price,1,0.9992878
animation| free| fire| max| naruto| shippuden,0,0.00026849512
anjaana| anjaani| audio| paradise| nani| kayadu| lohar| anirudh,0,0.00022511328
anjaana| anjaani| paradise| telugu,0,0.0003402499
anjalibhardwaj| kahwa| janme| viral| sohar| geet| 2026,0,0.00021586358
anjali| arora| ramayana| review| deeksha| sharma,0,0.00021586358
anjali| arora| ramayan| joke,0,0.00021586358
anjali| bharti| teej| special| geet| 2026,1,0.99817955
anjali| chauhan| tor| kanhaiya| hamke| chhedela| janmashtami,0,0.00021586358
anjali| viral| live| views| join| karo,0,0.00054937025
anju| upadhyay| amrit,1,0.99817955
ankitamishra| paramparik| teej| special| 2026,0,0.0002392948
ankush| raja| ego| mai| lalanwa| bhojpuri| 2026,0,0.00030648202
ankush| raja| priyanka| singh| rakshabandhan| bhojpuri| 2026,0,0.00021586358
ankush| raja| shilpi| raj| astha| singh| bhojpuri,0,0.00021586358
ankush| raja| shilpi| raj| bhojpuri| 2026,0,0.00042534192
ankush| raja| shivani| singh| falana| patoh| 2026,0,0.00021586358
annakiliye| smith| asher| viky| pup| dheekshitha| albuquerque| records,0,0.00022511328
annat| chaturdashi| katha| bhakti,0,0.0004191907
anna| thangiyara| audio| thangi| shivarajkumar| radhika| hamsalekha,0,0.00021586358
anshu| priya| paramparik| karma| puja| geet,0,0.00021586358
anshu| priya| teej| geet,0,0.00030648202
anu| malik| kaho| lyrics| amir| jamal,0,0.00026849512
anything| franklin| shinchan| touch| turns| into| gold| diamond,0,0.00022511328
apoorva| videos,0,0.00021586358
apple pay india,1,0.9992878
apple |  launches |  india,1,0.9992878
ark| survival| evolved,0,0.00040918463
arman tsarukyan,1,0.9992878
army |  chief |  dhiraj,1,0.9992878
army| shinchan| saheed| gya| kya| hoga| indian| theft,0,0.00021586358
arvind |  sharma |  haryana,1,0.9992878
arvind| akela| kallu| mahi| mixer| sixer| chahi| bhojpuri,0,0.00021586358
arvind| akela| kallu| shilpi| raj| rani| bhojpuri| 2026,0,0.00021586358
arvind| marshal| ranjana| nishad| balu| ghat| raja| bhojpuri,0,0.00030648202
asalayavale| version| khalifa| prithviraj| malvika| jakes| bejoy| hanan,0,0.00021586358
asarams |  wife |  about,1,0.9992878
ashish| yadav| duniya| dushmanma| karanma,0,0.00021586358
ashish| yadav| kajal| raghwani| khushi| kakkar| chata| othlali,0,0.00021586358
ashish| yadav| karma| geet| 2026| jhumar,0,0.00021586358
ashish| yadav| khushi| kakkar| nache| amarpali| magahi| 2026,0,0.00021586358
ashish| yadav| sweta| sargam| rokliyo| nay| karwa| maghi,0,0.00035873317
ashi| chik| motyachi| maal| male| version| original| ganpati,0,0.0008555333
ashi| chik| motyachi| maal| original| urmila| kanetkar| ganpati,0,0.00025307987
ashke| music| karan| aujla| mxrci| szn,0,0.00022511328
ashtalakshmi| varuga,0,0.00033288883
ashutosh| shashank| shekhar| shiv| mantra| powerful| shiva| stuti,0,0.00026995412
asian games 2026 medal tally,1,0.9992878
asian games cricket,1,0.9955272
asian games japan 2026,1,0.9992878
asian games kabaddi,1,0.9992878
asian games live,1,0.9992878
asian |  games |  cricket,1,0.9992878
asian |  games |  india,1,0.9992878
asian |  games |  live,1,0.9992878
asian |  games |  medal,1,0.9992878
asian |  games |  women,1,0.9992878
assassin| bodyguards| rivals| roblox,0,0.00025312958
assay| passay| talwiinder| dropped| out| music,0,0.0003825688
astalakshmi| stuthi,0,0.00030648202
atha| petha| azhakay| fayas| aishwarya| tamil| folk,0,0.00035873317
ather energy share price,1,0.9992878
audio| tuntun| yadav| goldi| krishna| janmashtami| special| 2026,0,0.00021586358
audio| tuntun| yadav| jitiya| bhukhal| badi| 2026,0,0.0003640826
audio| tuntun| yadav| prabha| raj| vishwakarma| puja| 2026,1,0.99791366
august| 2026,0,0.00021586358
aur| batao| bintu| pabra| shiva| choudhary| nandini| sharma,0,0.00021586358
automotive |  nitin |  gadkari,1,0.9992878
avaraachan| sons| biju| menon| listin| stephen| thamby,0,0.00021586358
avengers endgame encore,0,0.006038314
avengers| doomsday| bhojpur,0,0.00022511328
avengers| doomsday| bhojpuri| reaction,0,0.00023726375
avengers| doomsday| extinction| concept| marvel| studios,0,0.00021586358
avengers| doomsday| final| concept| sacrifice| marvel| studios,0,0.00021586358
avengers| doomsday| superhero| news| 353,0,0.00025312958
avengers| endgame| encore| theaters| sep,0,0.00022511328
axar patel,1,0.9992878
ayeba| awm| odia| movie| sambalpuri| joydev| cookies| swain,0,0.00035873317
aye| momino| niaz| dilao| imam| lyric| mohammed| rafi,0,0.0006593896
ayushman bharat,0,0.006038314
baba| niddura| levayya,0,0.0004600776
baba| nidura| levayya| sai| songs| telugu| shirdi,0,0.0007576326
baba| ramdevji| lilo| ghodo| navlakho| motiya| jadi| lagaam,0,0.0002552499
baba| ramdev| aarti| mita| chauhan| ramdevpir,0,0.0005403808
babita| yadav| 2026| chaurchan,0,0.00021586358
baby| dance| scooby| doo| music,0,0.0003485617
baby| die| huma| qureshi| chunky| pandey| saqib| saleem,0,0.00021586358
baby| yellow| khele| shortsfeed| shortslive| babyinyellow| shorts| live,0,0.0003402499
back,1,0.9980636
backbone| gaming| community,0,0.00078012847
back| ladakh| bgmi| live| crate| opening| insta,0,0.00023726375
badge| lobby| free| fire| live| malayalam,0,0.00021586358
badhaigeet| 2026,0,0.00026995412
badli| lage| sapna| chaudhary| lyrical| vicky| kajla| haryanvi,0,0.00026849512
bail| shiva| rajkumar| pavan| wadeyar| kvn| productions,0,0.00021586358
bail| teaser| shiva| rajkumar| pavan| wadeyar| kvn| productions,0,0.00021586358
bajaj auto share price,1,0.9992878
baj| rahe| hain| dhol| nagade| ganesh| bhajan| 2026,0,0.00021586358
balaghat |  madhya |  pradesh,1,0.9992878
balamuwa| ballam| latest| bhojpuri| 2024| samar| singh| namrita,0,0.00021586358
banere,0,0.00021586358
banjaare| barsaat| music| her| side| story,0,0.00035873317
bank |  holidays |  october,1,0.9992878
bansuriya| yehi| pukare| balmaa| lyrical| ayesha| jhulka| kumar,0,0.00042419072
bappa| aaya| krish| mondal| music| ganesh| chaturthi| special,0,0.00021586358
bappa| chalale| aaplya| gavala| ganpati| visarjan| 2026| akash,0,0.00021586358
bappa| chalale| aaplya| gavala| soundcheck| ganpati| visarjan| shubham,0,0.00021586358
bappa| chalale| aaplya| gavala| sound| check| saurabh| digras,1,0.99874485
bappa| morya| ganpati| balaji| jahire,0,0.00025307987
bappa| morya| parul| rathva| ganpati| 2026,0,0.00021586358
barbadi| hoi| vishwakarma| puja| gana,0,0.00021586358
bari,0,0.0003402499
bari| music| nijjar| autobiography| latest| punjabi| 2026,0,0.00021586358
barriers |  eight |  dhaba,1,0.9992878
baththa| vijay| sethupathi| atlee| saiabhyankkar| balaji| tharaneetharan,0,0.0003485617
baththa| vijay| sethupathi| lijo| mol| atlee| saiabhyankkar| balaji,0,0.00021586358
bawaal| hogya| after| win| crying| mom| stage| bgmi,0,0.00023726375
bbc,0,0.00021586358
beauty| pandey| hamro| bhawani| maiya| bhojpuri| devi| geet,0,0.00024012329
beauty| pandey| lage| nazarwa| navratri| 2026,0,0.00024012329
beauty| pandey| pakad| hath| maiya| bhojpuri| devi| geet,0,0.00023025674
became| admin| troll| friends| steal| egg| roblox,0,0.00022511328
became| admin| troll| noobs| steal| egg| roblox,0,0.00021586358
became| biggest| gangstar,0,0.00022511328
became| bounty| hunter| hardcore| civilization,0,0.00025312958
became| evil| monkey| funniest,0,0.00023726375
became| india| desert| eagle| shield| gun| player,0,0.00025312958
became| monster| hide| steal| egg| roblox,0,0.00025312958
became| most| powerful| superhero| roblox,0,0.0002552499
became| nightmare| manhunt| smp| minecraft,0,0.0003825688
became| president| roblox| rivals,0,0.00025312958
became| railway| station| chaiwali| desi| horror| game| slayypop,0,0.00022511328
became| rich| making| endless| popcorn,0,0.00023726375
became| spiderman| steal| eggs| egg| roblox,0,0.00022511328
became| spiderman| steal| egg| roblox,0,0.00023726375
became| strongest| ninja| escape| roblox,0,0.00025312958
became| strongest| player| loot| forge| roblox,0,0.00025312958
became| strongest| swordsman| defeat| scary| sonic| roblox,0,0.00022511328
became| strongest| wrestler| steal| friends| egg| roblox,0,0.00021586358
became| taxi| driver| gangstar| mirage| city,0,0.00023726375
became| wolverine| game| good| bad,0,0.00025312958
become| god| terror| minecraft,0,0.00021586358
become| man| utd| manager,0,0.00023726375
become| spiderman| minecraft,0,0.00021586358
become| venom| troll| friends| minecraft,0,0.00021586358
becoming| best| player| roblox| rivals,0,0.00025312958
beginning| radiant| smp| day,0,0.00025312958
behna| bhai| kalai| resham| dori| 1974| suman| kalyanpur,0,0.00021586358
bel| gada| sariya| pune| maharashtra,0,0.0006685405
bengali| film| romantic| chokher| aloye| bappi| lahiri| tapas,0,0.00021586358
bengali| film| romantic| mon| mane| deepa| narayan| prasenjit,0,0.00021586358
benjamin ito-davis,1,0.98235947
benjamin šeško,1,0.9992878
ben| god| gta,0,0.00021586358
beporoya| adrit| aryaa| abhirup| ghosh| arindom| svf,0,0.00035873317
best| golden| 90s| malayalam| songs| evergreen| romantic| melodies,0,0.00049485883
best| krishna| bhajans| hare| bhajan| bangla,0,0.00021586358
best| old| hindi| songs| everest| classic| sadabahar| gaane,0,0.0002392948
bethlehem| kudumba| unit| malayalam| nivin| pauly| mamitha| baiju,0,0.00021586358
bethlehem| kudumba| unit| nivin| pauly| mamitha| baiju| oct,0,0.00021586358
bethlehem| kudumba| unit| tamil| girish| nivin| pauly| mamitha,0,0.00021586358
bgmi| masters| series| live| grand| finals| champion,0,0.00021586358
bgmi| update| here| midnight| hunters| theme| mode| gameplay,0,0.000660938
bhabhi| tabaahi| nayyi| navelli| yami| gautam| addinath| neeti,0,0.0003485617
bhadarvi| bij| special| 2026| non| stop| ramdevpir| bhajan,0,0.0005332835
bhagavan| saranam| bhagavathi| ayyappa| swamy| bhakti| songs| telugu,0,0.00063570664
bhagavan| saranam| bhagavathi| telugu| ayyappa| swamy| songs,0,0.00036758903
bhagyada| lakshmi| baramma,0,0.00021586358
bhakthi| yaathirai,0,0.00021586358
bheegi| hui| hai| raat| magar,0,0.0004961414
bhimacha| panthar| jaga| aahe| jaybhim| ambedkar| trending,0,0.00040918463
bhi| kasmein| songs| raaz| bipasha| basu| dino| morea,0,0.00021586358
bhojpuri,1,0.99817955
bhojpuri| nonstop| vishwakarma| pooja| 2026| rani| thakur| bhakti,0,0.00021586358
bholenath| bhajan| 2026| shiv,1,0.99791366
bhole| baba| rooth| mat| jana| mujhe| aata| nahin,0,0.00048306058
bhootni| udta| teer| teaser| ayushmann| sara| ali| sachin,0,0.00021586358
bhopal |  court |  years,1,0.9992878
bigg boss 20 bhagirath bhatt,1,0.9992878
biggest| fight| pokemon| legends,0,0.00035873317
biggest| mission| first| light| gameplay,0,0.00023726375
big| breaking| disha| murder| case| live| maharashtra| cbi,0,0.00021586358
big| changes| bgmi| update| download| how,0,0.00022511328
big| mafia| attacked| malibu| mansion| gta| gameplay| 700,0,0.00040918463
bihar| flood| relief| charity| stream,0,0.00021586358
bihar| wali| sannu| kumar| shilpi| raj| saiya| wala,0,0.00021586358
biraha| bazar,0,0.00024012329
birth| death| elemental| villager| minecraft,0,0.00021586358
bishwakarma| pranam| mantra| lyrical| biswakarma| pujor| gaan| bibhabendu,0,0.00023025674
biswakarma| janma| kahani| lord| birth| story| namita| agrawal,0,0.00021586358
biswakarma| mahatmya| sri| charana| sidharth| bhakti,0,0.00021586358
biswakarma| puja| bengali| 2026| nonstop,0,0.00021586358
biswakarma| puja| vishwakarma| gana| sannu| kumar| 2026,0,0.00021586358
bixi| conqueror| streamers| pro| youtubers| 1v4| fastest| clutches,0,0.0003825688
bixi| pro| streamers| conqueror| top| lobby| bgmi,0,0.0003825688
black| animation| big| time| epic| all| stars| boxdraw,0,0.00023726375
black| bng| live| driving| class| beamng| game| play,0,0.00042319676
black| panther| attack| live,0,0.0013897582
black| panther| escaped| gta| live| shorts| shprtsfeed| gtav,1,0.99847215
bloody |  stabbing |  then,1,0.9992878
bloody| politics| teaser| gautham| ram| karthik| anchana| nethrun,0,0.00022511328
blox| fruits| magnet| fruit| insane| sea| rework| live,0,0.00023726375
blox| fruits| magnet| fruit| update| countdown,0,0.00035873317
bmg| mallu| vakkotty| tomboy| mega| epic| snap| trick,0,0.00035873317
bollywood| horror| movie,0,0.00023726375
bollywood| trailers| making| rant| drishyam| haiwaan| prem| keetanu,0,0.00021586358
bol| kanhaiya| krishna| bhajan| jail| mein| janm| liya,0,0.00026849512
bongmedia| darji| mama| ankita| bhattacharya| hit| 2026| rap,0,0.00023726375
booyah| 10000| youtubers| esports| players,0,0.00035873317
booyah| 20000| secretly| hosted| ffmic| tournament| who| won,0,0.00040918463
boro| film| 2026| bboystube| bhumika| daimary| hironya,0,0.0021840294
bose earbuds,1,0.9992878
bot| richest| players| collection| kings| free| fire| telugu,0,0.00040918463
bought| 100| 999| boss| dolphins| gta| dhanu| dino,0,0.00021586358
bought| everything| level| account| roblox| rivals,0,0.00023726375
bought| tiger| then| upgraded| him| 000| god| gta,0,0.00021586358
boys| girls| rivals| roblox| challenge,1,0.9977076
boys| girls| skyscraper| challenge| minecraft,0,0.00021586358
brazil |  traditional |  welcome,1,0.9992878
brb| untold| story| kannada| movie| first| look| teaser,0,0.00022511328
brics currency,1,0.9992878
brighton fc,1,0.9992878
broke| every| single| bone| minecraft,0,0.00021586358
brotherhood| album| pardeep| sran| punjabi| songs| 2026,0,0.00021586358
bse,1,0.9992878
bse share,1,0.9992878
bse share price,0,0.006038314
bts,1,0.99679166
bts| merry| round,0,0.0021840294
bts| mic| drop| fya| stage| cam| iheartradio| music,0,0.0021840294
budhei| osa| mahima| suna| osha| 2026| special| odia,0,0.00033843017
buffalo bills,1,0.9992878
building| stairs| till| moon| roblox,1,0.99791366
building| tower| till| mars| roblox,0,0.00021586358
building| ultimate| stairway| moon,0,0.00021586358
build| sky| base| survive| verity| escape| roblox,0,0.00022511328
built| deadly| car| roblox,0,0.0002530835
built| gta| map| city| cities| skylines,0,0.00023726375
built| largest| military| army| tycoon| roblox,0,0.00025312958
built| safest| base| survive| verity| attacks| roblox,0,0.00022511328
built| stairs| reach| moon| roblox,0,0.00024012329
built| ultimate| army| base| roblox,0,0.00021586358
built| world| strongest| robot,0,0.00023726375
bujji| ganapayya| vinayaka| chaturthi| special| songs| vmc| devotional,0,0.00021586358
bujji| ganapayya| vinayaka| chavithi| special| 2026,0,0.00021586358
bujji| ganapayya| vinayaka| chaviti| bhakti,0,0.00021586358
bujji| ganapayya| vinayaka| songs| telugu,0,0.00026515572
bullet| paji| free| fire| gaming,0,0.00055777904
bumbro| mission| kashmir| hrithik| roshan| preity| zinta| sanjay,0,0.00021586358
burned| down| woodland| mansion| minecraft,0,0.00035873317
cabinet |  clears |  lakh,1,0.9992878
cag,1,0.99922884
canara bank share price,1,0.9992878
candidates |  blank |  cheques,1,0.9992878
can| bunker| survive| anything| roblox,0,0.00027000715
can| escape| dinosaur| dusty| trip| roblox,0,0.0002530835
can| escape| homer| nightmare| roblox,0,0.0002530835
can| girls| play| minecraft| better| then| boys,0,0.00021586358
can| stop| horror| baby| yellow,1,0.99847215
can| stop| playing| steal| egg| roblox,0,0.00035873317
can| survive| most| dangerous| night| bunker,0,0.00023025674
captain |  machchhar |  india,1,0.9992878
captain |  machchhar |  mumbai,1,0.9992878
captain |  smit |  machchhar,1,0.9992878
captain |  smit |  machchhars,1,0.9992878
car,1,0.9955272
caribbean premier league,1,0.9992878
carry| doorbin| become| police| officer| minecraft,0,0.00021586358
carry| doorbin| joined| military| army| minecraft,0,0.00022511328
carry| doorbin| noob| roblox| clone| army| challange,0,0.00021586358
carry| friends| creeper| one| block| battle| minecraft,0,0.00021586358
casa| tupka| anthemo,0,0.0003989816
casa| tupka| anthemo| yoyohoneysingh| priyanshi,0,0.00022511328
cat,1,0.99679166
catfished |  bangkok |  flood,1,0.9992878
cat| 100| 999| biggest| upgrade| ever| dhanu| dino,0,0.00023025674
caught| greyninja| pokemon| legends,0,0.00023726375
caught| scary| monster| hidden| camera| minecraft,0,0.00021586358
ccmb |  study |  infections,1,0.9992878
center| fruit| train| fresh| indian| bikes| driving,0,0.00021586358
centre |  hikes |  rabi,1,0.9992878
century |  beyond |  launches,1,0.9992878
chaap| kora| mein| latest| bhojpuri| teaser| 2026| neelkamal,0,0.00021586358
chacha| day| gift| riya| bhabhi| diya| jack| indian,0,0.00021586358
chaddi| gang| secret| revealed| jack| shin| chan| rescue,0,0.0002392948
chained| together| live| king| sachu| shortslive| chaintogethergame,0,0.00036293417
chained| together| sagar| plays| shortslive| chaintogethergame| sagarplays01,1,0.99874485
chain| together| live| ajaykhutail| shortslive| chaintogethergame,0,0.00042319676
chain| together| live| akhi| shortslive| chaintogethergame,1,0.99874485
chain| together| live| stream| shortslive| chaintogethergame| gaminganup45,0,0.0003402499
chain| together| live| stream| shortslive| chaintogethergame| ninjatime1240,0,0.0003402499
chain| together| mvp| vishu| shortslive| shortsfeed| shots| chaintogethergame,1,0.99874485
chala| gya| aarzoo| khaan| emotional| hindi| sad| 2026,0,0.00026849512
chaliya| anju| sharma| kritika| malik| zaid| radha| krishna,0,0.0021840294
challenging| all| friends| dueling| robux,0,0.00021586358
chal| bahini| shiva| mhatre| sonali| bhoir| ganpati| songs,0,0.00021586358
chal| tere| ishq| mein| gadar| utkarsh| simratt| vishal,0,0.00025307987
chambal| ghati| deep| lather| monika| mishra| jyoti| haryanvi,0,0.00021586358
champion| rush| format| grand| finale| live| fozyajay| iqoo,0,0.00025312958
cham| bolaya| gaman| santhal| gujarati| 2026,0,0.00040807307
chandan| chanchal| dhidiye| thokela| suruti| viral| bhojpuri| 2026,0,0.00088972814
chandi| daal| par| sone| mor| salman| khan| rani,0,0.00021586358
chand| jee| shilpi| raj| mani| meraj| venu| great,0,0.00025312958
chand| paar| chalo| alka| yagnik| udit| narayan| songs,0,0.00021586358
channel| got| hakked| watch| now| munna| bhai| gaming,0,0.00023446445
charcha| pardeep| sran| jashna| gaiphy| punjabi| songs| 2026,0,0.00021586358
charles| monster| train| ajaykhutail| shortslive| chaintogethergame,0,0.0003402499
charlotte fc vs chicago fire fc standings,1,0.9992878
charlotte vs chicago,1,0.9992878
chatni| releasing| sept| malhar| thakar| puja| joshi| saandeep,0,0.00021586358
chaurchan| gana| prakash| sharma| puja| 2026| chauthi| chand,0,0.00051758636
chaurchan| puja| sannu| kumar| chaurachan| gana| geet,0,0.00021586358
cheated| roblox| rivals| extreme| hide| seek,0,0.00021586358
cheated| scary| verity| minecraft| build| battle,0,0.00021586358
cheated| scary| verity| potion| minecraft| entities| fight| battle,0,0.00021586358
cheats| indian| bikes| driving| secret| city| update,0,0.00023726375
chelsea football club,1,0.9992878
cheluveye| ninna| nodalu,0,0.00045287175
cheluve| kele| bail| shiva| rajkumar| dheekshith| sanjana| ajaneesh,0,0.00021586358
chham| chhaam| nache| dekho| krishna| kanhaiya| janmashtami| bhajan,0,0.00021586358
chhathi| maiya| vvaan| sidharth| malhotra| tamannaah| vishal| mishra,0,0.00021586358
chhode| achra| core| milian| plus| support| nibhai,0,0.0003402499
chicken| comeback| tag| reach| bgms| grand| finals| vlog,0,0.00078012847
childhood |  friends |  manu,1,0.9992878
childhood| nightmare| eyes| horror| game,0,0.0003825688
children |  mother |  held,1,0.9992878
chill| camp| free| fire| kya| hai| garena| max,0,0.0003825688
chill| stream| wormate| live| wormateio| shortsfeed| indvspak,1,0.99874485
chimna| badshah| divya| kumar| nagesh| morwekar| neha| khan,0,0.00021586358
choo| chalres| finaly| revenge| save| chotu| dhannoisfire,0,0.00021586358
choo| charles| egg| collection| mission,0,0.00021586358
chop| became| giant| attacked| shinchan| gta5,0,0.00021586358
chori| dil| tera| churayenge,0,0.0004961414
chori| itihaas| alka| yagnik| kumar| sanu| ajay| devgn,0,0.00021586358
chori| maine| bhi| dalaal| mithun| chakraborty| ayesha| jhulka,0,0.00038370033
chunni| mein| sonam| gujari| love| kush| meena,1,0.99817955
chura| dil| mera,0,0.00042549626
citylights| vinay| rajkumar| monisha| vijayakumar| charan| raj| anandaudio,0,0.00023726375
city| girl| village| boy| aur| ladka| garena| free,0,0.0021840294
city| update| indian| bike| driving| flood,0,0.00022511328
claim| naruto| chap| all| free| rewards| para| samsung,0,0.0003825688
claim| naruto| event| all| free| rewards| para| samsung,0,0.0003825688
classrooms| horror| game| horrorgameplay| walkthrough| theclassrooms,0,0.0006685405
classroom| cursed| something| wrong,0,0.00040807307
clayface| final,0,0.00021586358
cleaning| leaf| making| millions| roblox,0,0.00021586358
climbing| most| satisfying| asmr| tower| roblox,0,0.00023726375
clone| army| challenge| roblox,0,0.0002552499
clone| defeat| noobs| roblox,0,0.00021586358
close| yet| far| gdr| finally| champions,0,0.00025312958
coal india share,1,0.9992878
coast |  guard |  banks,1,0.9992878
coastal road mumbai,1,0.9992878
cochin shipyard share,1,0.9992878
collected| every| deleted| item| minecraft| hardcore,0,0.00023726375
collected| every| player| head| minecraft| smp,0,0.00023726375
college |  student |  stabbed,1,0.9992878
coloros 17,1,0.9992878
coming| back| gas| station| after| years,0,0.0003825688
commanders |  conference |  navy,1,0.9992878
commercial |  will |  price,1,0.9992878
como vs rb leipzig,1,0.9992878
compilation| best| shin| giant| monsters| minecraft| coffin| meme,1,0.99817955
completing| world| keyboard| escape| roblox,0,0.00023726375
compound |  archery |  asian,1,0.9992878
comrade| kalyan| teaser| sree| vishnu| mahima| nambiar| janakiram,0,0.00021586358
confirm| next| gold| vault| bundle| gun| para| samsung,0,0.0003825688
confusing| psychological| horror| foghorns| drown,0,0.00025312958
convierto| hombre| mas| fuerte| gta,0,0.00021586358
court |  police |  over,1,0.9992878
court| goli| ankit| baliyan| fiza| choudhary| haryanvi| songs,0,0.00021586358
crash,0,0.00022511328
craziest| fishing| game| ever| played| how| fish,0,0.00025312958
crazy| fan| girls| kidnapped| dash| minecraft,0,0.00022511328
created| wishing| well| steal| villagers,0,0.00021586358
cricket |  only |  batting,1,0.9992878
crip| walk| music| yung| sammy| sambata| one| kind,0,0.00025312958
crore |  gold |  smuggling,1,0.9992878
csr| push| region| 999| 400k| shortslive| verticallive| freefire,1,0.9980636
customers| shapeshifters| shift| midnight,0,0.00035873317
custom| room| 1v1| tdm| classic| gameplay| bgmi| live,0,0.00024771562
cyclone,1,0.9992878
daayra| meghna| gulzar| kareena| kapoor| khan| prithviraj| sukumaran,0,0.00042419072
daayra| review| yogi| bolta| hai,0,0.00022511328
dada| nandamuri| balakrishna| kajal| agarwal| gopichandu| malineni| thaman,0,0.00021586358
dada| nandamuri| balakrishna| kajal| gooichandh| malineni,0,0.0003402499
dakha| jwmwi| lingshar| monalisha| bigrai,0,0.0003825688
dakota,0,0.00021586358
dance| firki| wali| instagram| trending| cover| neelu| maurya,0,0.00025307987
dandalayya| undralayya| coolie| venkatesh| ilaiyaraaja| balu| ganesh| chaturthi,0,0.00021586358
dangerous| atv| driving| challenge| roblox,0,0.00023025674
darad| uthey| lagal| latest| bhojpuri| 2026| samar| singh,0,0.00021586358
daredevil| first| look| plan| change| scene| raaka| theories,0,0.00027000715
darji| music| gurnam| bhullar| mixsingh| jassi| lohka| harry,0,0.00021586358
dark| earth| godzilla| moeder| kaiju| hunting| series| animal,0,0.00022511328
dash| got| billion| diamonds,0,0.00021586358
dating| two| warewolf| girls| minecraft,0,0.00021586358
dattguru| songs| gani,0,0.00033843017
david| 100| tommy| vercetti| security| gta| real| life,0,0.00025312958
day| drinker| 2027| teaser| johnny| depp| madelyn| cline,0,0.00021586358
day| drinker| teaser,0,0.00026849512
day| live| shorts,0,0.00074107177
dead| person| visited| petrol| bunk| midnight| shift,0,0.00035873317
dead| person| visited| shop| midnight| shift| gameplay,0,0.00025312958
dear| crazy| soulmate,0,0.00021586358
death| park| gayi,0,0.00021586358
death| swap| against| pro| smp| players| minecraft,0,0.00025312958
debasilip| biswkarma| nka| aji| janama| pragnyashree| nayak,0,0.00026995412
deepa jewellers ipo gmp today,1,0.9992878
deepak| raj| yadav| karma| jhumar| geet| 2024,0,0.00026995412
deepfake |  video |  claiming,1,0.9992878
deficit |  rainfall |  july,1,0.9992878
dekha| hazaro| dafaa,0,0.00021586358
delhi |  court |  bail,1,0.9992878
delhi |  uses |  crime,1,0.9992878
delimitation |  discontent |  punish,1,0.9992878
dentist |  head |  hands,1,0.9992878
dentist |  roster |  pilots,1,0.9992878
desert| eagle| only| ranked| challenge| free| fire| max,0,0.0003825688
desert| free| style| bundle| ranked| tonde| gamer,0,0.00035873317
destroyed| all| piggybanks| pay| bills,0,0.00023726375
destroyed| girls| civilization| minecraft| smp,0,0.00035873317
destroyed| woodland| mansion| hardcore| minecraft,0,0.00025312958
desu7| hindi| teaser| dev| subhashree| anirban| bhattacharya| ventures,0,0.000660938
desu7| teaser| review| dev,0,0.00023726375
desu| teaser| dev| anirban| bhattacharya| cinema| 16th| october,0,0.00021586358
devaki| nandana| kannada| thursday| special| sri| raghavendra| swamy,0,0.0003573748
dhamaal| ajay| devgn| riteish| deshmukh| arshad| warsi| netflix,0,0.00021586358
dhanda| nyoliwala| gaddafi| music,0,0.00021586358
dhan| bani| maiya,0,0.00027000715
dharmendra| asha| parekh| lata| mangeshkar| rama| duhai| mere,0,0.00042419072
dharti| vari| bhakta| ghari| anand| zala| non| stop,1,0.9980636
dharti| vari| bhakta| ghari| anand| zala| remix,0,0.0011704492
dhire| hrudayare| maunamo| glimpse| antaryami| odia| movie| babushaan,0,0.00027000715
dhood| teaser| yashpal| sharma| alka| amin| vivek| pareek,0,0.0011983721
dhoomakethu| sudhi| maddison| sajin| gopu| nikhila| vimal| ankit,0,0.00021586358
dhruv jurel,1,0.9874888
dhumuhaar| gaan| mcdonald| bhoomi| anurag| saikia| rahul| sharma,0,0.00040918463
difficult| life| zone| pushers,0,0.00022511328
dilbar| ishfaq| kawa| sarfaraz| perry| amo| mudasir| shahid,0,0.00040918463
diljit| dosanjh| devil| intense| hizzy| artist| bro,0,0.00025312958
dilwale| dulhania| jayenge| album| shah| rukh| khan| kajol,0,0.00021586358
dil| ghabrata| hai| aankh| bhar| aati| brother| sister,0,0.00026849512
dil| kahani| dogri| pahari| love| 2026| bishan| dass,0,0.00040918463
dil| kalam| itihaas| hariharan| alka| yagnik| ajay| devgan,0,0.00021586358
dil| lagane| saza,0,0.00042319676
dil| laga| liya| maine| tumse| pyaar| karke| hai,1,0.99817955
dil| laga| liya| maine| tumse| pyaar| karke| lyrical,0,0.0002392948
dil| walon| basti| hai| dance| version| trending,1,0.99817955
din| roz| aune| harbhajan| mann| avkash| cinemas| 9th,0,0.00021586358
din| roz| aune| teaser| harbhajan| mann| avkash| cinemas,0,0.00022511328
diwali| 2026| free| rewards| fire| max,0,0.0003825688
diwali| event| 2026| all| free| rewards| para| samsung,1,0.99385273
diya| bidya| budhi| namita| agrawal| ganeshpuja| special,0,0.00021586358
diya| hai| bidya| jay| ganesh| namita| agrawal| puja,0,0.00021586358
documents |  court |  accused,1,0.9992878
domination| can| horaa| qualify| pmgo| finals| day,0,0.00025312958
donald| dump| unknown| guess| who| wwe| 2k25| live,0,0.00060474017
dont| trouble| telugu| fahadh| fassil| ssara| bhairava| rajamouli,0,0.00021586358
don| miss| blox| fruits| update| here,0,0.00040918463
don| wake| oni| tiger,0,0.00025312958
doomed| empire| one| last| night| preview| simply| sarath,0,0.00040918463
doorbin| become| deadly| dinosaur| minecraft,0,0.00021586358
doorbin| lost| his| memory| minecraft,0,0.00021586358
doraemon| bus| mein| zombie| attack| shinchan| nobita| zombieattack,0,0.00048306058
doraemon| shinchan| got| kicked| out| house| indian| theft,0,0.0006196396
dorothy| ost| jukebox| karthik| subbaraj| ilayaraaja| keerthy| suresh,0,0.00023726375
dorothy| tamil| karthik| subbaraj| keerthy| suresh| ilaiyaraaja,0,0.00021586358
dorothy| telugu| karthik| subbaraj| keerthy| suresh| sananth| rishikanth,0,0.00021586358
doudini| bodo| film| 2026| sangeena| brahma| kanchan| raibel,0,0.001066833
dreamer,0,0.00021586358
drishyam| conclusion| ajay| devgn| tabu| jaideep| abhishek| pathak,1,0.9980636
drishyam| conclusion| reaction,0,0.00023726375
drishyam| conclusion| review| yogi| bolta| hai,0,0.00021586358
drishyam| final| ajay| devgn| tabu| jaideep| ahlawat| abhishek,1,0.99817955
drishyam| impressive| ramayana| serious| danger,0,0.00022511328
drishyam| reaction| suraj| kumar,0,0.00023726375
drishyam| review| deeksha| sharma,0,0.00021586358
drive| jcb| uploading| stone| dumper| truck| game| tractor,0,0.00021586358
drugs |  seized |  iranian,1,0.9992878
dulhaniya| bich| ganesh| 2026,0,0.0003573748
dulla| apollo| juke| box| sunday| music| panjabi| songs,0,0.00022511328
dupahiya| season| gajraj| rao| renuka| shahane| sparsh| shrivastava,0,0.00042419072
durgamma| folk| songs| telugu| mahishasura| mardini| durga| devi,0,0.00060959597
durga| devi| bhakti| songs| durgamma| folk| telugu,0,0.00033288883
durga| puja| 2026| shilpi| raj| devi| geet| barbadi,0,0.00021586358
dusu elections,1,0.9992878
dwarpalo| kanhaiya| keh| remix| krishna| janmashtmi| soundcheck| bass,0,0.00021586358
e,1,0.9992878
earth| godzilla| forest| titan| hunting| series| animal| revolt,0,0.00023726375
eenadu,1,0.9992878
egg| roblox,0,0.00021586358
eghoriya| mon| nrc| zubeen| garg| arnab| bashistha| paplu,0,0.00035873317
ekadantaya| vakratundaya| ganesh| devotional| songs| telugu,0,0.00029763763
ekadantaya| vakratundaya| gauri| tanayaya,0,0.00051148137
ekadashi,1,0.99679166
ekadashi| vrat| aarti| mata| hindi,1,0.99791366
ekam| shivam| nandagovindam| bhajans| jayachandran| harinarayanan| music,0,0.0003825688
ekdantay| vakratunday| gauritanayay| ganpati| songs| bappa| balaji| jahire,0,0.00027631855
eken| kerela| kurukshetra| teaser| anirban| suhotra| somak| hoichoi,0,0.00022511328
elemental| ninja| tower| battle| minecraft,0,0.00021586358
elemental| tunnel| challenge| minecraft,0,0.00021586358
elephant| 000| god| gta| dhanu| dino,0,0.00021586358
email,1,0.99679166
emo| idi| promo| roshan| meka| preity| mukhundhan| sailesh,0,0.00021586358
empire| gujarati| movie| hindustani,0,0.0006196396
empire| hindustani| gujarati| movie| 2026,0,0.00027000715
employee| found| playtime| real| verity| experiment| minecraft,0,0.00021586358
ended,0,0.00078012847
endhayya| saami| ranabaali| vijay| deverakonda| rashmika| rahul| sankrityan,0,0.00021586358
end| choo| charles,0,0.00021586358
end| ghoda| free| fire,0,0.00035873317
energy |  cabinet |  clears,1,0.9992878
enna| vilai| karunaas| nimisha| sam| sajeev| pazhoor,0,0.00021586358
entered| end| defeated| ender| dragon| minecraft,0,0.0003825688
entity| hunting| minecraft,0,0.00025312958
epic| anand| deverakonda| vaishnavi| chaitanya| aditya| haasan| hesham,0,0.00021586358
epic| anand| deverakonda| vaishnavi| chaitanya| hesham| naga| vamsi,0,0.00021586358
epic| battle| prehistoric| elephant| rex| dinosaurs| wild| animals,1,0.99791366
epic| escape| lightning| mcqueen| flame| cannon| drill| construction,0,0.00022511328
epic| escape| lightning| mcqueen| flame| cannon| ramp| construction,0,0.00021586358
epic| escape| lightning| mcqueen| flame| cannon| road| roller,0,0.00021586358
epic| escape| lightning| mcqueen| giant| fire| truck| road,0,0.00021586358
epic| escape| lightning| mcqueen| long| construction| drill| garbage,0,0.00025312958
epic| first| semester| anand| deverakonda| vaishnavi| aditya| haasan,0,0.00021586358
epic| movie| anand| deverakonda| vaishnavi| chaitanya| aditya| hasan,0,0.00026849512
epic| review| barbell,0,0.00022511328
epikism,0,0.00022511328
epl,1,0.9874888
escaped| hardest| prison| spoon| roblox,0,0.00025312958
escaped| using| hot| air| balloon| granny,0,0.00023726375
escape| cookie| eater| granny,0,0.00021586358
escape| grumpy| gran| roblox| granny,0,0.00021586358
escape| ice| cream| man,0,0.00023726375
escape| zombie| city| school| bus,0,0.00021586358
escaping| dinosaur| dusty| trip| roblox,0,0.00021586358
escaping| minecraft| underworld,0,0.00035873317
escaping| tornado| funnel| runner,0,0.00022511328
espncricinfo,1,0.9992878
ethanol |  gadkari |  production,1,0.9992878
ethanungda| title| release| narmada| suraj| kenedy| khuman| nandeswori,0,0.00023726375
evening |  brief |  sept,1,0.9992878
evergreen| songs| 90s| hindi| gana| hit| durga| boss,1,0.99817955
everlasting| retro| hindi| hits| old| classic,0,0.00021586358
every |  domestic |  trips,1,0.9992878
everyone| turned| into| zombies| gta5,0,0.00035873317
everything| about| bgmi| update| top| things| tips| you,0,0.00021586358
every| time| crash| car| upgrades| gta,0,0.00021586358
every| time| crash| monster| truck| jump| higher| gta,0,0.00021586358
every| time| crash| police| car| gets| more| expensive,0,0.00021586358
every| time| crash| taxi| upgrades| gta,0,0.00021586358
evolved| baby| superhero| minecraft,0,0.00021586358
evolving| slowest| fastest| entity| minecraft,0,0.00021586358
explored| minecraft| dimension| manhunt| smp,0,0.0003825688
extreme| road| nepal| towards| delhi| india| many| cows,0,0.0006685405
extreme| thar| crash| superhero| mayhem| shreyashgamer,0,0.00024771562
faced| choo| charles| live| jumpscare| horrorgaming| shorts| shortsfeed,0,0.0006685405
faces |  backlash |  calling,1,0.9992878
fact |  check |  video,1,0.9992878
fake| gaming| free| fire| kallu| kaliya| prank| funny,0,0.00040918463
falana| patoh| music| ankush| raja| shivani| singh| 2026,0,0.00021586358
falana| patoh| teaser| ankush| raja| khushi| tiwari| bhojpuri,0,0.00021586358
fall| guys| s8ul| chat,0,0.00023726375
farmon| jaymin| dabhoda| goga| maharaj| nag| panchami| special,0,0.00036930697
fast| furious| gta| edition| promotions,0,0.00021586358
ffmaml| main| event| group| axb| sea| freefire| freefirelive,0,0.0003825688
ffmic| 2026| fall| grand| finale| rush| watchparty| tag,0,0.00035873317
ffmic| 2026| fall| knockout| stage| day| watch| party,0,0.00035873317
ffmic| 2026| fall| watch| party| last| chance| day,0,0.00023726375
ffmic| 2026| fall| watch| party| last| chance| lan,0,0.00025312958
ffmic| 2026| fall| watch| party| last| chance| s8ul,0,0.00025312958
ffmic| 2026| fall| watch| party| top| kon| karega,1,0.997142
ffmic| fall| grand| finale| champion| rush| watchparty| tag,0,0.00025312958
ffmic| grandfinals| champion| rush| s8ul| elite| tag| tournament,0,0.00022511328
ffws| sea| 2026| fall| grand| finals,0,0.00022511328
ffws| sea| final| watchparty| wiith| nonstop| gaming| bru,0,0.00035873317
fide| chess| olympiad| round| india| azerbaijan| open| kazakhstan,0,0.00021586358
fide| chess| olympiad| round| india| germany| open| uzbekistan,0,0.00021586358
fide| chess| olympiad| round| india| indonesia| open| finland,0,0.00021586358
fide| chess| olympiad| round| india| netherlands| open| poland,0,0.00021586358
fide| chess| olympiad| round| india| spain| open| mongolia,0,0.00021586358
fide| chess| olympiad| round| india| uzbekistan| open| china,0,0.00021586358
fide| chess| olympiad| round| india| uzbekistan| open| usa,0,0.00021586358
fight| gold| fide| chess| olympiad| round| india| hungary,0,0.00021586358
filmy| babe,0,0.0021840294
filmy| babe| masoom| sharma| amar| karnawal| pinna| music,0,0.00035873317
film| talk| dharman| shooting| update| ajith| gladiators| str,0,0.00040807307
film| talk| dharman| update| sigma| baththa| teaser| worth,0,0.00038264907
film| talk| jailer| vettuvam| jackie| sigma| dorothy| teaser,0,0.00038264907
finale| noob| pro| security| tower| build| battle| minecraft,0,0.00035873317
finally| answered| everything| you| asked,0,0.00040918463
finally| became| player| steal| egg| roblox,0,0.00023726375
finally| became| player| steal| egg| roblox| 100| real,0,0.00025312958
finally| bought| supra| mk4| car| sale| expensive,0,0.00025312958
finally| door| escape| gulli| bulli| aur| granny| secret,0,0.00023726375
finally| found| demon| eggs| steal| egg| roblox,0,0.00025312958
finally| found| needle| hay| roblox,0,0.00023726375
finally| killed| ender| dragon| minecraft| vazha,0,0.00040807307
finally| made| onto| top| leaderboard| roblox| steal| egg,0,0.00022511328
finally| michael| killed| tommy| vercetti| gta| real| life,0,0.00035873317
finally| ps5| gaya| yaatri,0,0.00021586358
finally| scooter| escape| gulli| bulli| aur| granny,0,0.00022511328
finally| super| bikes| update| car| sale| simulator| cars,0,0.00025312958
finally| tag| comeback| rntx| elite| nova| dono| tabahi,0,0.00040918463
finally| update| here| bgmi| shortsfeed| shortslive,1,0.998665
finally| update| indian| bike| driving| police,0,0.00035873317
finally| update| indian| theft| auto| simulator,0,0.00023726375
finally| update| spider| fighter| secret| glitch,0,0.00025312958
finally| update| spider| fighter| zerg| queen| invasion,0,0.00022511328
final| boss| came| out| volcano| how| fish,0,0.00038264907
final| day| 7t7t| mumbai| monsoon| league| 2026,0,0.0003402499
finance |  ministry |  crude,1,0.9992878
financer| bintu| pabra| pranjal| dahiya| shiva| choudhary| gunde,0,0.00021586358
finding| every| anomaly| school,1,0.9977076
finding| friends| secret| dark| minecraft,0,0.00021586358
finding| rarest| animal| eggs| roblox,0,0.00038264907
finding| scary| anomalies| high| school,0,0.00022511328
find| girlfriend| free| fire| dhokha| mila| gaming| revange,0,0.00078012847
firki| wali| instagram| trending| dance| cover| neelu| maurya,0,0.00030648202
first| day| camping| went| wrong,0,0.00022511328
first| day| school| went| extremely| wrong,0,0.00038264907
first| ever| mobile| pack| opening,0,0.00021586358
first| free| fire| gameplay| freefire,0,0.00021586358
first| gta| gameplay| here,0,0.00023726375
first| job| titan| chaser| chase| dragon,0,0.00035873317
first| stream| bootcamp| solo| kills| today| bgmi| live,0,0.00035873317
first| time| playing| free| fire| son| tonde| gamer,0,0.00040918463
fishing| island| fun| how| fish| gameplay| vtg,0,0.00043646252
flags |  million |  travis,1,0.9992878
flash flood risk,1,0.9992878
flatbed| mcqueen| transportation| truck| speedbumps| cars| train| beamng,1,0.99791366
flatbed| truck| mcqueen| transportation| pothole| car| 169| beamng,0,0.00025312958
flatbed| truck| mcqueen| transportation| pothole| car| 171| beamng,0,0.00035873317
flatbed| truck| mcqueen| transportation| pothole| car| 173| beamng,0,0.00021586358
flatbed| truck| mcqueen| transportation| pothole| car| 177| beamng,0,0.00040918463
flatbed| truck| mcqueen| transportation| pothole| car| 183| beamng,0,0.00040918463
flatbed| truck| mcqueen| transportation| pothole| car| beamng| drive,1,0.9977076
flesh| blood,0,0.00039890915
flight |  neerja |  machchhar,1,0.9992878
flight |  pilot |  smit,1,0.9992878
flood| school| bus,0,0.00021586358
flydubai |  israel |  news,1,0.9992878
flydubai |  pilot |  incident,1,0.9992878
flydubai |  smit |  machchhar,1,0.9992878
flydubai |  suspends |  flights,1,0.9992878
fly| karke| lyrical| sabba| jasmeen| akhtar| anjali| arora,0,0.00021586358
forced| become| firefighter| roblox,0,0.00024012329
ford| karan| aujla| tru| skool| punjabi| 2026| latest,0,0.00021586358
foreign |  visa |  kerala,1,0.9992878
former |  aiadmk |  minister,1,0.9992878
found| best| rivals| trio| roblox| audition,0,0.00023726375
found| dark| secret| steal| egg| update| roblox,0,0.00023726375
found| duo| roblox| rivals,0,0.00023726375
found| elytra| started| flying| minecraft,0,0.0003825688
found| franklin| jack| michael| body| parts| indian| bike,0,0.0002392948
found| golden| phoenix| ride| pet| roblox,0,0.00025312958
found| hidden| gaming| room| steal| egg| hide| seek,0,0.00022511328
found| hidden| secret| steal| egg| roblox,0,0.00025312958
found| rarest| pet| max| speed| roblox| ride,0,0.00021586358
found| scariest| shin| thomas| arrival| minecraft,0,0.00030648202
found| scary| catnap| worm| minecraft| horror,0,0.00021586358
found| secret| girls| island| minecraft,0,0.00022511328
found| surprising| trio| roblox| rivals| audition,0,0.00022511328
found| villager| secret| base| minecraft,0,0.00021586358
found| way| steal| any| egg| roblox,0,0.00022511328
found| worst| rivals| trio| roblox| audition,0,0.00023726375
found| year| old| minecraft| world,0,0.00021586358
four| seasons| you,0,0.00021586358
frankin| opens| superbike| showroom| gta| shinchan| chop,0,0.00021586358
franklin| ask| question| answers| his| tuition| center| gta,0,0.00021586358
franklin| became| giant| gta| shinchan| tried| save,0,0.00021586358
franklin| became| giant| stop| king| kong| gta| malayalam,0,0.0002552499
franklin| became| harry| potter| gta| telugu,0,0.00021586358
franklin| became| mafia| boss| attacked| military| base| gta,0,0.00021586358
franklin| became| mafia| boss| fought| duggan| entire| army,0,0.00021586358
franklin| became| mafia| gang| fights| duggan| army| gta,0,0.00021586358
franklin| became| police| officer| one| day| gta| malayalam,0,0.0002552499
franklin| became| zombie| saved| his| family| gta| malayalam,0,0.00026995412
franklin| becomes| friends| lava| king| hell| gta,0,0.00021586358
franklin| becomes| richest| police| officer| gta| shinchan| chop,0,0.00021586358
franklin| become| flash| indian| bike| driving,0,0.00021586358
franklin| become| giant| indian| bike| driving,0,0.00021586358
franklin| become| poor| rich| man| indian| bike| driving,0,0.00021586358
franklin| become| poor| rich| man| indian| theft| auto,0,0.00021586358
franklin| become| shinchan| tries| save| gta,0,0.00021586358
franklin| blue| gang| shinchan| red| two| ganeshas| fight,0,0.00021586358
franklin| bought| his| millionaire| mansion| gta| shinchan| chop,0,0.00021586358
franklin| bought| houseboat| escape| huge| tsunami| naddymog,0,0.00022511328
franklin| brings| royal| enfield| his| dealership| telugu,0,0.00021586358
franklin| builds| his| ultimate| mafia| army| gta| shinchan,0,0.00021586358
franklin| builds| secret| bunker| save| shinchan| serbian| dancing,0,0.00021586358
franklin| build| secret| underground| tunnel| escape| zombie| monsters,0,0.00021586358
franklin| built| biggest| workshop| los| santos| dhanu| dino,0,0.00022511328
franklin| built| flying| house| save| shinchan| gta,0,0.00021586358
franklin| buried| someone| gta| mods,0,0.00021586358
franklin| celebrates| ganesh| chaturthi| indian| bike| driving,0,0.0002552499
franklin| changed| house| school| indian| bike| driving,0,0.00021586358
franklin| change| house| giant| hulk| tractor| indian| bike,0,0.0003719619
franklin| chithappu| build| jungle| house| survive| hours| gta,0,0.00021586358
franklin| chithappu| build| wooden| boat| survive| hours| gta,0,0.00024012329
franklin| chithappu| celebrate| ganesha| chaturthi| friends| gta,0,0.00021586358
franklin| climbs| ladder| escape| zombies| 100| days| zombie,0,0.00022511328
franklin| collecting| rare| elemental| cars| gta,0,0.00023726375
franklin| collects| rare| golden| cars| gta| telugu,0,0.00021586358
franklin| colourfull| hulk| indian| bikes| driving,0,0.00021586358
franklin| completed| his| modern| mansion| gta,0,0.00022511328
franklin| destroyed| evil| sun| save| shinchan| gta,0,0.00021586358
franklin| digging| tunnel| indian| bike| driving| gta,0,0.00021586358
franklin| digging| tunnel| minecraft| world| gta| gtav| mods,0,0.0002552499
franklin| discovers| portal| naruto| leaf| village| gta| malayalam,0,0.00023025674
franklin| enter| ice| female| titan| head| fight| lava,0,0.0007790602
franklin| escaped| rising| tsunami| los| santos| gta| mods,0,0.00021586358
franklin| escaping| rising| flood| los| santos| gta| mods,0,0.00021586358
franklin| fights| hell| monster| lava| king| gta| shinchan,0,0.00021586358
franklin| fight| longest| car| ever| gta| mods,0,0.00021586358
franklin| find| mysterious| scary| fish| beach| most| life,0,0.00026995412
franklin| find| squid| doll| babies| horror| tung| sahur,0,0.0002873254
franklin| finished| most| impossible| maze| los| santos| gta,0,0.00021586358
franklin| found| abandoned| bmw| supercars| gta| shinchan| chop,0,0.00021586358
franklin| found| biggest| megalodon| save| los| santos| gta,0,0.00021586358
franklin| found| colourful| train| mystery| container| indian| bikes,0,0.0002392948
franklin| found| fastest| supercar| 100| days| zombie| apocalypse,0,0.00023726375
franklin| found| giant| colourful| spiderman| bike| attacked| zombie,0,0.00021586358
franklin| found| giant| motu| gta,0,0.00023446445
franklin| found| giant| mysterious| hand| print| gta| mods,0,0.00022511328
franklin| found| giant| rgb| defender| indian| theft| auto,0,0.00021586358
franklin| found| gold| inside| his| wall| gta,0,0.00021586358
franklin| found| his| twin| brother| duggan| boss| army,0,0.00021586358
franklin| found| longest| rail| colorful| meat| indian| bikes,0,0.0002392948
franklin| found| longest| rail| monster| head| indian| bike,0,0.00021586358
franklin| found| longest| road| spiderhulk| flashhulk| deadpool| hulk,0,0.00026849512
franklin| found| missing| ironman| body| parts| attacked| hulk,0,0.00026849512
franklin| found| red| devil| body| parts| indian| bike,0,0.000882038
franklin| found| secret| compound| inside| his| house| gta,0,0.00021586358
franklin| found| shinchan| underwater| secret| house| gta| telugu,0,0.00021586358
franklin| found| tung| sahur| gta,0,0.00021586358
franklin| going| flipped| indain| bike| driving| city| gta,0,0.00021586358
franklin| got| hunted| cursed| gold| train| most| shocking,0,0.0002552499
franklin| grann| kamla| squid| doll| evil| house| indian,0,0.0002392948
franklin| has| girlfriend| while| shinchan| family| leaves| him,0,0.00022511328
franklin| house| got| raided| yellow| gang| gta| telugu,0,0.00021586358
franklin| house| mafia| headquarters| gta| dhanu| dino| shin,0,0.00021586358
franklin| house| mafia| headquarters| gta| shinchan| chop,0,0.00021586358
franklin| house| turned| into| frooti| indian| theft| auto,0,0.0003771781
franklin| jails| all| cartoon| characters| indian| bike| driving,0,0.00032971863
franklin| kitcat| house| indian| theft| auto| simulator,0,0.00021586358
franklin| loots| most| expensive| super| bikes| cargo| plane,0,0.00021586358
franklin| made| animal| army| fight| gangs| gta| mods,0,0.00021586358
franklin| mafia| boss| fights| duggan| army| gta| shinchan,0,0.00021586358
franklin| mafia| boss| fights| los| santos| army| gta,0,0.00021586358
franklin| mafia| boss| trapped| duggan| his| twin| brother,0,0.00021586358
franklin| mafia| boss| went| inside| duggan| house| gta,0,0.00021586358
franklin| mafia| joins| families| gang| fight| duggan| army,0,0.00021586358
franklin| mafia| los| santos| gta| shinchan| chop,0,0.00021586358
franklin| mafia| meets| his| biggest| enemy| duggan| gta,0,0.00021586358
franklin| opened| abandoned| containers| found| rare| police| cars,0,0.00022511328
franklin| opens| every| haunted| mystery| container| indian| bike,0,0.0006933692
franklin| opens| every| mystery| container| gta,0,0.00021586358
franklin| opens| his| ferrari| dealership| gta| shinchan| chop,0,0.00021586358
franklin| play| hide| kill| all| colorful| hulks| indian,0,0.00021586358
franklin| play| long| slide| game| red| evil| indian,0,0.0006933692
franklin| rescues| shinchan| kamala| ghost| school| gta| bangla,0,0.00021586358
franklin| saved| shinchan| his| friends| scary| teacher| gta,0,0.00021586358
franklin| saves| his| family| zombie| apocalypse| gta| malayalam,0,0.0002552499
franklin| save| found| dead| pool| baby| indian| bike,0,0.000882038
franklin| save| four| hulk| verity| monster| indian| bike,0,0.00021586358
franklin| save| spider| hulk| change| his| house| indian,0,0.0012177037
franklin| saving| his| house| giant| colourful| verity| indian,0,0.0002392948
franklin| saving| his| iron| hulk| team| verity| monster,0,0.000882038
franklin| saving| his| spider| hulk| team| flash| indian,0,0.000882038
franklin| secured| his| house| save| shinchan| granny| gta,1,0.9980636
franklin| shinchan| big| plan| gone| wrong| ganesh| 2026,0,0.00023025674
franklin| shinchan| built| 000| biggest| river| mansion| gta,0,0.00021586358
franklin| shinchan| built| secret| bunker| escape| serbian| dancing,0,0.00022511328
franklin| shinchan| buy| tata| signa| truck| start| transport,0,0.0006196396
franklin| shinchan| celebrates| vinayagar| chathurthi| world| biggest| ganesh,0,0.00021586358
franklin| shinchan| celebrating| ganesh| visarjan| gta,0,0.00021586358
franklin| shinchan| controls| entire| indian| bike| driving| city,0,0.00021586358
franklin| shinchan| driving| tata| signa| truck| container| start,0,0.00021586358
franklin| shinchan| escape| evil| serbian| dancing| lady| ganesha,0,0.0006196396
franklin| shinchan| escape| serbian| dancing| lady| gta| tamil,0,0.00035873317
franklin| shinchan| fight| against| dangerous| moons| gta| bangla,0,0.0006196396
franklin| shinchan| find| pennywise| inside| their| house| gta,0,0.00021586358
franklin| shinchan| found| chop| puppies| inside| his| secret,0,0.00022511328
franklin| shinchan| found| chop| secret| marriage| his| puppies,0,0.0006196396
franklin| shinchan| found| cursed| thomas| train| gta,0,0.0002530835
franklin| shinchan| found| dinosaur| eggs| rex| attacks| city,0,0.0002552499
franklin| shinchan| found| doraemon| gta,0,0.00021586358
franklin| shinchan| found| his| mom| gta,0,0.00025312958
franklin| shinchan| found| street| dogs| secret| drainage| saved,0,0.00026995412
franklin| shinchan| going| ganesha| temple| avengers| gta| special,0,0.00021586358
franklin| shinchan| his| friends| luxury| bus| picnic| trip,0,0.00021586358
franklin| shinchan| his| friends| opening| mystery| containers| gta,0,0.000660938
franklin| shinchan| joined| indian| bike| driving| city| los,0,0.00021586358
franklin| shinchan| krishna| janmashtami| bus| journey| virat| kohli,0,0.00021586358
franklin| shinchan| make| world| longest| yamaha| bike| help,0,0.00021586358
franklin| shinchan| playing| hide| seek| little| ganesha| gta,0,0.00022511328
franklin| shinchan| playing| spiderman| hide| seek| gta,0,0.00021586358
franklin| shinchan| robot| hulk| zombies| gang| fight| challenge,0,0.00021586358
franklin| shinchan| saved| dangerous| moon| gta| bangla| gameplay,0,0.0007790602
franklin| shinchan| turned| their| house| into| 7up| gta,0,0.00022511328
franklin| shinchan| turned| their| house| into| mirinda| gta,0,0.00024012329
franklin| shin| chan| found| secret| mystery| containers| gta,0,0.000660938
franklin| started| tuition| classes| gta,0,0.000660938
franklin| survives| hardest| acid| rain| gta,0,0.00021586358
franklin| survives| zombie| apocalypse| giant| monster| gta,0,0.00021586358
franklin| testing| cars| giant| speed| bumps| gta| mods,0,0.00022511328
franklin| three| colourful| lady| head| indian| bike| driving,0,0.0002873254
franklin| touch| anything| becomes| diamond| gold| gta| bangla,0,0.0006933692
franklin| trapped| zombies| 100| days| zombie| apocalypse| survival,0,0.00021586358
franklin| tried| 000| water| slide| gta| telugu,0,0.00022511328
franklin| tried| join| green| gang| gta,0,0.00022511328
franklin| tried| learn| kung| gta| mods,0,0.00022511328
franklin| tried| steal| flying| house| gta| mods,0,0.00022511328
franklin| turned| his| home| into| tiny| city| indian,0,0.00021586358
franklin| turned| his| house| into| air| force| base,0,0.00021586358
franklin| turns| his| house| into| secret| military| base,0,0.00021586358
franklin| twin| brother| join| mafia| gang| fight| duggan,0,0.00021586358
franklin| upgraded| his| gym| vip| gta| telugu,0,0.00022511328
franklin| verify| attack| indian| bike| driving,0,0.0007790602
free| bundle| halloween| event| rewards| para| samsung| a10,0,0.0003825688
free| fire| live| 1v1| guild| test| team| code,0,0.0003402499
free| fire| live| daku| freefirelive| shorts,1,0.998665
free| fire| live| grand| finals| 2026| champion| rush,0,0.00025312958
free| fire| live| playing| ranked| awm| speed| game,1,0.9980636
free| fire| live| pritigaming| rank| push| playing| subs,1,0.9980636
free| fire| max| mirzapur| movie,0,0.00021586358
free| fire| max| raushanrohi| khushi| kakkar| nachnagin| jaisan,0,0.00030648202
free| sasuke| bundle| trick| magic| cube| para| samsung,0,0.0003825688
frenklin| city| hounted| blue| train| indian| bike| driving,0,0.0003860084
friday| powerful| kanakadhara| stothram| tamil| lakshmi| kalyanam| deepavadive,0,0.00048306058
friends| became| scary| lunar| moons| minecraft,0,0.00021586358
funniest| animal| prop| hunt| game| ever,0,0.00035873317
funniest| free| fire| memes| 2026| reaction| gamingfreak21,0,0.00035873317
funniest| game| ever,0,0.00025312958
funniest| party| game| ever| played| mimic,0,0.00035873317
further| mis| adventures| cliff| booth| netflix,0,0.00021586358
fused| every| divine| eggs| steal| egg| roblox,0,0.00022511328
gaane| prajapati| kon| alor| swapna| niye| champa| chameli,0,0.00030648202
gajab| kar| dala| mere| kanha,0,0.0003402499
gajamukhane| ganapathiye| ganapati| bappa| morya,0,0.00026849512
gajamukhane| ganapathiye| ganesha| songs| kannada| vinayaka| bhakti,0,0.00030648202
gajamukhane| ganapathiye| ganesh| chaturthi| special| 2026| songs| kannada,0,0.00021586358
gal| gajjela| bandullo| suman| badanakal| srinidhi| pooja| nageshwar,0,0.00021586358
gambhir |  india |  cricket,1,0.9992878
gameplay| aawara| gamer| free| fire| live| freefirelive| freefire,1,0.99816704
games |  medal |  manu,1,0.9992878
game| audio| jukebox| malayalam| dulquer| salmaan| kayadu| lohar,0,0.00023726375
game| over| drishyam| conclusion| ajay| devgn| tabu| jaideep,0,0.00021586358
game| success| malayalam| dulquer| salmaan| nahas| hidhayath| wayfarer,0,0.00021586358
gam| ganapataye| namaha| ganapathi| bhakti| songs| telugu,0,0.00021586358
ganapathi| 2026| nampally| raja| nalgonda| gaddar| narsanna| ravi,0,0.00021586358
ganapathi| sankashta| stuthi| latha| hamsalekha| lyrical,0,0.00021586358
gana| dhav| abhijeet| sawant| tanvi| kolte| sanket| sane,0,0.00021586358
gandhi |  sonia |  surprise,1,0.9992878
ganesh,0,0.00021586358
ganesha| habbada| vishesha| bhakthigeethegalu| audio| jukebox| ganesh| chaturthi,0,0.00021586358
ganesha| janma| katha| sri| charana| gajanananka| kahani| ganesh,0,0.00021586358
ganesh| aarti| jai| deva,0,0.00021586358
ganesh| aarti| jai| deva| ganpati| aart,1,0.99817955
ganesh| aarti| sukhkarta| dukh| harta| ganpati| ganapati| bappa,0,0.0006196396
ganesh| bhajan,0,0.00021586358
ganesh| bhajan| 2026,1,0.99791366
ganesh| chaturthi| 2026| special| jukebox| super| hit| telugu,0,0.00026849512
ganesh| chaturthi| shrikant,0,0.00021586358
ganesh| chaturthi| special| 2026| ganpati| bappa| morya,0,0.00048306058
ganesh| chaturthi| special| 2026| ganpati| bappa| morya| vakratundaya,0,0.00021586358
ganesh| chaturthi| special| bhajan,1,0.9977076
ganesh| chaturthi| special| ganesha| bhakti| songs| kannada,0,0.0003147826
ganesh| chaturthi| special| manohar| burman| bhajan,0,0.00023025674
ganesh| mantra| 108| times| gan| ganpataye| namo| namah,1,0.99817955
ganesh| mantra| odia| gan| ganpataye| namo| namah| 108,0,0.00047091395
ganesh| songs| vinayaka| chavithi| special| ganapati| bhakthi| patalu,0,0.00025307987
ganesh| tera| chuha| haye| daiya| bhajan| 2026,0,0.00026849512
ganesh| vandana| jai| deva| ganpati| bappa| morya| ganesha,0,0.00021586358
ganesh| visarjan| bhajan| 2026,0,0.00021586358
ganesh| visarjan| dance| jukebox| music| ganpati| songs| deva,0,0.00021586358
ganpati| aaj| padharo| bhajan| gujarati| shri| ramaji| dhun,0,0.00030648202
ganpati| aayo| bapa| riddhi| siddhi| layo,0,0.00046912272
ganpati| aayo| bapa| riddhi| siddhi| layo| songs| gujarati,0,0.0002552499
ganpati| apne| gaon| chale| agneepath| gane| songs| visarjan,1,0.99817955
ganpati| apne| gaon| chale| agneepath| visarjan| songs| bhakti,0,0.00021586358
ganpati| apne| gaon| chale| ganesh| visarjan,0,0.00026849512
ganpati| atharvashirsha| times,0,0.00033288883
ganpati| bappa| moriya| armaan| malik| payal| kritika| zaid,0,0.00023726375
ganpati| bappa| morya| ganesh| bhajan| bhakti,0,0.0003485617
ganpati| bappa| morya| ganesh| chaturthi| special,0,0.00021586358
ganpati| bappa| morya| nonstop| dandiya| raas| hemant| chauhan,0,0.00021586358
ganpati| bappa| morya| nonstop| festive| hits| sukh| karta,0,0.00021586358
ganpati| bhajan| gujarati,0,0.00021586358
ganpati| bhaktigeete| hey| ganraya| sansari| majhya| tseriesbhaktimarathi,0,0.00021586358
ganpati| gani| songs,0,0.00026849512
ganpati| lage| najariya,0,0.0002392948
ganpati| lyrical| ganesh| lyrics| aayo| bapa,0,0.0002392948
ganpati| raksha| karen,0,0.00060080056
ganpati| raya| padte| paya| ganesh| devachi| gani,0,0.00026995412
ganpati| sewa| mangal| mewa| anuradha| paudwal| ganesh| aarti,0,0.00038505392
ganpati| songs| marathi| sankashti| chaturthi,0,0.0004086471
ganpati| thad| sheri| vadavi| saj| karu,0,0.00060080056
ganpati| thal| bappa| jamva| aavo| ganesh| chaturthi| special,0,0.00021586358
ganpati| thal| ganesh| chaturthi| 2026| special,0,0.00021586358
ganpati| thal| jamva| padharo| dada| ketlik| varche| gujarati,0,0.00021586358
ganpati| visrajan| 2026,0,0.0002552499
garbe| haal| geeta| rabari| roopal| shah| gujarati| garba,0,0.00021586358
gaurai| maher| vasini| manachi| marathi| gauri| mangalagauri,0,0.00030648202
gaurichi| nonstop| gaani| 2026,0,0.000463933
gauri| aagaman| songs| marathi| geet| ganpati,0,0.00026849512
gauri| ganpati| geete| tseriesbhaktimarathi,0,0.0004086471
gauri| ganpati| special| jukebox| nonstop| marathi| devotional| songs,0,0.00041009978
gauri| geet| 2026| aala| neyala| maherala| anuradha| paudwal,0,0.00030648202
gauri| lala| dukalu| yadav| kanchan| joshi| chhattisgarhi| superhits,0,0.00021586358
gause| azam| qawwali| 2026| gaus| pak| kavvali| 2025,0,0.00021586358
geopolitical |  tensions |  high,1,0.9992878
getting |  india |  rich,1,0.9992878
ghode| lagam| lucky| udaan| abhi| silariya| ramdev| 2026,0,0.00021586358
ghostface| killah,0,0.00078012847
ghostface| killah| sidhu| moose| wala| mxrci| navkaran| brar,0,0.00040918463
ghost| hunters| back| phasmophobia,0,0.0003825688
ghost| hunting| phasmophobia| gang| charity| nepal| odisha,0,0.00022511328
ghost| hunting| phasmophobia| gang| hok| later,0,0.00021586358
ghotala| swata| ajya| siddhya| waghmare| khushi| aman| langarya,0,0.009232293
giant| black| takala| baby| gang| pink| epic| battle,0,0.0003573748
giant| blue| takala| baby| gang| epic| battle| indian,0,0.0003863913
giant| chacha| gang| jack| indian| theft| auto| simulator,0,0.00059557025
giant| rainy| cloud| destroyed| city,0,0.00021586358
gifted| him| his| dream| bundle,0,0.00022511328
gift| noob| friend| most| rarest| pet| steal| egg,0,0.00022511328
gill |  hits |  double,1,0.9992878
giribala |  singhs |  dowry,1,0.9992878
girlfriend| need| surgery| minecraft,0,0.00021586358
gita| dash| parswa| paribartana| ekadashi| sidharth| bhakti,0,0.00021586358
gladiators| ajith| kumar| prakash| theater| response| reaction,0,0.00021586358
gladiators| ajith| kumar| prakash| vijay| racing,0,0.0007790602
gladiators| ajith| kumar| theatre| reaction| celebration,0,0.00021586358
gladiators| ajith| movie| tamil| live| dare| devil| thala,0,0.0002794546
gladiators| celebration| rohini| theatre| response| thala,0,0.00021586358
gladiators| documentry| experience,0,0.00030648202
gladiators| movie| tamil| ajith| kumar| racing| vijay| prakash,0,0.00022511328
gladiators| racing| ajith| kumar| gladiator| race| begins,0,0.00022511328
gladiators| response| thala| ajithkumar| racing| documentary| trending| fyp,0,0.00021586358
gladiators| teaser| ajith| kumar| director| vijay| prakash| cancept,0,0.00021586358
gladiator| ajith| kumar,0,0.00021586358
gladiator| casino| theatre| experience| ajith| kumar| shalini| prakesh,0,0.00021586358
gleiker mendoza,1,0.9992878
godzilla| family| devil| community| hunting| series| animal| revolt,0,0.00035873317
godzilla| minus| zero| filmed| imax,0,0.00021586358
godzilla| minus| zero| tamil| breakdown,0,0.00025312958
godzilla| nemesis| shimo| all| kaiju| hunting| series| animal,0,0.00023726375
godzilla| strongest| gold| gta,0,0.00021586358
godzilla| team| king| kong| hunting| series| animal| revolt,0,0.00022511328
goga| maharajni| aarti| rohit| thakor| nagpachami| special| lyrical,0,0.00059259473
going |  flydubai |  captain,1,0.9992878
going| into| scary| entities| secret| dream| minecraft,0,0.00022511328
gokula| krishna| gokulamlo| seetha| pawan| kalyan| raasi| spb,0,0.00021586358
gokul| baje| badhai| sandeep| kapoor| roshni| pandey| krishan,0,0.0003573748
gola |  crushing |  googoo,1,0.9992878
gold |  price |  prediction,1,0.9992878
golden| bhagyam| telugu| satya| yogi| babu| pawan| basamsetti,0,0.00021586358
golden| bhagyam| title| teaser| satya| yogi| babu| pawan,0,0.00021586358
gold| rush| khalifa| prithviraj| sukumaran| malvika| sharma| jakes,0,0.00021586358
goli| bng| game| live| driving| class| beamng| play,0,0.0003402499
gonna |  save |  flydubai,1,0.9992878
good |  foundation |  indias,1,0.9992878
good| luck| charm| gulab| sidhu| jasmeen| akhtar| jang,0,0.00023726375
good| morning,0,0.00024012329
google |  launches |  gemini,1,0.9992878
gora| ruth| gayi| pihar| chali| shiv| gaura| bhajan,1,0.99817955
got| admin| powers| break| every| egg| steal| roblox,0,0.00022511328
got| adopted| creeper| minecraft,0,0.00021586358
got| dream| job| railway| chai| wala| indian| horror,0,0.00035873317
got| every| eternal| egg| steal| roblox,0,0.00022511328
got| every| secret| hidden| eggs| roblox| steal| egg,0,0.00023726375
got| john| cena| challenge| clash| clans,0,0.00023726375
got| kicked| bodybuilder| villagers| minecraft,0,0.00021586358
got| mysterious| bundle| solo| squad| gameplay,0,0.00040918463
got| naruto| bundle| very| low| diamonds| semma| luck,0,0.00043646252
got| revenge| steal| egg,0,0.0002530835
got| trapped| inside| haunted| elevator,0,0.00078012847
govinda,1,0.9992878
govinda| naamamam,0,0.0005426487
govinda| namalu| easy| lyrics| tirumala| darshan| srinivasa| venkateswara,0,0.0004086471
govinda| namalu| length,0,0.0004086471
govinda| namalu| original| hari| saturday| special| venkateswara| songs,0,0.00025307987
govinda| namalu| telugu| lyrics| lord| venkateswara| devotional| songs,0,0.000463933
govinda| namalu| telugu| lyrics| venkateswara| swamy| songs,0,0.0004735464
grandmaster| live| rank| push| free| fire| telugu| munna,1,0.99791366
grand| finale| champions| rush| 110| freefire| freefirelive| gyangaming,0,0.00025312958
grand| finale| live| fozyajay| iqoo| iqooz11,0,0.00025312958
grand| finale| tournament| live| iqoo| total| gaming| esports,0,0.00023726375
granny| becomes| godzilla| evolved,0,0.00023726375
granny| grandpa| army| verity| house| funny| horror| animation,0,0.00021586358
granny| grandpa| robot| legacy| day| shortslive| shortsfeed,1,0.99874485
granny| grandpa| spider| man| rides| quad| bikes| house,0,0.00021586358
granny| grandpa| spider| man| rides| tractors| house| funny,0,0.00021586358
granny| horror| game| live| shortslive| shorts| gaming| gabruislive,1,0.99874485
granny| hot| air| balloon| escape| karliya,0,0.00022511328
granny| house| update| indian| bike| driving,0,0.00022511328
granny| live| gameplay| shorts| shortsfeed| horror| shortslive,1,0.99847215
granny| live| gameplay| shorts| shortsfeed| shortslive| horror,1,0.99837494
granny| live| horror| gameplay| grandpa| shortsfeed,0,0.0003402499
granny| live| horror| gameplay| shortslive| shortsfeed| ishowspeed| short,0,0.001141656
granny| live| thriller| horror| gamepaly| sus| guy| grannygame,1,0.99791366
granny| live| thriller| horror| gameplay| sus| guy| grannygame,0,0.00030715714
granny| pregnant| franklin| doctor| gta| gtav| mods,0,0.00021586358
granny| sabse| dangerous| house| door| live,0,0.0003081109
granny| sabse| dangerous| house| live,1,0.99847215
granny| sinchan| kidnap| kar| liya| indian| theft| auto,0,0.0006196396
granny| spider| kid| verity| house| funny| horror| animation,0,0.00021586358
granny| spider| man| grandpa| rides| quad| bikes| house,0,0.00021586358
granny| train| jack| hamla| indian| auto| theft| simulator,0,0.00030648202
granny| train| machaya| tabahi| indian| auto| theft| simulator,0,0.00021586358
granny| update| balloon| escape,0,0.00035873317
granny| update| vent| escape| spider| mom| hand| canon,0,0.00025312958
great| warriors| masoom| sharma| amar| karnawal| pinna| music,0,0.0003825688
green| dimond| house| indian| theft| auto| simulator,0,0.00021586358
green| hulk| family| red| venom| franklin| indian| bike,0,0.000882038
grew| super| long| tongue| roblox,0,0.00021586358
grey| hair| treatment,0,0.00021586358
grind| bmsd| day| godlsaum4y,1,0.9977076
grind| bmsd| day| godlsaum4y| raven| championship| series,0,0.00023726375
gta5| shinchan| arranges| meenu| franklin| wedding| los| santos,0,0.0005978628
gta5| shinchan| fills| franklin| swimming| pool| chocolate| gta,0,0.00023025674
gta5| shinchan| frooti| here| franklin| start| mango| juice,0,0.00027000715
gta| chennai| using| chatgpt| making| tamil,0,0.00035873317
gta| daily| chill| stream| chaos| live| gta5| shorts,1,0.99874485
gta| dimaag| hila| diya| grand| theft| auto| gameplay,0,0.00022511328
gta| end| spider| man| telugu,0,0.00021586358
gta| epic| water| ragdolls| spiderman| jump| fails| shorts,0,0.00054937025
gta| every| jump| higher| mods,0,0.00022511328
gta| extended| look| years| later| back,0,0.00022511328
gta| extended| tamil| breakdown,0,0.00025312958
gta| franklin| biggest| plan| escape| prison| mods,0,0.00022511328
gta| franklin| meets| serbian| dancing| lady| vinayagar| chaturthi,0,0.00023025674
gta| franklin| rescues| spiderman| serbian| dancing| lady| tamil,0,0.00024012329
gta| franklin| shinchan| built| giant| ice| cream| fun,0,0.00021586358
gta| franklin| shinchan| built| secret| bunker| escape| kamla,0,0.00021586358
gta| franklin| shinchan| built| secret| bunker| escape| serbian,0,0.00021586358
gta| franklin| shinchan| celebrating| vinayaka| chavithi| festival| telugu,0,0.00021586358
gta| franklin| shinchan| facing| biggest| tsunami| los| santos,0,0.00021586358
gta| franklin| shinchan| found| monster| mosquito| fun| bommalu,0,0.00021586358
gta| franklin| shinchan| gets| whatever| draws| magical| painting,0,0.00021586358
gta| franklin| shinchan| open| all| mystery| containers| telugu,0,0.0002552499
gta| franklin| shinchan| upgrade| their| noob| car| god,0,0.00022511328
gta| franklin| tried| hide| ghost| mods,0,0.00022511328
gta| game| here| yaatri,0,0.00021586358
gta| heist| techno| gamerz| carryminati,0,0.00022511328
gta| live| 100,1,0.9982767
gta| live| 100| cars| monster| train,1,0.99874485
gta| live| 100| cars| train,1,0.99874485
gta| live| 100| who| will| survive| shortsfeed| shortslive,1,0.99874485
gta| live| black| panther| hunting| mountain| lion| challenge,0,0.00042319676
gta| live| crazy| missions| funny| moments| prime| gourav,1,0.99847215
gta| live| don| blink| secret| mod| activated| 133,0,0.00054937025
gta| live| don| blink| secret| mod| activated| 135,0,0.0004967111
gta| live| don| blink| secret| mod| activated| 143,0,0.0006685405
gta| live| don| blink| secret| mod| activated| 144,0,0.0006685405
gta| live| don| blink| secret| mod| activated| 148,0,0.000460735
gta| live| don| blink| secret| mod| activated| 161,0,0.0006685405
gta| live| don| blink| secret| mod| activated| gta5,1,0.99874485
gta| live| don| blink| secret| mod| activated| gtalive,1,0.99874485
gta| live| don| blink| secret| mod| chaos| unleashed,0,0.00042419072
gta| live| don| blink| used| secret| mod| stream,0,0.00060474017
gta| live| funny| epic| gameplay| gta5| gtav| gaming,0,0.0003402499
gta| live| gameplay| challenges,0,0.00042319676
gta| live| gamer| gtalive| gtaonline| gta5| gtav| gaming,1,0.99874485
gta| live| gta5| gtav| gaming,1,0.99874485
gta| live| gta5| shortsfeed| shorts| gaming,1,0.99874485
gta| live| gta5| shortsfeed| viral| technogamerz,1,0.99874485
gta| live| gta5| shortslive| gaming,1,0.99847215
gta| live| hr20| gamerz| gta5| gtav| gaming,1,0.99874485
gta| live| mountain| lion| black| panther| hunting| challenge,0,0.00042319676
gta| live| mountain| lion| panther| hunting| challenge| shorts,0,0.0003402499
gta| live| mrrajaplay| gta5gameplay| viralshorts| streamer,0,0.0006685405
gta| live| mrrajaplay| gtalive| gtaonline| gta5| gtav| gaming,1,0.99847215
gta| live| parkour| mrrajaplay| gtalive| gtaonline| gta5| gtav,1,0.99874485
gta| live| royal| sumeet| shortslive| shortsfeed| gta5| gtaonline,0,0.00048676855
gta| live| shortsfeed| shortlive| gta5| shorts,1,0.99847215
gta| live| shortsfeed| shortslive| shorts| gta5,1,0.99847215
gta| live| shortslive| shortsfeed| gta5| gtagameplay,1,0.99874485
gta| live| shortslive| shortsfeed| gta5| gtagameplay| gtaonline,1,0.99874485
gta| live| shorts| gta5| gaming,0,0.00042419072
gta| live| stopping| train| gta5| gtaonline| gta5mods| shortsfeed,1,0.998665
gta| live| stream| gtav| gaming| livestream| livegaming| gtavlive,1,0.99874485
gta| live| today| something| crazy| will| happen,0,0.0013897582
gta| live| train| 100| luxury| cars,1,0.99874485
gta| live| white| mountain| lion| hunting| challenge| shorts,0,0.0003928879
gta| races| live| gang,0,0.00022511328
gta| rampage| shinchan| went| subway| surfers| world| fun,0,0.00021586358
gta| shinchan| franklin| starting| billion| dollar| milk| business,0,0.00021586358
gta| trial| live| mega| ramp| fun| gaming,0,0.0003402499
gta| zombie| apocalypse| begins| franklin| trapped| city| telugu,0,0.00021586358
guild| war| masti| live| tls| warrior| stream| freefire,0,0.00021586358
guitarist,0,0.00021586358
gujarati| ramdevpir| bhajan| 2026,0,0.00047091395
gumthalagala| paradise| nani| keerthy| suresh| anirudh| ravichander| srikanth,0,0.00022511328
gunjan| singh| shilpi| raj| rangdari| hamre| rahi| bhojpuri,0,0.00021586358
gunmaaster| teaser| emraan| genelia| aparshakti| aditya| datt| himesh,0,0.00021586358
gunratan| sadavarte| live,0,0.00048306058
gurgaon| filmy| amor| haryanvi| 2026| real| music,0,0.00021586358
gurugram,1,0.9955272
guruvara| banthamma| kannada| sri| guru| raghavendra| swamy| devotional,0,0.0002392948
guruvara| banthamma| sri| raghavendra| swamy| kannada| devotional| songs,0,0.00030648202
guru| randhawa| eyes,0,0.00021586358
guzarish| audio| satinder| sartaaj| bhushan| kumar,0,0.00021586358
guzarish| lyrical| satinder| sartaaj| bhushan| kumar,0,0.00021586358
gyangaming| gta| live,1,0.99791366
gyi| shyam| deewani| log| mujhe| tane| mare,0,0.00048306058
gym| skyblock| battle| minecraft,0,0.00021586358
haal| kya| hai| dilon| poocho,0,0.00067035435
haan| daan| maange| aditya| gadhvi,0,0.00025312958
haathi| ghoda| palki| jai| kanhaiya| lal,0,0.00021586358
hacked| into| freinds| account| steal| egg| roblox,0,0.00022511328
haiwaan| akshay| kumar| saif| ali| khan| boman| shriya,0,0.00021586358
halak| gya| gurjas| sidhu| deepak| dhillon| pooja| rajput,0,0.00021586358
hansraj| raghuwanshi| deva| ganesh| chaturthi| special| bhajan| 2026,0,0.00021586358
hansraj| raghuwanshi| vrindavan| hawaaon| mein| krishna| janmashtami| special,0,0.00025312958
hantu| hamood| habibi| kamla,0,0.00021586358
hanuman ansh box office,1,0.9992878
hanuman| bhajan| 2026,0,0.00021586358
hanuman| bhajan| balaji| 2026,0,0.0002873254
hanuman| chalisa| anjaneya| bhakti| songs| telugu,0,0.0003517019
hanuman| chalisa| anjaneya| dandakam| songs| telugu,0,0.00049971195
hanuman| devotional| telugu,0,0.00021586358
hanuman| subrahmanya| sahasranamam| telugu,0,0.00030648202
hanuman| sunderkand,0,0.00048638912
happiest minds share price,1,0.99922884
happy| birthday| kanha| krishna| special| janmashtami,0,0.00021586358
happy| birthday| you| lakhbir| singh| lakkha| trending| janmashtami,0,0.00021586358
happy| journey| shekar| chandra| annapurna| aamani| jhansi| vamsi,0,0.00021586358
happy| teacher| day| 2026| thank| you| teachers| hindi,0,0.0002392948
happy| teacher| day| songs| guru| bhajan| 2026teachers,0,0.00025307987
hardest| granny| escape| together| challenge| ever| grannygame,1,0.99847215
hare| krishna| rama| mahamantra| positive| energy| devotion| powerful,0,0.00021586358
hare| krishna| rama| mahamantra| powerful| ram| chant| positive,0,0.00051148137
harry| potter| philosopher| stone| breakdown| parents| voldemort| quidditch,0,0.00021586358
harry| potter| philosopher| stone| tamil| breakdown,0,0.00023726375
harry| potter| philosopher| stone| teaser| hbomaxasia,0,0.00021586358
harry| potter| philosopher| stone| teaser| hbo| max,0,0.00023726375
harry| potter| philosopher| stone| teaser| reaction,0,0.00022511328
harsh| legit| kratos| knight| lobster| fire| bmsd| day,0,0.00025312958
haryane| aale| sumit| goswami| kumkum| khatri| shine| haryanvi,0,0.00035873317
haryanvi| songs| pranjal| dahiya| renuka| pawar| ajay| hooda,0,0.00030648202
hatah| teaser| kiran| abbavaram| rahman| kushlu| thanuja| youwe,0,0.00021586358
hate| you| baby| singer| raju| sahis| janani| purulia,0,0.00038264907
hathi| ghoda| palki| jai| kanhaiya| lal| jeetu| sharma,0,0.00021586358
hathi| ghoda| palki| jai| kanhaiya| lal| nonstop| janmashtami,0,0.00023025674
hathkadiyan,0,0.00025312958
hathkadiyan| amanraj| gill| pragati| gauhar| dhillon| haryanvi| songs,0,0.00025312958
hayi| shawa| music| gulab| sidhu| punjabi| 2026,0,0.00021586358
hcl tech share price,1,0.9992878
hdfc bank share price,1,0.9992878
hdfc share price,1,0.9992878
head| criminal| venom| franklin| indian| bike| driving,0,0.0002392948
hearing |  does |  your,1,0.9992878
heartbreak |  volleyball |  india,1,0.9992878
heart| touching| ganesh| bhajan| 2026| ganpati| bappa| morya,0,0.00021586358
heggana| muddu| poornachandra| mysore| avinash| balekkala| daali| pictures,0,0.00023726375
hero motors ipo gmp,1,0.9992878
hero motors share price,1,0.9992878
hero |  indian |  captain,1,0.9992878
hero |  trump |  hails,1,0.9992878
herobrine| null| died| minecraft,0,0.00021586358
heropanti| rabba| mohit| chauhan| tiger| shroff| kriti| sanon,0,0.00021586358
highs| lows| everything| between| bgms| super| weekend| vlog,0,0.0021840294
high| jump| power| escape| roblox,0,0.00035873317
high| level| chhori| main| chhora| zamindara| parveen| chouhan,0,0.00039890344
high| stakes| game| malayalam| dulquer| salmaan| jakes| bejoy,0,0.00021586358
high| voltage| nalgonda| gaddar,0,0.00027000715
himlands| end| killwish| ep14| minecraft| smp,0,0.0003825688
hindi| best| old| remix| bollywood| non| stop| 2026,1,0.99817955
hindi| bmsd| 2026| qualifiers| week| day| bgmilive,1,0.99791366
hindi| champion| rush| grand| finals| tez| ffmic| 2026,0,0.00022511328
hindi| gaana| sadabahar| purane| gane| mp3| filmi| gaane,0,0.00029763763
hindi| gana| evergreen| purane| gane| sadabahar| filmi| 90s,1,0.99817955
hindi| gana| sadabahar| purane| gane| mp3| filmi| durga,0,0.00026849512
hindi| live| india| afghanistan| 3rd| t20| afg| ind,0,0.00021586358
hindi| live| india| west| indies| 1st| odi| ind,0,0.0003402499
hindi| live| india| west| indies| 2nd| odi| ind,0,0.0003402499
hindi| madhavan| sathyaraj| jayaram| netflix| india,0,0.00021586358
hindi| point| rush| grand| finals| tez| ffmic| 2026,0,0.00022511328
hindi| tez| ffmic| 2026| fall| knockout| stage| week,1,0.99791366
hindustan copper share price,1,0.99922884
hired| two| guards| protect| roblox| rivals,0,0.00022511328
hockey |  latest |  news,1,0.9992878
home| same| jonny| officially| face| kick,0,0.0021840294
honey| singh| casa| tupka| pankha| fast| mashup| phenom,0,0.00022511328
hong kong vs malaysia,1,0.9992878
hood| ambience| music| navaan| sandhu| punjabi| songs| 2026,0,0.00021586358
horilwa| nilotpal| mrinal| folk| cafe,0,0.0003825688
horror| game| granny| shortslive| shorts| live| gaming| ericislive,1,0.99847215
horror| granny| game| shortslive| shorts| live| gaming| zoneout,1,0.998665
horror| jcb| bus| horurr| fire| brigade| franklin| indian,0,0.0003719619
hotel |  hyderabad |  woman,1,0.9992878
hotstar| specials| hunkkaar| roar| 25th| september| jiohotstar,0,0.00021586358
hotstar| specials| hunkkaar| roar| teaser| 25th| september| jiohotstar,0,0.00021586358
hot| air| ballon| escape| granny| chapter,0,0.00021586358
houthis| attack| saudi| arabia| live| breaking,0,0.00032328235
how| banned| corrupt| admin| using| illegal| items,0,0.00023726375
how| build| wool| factory| minecraft| hardcore,0,0.00040918463
how| complete| naruto| nine| tails| strikes| mission| september,0,0.00035873317
how| destroyed| entire| minecraft| civilization,0,0.00023726375
how| exposed| underwater| gang| minecraft| smp,0,0.00035873317
how| found| lost| weapon| minecraft| smp,0,0.00023726375
how| minecraft| mobs| act| when| you| leave,0,0.00022511328
how| minecraft| mobs| act| when| you| leave| game,0,0.00021586358
how| obtained| fortune| pickaxe| minecraft| hardcore,0,0.0003825688
how| pak| loving| karan| johar| became| basher| udta,0,0.00025312958
how| saved| world| largest| minecraft| server,0,0.00025312958
how| tag| climbed| back| group| bmsd| vlog,0,0.00078012847
how| took| over| titan| only| minecraft| smp,0,0.0003825688
hrithik| roshan| hombale| films| trailers| ramayana| deeksha| sharma,0,0.00021586358
hul share price,1,0.9992878
hulibeera| rural| anjan| chaitra| thotada| vanu| patil| rangayana,0,0.00035873317
hunterz| did| again| can| godl| tag| qualify| playoffs,0,0.0003825688
hunterz| one| man| army| domination| playoffs| day,0,0.0003825688
hyundai |  records |  monthly,1,0.9992878
iaf,1,0.9992878
iari| wanpli| jngai| phi| music,0,0.0021840294
ibd3d| franklin| found| spider| man| secret| base| indian,0,0.00022511328
icici bank share price,1,0.9992878
idiots| trapped| pennywise| carnival| devour,0,0.0003825688
ifci share price,1,0.9992878
ikk| munda| sheera| jasvir| officials| deep| kila| haans,0,0.00021586358
ilaiyaraja| vinayagar| chaturthi| saamy| varuthu| mano| udan| pirappu,0,0.00021586358
imli| boota| beri| ped| saudagar| dilip| kumar| raaj,0,0.00021586358
immortal| telugu| prakash| kayadu| lohar| sam| mariyappan| chinna,0,0.00021586358
impossible| zoo| missions| live| zoonomaly| granny| shorts| shortsfeed,1,0.99874485
ind vs wi,1,0.9992878
india national cricket team vs west indies cricket team players,1,0.9992878
india vs west indies,1,0.9992878
india |  asian |  games,1,0.9992878
india |  bags |  silver,1,0.9992878
india |  china |  women,1,0.9992878
india |  efta |  partnership,1,0.9992878
india |  factory |  growth,1,0.9992878
india |  geopolitical |  tensions,1,0.9992878
india |  launching |  into,1,0.9992878
india |  medals |  asian,1,0.9992878
india |  pakistan |  hockey,1,0.9992878
india |  proud |  captain,1,0.9992878
india |  proud |  modi,1,0.9992878
india |  september |  goods,1,0.9992878
india |  squash |  match,1,0.9992878
indian post gds,1,0.9992878
indian |  automakers |  stronger,1,0.9992878
indian |  hails |  hero,1,0.9992878
indian |  refiners |  change,1,0.9992878
indian |  share |  benchmarks,1,0.9992878
indian| bike| driving,1,0.99817955
indian| bike| driving| ramp| challenge,1,0.99874485
indian| theft| auto| simulator,0,0.00030648202
indian| theft| auto| simulator| gameplay,1,0.99817955
indian| truck| drivers| gameplay| shortsfeed| shortslive| shorts| ets2,0,0.0003402499
indias |  ujjain |  tense,1,0.9992878
ind| 1st| match| gameplay| vaibhav| abhishek| sharma| shreyas,0,0.00026849512
ind| afg| 2nd| t20| match| gameplay,0,0.00021586358
ind| japan| 1st| t20| match| gameplay| vaibhav| sharma,0,0.00021586358
infinix| play| wildcards| powered| hot| pro| freefire| freefirelive,0,0.00025312958
infosys share price,1,0.9992878
innu| yaka| baralilavva| audio| hubballi| kichcha| sudeepa| rakshita,0,0.00066066213
inox wind share price,1,0.9992878
inside |  india |  newsletter,1,0.9992878
instagram |  cartoonist |  satish,1,0.9992878
inter miami vs,0,0.006038314
inthenemo| lyrics| laggam| sai| ronak| pragya| nagra| rajendra,0,0.0003517019
investigation |  transfer |  veeramani,1,0.9992878
iphone |  cheaper |  heres,1,0.9992878
iragai| poley| naan| mahaan| alla| karthi| kajal| aggarwal,0,0.00021586358
iran war,1,0.9992878
irani| israel| war| latest| update| animated| scenes,0,0.0006685405
irl| bootcamp,0,0.0021840294
ironman| strongest| gta,0,0.00021586358
irumudi| hindi| ravi| teja| priya| bhavani| shankar| shiva,0,0.00021586358
irumudi| kattu| ravi| teja| prakash| ananthu| shiva| nirvana,1,0.99817955
irumudi| love| raviteja| prakash| ananthu| shivanirvana| telugusongs2026,0,0.00021586358
irumudi| ravi| teja| priya| bhavani| shankar| shiva| nirvana,0,0.00021586358
iruttarai| premieres| sept| 18th| ahatamil,0,0.00021586358
ishan kishan,1,0.9992878
ishq| fanniyar| jyotica| tangri| fukrey| returns| pulkit| samrat,0,0.00021586358
ishq| kisi| dosti| akshay| bobby| sukhwinder| kailash| kher,0,0.00021586358
ishq| mein| pal| bhi| judaai| lagti| hain| saal,0,0.00021586358
israeli |  passenger |  controlled,1,0.9992878
itc share price,1,0.9992878
jaadu| filmy| rawme| hooda| haryanvi| 2026| real| music,0,0.00021586358
jaanewale| jaanwar| akshay| kumar| karisma| kapoor,0,0.00026849512
jab| dekha| tumhe| damru| wale| dil| hamara| thikane,0,0.00048306058
jack| aur| shinchan| banaya| diamond| house| indian| theft,0,0.0006196396
jack| aur| shinchan| chips| house| indian| theft| aura,0,0.0007790602
jack| aur| shinchan| mila| blue| diamond| house| indian,0,0.00021586358
jack| aur| shinchan| mila| centre| fresh| house| indian,0,0.00021586358
jack| aur| shinchan| mila| dairy| milk| house| indian,0,0.00021586358
jack| aur| shinchan| mila| jolo| chips| house| indian,0,0.00021586358
jack| aur| shinchan| mila| oreo| house| indian| theft,0,0.00021586358
jack| bob| final| battle| minecraft,0,0.00035873317
jack| chacha| found| mentos| house| indian| theft| aura,0,0.0007790602
jack| found| blue| diamond| house| indian| theft| aura,0,0.000882038
jack| found| green| diamond| house| indian| theft| auto,0,0.000660938
jack| found| pink| diamond| house| indian| theft| auto,0,0.00021586358
jack| found| rgb| diamond| house| indian| theft| aura,0,0.000882038
jack| green| colour| diamond| house| indian| theft| auto,0,0.00029763763
jack| kicked| out| his| house| indian| theft| auto,0,0.00030648202
jack| pink| diamond| house| indian| theft| auto| simulator,0,0.00021586358
jack| riya| found| gems| house| indian| theft| aura,1,0.99817955
jack| riya| found| oreo| biscuit| house| indian| theft,0,0.0006933692
jack| riya| found| red| lays| chips| house| indian,0,0.000882038
jack| riya| swimming| pool| fek| diya| indian| theft,0,0.0007790602
jack| shinchan| doreamon| nobita| found| chocolate| world| indian,0,0.00095798826
jack| shinchan| doreamon| nobita| found| jelly| world| indian,0,0.001482308
jack| shinchan| found| giant| indian| theft| auto| simulator,0,0.0002392948
jack| shinchan| found| kit| kat| house| indian| theft,0,0.0007790602
jack| shinchan| mila| golden| diamond| house| indian| theft,0,0.00021586358
jack| shinchan| mila| green| diamond| house| indian| theft,0,0.000882038
jack| shinchan| mila| mehndi| diamond| house| indian| theft,0,0.0002873254
jack| shinchan| swimming| pool| dhakka| diya| indian| theft,0,0.00021586358
jack| teaser| gurunandan| thapaswini| poonacha| sumanth| gowda| kiran,0,0.00031048644
jadal| zamana| interval| theme| paradise| nani| anirudh| ravichander,0,0.00022511328
jadal| zamana| interval| theme| paradise| telugu,0,0.000354828
jadi| sailendra| priyambada| akash| sushant| kajal| dibya,0,0.00025312958
jaga| mecchida| maga| teaser| now| color| rajkumar| bharathi,0,0.00021586358
jagran,1,0.9992878
jahale| bhajan| amhi| namito| tav| charna| ganpati,0,0.00026849512
jailer| first| rajinikanth| shiva| rajkumar| mohanlal| nelson,0,0.00021586358
jailer| notion| rajinikanth| hrithik| roshan| nelson| mohanlal| shiva,0,0.0002552499
jailer| rajinikanth| nelson| anirudh| mohanlal| mammootty| entertainment| kizhi,0,0.00024012329
jail| star| raushan| rohi| srishti| bharti| queen| shalini,0,0.00021586358
jai| ambe| bol| yeh| prem| mol| liya| ayushmann,0,0.00021586358
jai| dev| shri| shankara,0,0.0008048364
jai| ganesha| audio| kutumba| upendra| natanya| singh| gurukiran,0,0.00021586358
jai| ganesh| deva| aarti| lyrics| lakhbir| singh| lakkha,0,0.00023025674
jai| ganesh| deva| nonstop| ganpati| songs| sukh| karta,0,0.00021586358
jai| ganesh| shekhar| jaiswal| chaturthi| special| 2026| ganpati,0,0.00021586358
jai| ram,0,0.0003989816
jalan| jalur| extreme,1,0.99874485
janmashtami| 2026| nand| anand| bhayo| jai| kanhaiya| lal,0,0.00021586358
janmashtami| badhai| raj| pareek| krishna| special| bhajan| 2026,0,0.00021586358
janmashtami| bhajan| 2026,0,0.00021586358
janmashtami| jhanki| dance| famous| radha| krishna| chhalkat| hamri,1,0.99817955
janmashtami| krishna,0,0.00021586358
janmashtami| non| stop| mashup| tulsi| kumar| jubin| nautiyal,0,0.00021586358
janmashtami| special| 2026,0,0.00021586358
janmashtami| special| 2026| devendra| pathak| sohar| geet,0,0.00021586358
janmashtami| special| top| krishna| bhajans| nonstop| bhakti| songs,0,0.00026849512
janmotsava| kannada| ramachari| maaruti| pictures| lightboy| films| film,0,0.00038264907
jantala| game| over| aseema| panda| satyajeet| anurag| das,0,0.00023726375
jason| sanjay| speech| sigma| audio| launch| event| sundeep,0,0.00021586358
jawab| geya| deep| bajwa| navkiran| bhatthal| verse| jugnu,0,0.00021586358
jayanti| shailesh| narwade| ruturaj| priyadarshini| rohini| payal| sept,0,0.00021586358
jaya| janardhana| krishna| songs,0,0.00026849512
jaya| janardhana| krishna| songs| tamil| bhakti| janmashtami| special,0,0.0003485617
jaymin| dabhoda| hina| suthar| konudo| ramva| lai| mane,0,0.00023726375
jcb| police| train| haunted| indian| bikes| driving,0,0.00021586358
jcb| tractor| horror| monster| truck| franklin| indian| bike,0,0.00039675937
jeeva| shivachi| bail| jodi| mazi| gunvaan,0,0.00030648202
jennie| fallen| angel,0,0.00040918463
jev,1,0.9992878
jhadu| pocha| meri| maa| bhi| tere| lad| kare,0,0.00024012329
jhanki| menu| nachna| mohan| naal,0,0.00021586358
jharkhand |  hemant |  soren,1,0.9992878
jhoom| zara| paradise| nani| keerthy| suresh| anirudh| ravichander,0,0.00022511328
jignesh| barot| ambaji| farava| gyata| gujarati| devotional| 2026,0,0.00021586358
jignesh| barot| gujju| love| guru| jadav| gadhvi| loksahitya,0,0.00021586358
jignesh| barot| marvad| farava| gyata| gujarati| 2026,0,0.00022511328
jindal supreme ipo,1,0.9992878
jio finance share price,1,0.9992878
jisoo| click,0,0.00040918463
jitan ram manjhi,1,0.9992878
jitiya| geet| amar| viral| treanding,0,0.0002392948
jitiya| vrat| geet| 2026| viral| trending| katha,0,0.00033288883
john| cena| clash| clans,0,0.00023726375
joined| armour| only| civilization| minecraft,0,0.00040918463
joined| gun| only| minecraft| smp,0,0.00021586358
joined| hackers| civilization| minecraft,0,0.00025312958
joined| haters| minecraft| smp,0,0.00025312958
joined| mace| only| smp| minecraft,0,0.00025312958
joining| dark| side| only| choice| hellmart| ending,0,0.00035873317
jonathan| lianhna| tin| fiah| music,0,0.0021840294
jonathan| player| india| simp| fire| godlike| comeback,0,0.00035873317
journey| nepal| india| along| most| extreme| road| world,0,0.00042319676
journey| nooooob| pro,0,0.00035873317
joy| baba| vishwakarma| bengali| puja| brm| gaan| biswakarma,0,0.0002552499
joy| vishwakarma| puja| bengali| biswakarma| brm| music,0,0.0002392948
jug| jive| yashoda| maiya| tero| lalna,0,0.0003771781
jukebox| babita| yadav| 2026,0,0.00021586358
jukebox| savita| yadav| paramparik| teej| vrat| geet| 2026,0,0.00030648202
jukebox| top| jhullur| dada,0,0.00021586358
jumangon| asa| music| nikrang| sangma,0,0.00040918463
jumping| 348| 239| steal| rare| eggs| roblox,0,0.00021586358
jumping| superhero| cars| across| entire| map| gta,0,0.00023726375
kaala| asla| square| simran| choudhary| nikhil| swapnil| music,0,0.00022511328
kaanuda| mcdonald| bhoomi| 2026| salim| sulaiman| aditya| gadhvi,0,0.00021586358
kaari| ankhiya,0,0.0003825688
kaat| harry| lather| vaishali| chaudhary| komal| haryanvi| songs,0,0.00021586358
kabar| khudegi| aaj| sabki| promotions,0,0.00021586358
kabhi| shaam| dhale| evergreen| romantic| hindi| old| gold,1,0.99817955
kah| dena| gause| azam| salam| hamara| most| trending,0,0.00078050134
kailash| kher| teri| deewani| lyrics,0,0.00021586358
kakashi| mystery| shop| discount| free| fire| tonde| gamer,0,0.00023726375
kalaivaniye| lyrical| meesaya| murukku| hiphop| tamizha| ramya| ranganathan,0,0.00021586358
kala| sheesha| bala| gadi,0,0.0061457357
kali| ray| ban| surjit| bhullar| sudesh| kumari| gaiphy,0,0.00021586358
kallu| bihari| yadav| srishti| bharti| magahi| 2026,0,0.00023726375
kalyan jewellers share price,1,0.9992878
kalyani| bewafa| punjabi| mashup| shreya| ghoshal| priyadarshan| imran,0,0.00021586358
kalyani| majboor| aasa| kooda| shreya| ghoshal| zoha| waseem,0,0.00021586358
kalyani| majboor| mashup| ameet| shreya| ghoshal| aasa| kooda,0,0.0007790602
kalyan| keys| rajendar| 2026| eatala| emotional,0,0.00021586358
kamariya| dole| neelkamal| singh| shilpi| raj| bhojpuri| free,0,0.00042319676
kamla| granny| celebrates| krishna| janmashtami| special,0,0.00021586358
kamla| sends| hantu| hamood| hibibi| jungle,0,0.00021586358
kanch| keri,0,0.00025312958
kanch| keri| rapperiya| baalam| mandeep| ramana| jagirdar| ismail,0,0.0003825688
kanhaiya| mittal| aman| jaji,0,0.00021586358
kanha| kiska| deewana| pawan| singh| janmashtami| songs,0,0.00021586358
kanohar electricals share price,1,0.9992878
kante| jass| manak| track| latest| punjabi| songs,0,0.0003825688
karamtara engineering share price,1,0.9992878
karina| pandey| sovita| aahe| malin| navratri,0,0.00021586358
karina| pandey| sovita| dhan| bani| maiya| viral| devi,0,0.00023726375
karina| pandey| sovita| maiya| bari| sukwar| navratri,0,0.0002552499
kari| thi| mohabbat| may| june| jahar| bhaiya,0,0.000354828
karma| geet| 2026| ashish| yadav| dariya,0,0.00027460334
karma| geet| kiran| maurya,0,0.00021586358
karma| geet| puja| 2026,0,0.00033288883
karma| geet| tanya| mouar| puja| 2026,0,0.00021586358
karma| kakar| diyal| lugwa| vikash| rangila| lali| patel,0,0.00021586358
karma| nitish| nirmal| yadav| 2026,0,0.00030648202
karma| puja| raj| bhai| hunter| hope| khortha| jhumar,0,0.00021586358
karma| pujbay| karm| dariya| manita| shree| khortha| jhumar,0,0.00021586358
karma| puj| hai| sabhe| bahin| karm| dariya| savitri,0,0.00033288883
karnataka |  counterfeit |  drug,1,0.9992878
karpur| gauram| shiva| mantra| monday| special| morning| meditation,0,0.0003843888
karthiga| maasam| irumudi| kattu| ravi| teja| prakash| haricharan,0,0.0003573748
karunya lottery results,1,0.9992878
kar| pyar| zyada| mein| tudi| aadat| ban| jawan,0,0.00023726375
kasoor| alka| yagnik| udit| narayan| songs| aftab| shivdasani,0,0.0003485617
katseye| hootie| frutti| live| saturday| night,0,0.00025312958
katta| dupatta| pawan| singh| shivani| bhojpuri| 2026,0,0.00021586358
kaun| marvana| masoom| sharma| priyam| shivani| yadav| haryanvi,0,0.00021586358
kavita| jha| madhu| pandey| vishwakarma| puja| geet| 2026,0,0.00030648202
kavita| jha| radha| kaha| jalu| janmashtami| special| 2026,0,0.00025307987
kawan| roki| rangdari| khesari| lal| yadav| srishti| bharti,0,0.0003825688
kayyum| kaalum| kaatti| music| thanseer| koothuparamba| trending| viral,0,0.00021586358
kehdoon| tumhein| chup,0,0.0003771781
khale| kanhaiya| layi| makhan| mishri| ghol,0,0.0003402499
khatre| bar| latest| bhojpuri| 2026| chand| jee| shilpi,0,0.00023726375
khatu| shyam| bhajan| 2026| viral| hit| viralvideo,0,0.00033843017
khatu| shyam| bhajan| pitram| sharma| sunil| 2026,0,0.00025307987
khesari| lal| yadav| bhojpuri| krishna| bhajan| 2026,0,0.00021586358
khesari| lal| yadav| devi| geet| chunari| sunari| bhakti,0,0.00022511328
khesari| lal| yadav| devi| geet| maai| bhakti| 2026,0,0.0002530835
khesari| lal| yadav| jaan| hamar| dusman| gauri| subba,0,0.0003825688
khesari| lal| yadav| kaari| ankhiya| shilpi| raj| ritu,0,0.00040918463
khesari| lal| yadav| kangana| sharma| shilpi| raj| afeem,0,0.00025312958
khesari| lal| yadav| khushi| kakkar| fulauna| samita| giri,0,0.00040918463
khesari| lal| yadav| muskan| jaiswal| photauwa| bhojpuri| devi,0,0.0060270512
khesari| lal| yadav| rani| chatarjee| viral| hit| 2026,0,0.00021586358
khesari| lal| yadav| rani| chatterjee| kareja| kaha| jata,0,0.00042534192
khesari| lal| yadav| shilpi| raj| bhojpuri| 2026,0,0.00021586358
khesari| lal| yadav| shilpi| raj| jila| chhapra| bhojpuri,0,0.0003825688
khudurukuni| osha| bahi| gita| mansi| patra| debajani| singh,0,0.0002392948
khushi| kakkar| karma| 2026,0,0.0002552499
kichcha| sudeepa| devaraaya| movie| teaser| abhinaya| chakravarthy| kiccha,0,0.00024012329
kidnapped| vampire| girls| minecraft,0,0.00021586358
killed| final| gaint| blue| whale| boss| island,0,0.00035873317
killed| yessmartypie| himlands| day,0,0.0003825688
kings| free| fire| max| india| ffmic| fall| final,0,0.00040918463
kiran| maurya| paramparik| karma| puja| geet,0,0.00021586358
kishore| kumar| lata| mangeshkar| aap| kasam,0,0.00042534192
kishori| kuch| aisa| intezam| jaye| radha| naam,0,0.0002392948
kishori| kuch| aisa| intezam| jaye| radha| rani| bhajan,0,0.00030648202
kisi| aur| gali| music| anmol| daniel| nikki| tamboli,0,0.00021586358
kisi| din| banoongi| main| evergreen| hindi| romantic| old,0,0.00050389935
kisi| tum| pyaar| karo| evergreen| bollywood| love| andaaz,0,0.00021586358
kissayariyathe| khalifa| prithviraj| sukumaran| vysakh| jinu| abhraham| jakes,0,0.00021586358
kite,1,0.9992878
kiya| audio| welcome| akshay| kumar| katrina| kaif| anand,0,0.00021586358
koi| jaye| aaye| 90s,0,0.0003485617
konji| promo| raja| playlist,0,0.00021586358
kota news,1,0.9992878
koyi| maru| mali| gayu| kajal| maheriya| gujarati| love,0,0.00023025674
krishnasthami| special| songs| krishna| telugu,0,0.00021586358
krishna| bhajan| mashup| jigardan| gadhavi| jigrra,0,0.0002530835
krishna| bhajan| sohar| geet| priti| prakash,0,0.00033843017
krishna| chati| bhajan| 2026,0,0.00025307987
krishna| chati| bhajan| 2026| chathi,1,0.99817955
krishna| chhatti| bhajan| nonstop| 2026,0,0.0002392948
krishna| festival| special| songs| kannada,0,0.000331182
krishna| gavlani,0,0.0003860084
krishna| janam| chhathi| sohar| priti| prakash| bhojpuri| geet,0,0.00030648202
krishna| janam| sohar| geet| viral,1,0.99817955
krishna| janmala| janmashtami| 2026| swara| dabir,0,0.00026849512
krishna| janmashtami| 2026| devendra| pathak| sohar| geet,0,0.00021586358
krishna| janmashtami| bhaktigeethegalu| kannada| devotional| audio| jukebox,0,0.00021586358
krishna| janmashtami| radha| bhajan| brm,0,0.00021586358
krishna| janmashtami| special| 2026| bhajan,0,0.00021586358
krishna| janmashtami| special| 2026| bhakti| songs,0,0.00021586358
krishna| janmashtami| special| bhajan| 2026,0,0.0005561273
krishna| jayanthi| 2026| special| kannan| piranthan| powerful| bakthi,0,0.00021586358
krishna| jayanthi| songs| colection| sudha| ragunathan| juke| box,0,0.0002873254
krishna| jeyanthi| special| songs| tamil| devotional| gokulashtami| saregama,0,0.00021586358
krishna| mantras| heart| hare| peaceful| maha| mantra,0,0.00026995412
krishna| songs| 2026| jai| shri| janmashtami| bhajan,0,0.00021586358
krishn| janmashtami| katha| story,1,0.9980636
krushnacha| palana| aangai| geet| marathi| sumeet| music,0,0.00021586358
kumari| bail| shiva| rajkumar| dheekshith| niveditha| ajaneesh| loknath,0,0.00021586358
kurbaan| 1990| movie| all| songs| anand| milind| sameer,0,0.0002552499
kurmaavatar| teaser| telugu| shivaraj| kumar| varalaxmi| sarathkumar| raj,0,0.00021586358
kya| khoob| lagti| female| verssion,0,0.00043552613
kynan |  chenai |  father,1,0.9992878
laadi| betuli| garhwali| 2026| pritam| bhartwan| ramesh| rawat,0,0.00025312958
laadli| shri| radhe| jaya| kishori| radha| ashtami| special,0,0.00021586358
laddu| gopal| bhajan| krishan| chhathi| special,0,0.00030648202
lady gaga,1,0.9992878
lahanga| lahake,0,0.0021840294
lakshmi,0,0.00030648202
lakshmi| baramma,0,0.00021586358
lakshmi| baramma| friday| devi| devotional| songs| kannada,0,0.0003147826
lakshmi| devi| 2026| special| songs| telugu,0,0.00059557025
lakshmi| devi| bhakti| songs| telugu| friday,0,0.00033637893
lakshvedhi,0,0.00030648202
lalahi| chhath| geet| halsashti,1,0.99817955
lalbaugcha| raja| 2026| live| visarjan| miravnuk| abp| majha,0,0.0003402499
lalitha| sahasranama| stotram,0,0.00030648202
lanterns| midseason| hbo| max,0,0.00022511328
last| chance| solo| kills| classic| hacker| what| bgmi,0,0.00023726375
last| gaming| bye| free| fire,0,0.0021840294
last| man| tower| manoj| bajpayee| divya| dutta| boman,0,0.00021586358
lata| mangeshkar| old,0,0.00021586358
latest| ganesh| bhajan| 2026,0,0.00021586358
latest| subash| brahamnu| silma| bheda| reha| palla| contact,0,0.0003825688
lathi| aashish| yadav| khushi| kakkar| bhojpuri| gana| 2026,0,0.00023726375
law| order| prakash| varma| abhirami| ranjith,0,0.00021586358
law| order| reaction| mammootty| prakash| varma| ranjith| black,0,0.00023025674
lcc projects share price,1,0.9992878
leader| board| ban| grandmaster| pushing| funwithsrbyt| freefire| rankpush,0,0.00078012847
leaked| light| darkness| update| steal| egg| roblox,0,0.00025312958
leaked| rift| update| steal| egg| roblox,0,0.00040918463
leaked| sammy| update| steal| egg| roblox,1,0.9977076
least| eligible| bachelor| teaser| harsha| chemudu| hyper| aadi,0,0.00021586358
legacy| crossover| continued| semi| finale| raftaarmusic| krsnaofficial,0,0.00035873317
legacy| crossover| semi| finale| raftaarmusic| krsnaofficial,0,0.00022511328
legacy| finale| promo| raftaarmusic| krsnaofficial,0,0.00025312958
legacy| what| trending| raftaarmusic| krsnaofficial,0,0.00023726375
legal |  setback |  hemant,1,0.9992878
legal |  system |  fails,1,0.9992878
lekhak| negative| kirdar| rajat| dalal| bad| junkie| haryanvi,0,0.0003825688
less| promotions| why| paradise| still| hyped| nani| srikanth,0,0.00021586358
lets| explore| update| record| today| bgmi| live,0,0.00023726375
level| 000| transformer| bikes| gta,0,0.00021586358
libra horoscope today,1,0.9992878
lies |  damned |  statistics,1,0.9992878
life| diamond| minecraft,0,0.00021586358
life| gold| minecraft,0,0.00021586358
life| golem| minecraft,0,0.00021586358
lifted| impossible| lava| cube| roblox| lift,0,0.00021586358
lilyville| danger| day,0,0.00025312958
lingashtakam| hara| namah| shivaya| monday| shiva| bhakti| songs,0,0.00043811367
lingastakam| telugu| namah| shivaya| shiva| songs,0,0.00044984024
lisa| always| lalisa,0,0.00040918463
lisa| sawadika| dance| performance,0,0.00040918463
lisa| sawadika| music,0,0.00021586358
live,0,0.00030648202
live |  ganesh |  secures,1,0.9992878
live| aigirinandinistotram| bhakthinidhi,1,0.99817955
live| badge| team| lava| guild| test,0,0.00025312958
live| day| rank| season| road| top| 1with| kusumyt,0,0.0003402499
live| day| rank| season| road| top| 1with| lakagamingz,1,0.99856156
live| free| fire| max| ranked| push,1,0.99817955
live| free| fire| rank| season| push,1,0.99791366
live| ganesha| namavalidevotional| bhakthinidhi,1,0.99791366
live| ganesha| suprabhatha| bhakthinidhi,0,0.00030648202
live| granny| chapter| main| aaj| hoga| escape| horror,0,0.0003402499
live| gta| black| panther| mountion| lion| hunting| challange,0,0.00042319676
live| gta| gameplay| gta5| gtav| gaming,1,0.99817955
live| gta| gameplay| raajoo| gaming,1,0.99817955
live| hanuman| bhajan,0,0.00021586358
live| hanuman| jayanti,0,0.00030648202
live| indian| bike| driving| game| short| shortslive| shortfeed,0,0.0003402499
live| india| afghanistan| 1st| t20| ind| afg| 2026,0,0.00024771562
live| kerala| guild| war,0,0.00023726375
live| lalbaugcha| raja| visarjan| 2026,0,0.0002392948
live| lava| battle| back,0,0.00023726375
live| lingashtakam| telugu| sumantv,1,0.99817955
live| panther| hunt| challange| gta| mods| gtav| gtalive,1,0.99874485
live| raghavendrasuprabhatha| bhakthi| nidhi,1,0.9980636
live| raghavendra| bhakthidhama637,0,0.00026995412
live| random| horror| game,0,0.00054937025
live| rank| push| challenges,0,0.00023726375
live| rudrashtakam| stotram| shiva,0,0.0004191907
live| rureke| kalan| barnala| kabaddi| tournament| 2026| www,0,0.0003402499
live| samaon| mansa| kabaddi| tournament| 2026| www| 123live,0,0.0002794546
live| school| holidays| extended| districts| otv,0,0.0003402499
live| serious| gameplay,0,0.00023726375
live| shiva| sahasranama| stotram| shivasahasranama,0,0.0004191907
live| suryadeva| stotra| bhakthi| nidhi,0,0.00026995412
live| top| grandmaster| push| free| fire| shorts| shortslive,1,0.99817955
live| ujjain| shahi| masjid,0,0.00048306058
live| vannu| njan| drone| view| custom| ro0m,0,0.00023726375
live| venkateshwara| suprabhatha| bhakthi| nidhi,1,0.99817955
live| wwe| 2k25| gameplay| shorts| shortsfeed,1,0.99874485
lojak| mojak| meesaya| murukku,0,0.0003739774
lord| ganesha| saved| franklin| shinchan| world| biggest| tsunami,0,0.00021586358
lord| shiva| bilvashtakam| telugu,0,0.00021586358
lord| shiva| songs| lingashtakam| devotional,0,0.00033288883
lord| shiva| songs| telugu,0,0.0004801045
lord| shiva| songs| telugu| bhakti,0,0.0003573748
lost| 703| pearls| chaos| smp,0,0.00023726375
lost| girl| spent| 9187361| robux| roblox,0,0.00025312958
lost| minecraft| most| illegal| weapon,0,0.00025312958
lost| somewhere| zone| map| challenge| freefiretelugu| mbg| army,0,0.00035873317
lovesick| nirvair| pannu| deol| harman| sukhi| badrukhan| juke,0,0.00025312958
love| arjun| das| aishwarya| lekshmi| netflix| india,0,0.00042419072
love| playing| supermarket| horror| games| hellmart,0,0.00025312958
luffy| became| best| guard| protect| president| rivals| roblox,0,0.00022511328
lumino industries share price,1,0.9992878
lust| stories| netflix| india,0,0.00021586358
lutana| gopal| bharwad| jigar| studio| latest| gujarati| sad,0,0.00022511328
m1014| evo| gun| max| free| fire| city| girl,0,0.00040918463
maaf| kar| dosto| main| panel| user| reality| expose,0,0.0003288657
maahi,0,0.00021586358
maare| jaoge| armaan| malik| payal| kritika| shiva| chaudhary,0,0.00025312958
maar| goli| jaan,0,0.00043646252
maa| anjani| lala| hanuman| bhajan| shri| ram,0,0.00030648202
maa| santoshi| katha| pal| story,0,0.0005561273
maa| sherawaliye| tera| sher| gaya| khiladiyon| khiladi| 1996,0,0.00048103122
made| biggest| ore| mining| factory| roblox,0,0.00025312958
made| biggest| toll| farm| roblox,0,0.00023726375
made| biggest| tower| mars| roblox,0,0.00021586358
made| scanner| find| evil| villager,0,0.00021586358
made| secret| room| inside| giant| villager| control| him,0,0.00021586358
made| sonic| pickaxe| roblox,0,0.00021586358
madhumallati| glimpse| side| odia| movie| sanjay| mishra| maheswata,0,0.00025312958
madmax| vegeta| best| match| final| blackshoutgaming| blackshout| freefire,0,0.00040918463
madras| talkies| title| teaser| mani| ratnam| rahman| vijay,0,0.00021586358
mad| granny| celebrates| teacher| day| scary| evil| nun,0,0.00021586358
mad| granny| scary| worm| tower| roblox,0,0.00021586358
magale| music| baththa| vijay| sethupathi| saiabhyankkar| balaji| tharaneetharan,0,0.00021586358
mahakavya| shri| ramayan| katha| anjali| arora| dev| sharma,0,0.00021586358
mahalaxmi| chi| aarti| music| studio,0,0.00021586358
maharaja,1,0.9992878
maharaya| toxic| kannada| rocking| star| yash| kiara| advani,0,0.00021586358
maha| ganapathi| sahasranama| stotram| vinayaka| chatruthi,0,0.0002392948
maha| sakthi| teaser| telugu| nayanthara| sundar| hiphop| tamizha,0,0.00021586358
mahendragiri| varahi| sumanth| meenakshi| goswami| aishwarya| rajesh| anup,0,0.00021586358
mail,1,0.9992878
maine| tere| bharose| baba| shyam,0,0.0009038786
maine| tere| bharose| hanuman| aaru| pandit| ansh| original,0,0.00029763763
maine| tere| bharose| hanuman| ansh| neem| karoli| baba,1,0.9980636
maine| tere| bharose| hanuman| ansh| neem| karoli| maharaj,1,0.99791366
maine| tere| bharose| hanuman| ansh| suneel| lodhi| neem,1,0.99791366
maine| tere| bharose| hanuman| hansraj| railhan| ansh| neem,0,0.00021586358
maine| tere| bharose| hanuman| lyrical| ansh| suneel| lodhi,0,0.00021586358
maine| tere| bharose| hanuman| neemkaroli| baba| bhajan,0,0.00021586358
maine| tere| bharose| hanuman| suneel| lodhi| ansh| neem,1,0.99791366
maine| tere| bharose| hanuman| suneel| lodhi| neem| karoli,0,0.00026995412
maine| tere| bharose| shri| ganesh| suparhit| chaturthi| bhajan,0,0.00056458055
maine| tere| bharose| viral| hanuman| bhajan,1,0.9980636
main| account| pack| opening| can| get| best| del,0,0.00038264907
main| agar| saamne| raaz| dino| morea| bipasha| basu,0,0.00021586358
main| saiyaan| gayi| romantic| mohabbatein| shah| rukh| khan,0,0.00021586358
main| tujhse| aise| milun,1,0.99874485
maithili| chaurchan| geet| priyanka| maithil,0,0.00030648202
maithili| chaurchan| geet| top| bhawna| mishra,0,0.0002392948
mai| tujhse| aise| milu| viral,0,0.0003402499
majisa| janam| divas| aayo| bhajan| 2026| amrit| rajsthani,0,0.00021586358
make| biggest| money| ball,0,0.00021586358
malak| marzi| kaka| punjabi| 2026,0,0.00021586358
malaysia vs oman,1,0.9992878
malaysia| vasudevan| evergreen| hits,0,0.00021586358
mallepoola| pallaki| film| version| ravi| teja| prakash| dappu,0,0.00021586358
mallepoola| pallaki| ravi| teja| prakash| dappu| srinu| shiva,0,0.00021586358
mallepula| pallaki| bangaru| vinayaka| chavithi| 2026| ganapathi| patalu,0,0.00030648202
mamidi| konala| meena| 2026| akki| cheery| madhu| priya,0,0.00021586358
mana| manena| sad| version| tarang| serial| title,0,0.00021586358
mandaadi| tamil| soori| suhas| mahima| nambiar| prakash| mathimaran,0,0.00021586358
mandaadi| teaser| tamil| soori| suhas| mahima| nambiar| prakash,0,0.00022511328
mandaadi| telugu| soori| suhas| mahima| nambiar| prakash| mathimaran,0,0.00021586358
mandir| mein| dholak| baje| ganpati| nache,0,0.0002392948
mandu| maaru| dole| devayat| khavad| gujarati| garba| 2026,0,0.00040918463
manemma| irumudi| ravi| teja| baby| nakshatra| priya| prakash,0,0.00021586358
mane| tera| sahara| dada| pitr| 2026,0,0.00072571635
manika plastech ipo,1,0.9992878
mani| meraj| babita| dhital| dil| khel| kar| hansti,0,0.00022511328
manjar| siddharth| menon| onkar| bhojane| tejas| raut| bhagyashree,0,0.00021586358
manthothok| kokborok| movie| 2026,0,0.0002530835
manwa| chal| vrindavan| dham| muraliya| baj| rahi| shyam,0,0.00073115906
many| happy| returns| teaser| ahammed| khabeer| govind| vasantha,0,0.0003485617
many| youtubers| joined| custom| live,0,0.00022511328
maps,1,0.99922884
map| update| you| need| see| piche| tai| hain,0,0.00025312958
marathi |  devendra |  fadnavis,1,0.9992878
maremma| maadhav| bhupathiraju| deepa| balu| manchala| nagaraj| moksha,0,0.00021586358
maruti| mirzapur| movie| dhanda| nyoliwala| guddu| bhaiyya| munna,0,0.00021586358
mashooqa| shahid| kriti| rashmika| pritam| mahmood| amitabh| raghav,0,0.00021586358
mathara| khalifa| prithviraj| sukumaran| malvika| sharma| jakes| bejoy,0,0.00021586358
mathara| lyric| khalifa| prithviraj| sukumaran| malvika| sharma| jakes,0,0.00021586358
mathavinte| novena| nityasahaya| best| malayalam,0,0.00027000715
mausam| kulwant| khang| punjabi| songs| 2026,0,0.00021586358
maut| gaggu| sajjan| dark| soul| digital| punjabi| 2026,0,0.00035873317
max| ipad| check| vegeta| hacker| exposed| blackshoutgaming,0,0.00040918463
max| vegeta| panel| user| blackshoutgaming,0,0.00040918463
mazya| ganan| ghungru| harval| ganpati| songs,0,0.00021586358
mbg| tcc| grand| finale| telugu| community| championship| freefire,0,0.00024771562
meccha| chameleon| can| use| only| one| color,0,0.00038264907
meera| shivani| devi| pachra| geet| 2026,0,0.00036758903
meera| shivani| karma| pooja| geet| 2026,0,0.00033288883
meesaya| murukku| hiphop| tamizha| khushbu| sundar| acs| arun,0,0.00021586358
meet |  indore |  november,1,0.9992878
mehak| chandigarh,0,0.00039890915
mehbooba| ajnabee| akshay| kumar| bipasha| basu| adnan| sami,0,0.00021586358
mera| takla| boss| dimaag| kharab| kar| rah| hai,0,0.00023726375
mere| dil| mein| reh| gaya| hindi| romantic| 2026,0,0.0003485617
mere| girdhar| sahara| hai| krishan| bhajan,1,0.99817955
mere| sher,0,0.0003825688
mere| tan| mein| bhi| shiv| man,0,0.00030648202
meri| reel| viral| jaye| brajbhasha| arun| simra| muskan,0,0.0003825688
mero| mann| praak| kripa| record,0,0.00025312958
mhara| kirtan| ras| barsao| manish| tiwari| gajanan| ganesh,1,0.99817955
mhr| reyan| melvin| nallom| vaari,0,0.00038264907
michael| almost| killed| tommy| vercetti| gta| real| life,0,0.00025312958
michael| empire| danger| gta| gameplay| 697,0,0.00040918463
michael| finally| meets| his| real| brother| after| years,0,0.00023726375
michael| gang| tommy| vercetti| security| biggest| war| begins,0,0.00035873317
michael| gifting| 100| 000| luxury| mansion| gta| real,0,0.00025312958
michael| kidnapped| ken| tommy| island| gta| real| life,0,0.00025312958
michael| most| brutal| revenge| ever| gta| real| life,0,0.00023726375
milan |  pradhan |  nandigram,1,0.9992878
milba| jahiya| pyaar| jaiba| latest| bhojpuri| 2026| khushi,0,0.00021586358
milky mist share price,1,0.9992878
milne| tum| koshish| karna| dil| kya| kasoor| divya,0,0.00021586358
milti| hai| zindagi| mein| mohabbat| evergreen| hit| 90s,0,0.00029240502
mimicked| every| animal| sound| mimic| party,0,0.0003825688
mimic| party| harshit| anky| bhaiya,0,0.00022511328
mimic| party| only| malayalam| challenge,0,0.00038264907
minecraft| 1v4| manhunt| can| use| creative,0,0.00025312958
minecraft| all| drops| cars,0,0.00021586358
minecraft| can| make| giant| sword| any| block,0,0.00021586358
minecraft| challenge| first| build| house| wins,0,0.00023726375
minecraft| death| items,0,0.00022511328
minecraft| death| swap| smarty| senpaispider,0,0.00035873317
minecraft| elemental| stairs| battle| mods,0,0.00022511328
minecraft| every| block| spread,0,0.00021586358
minecraft| every| craft| gun,0,0.00025312958
minecraft| every| drop| avaritia| gun,0,0.00021586358
minecraft| every| drop| avaritia| hunter,0,0.00021586358
minecraft| found| biggest| secret| 000| emerald| mods,0,0.00022511328
minecraft| live| september| 2026,0,0.00035873317
minecraft| our| drops| random| superheros,0,0.00021586358
minecraft| rainbow| tsunami| doomsday| bunker| mods,0,0.00022511328
minecraft| rains| avaritia| items,0,0.00021586358
minecraft| survive| sea| island| mods,0,0.00022511328
minecraft| trapped,0,0.00023726375
minecraft| upgrade| more| realistic| one| block,0,0.00021586358
minecraft| your| age,0,0.00023726375
minecraft| you| can| craft| super| balls,0,0.00035873317
minecraft| you| can| equip| anything,0,0.00021586358
minecraft| you| can| equip| any| enchantments,0,0.00021586358
minecraft| you| can| mine| trillion| blocks,0,0.00021586358
minecraft| you| have| custom| fire,0,0.00025312958
mirzapur movie review box office,1,0.9992878
misti| paan| ariyoshi| tithi| manchu| dada| 2026,0,0.00023726375
mithu| marshal| 2026,0,0.00021586358
mitti| baway| teaser| wahaj| ali| coming| soon| only,0,0.00021586358
mix| roblox| games,0,0.00021586358
mobile| live| update| anniversary,0,0.00023726375
moderate |  quality |  warm,1,0.9992878
modi |  global |  trump,1,0.9992878
modi |  proud |  hero,1,0.9992878
modified| mahindra| thar| games| indian| blue| gadi| wala,0,0.00021586358
modified| mahindra| thar| games| indian| green| gadi| wala,0,0.00023726375
modified| mahindra| thar| games| indian| red| gadi| wala,1,0.99817955
modiji| trump| wwe| 2k25| live| shortdlive| wwe2k25,1,0.99874485
modis |  india |  takes,1,0.9992878
mohammed siraj,1,0.9992878
mohe| mor| banaiyo| radha| apne| vrindavan| peaceful| krishna,0,0.00060080056
mohobbat| tose| kar| baithi| anil| rawat| kajal| hathrasi,0,0.00023726375
mohra| power| star| pawan| singh| ishani| ghosh| bhojpuri,0,0.00035873317
mom and son,1,0.99679166
monday| shiva| devotional| songs| kannada| lingashtakam| bilwashtakam,0,0.00030648202
money |  changes |  bulk,1,0.9992878
money |  laundering |  case,1,0.9992878
moneyview,1,0.9992878
money| printing| business| gta| real| life| mega,0,0.00025312958
monsoon |  below |  normal,1,0.9992878
mookuthi| amman| maha| sakthi| teaser| tamil| nayanthara| sundar,0,0.00021586358
moonride,0,0.00023726375
moosa |  actionable |  intelligence,1,0.9992878
more| blocks| realistic| skyblock| minecraft,0,0.00021586358
more| hearts| superhero| minecraft,0,0.00021586358
morya| bedardi| jasraj| joshi| arun| nalawada| omkar| kulkarni,0,0.00030648202
mor| gaon| aaja| kishan| sen| ganesh| ganpati| 2026,0,0.00021586358
most| crazy| driver| loaded| overload| passenger| world| euro,0,0.00054937025
most| difficult| brain| puzzle| game,0,0.00023726375
most| embarrassing| reaction,0,0.00022511328
most| nonsense| horror| game| icecream| shop,0,0.00025312958
most| popular| bhojpuri| sohar| geet| 2026,0,0.00021586358
most| popular| shree| radhe| krishna| bhajan| janmashtami| bhajans,0,0.00030648202
motion| poster| khesari| lal| yadav| srishti| bharti| kangana,0,0.00040918463
motu| patlu| city| charpai| cheat| code| gta5| kamla,0,0.00042319676
motu| patlu| city| electric| charpai| cheat| code| gta5,0,0.0013897582
motu| patlu| city| magical| charpai| cheat| code| gta5,0,0.0013897582
motu| patlu| city| ranger| charpai| cheat| code| gta5,0,0.0013897582
mount |  scaled |  rohit,1,0.9992878
movie roles,1,0.9992878
movie| giving| tough| competition| adipurush| mahakavya| sri| ramayana,0,0.00021586358
movie| kannada| found| footage| horror| dheekshithh| shetty| srinidhi,0,0.00025312958
mozhiye| baththa,0,0.00023726375
mozhiye| lyric| baththa| vijay| sethupathi| saiabhyankkar| sid| sriram,0,0.00021586358
mp cm,1,0.9992878
mrbeast| trapped| survival| island| roblox,0,0.00023025674
much |  heat |  generated,1,0.9992878
mujhe| tumse| mohabbat| hai| tumsa| nahin| dekha| love,0,0.0003771781
mulaqat| barbaad| mashup| version| ishq| jubin| nautiyal| arijit,0,0.00021586358
mulaqat| barbaad| mashup| version| vol| 2307| jubin| arijit,0,0.00021586358
mulich| navt| kanha| mazhya| manat,0,0.00051088986
munda| haryane| mankirt| aulakh| hammy| muzic| legacy| punjabi,0,0.00022511328
munda| kaale| rang| jigar| latest| punjabi| songs| 2026,0,0.00021586358
mundina| adhyaaya| seetharam| coming| soon,0,0.00029815396
muthumani| dorothy,0,0.00035873317
muthumani| music| dorothy| maestro| ilaiyaraaja| karthik| subbaraj,0,0.00022511328
mysaa| pre| teaser| rashmika| rawindra| pulle| jakes| bejoy,0,0.00021586358
mysaa| teaser| telugu| rashmika| rawindra| pulle| jakes| bejoy,0,0.00021586358
naam| sujal| hisab| bajesh| vishay| red| bull| bars,0,0.00040918463
naa| pushde| neha| kakkar| akanksha| chaudhary| yogesh| rawat,0,0.00040918463
naa| pushde| teaser| neha| kakkar| akanksha| chaudhary| yogesh,0,0.00025312958
nachaib| hathiyar,0,0.0003402499
nachaib| hathiyar| edm| remix| bhojpuri| tweater| king,0,0.0003485617
nachbu| alex| bawa| sumit| chandni,0,0.00025312958
nach| bindani| gulshan| music| jaat| nia,0,0.00022511328
nach| bindani| gulshan| music| jaat| nia| renuka| panwar,0,0.00035873317
nach| nagin| jaisan| popular| magahi| released| 2026| growth,0,0.0003573748
naga |  manipur |  group,1,0.9992878
naggnee| gurinder| gill| manu| sach| music,0,0.00025312958
nagina| ban| jaate| nathni| mein| jadate| lyrical| instagram,0,0.00021586358
nag| pancham| special| gaman| santhal| kajal| maheriya| goga,0,0.00021586358
najar| shyam| milakar| dekho| khatu| bhajan| 2026,0,0.00030648202
namah| shivaya| lingashtakam| shiva| songs,0,0.00038919665
namah| shivaya| monday| special| shiva| devotional| songs| lord,0,0.00030648202
name| 123456789,0,0.00025312958
nanadiya| jethaniya| priyaamarnathvlog| amarnathsdk| bhojpuri,0,0.00022511328
nand| ghar| anand| bhayo| audio| version| kumar| vishu,0,0.00076376816
nand| ghar| anand| bhayo| krishna| janmashtami| bhajan,0,0.00021586358
nand| gher| anand| bhayo| krishna| janmashtami| bhajan,0,0.00021586358
nani| gives| clarity| about| paradise| movie| theparadise| press,0,0.00026995412
nanna| muddu| tangemma| malu| nipanal| rakshita| shetty| raksha,0,0.00023726375
narak| lyrical| ishqnama| jai| randhhawa| shehnaaz| gill| praak,0,0.00021586358
narayanamma| lyric| aadarsha| kutumbam| venkatesh| srinidhi| nivetha| dimple,0,0.00021586358
narender| kaushik| chetawani| bhajan| 2026,0,0.00025307987
narender| kaushik| nonstop| pittar| hit,0,0.00026995412
naruto| bundle| spinning| total| loss| srbytofficial03| funwithsrbyt| freefire,0,0.00040918463
naruto| chapter| back,0,0.00025312958
naruto| chapter| live| tls| warrior| stream| freefire| max,0,0.00022511328
naruto| chapter| return| details| free| fire| max,0,0.0021840294
naruto| chap| event| confirm| rewards| para| samsung| a10,0,0.00035873317
naruto| collaboration| return| ochindhi| hidden| leaf| gaadi| fireeeee,0,0.00040918463
naruto| diamonds| instagamer,0,0.0055686305
naruto| mirzapur| update| mein| random| player| noob| bana,0,0.00025312958
naruto| once| more| free| fire| good| bad| tonde,0,0.00023726375
nasa |  launch |  three,1,0.9992878
nassr,0,0.006038314
nas| kyu| dukhei| anjali| raghav| karan| chaudhary| braj,1,0.99817955
nas| kyu| dukhe| anjali| raghav| karan| chaudhary| brajbhasha,0,0.00026849512
navasachi| gauri| mazi| nikita| dutta| bhushan| pradhan| abhay,0,0.00021586358
navrang| nejavala| hitesh| prajapati| ramdevpir| 2026,0,0.00022511328
navratri| bhakti| 2026| barbadi| hoi| durga| puja| devi,1,0.99817955
nayyi| navelli| teaser| yami| addinath| balaji| mohan| aanand,0,0.00026849512
nayyi| navelli| yami| addinath| balaji| mohan| aanand| rai,0,0.00021586358
nazm,0,0.00023446445
nebula| unstoppable| tag| points| wwcd,0,0.0003825688
need| superchat| emi| promotions,0,0.00021586358
neelakanta| movie| jukebox| ravichandran| namitha| jhankar| music,0,0.00048306058
neelkamal| singh| akanksha| puri| latest| hit,0,0.00022511328
neelkamal| singh| astha| bhojpuri| sad| 2026| gmj,0,0.00042419072
neelkamal| singh| kahe| pyar| kailu| bhojpuri| sad,0,0.00035873317
neelkamal| singh| location| shrishti| uttrakhandi| bhojpuri,0,0.00022511328
nepal| charity| stream| superchat| jokerkihaveli,0,0.00035873317
nestle india share price,1,0.9992878
netanyahu |  indian |  pilot,1,0.9992878
never| going| stranger| house| again| guest| horror,0,0.00021586358
nfak| sanson| mala| diljit| dosanjh| wembley| stadium,0,0.00021586358
nic,1,0.9992878
nifty 50,1,0.9992878
nifty50,1,0.9992878
nijjar| autobiography| audio| jukebox| latest| punjabi| songs| 2026,0,0.00023726375
nirimakhi| tapoi| namita| agrawal| khudurukuni| story,0,0.00021586358
nirop| gheto| aamha| aata| adnya| asavi| trending| visarjan,0,0.0002392948
nitish rajput news,1,0.9992878
nitish| aryan| karma| karbai| runu| jhunu| maghi,0,0.00021586358
niva| yadav| akhiji| pankaj| matlabi| annu| chaudhary| pardeshwa,0,0.00023726375
nivin| pauly| anjali| soori| vhouse| productions| triple,0,0.00021586358
nobita| shinchan| masao| escaping| evil| clown,0,0.00024771562
nobita| upgraded| god| lvl| vehicle| roblox,0,0.00021586358
nonstop| ganesh| bhajan| utsav| 2026| ganpati,0,0.0002392948
nonstop| ganpati| visarjan,0,0.00030648202
nonstop| krishna| bhajan| 2026| janmashtami| special,0,0.00030648202
nonstop| krishna| bhajan| janmashtami| 2026,1,0.99817955
nonstop| nirgun| bhajan| chetawani| 2026,0,0.00025307987
nonstop| pitradev| bhajans| pitru| paksh,0,0.0004191907
non| stop| krishna| gavlan,0,0.00021586358
noobie| escape| scary| choo| charles| brother| roblox,0,0.00040807307
noob| max| race| spin| wheel| steal| egg| roblox,0,0.00023726375
noob| max| race| steal| egg| roblox,0,0.00025312958
noob| player| need| help| free| fire| funny| garena,0,0.00040918463
noob| pro| magnet| fruit| sea| bloxfruit| roblox,0,0.00035873317
noob| pro| roblox| steal| egg,0,0.00023726375
noob| pro| verity| boss| mob| battle| minecraft,0,0.00021586358
noob| pro| without| robux| steal| egg| roblox,0,0.00023726375
nooh| bebe| dilpreet| dhillon| latest| punjabi| songs| 2026,0,0.00021586358
nostalgia,0,0.00021586358
nostalgia| band| ver,0,0.00021586358
not| game,0,0.00022511328
not| normal| teaser| aarish| shah19,0,0.0033524095
not| ready| gta,0,0.00022511328
not| safe| here| animaly| bar| ending,0,0.00025312958
november| teaser| assamese| movie| 2026| indiflix| studios,0,0.00027000715
nrc| nalparar| ram| chandra| assamese| film| releasing| september,0,0.00040807307
nse ipo allotment status,1,0.9992878
nse ipo gmp,1,0.9992878
nse listing date,1,0.9992878
nse share price,1,0.9992878
nua| khai| natia| comedy,0,0.00021586358
nungbai| music| bru| khasrangti| reang| agluma| kaubru,0,0.00035873317
oasis,1,0.9874888
ob55| naruto| diwali| cube| store| update| para| samsung,0,0.00040918463
ob55| tripple| store| update| free| fire| max,0,0.00040918463
obtained| admin| egg| steal| roblox,0,0.00025312958
obtained| everything| scramble| update| steal| egg| roblox,0,0.00025312958
obtained| every| single| divine| roblox| steal| egg,0,0.00022511328
ocean| mode| back| rank| push| bgmi| live,0,0.00023726375
october,1,0.9992878
october |  india |  bloc,1,0.9992878
officially| joined| garena| partner| program| funwithsrbyt| freefire| vbadge,0,0.00040918463
oguniverse| pawan| kalyan| birthday| teaser| sujeeth| thaman| snehith,0,0.00021586358
ola electric share price,1,0.9992878
old| hindi| songs| 90s| love| udit| narayan| alka,1,0.99817955
old| hits| sadabahar| lata,0,0.00038370033
old| money| khasa| aala| chahar| manya| yadav| akshita,0,0.00021586358
old| wmax| back| live| bgmi| wmaxgaming6,0,0.00023726375
oli mcburnie,1,0.98235947
omdia |  indias |  market,1,0.9992878
omg| tommy| almost| killed| michael| gta| real| life,0,0.00035873317
omkar| swaroopa| suresh| wadkar| marathi| bhaktigeet| ganesh| chaturthi,0,0.00059557025
onbathu| kolum| vinayagar| chaturthi| 2026| songs,0,0.00030648202
onbathu| kolum| vinayagar| songs| vinayaka| chaturthi| 2026,0,0.00021586358
ondhe| ondu| brindavihari| golden| mega| ganesh| chithra| vnp,0,0.00021586358
one| about| matthew| perry| netflix,0,0.00021586358
one| block| golem| battle| minecraft,0,0.00022511328
one| name| jailer,0,0.00022511328
one| sun| moon| jailer,0,0.00021586358
only| naruto| challenge| battle| royale| kill| booyah| garena,0,0.00040918463
onna| thottu| lyric| dorothy| maestro| ilaiyaraaja| karthik| subbaraj,0,0.00021586358
ooroda| oththa| don| baththa,0,0.00022511328
ooroda| oththa| don| lyric| baththa| vijay| sethupathi| saiabhyankkar,0,0.00021586358
opened| 100| limited| extinction| eggs| steal| egg| roblox,0,0.00025312958
opened| 100| luminious| angel| demon| eggs| steal| egg,0,0.00023726375
opened| 150| demon| angel| eggs| steal| egg| roblox,0,0.00023726375
opened| golem| heart| store| minecraft,0,0.00021586358
opened| hell| heaven| prison| scary| entities| minecraft,0,0.00021586358
opened| horror| momo| stall| minecraft,0,0.00021586358
opened| hospital| harshit| treat| haunted| patients| night| infirmary,0,0.00022511328
opened| repair| shop| japan| restory,0,0.00025312958
opened| shoes| shop| villager| minecraft,0,0.00021586358
opened| skin| cases| destroy| noobs| roblox| rivals,0,0.00025312958
operation safed sagar,0,0.006038314
opposition |  motion |  kumar,1,0.9992878
opps| ammy| virk| arjan| ary| punjabi| songs| 2026,0,0.00021586358
orient cables ipo gmp,1,0.9992878
orochi| love| universe,0,0.00056539825
oru| rojathottam| lyrics| manuneethi| deva| unnikrishnan| chithra| murali,0,0.00039675937
oseh| pele| john| jebaraj| bezalel| charly| johnjebarajnewsong| tamilchristiansongs,0,0.00023726375
other| mommy,0,0.00021586358
ottam| music| asal| kolaar| mass| appeal| prod| urban,0,0.00022511328
ottam| thullal| teaser| vishnu| unnikrishnan| harisree| ashokan| marthandan,0,0.00021586358
ottam| thullal| vishnu| unnikrishnan| harisree| ashokan| marthandan,0,0.00021586358
our| ending,0,0.00021586358
ovalu| aarti| madan| gopala| shri| krishna,0,0.00032763113
oyo| rajeev| yadav| srishti| bharti| muskan| maghi,0,0.00023726375
paalmazhai| vishwanath| sons| suriya| mamitha| baiju| prakash| venky,0,0.00021586358
paas| nahin| aana| rajesh| khanna| mumtaz| kishore| kumar,0,0.00038370033
paas| woh| aane| lage| main| khiladi| anari| kumar,0,0.00021586358
padayaatra| mammootty| adoor| gopalakrishnan| kampany,0,0.00021586358
padma| ekadashi| aarti| mata,0,0.0002552499
padma| ekadashi| bhajan| 2026| parivartini| story,0,0.00023025674
pahije| music| sanju| rathod| juilee| joglekar| spxrk| saumya,0,0.00022511328
paint| get| caught| roblox,0,0.0002530835
pakistan cricket,0,0.006038314
pakistan vs thailand,1,0.9992878
pakistani| lion| attacked| indian| goat| took| revenge| theft,0,0.00021586358
palkhi| nighali| rajachi| lalbaugcha| raja| ganpati| bappa| mashup,1,0.99817955
pal| dil| paas| black| mail| 1973| kishore| kumar,0,0.00021586358
pal| hartalika| teej| katha| story,0,0.00021586358
pal| janmashtami| katha| krishan,0,0.00021586358
pal| padma| ekadashi| katha,0,0.00047091395
pal| parivartini| ekadashi| katha,0,0.00023025674
pandit| gaurangi| gauri| janmashtami| special| 2026,1,0.99817955
pandi| muni| kekkudhu| lyrical| lenin| pandiyan| ilaiyaraaja| balachandran,0,0.00022511328
panjabrao| dakh| live| havaman| andaj| today,1,0.99847215
pankaj| mistry| man| gamti| malan| gujarati| 2026| jhankar,0,0.00023025674
paper |  demand |  target,1,0.9992878
paradise| audio| jukebox| nani| kayadu| lohar| anirudh| ravichander,0,0.00021586358
paradise| final| nani| srikanth| odela| anirudh,0,0.0003402499
paradise| final| release| nani| srikanth| odela| anirudh| ravichander,1,0.99817955
paradise| hindi| nani| srikanth| odela| anirudh| ravichander| sept,0,0.00021586358
paradise| movie| why| nani,0,0.0005233527
paradise| release| nani| srikanth| odela| anirudh| ravichander,0,0.00021586358
paradise| telugu| nani| srikanth| odela| anirudh| ravichander| sept,0,0.00021586358
paramparik| karma| geet| 2026,0,0.00021586358
parchoon| simar| dorraha| music| bop| latest| punjabi,0,0.00021586358
parda| kar| pujari| dikhne| radha| bhajan| 2026,0,0.00030648202
parda| kar| pujari| popular| shiv| bhajan| 2026,0,0.00023025674
pardesi| alka| yagnik| udit| narayan| aamir| khan| karisma,0,0.00021586358
pardes| jake| pardesiya| bhool| jaana| piya| reena| roy,0,0.0003485617
parivartini| ekadashi| katha,0,0.00023025674
parivartini| ekadashi| special| bhajan,0,0.00027000715
parvatichya| bala| classic| entertainment,0,0.00021586358
parvatichya| bala| ganpati| parvatichyabala| remix| bappa,0,0.00021586358
parvatichya| bala| ganpati| remix| shubham,0,0.00026849512
parvatichya| bala| ganpati| songs| nonstop| 2026,0,0.0002873254
parvati| audio| jab| zid| gayi| hanuman| ansh| sadhu,0,0.00021586358
parvati| jab| zid| gayi| hanuman| ansh| sadhu| tiwari,0,0.00021586358
parvati| kahe| manwa| aaya| hanuman| ansh| sadhu| vaayu,0,0.00021586358
parvati| lyrical| jab| zid| gayi| hanuman| ansh| sadhu,0,0.00021586358
parwana| alka| yagnik| udit| narayan| songs| ajay| devgan,0,0.00023446445
patanpur| paat| devta| mithleshwari| sen| 2026| viral,0,0.00021586358
patha| dian| prabhu| ganesha| pratikhya| krishna| odia| ganesh,0,0.00030648202
path| sampurn| sunderkand,0,0.0002552499
patient zero lyrics,1,0.9992878
patient| zero,0,0.00023726375
pattampoochi| vishwanath| sons| suriya| mamitha| baiju| prakash| venky,0,0.00021586358
pawan| kalyan| sujeeth| thaman,0,0.000354828
pawan| raja| yadav| rangdar| hathiyar| pujela| vishwakarma| pooja,0,0.0002552499
pawan| singh| aara| sara| ritika| sharma| shivani| laakhan,0,0.00022511328
pawan| singh| beauty| kharab| jai| shilpi| raj| sheetal,0,0.00022511328
pawan| singh| dev| dulari| aavya| dubey| bhojpuri| devi,0,0.0060270512
pawan| singh| jan| hau| hamar| jaan| devar| bhabhi,0,0.00021586358
pawan| singh| latest| devi| geet| 2026,0,0.0005374879
pawan| singh| lehanga| lahke| shilpi| raj| bhojpuri| 2026,0,0.00025312958
pawan| singh| marad| banala| srishti| bharti| ishani| ghosh,0,0.00035873317
pawan| singh| oth| madhuiya| shivani| sheetal| ahir| laakhan,0,0.00040918463
pawan| singh| ravi| kishan| dhadkela| tohre| name| karejawa,0,0.00030648202
pawan| singh| roj| vishwakarma| bhakti| 2026,1,0.9980636
pawan| singh| sapna| chauhan| paramparik| bhojpuri| navratri,0,0.0003825688
pawan| singh| shilpi| raj| babuaan| bhojpuri| 2026,0,0.00026849512
pawan| singh| shilpi| raj| chandani| bhojpuri| babuan| pawansingh,0,0.00021586358
pawan| singh| srishti| bharti| zila| shweta| mahara,0,0.0003825688
pawdii| live| scrims| grind,0,0.0003825688
paypal,0,0.006934631
pays |  when |  indian,1,0.9992878
pb fintech share price,1,0.9992878
peak| indian| horror| here| promotion,0,0.00023726375
peetal| goli| sanjay| yaduvanshi| shilpi| raj| officail,0,0.0003825688
pehla| pyaar| doosri| baar| anuj| saini| luv| ranjan,0,0.00038370033
people |  telangana |  arms,1,0.9992878
people |  wonderful |  your,1,0.9992878
perjalanan| yang| menyenangkan| euro| truck| simulator,1,0.99874485
pesamale| music| siri| xander| arra| aria| khayal| tamil,0,0.00023726375
pet| shop| running| successfully,0,0.00025312958
phantasia| siren| opening| scrims| dangerous| goblin| live| bgmi,0,0.00025312958
phareng| wanbhaa| upunn| dapyn| musicvideo,0,0.00025312958
phool| udit| narayan| songs| madhuri| dixit| kumar| gaurav,0,0.0003517019
photo| hustinder| jagdeep| sangala| deol| harman| untamed| latest,0,0.00021586358
phuket,0,0.006038314
pilot |  flydubai |  flight,1,0.9992878
pilot |  hero |  trump,1,0.9992878
pilot |  morning |  brief,1,0.9992878
pilot |  smit |  machchhar,1,0.9992878
pilot |  true |  hero,1,0.9992878
pilot |  very |  shape,1,0.9992878
pink| dimond| house| indian| theft| auto| simulator,0,0.00021586358
pitru| dev| nonstop| bhajan| pitra| paksh| 2026,0,0.00021586358
pittar| dev| bhajan| shradh| special,0,0.0004191907
piya| atif| aslam| shreya| ghoshal| tere| naal| love,0,0.00021586358
piyush |  goyal |  india,1,0.9992878
pl,1,0.99703634
play store,1,0.99922884
played| fake| steal| egg| copy| games| roblox,0,0.00022511328
played| funniest| fishing| game| ever| made,0,0.00025312958
played| red| light| green| roblox| rivals,0,0.00023726375
played| squid| game| until| one| won,0,0.00022511328
players| villagers| rivals,0,0.00021586358
playing| granny| alien| grandpa| room| house| gameplay| animation,0,0.00021586358
playing| hide| seek| hidden| leaf| village| can| find,0,0.00025312958
playing| hok| first| time| honorofkings| rofkings| hokstudio,0,0.0003402499
playing| kamla| antim| ritual| horror| game| scary| bhootni,0,0.00021586358
playing| kamla| chandramukhi| horror| game| scary,0,0.00021586358
playing| kamla| chunga| changa| horror| game,0,0.00021586358
playing| kamla| hantu| hamood| habibi| horror| game| scary,0,0.00021586358
playing| kamla| shanta| horror| escape| scary| bai,0,0.00021586358
playing| kamla| who| door| horror| game| scary| monster,0,0.00021586358
playing| scary| teacher| chapter| rocket| uda| diya,0,0.00022511328
playing| scout| bhai| bgmi| wmax| live| wmaxgaming6,0,0.00023726375
playing| trees| hate| you,0,0.00021586358
plea |  seeks |  recall,1,0.9992878
police |  better |  disband,1,0.9992878
police |  jodhpur |  wanted,1,0.9992878
police |  plant |  delhi,1,0.9992878
police| rumi| kpop| demont| potbelly| injected| doctor| scary,0,0.00026849512
pooja| meri| jaan| zee| original| mrunal| thakur| huma,0,0.00021586358
poor| billionaire| journey| roblox,0,0.00022511328
poor| rich| chunk| minecraft,1,0.99791366
poor| rich| life| cycle| evolution| minecraft,0,0.00021586358
poor| rich| scary| entities| verity| apocalypse| bunker| battle,0,0.00021586358
poor| rich| simulator,0,0.00040807307
poor| rich| simulator| malayalam,0,0.00040918463
popular| biswkarma| puja| songs| viswakarma| pujo| 2026,0,0.00030648202
powerful| ganesh| bhajan| 2026,0,0.0005332835
powerful| onbathu| kolum| vinayagar| songs| ganesha| devotional| chaturthi,0,0.0002873254
power| raushan| rohi| srishti| bharti| aparna| malik| rangdari,0,0.00023726375
power| star| pawan| singh| chandani| bhojpuri| sad,0,0.00040918463
power| star| pawan| singh| rupali| jadhav| bhojpuri| movie,0,0.00040918463
pradeep| purnekar| case| special| report,0,0.00033637893
pradeshi| piya| yadav| panchayati| hui| bhojpuri| gana,0,0.00021586358
pradhama| drishtya| kuttakkar| teaser| shahad| parvathy| vijayaragavan| mathew,0,0.00021586358
prahaar| untold| story| ujjwal| nikam| rajkummar| wamiqa| gabbi,0,0.00021586358
prakash| gandhi| maine| tere| bharose| hanuman,0,0.00021586358
prakash| solanki| dhurandhar| attitude| 2026| team| 018,0,0.00022511328
pramod| premi| jarawatiya| diya| bhojpuri| devi| geet| srk,0,0.00023726375
pramod| premi| yadav| bhej| location| bhojpuri| 2026| rangdari,0,0.00022511328
pramod| premi| yadav| goldi| othlaliya| chate| tohar| mile,0,0.00038370033
pramod| premi| yadav| hamar| ghar| jare| sapna| chauhan,0,0.0003825688
pramod| premi| yadav| mayariya| bhojpuri| devigeet| bhakti| 2026,0,0.00035873317
pranav construction share price,1,0.9992878
pranav constructions ipo gmp,1,0.9992878
prasol chemicals share price,1,0.9992878
pratham| tula| vandito| sukhkarta| dukh| harta| tuj| magato,0,0.0002392948
preeti| rai| horilwa| rani| komal| jyoti| paridhi| bhojpuri,0,0.00021586358
prema| chandrama| audio| vishnuvardan| shasikumar| abhijeet,0,0.00029321483
premier league,1,0.98825943
prem| keetanu| veer| aparshakti| aafiya| nikhil| rakesh| apoorv,0,0.0003485617
president| michael| billion| dollar| gold| deal| gta| gameplay,0,0.00040918463
pretended| noob| girl| then| trolled| brother| steal| egg,0,0.00021586358
pretending| noob| rivals| roblox,0,0.00023726375
prevented |  another |  modi,1,0.9992878
prime| diamond| free| fire| max,0,0.00040918463
prime| store| bundle| giveaway| booyah| 10000| diamonds| dum,0,0.0002794546
prisoner| gang| kidnapped| gta,0,0.00022511328
priti| prakash| janmashtami| special| sohar| krishnajanmsohar,0,0.0006716202
priti| prakash| krishna| janam| sohar,0,0.00025307987
priyanka| pandey| baba| vishwakarma| puja,0,0.00025307987
priyanka| singh| teej| special| geet,0,0.00021586358
probe |  into |  aqis,1,0.9992878
promoter |  chairman |  gurugram,1,0.9992878
protest| pros| promotion,0,0.00021586358
ps5| wapas| kar| prank| sayansh| yaatri,0,0.00022511328
pump| rawme| hooda| desi| hip| hop| haryanvi| workout,0,0.0055686305
punjab |  amit |  shah,1,0.9992878
punjabi| songs| 2026| doctor| saab| korala| maan| gurlez,0,0.00021586358
punjabi| songs| 2026| gall| tiger| gill| raunta| guri,0,0.00021586358
punjabi| songs| 2026| relation| bukka| jatt| syphr| latest,0,0.00021586358
punjabi| songs| 2026| rishta| nait| isha| sharma| latest,0,0.00021586358
punjabi| songs| 2026| sorry| manjit| sahota| baaghi| latest,0,0.00023726375
punjabi| songs| laddi| chhajla| jasmeen| akhtar| latest| 2026,0,0.00021586358
puratasi| most| popular| srinivasa| govindha| tamil| bakthi| padalgal,0,0.00021586358
purattasi| 1st| saturday| most| powerful| perumal| tamil| devotional,0,0.00029763763
purattasi| 2nd| saturday| pournami| special| perumal| bhakti| padalgal,0,0.0003485617
purattasi| saturday| most| powerful| perumal| tamil| devotional| songs,0,0.00038120017
purattasi| saturday| pournami| special| tirupati| balaji| powerful| devotional,0,0.00050178927
purattasi| saturday| spl| powerful| perumal| suprabatham| lord| balaji,0,0.00030648202
puri| squad| akela| finish| kar| diya,0,0.00026849512
purnima| amritwani| 2026,0,0.00021586358
pushpa| live| journey| zero| billion| gta5| gtav| gaming,0,0.0003402499
python,1,0.9992878
qismat| kaur| gulab| sidhu| kulshan| sandhu| upma| sharma,0,0.00021586358
raaka| first| glimpse| allu| arjun| atlee| kumar| deepika,0,0.00021586358
raaka| notion| allu| arjun| atlee| kumar| deepika| padukone,0,0.00021586358
rachin ravindra,1,0.9992878
racing| fastest| animals| eggs| roblox,0,0.00023726375
radhastami| special| radharanir| gaan| apily| dutta| bhowmick| audio,0,0.00030648202
radhasthami| superhit| bhajan| jukebox| namita| agrawal| radha| krishna,0,0.00026995412
radha| aarti| rani,0,0.00021586358
radha| ashtami| bhajan,0,0.00021586358
radha| ashtami| bhajan| 2026,0,0.00030648202
radha| ashtami| katha| pal,0,0.00021586358
radha| ashtami| rani| 2026| radharani,0,0.00021586358
radha| ashtami| special| bhajan| 2026| rani,0,0.00021586358
radha| astottaro| satanam| rani| 108| naam| bhajan| bangla,0,0.00021586358
radha| janamdin| aayo| rani| janmotsav| ashtami| special| bhajan,1,0.9980636
radha| kavach,0,0.00021586358
radha| kavach| bhajan,0,0.0010075897
radha| krishan| janmashtami| bhajan,0,0.00026849512
radha| krishna| bhajan| 2026,1,0.99817955
radha| krishna| bhajan| apily| dutta| bhowmick| radhastami| special,0,0.0002552499
radha| krishna| sad| bhajan| dard| bhare| popular| famous,0,0.00021586358
radha| rani| ashtami| bhajan| nonstop| bhajans| top| songs,0,0.00021586358
radha| rani| janam| badhai| geet| bhajan| ashtami| 2026,0,0.00030648202
radha| tamanna| hai| kanha| mujhe| mil| jaye| radhe,0,0.00021586358
radha| tamanna| hai| peaceful| krishna| bhajan| 2026,0,0.00030648202
radhe| shyam| payal| kritika| malik| zaid| ayaan| tuba,0,0.00025312958
radhika| sundari| rakesh| reeyan| dulal| manki| arjun| lakra,0,0.0003825688
raftaar| legacy| finale| performance,0,0.00023726375
raga| panther| sab| set| hai| music| def| jam,0,0.00040918463
raghav chadha,1,0.9992878
rahul| rawani| maghi| sad,0,0.00023726375
rahul| sipligunj| ganeshuni| paataro| 2026| music| ganeshsong| rahulsipligunj,0,0.00021586358
rainfall |  lowest |  since,1,0.9992878
raise| shivang| anomaly| scp| roblox,0,0.00021586358
rajasthan nikay chunav 2026,1,0.9992878
rajat patidar,1,0.98901504
raja| bhagwan| rajbhagadhvi| rajesh| ahir| dwarika| janmashtami,0,0.00025312958
rajeev| yadav| khushi| kakkar| goli| choli| par| chaltau,0,0.00021586358
rajeev| yadav| srishti| bharti| odhaniya| kaise| phatal| hako,0,0.00021586358
rajini| jailer| hindi| rajinikanth| sun| pictures| anirudh| nelson,0,0.00021586358
rakesh| barot| banas| kanudo| 2026,0,0.00025312958
rakesh| barot| dhola| dade| andhara| aavya| gujarati| 2026,0,0.00025312958
rakesh| barot| tame| ramjo| konudo| reshma| thakor| gujarati,0,0.00023726375
rakesh| mishra| kamariya| kala| til| khushi| kakkad| lezza,0,0.00021586358
raksha| gupta| hamar| devrani| ghar| maharani| bhojpuri,0,0.0003485617
rally |  vijay |  aiadmk,1,0.9992878
ramayam| 9198116541,0,0.00021586358
ramayana| beast| minute| review| deeksha| sharma,0,0.00021586358
ramayana| cinemas| november,0,0.00021586358
ramayana| cinemas| november| 2026,0,0.00021586358
ramayana| jai| ram| namit| nitesh| ranbir| yash| rahman,0,0.00021586358
ramayana| minute| footage| review| deeksha| sharma,0,0.00021586358
ramayana| path| dharma| hindi,0,0.00025312958
ramayana| path| dharma| review| yogi| bolta| hai,0,0.00022511328
ramba| oorvasi| menaka| allari| naresh| surbhi| chandra| mohan,0,0.00021586358
ramdevpir| bhajan| gujarati| desi,0,0.00060959597
ram| ban| jaunga| anil| rawat| farmani| naaz| jitendra,0,0.00021586358
ram| lakhan,0,0.00035873317
ram| lakhan| masoom| sharma| rohit| lamba| lakshay| kaushik,0,0.00021586358
ram| nam| nadiya| agam| bahijay| suresh| awasthi| bhajan,0,0.00048103122
ranabaali| teaser| savage| oath| reaction| review| vijay| devarakonda,0,0.0002530835
ranabaali| teaser| savage| oath| vijay| deverakonda| rashmika| mandanna,0,0.00021586358
ranabaali| vijay| deverakonda| rashmika| mandanna,0,0.0003402499
rang| lagyo| ramaiya| vastavaiya| atif| aslam| shreya| ghoshal,0,0.0003081109
rani mukherjee,1,0.9992878
rani| chatterjee| monalisa| bhojpuri| sad,0,0.00021586358
rani| thakur| bhojpuri| sohar| geet| 2026| nonstop,0,0.00021586358
rank| play| rocky| grinding| start| now| freefireshortslivestream| freefire,1,0.998665
rank| push| conqueror| begins| tag| lolzzz| what| bgmi,0,0.00023726375
ranuje| manado| moyo2| deshi| pakhat| mandali| rohit| thakor,0,0.0003825688
rape |  cornell |  case,1,0.9992878
rasik| dulari| case| premanand| maharaj,0,0.00023025674
rathinamo| female| version| lyric| saurav| srisan| tanisha| gnanavel,0,0.00023726375
rathinamo| tanisha| gnanavel| female| version,0,0.00021586358
raushanrohi| khushikakkar| nach| nagin| jaisan| maghisong| 2026,0,0.00054160337
raushan| rohi| biscuit| dubaai| neha| pathak| jailstar| movie,0,0.0055686305
raushan| rohi| gunda| bhi| puja| karau| srishti| bharti,0,0.00023726375
raushan| rohi| khushi| kakkar| nach| nagin| jaisan| maghi,0,0.00021586358
raushan| rohi| srishti| bharti| chahat| singh| maal| rasdaar,0,0.00023726375
raushan| rohi| srishti| bharti| gulabi| nagar| magahi| 2026,0,0.00021586358
raushan| rohi| srishti| bharti| magahi| 2026| nawada| rangdar,0,0.00035873317
raushan| rohi| srishti| bharti| maghi,0,0.00023726375
raushan| rohi| srishti| bharti| maghi| rangdari| 2026,0,0.00023726375
raushan| rohi| srishti| bharti| priti| tiwari| gulabi| nagar,0,0.00021586358
raushan| rohi| srishti| bharti| radha| magahi| hit,0,0.00023726375
raushan| rohi| srishti| bharti| tanya| magahi,0,0.00023726375
raushan| rohi| srishti| bharti| tanya| magahi| 2026,0,0.00033843017
raushan| rohi| srishti| bharti| thumka| par| jhumka| maghi,0,0.00029763763
raushan| rohi| taniya| maghi| rangdari,0,0.0003825688
raven| championship| series| semi| finals| day| apexgaming| godlike,0,0.00021586358
ravi| kishan| prank| randoms| went| too| funny,0,0.00025312958
raymond share price,1,0.9992878
ray| gunn| netflix,0,0.00022511328
realistic| build| battle| senpaispider,0,0.00025312958
recall |  order |  challenge,1,0.9992878
records |  galore |  india,1,0.9992878
records |  quickest |  severe,1,0.9992878
red| diamond| train| golden| indian| bikes| driving,0,0.0007790602
red| gang| blue| ganesh| chaturthi| battle| who| will,0,0.00021586358
red| team| blue| challenge| mimic| party,0,0.00035873317
red| team| blue| mimic| party| competition,0,0.00040807307
refugee| music| jordan| sandhu| latest| punjabi| songs| 2026,0,0.00021586358
rekkai| katti| parakudhu| remastered| annamalai| rajini| khushbu| spb,0,0.00030648202
remain| teaser,0,0.00021586358
remember |  name |  israelis,1,0.9992878
remix| ashish| yadav| karma| rajhans,0,0.00021586358
removed| badge| only,0,0.00023726375
rentomojo ipo,1,0.99922884
repair| phones| don| peek| inside| pick,0,0.00035873317
revealed| secret| hidden| chinti| gang| memeber| roblox,0,0.00040918463
revenge,0,0.00021586358
rich| poor| boat| minecraft,0,0.00021586358
rich| poor| skyscraper| battle| minecraft,0,0.00021586358
ride| fastest| pets| roblox,0,0.00023726375
riot| live| free| fire| freefire| freefirelive| shortsfeed| shorts,0,0.00035873317
rivals| boys| girls| loadout| challenge| roblox,0,0.00022511328
rivals| game| choose| inventory| roblox,0,0.00025312958
rivals| hulk| everyone| challenge| roblox,0,0.00022511328
rivals| ironman| spiderman| challenge| roblox,0,0.00022511328
road accident,1,0.9992878
robbed| biggest| bank| city| gta| hindi| dubbed,0,0.00025312958
robbers| defenders| challenge| steal| egg,0,0.00022511328
roblox| build| stairs| moon,0,0.00035873317
roblox| can| strech| arms,0,0.00021586358
roblox| catch| imposter| artist,0,0.00021586358
roblox| death| order| simon| says| crazy| gameplay,0,0.00023726375
roblox| giant| mini| hide| seek| rivals,0,0.00025312958
roblox| jump| steal| egg,0,0.00025312958
roblox| sail| boat| steal| secret| egg,0,0.00023726375
roblox| save| baddie| fire,0,0.00021586358
roblox| scariest| game| ever| monochrome,0,0.0003825688
roblox| slash| per| click,0,0.00021586358
roblox| stretch| your| arm,0,0.00021586358
robotic| spiderman| strongest| robot| gta,0,0.00021586358
rogue |  agents |  hack,1,0.9992878
rohit sharma,1,0.98235947
rohit |  sharma |  world,1,0.9992878
rohit| pradhan| jhutha| raur| boliya| raja| bhojpuri| viral,0,0.00026849512
roll| money| become| rich| roblox,1,0.9977076
ronaldo |  camp |  time,1,0.9992878
rooh| khan| bhaini| guri| nimana| punjabi| songs| 2026,0,0.00021586358
rosemary| fire| domination| pmgo| sea| finals| day,0,0.00035873317
ros| trick| music,0,0.00025312958
rsuty| helicopter| escape| granny| chapter| update,0,0.00025312958
rules |  bombay |  court,1,0.9992878
rvnl share price,1,0.9992878
saah| satkar| sandhu| mannat| noor| guri| babbu| brar,0,0.00021586358
saajan| aishwarya| rai| arjun| rampal| kumar| sanu| alka,0,0.00021586358
saare| trailers| dil| jeet| liya| yogipedia| 276| yogi,0,0.00022511328
saari| raat| teri| yaad| emraan| hashmi| footpath| udit,0,0.00021586358
saas| aandhi| bahu| toofan| richa| dixit| anshuman| singh,0,0.00021586358
saas| bahu| pareshn| dilip| lahariya| rajkumari| chauhan| chhattisgarhi,0,0.00049730664
saat| samundar| paar| main| tere| 90s| bollywood| retro,0,0.0002392948
sabarimala |  reference |  justice,1,0.9992878
sachin tendulkar,1,0.99922884
sadhvi| purnima| radha| rani| birthday,0,0.00021586358
sadhvi| purnima| shree| radha| krishna| bhajan| radhe| shri,0,0.00086157146
sadi| motiya| jhariya| dady,0,0.00021586358
sad| story| null| minecraft,0,0.00021586358
sahaa| life| sanju| telugu| movie| 2026| shiva| kumar,0,0.00021586358
sahara| bodo| film| 2026| mwkthang| narzary| monalisha| hazoary,0,0.00040807307
sahasa| simha| vishnuvardhan| top| songs| evergreen| hit| audio,0,0.00030648202
saiabhyankkar| radhimaa| music| bhagyashri| borse| vivek| thejo| bharathwaj,0,0.00022511328
saiyan| hawe| ram| rkrajanikaushal| amarnathsdk| bhojpuri| hit,0,0.00025312958
saiya| gayi| romantic| subscribe| free| fire,0,0.00021586358
sai| baba| chalisa| shiridi| devotional| songs| telugu| live,0,0.00030648202
sai| baba| chalisa| telugu,0,0.00025307987
sai| chalisa| dattatreya| dakshinamurthy| thursday| special| songs,0,0.0003573748
sakhi| bar| gaini| khesari| lal| yadav| kajal| raghwani,0,0.0007790602
sakhi| sab| gaveli| sohar| krishna| janmashtami| special,0,0.00021586358
salman| bhai| jack| aur| shinchain| sath| sabhi| ghar,1,0.99817955
salman| khan| monster| teaser| ranbir| kapoor| ramayana,0,0.00021586358
samar| singh| shilpi| raj| bhojpuri| 2026| toshi| divedi,0,0.00046263557
samar| singh| shilpi| raj| raja| boliya| nik| lagega,0,0.00085592223
samavarthi| teaser| satyadev| ajay| nag| sinjith| rudra| pictures,0,0.00021586358
samjho| vvaan| sidharth| malhotra| tamannaah| jubin| nautiyal| tanishk,0,0.00021586358
sammakka,0,0.00022511328
sammakka| emotion| paradise| anirudh| ravichander| nani| srikanth| odela,0,0.00021586358
sammakka| nani| kastamtho| vacchinde| paradise| emotiona| pulsar| bike,0,0.00021586358
samsung one ui 9,1,0.9992878
samsung |  galaxy |  price,1,0.9992878
samsung |  ultra |  available,1,0.9992878
sandakari| vemal| shriya| saran| madhesh| amrish,0,0.00021586358
sandeep| chaudhary| live| sir| delhi| arvind| kejriwal,0,0.0002794546
sandeep| suman| vishwakarma| puja| ago| pistal| bana| apna,0,0.00021586358
sanjana| pandey| prashant| singh| dahej| lalch| bhojpuri| movie,0,0.00021586358
sanju samson,1,0.9992878
sankatahara| chaturthi| special| ganesh| devotional| songs,0,0.0003573748
sankatahara| chaturthi| special| ganesh| songs,0,0.00030648202
sanson| mala| mirzapur| movie,0,0.00021586358
sanson| mala| mirzapur| movie| madhur| sharma| bollywood| birju,0,0.00021586358
sanson| mala| mirzapur| movie| nusrat| fateh| ali| khan,0,0.00021586358
santos fc vs palmeiras,1,0.9992878
santy sharma iphone,1,0.9992878
sanvariya| seth| bhajan,0,0.00021586358
san| gauriganpaticha| aala| gauri| ganpatichi| gani,0,0.00038120017
sardaari| himmat| sandhu| kahlon| bhindder| burj| punjabi| songs,0,0.00021586358
sardar| tamil| karthi| suryah| malavika| ashika| mithran| sam,0,0.00021586358
sata| bhaire| mun| gotie| bhauni| namita| agrawal,0,0.00021586358
says |  afghanistan |  civilians,1,0.9992878
scammed| rich| friend| rivals| roblox,0,0.00021586358
scary| entities| kids| trolled| secret| base| minecraft,0,0.00021586358
scary| living| house| rich| village| minecraft,0,0.00021586358
scary| teacher| doraemon| takla| kar| diya| stay| player,0,0.00030648202
scary| teacher| gta5,0,0.00021586358
scene| notion| suriya| naslen| jithu| madhavan| sushin| shyam,0,0.00021586358
scenuke| scene,0,0.00022511328
schedule |  andhra |  pradesh,1,0.9992878
scientists |  connected |  three,1,0.9992878
searching| vault| doesn| exist,0,0.0003825688
season| rank| push| bgmi| live| custom| giveaway| update,0,0.0003402499
secretly| cheated| catch| artist| roblox,0,0.00023726375
secretly| completed| index| troll| shivang| steal| egg| roblox,0,0.00022511328
secretly| exposed| friends| steal| egg| roblox,0,0.00023726375
secretly| lived| inside| enemy| base| minecraft| smp,0,0.00023726375
secretly| snuck| into| noobs| only| tournament| roblox| rivals,0,0.00022511328
secretly| used| giant| items| minecraft,0,0.00021586358
secret| code| update| spider| fighter,0,0.00040918463
secret| soldier| nihal| kodhaty| surya| srinivas| moon| light,0,0.00027000715
selling| 100| 000| most| expensive| super| bike| car,0,0.00023726375
selwar| pindhuthilu,0,0.00025312958
senior |  citizen |  interest,1,0.9992878
sensex,1,0.9992878
september |  delhi |  records,1,0.9992878
september| 2026,0,0.0002794546
serious| rank| push| live| bin| zaid| gaming| binzaid,1,0.9980636
shaayraana,0,0.00021586358
shahnaaz| akhtar| ganesh| chaturthi| special| bhajan| 2026,0,0.00021586358
shahnaaz| akhtar| ganpati| bhajan,0,0.00021586358
shambhu| sutaya| music| shankar| vishal| abcd| ganesh| chaturthi,0,0.00021586358
shaniwar| special| bhajan,0,0.00027000715
shani| dev| kahani| pal| gatha,0,0.00026995412
shankarabharanna| teaser| shine| shetty| sumanth| bhat| charan| raj,0,0.00023726375
shankersinh vaghela,1,0.9992878
shau| evans| dream| girl,0,0.0060270512
sheetla| mata| chalisa| latest| shitala| maa| vrat| jai,0,0.0006656037
shehzad |  poonawalla |  calls,1,0.9992878
shelter,0,0.0021840294
shendur| laal| chadhayo| aarti| ravindra| sathe| sanjay| dutt,0,0.00021586358
she| thought| ravi| kishan| prank| free| fire,0,0.00040918463
shift| midnight| dead| customer| visited| shop,0,0.00035873317
shikha| rana| krishna| bhajan,0,0.00021586358
shikwa| nahin| kisi| naseeb| 1997| govinda| mamta| kulkarni,0,0.00026849512
shilpi| raj| barbadi| hoi| vishwakarma| puja| gana| 2026,0,0.00021586358
shilpi| raj| devra| dedi| bataiya| bhojpuri| 2026| sapna,0,0.00042419072
shilpi| raj| garda| uda| dehab| bhojpuri| 2026,1,0.99791366
shilpi| raj| jhulaniya| bhojpuri| 2026| udanbaj| raja| muskan,0,0.0004885931
shilpi| raj| jhulaniya| muskan| jayswal| udanbaj| raja| bhojpuri,0,0.00021586358
shilpi| raj| mani| meraj| queen| palak| chhedi| funny,0,0.00022511328
shilpi| raj| naya| chhokari| patawatara| bhojpuri| 2026,0,0.0004581351
shimo| giant| kraken| titanus| boug| kaiju| hunting| series,0,0.00023726375
shinchain| red| diamond| house| indian| theft| auto| simulator,0,0.00030648202
shinchain| sky| blue| diamond| house| indian| theft| auto,0,0.0002873254
shinchan| apni| maa| liye| saheed| gya| indian| theft,0,0.00021586358
shinchan| become| biggest| gangster| gta,0,0.000660938
shinchan| betrayed| franklin| become| millionaire| gta,0,0.000660938
shinchan| found| chocolate| gems| swimming| indian| theft| auto,0,0.00023025674
shinchan| found| chocolate| pizza| swiminpool| indian| theft| auto,0,0.0006196396
shinchan| found| dairy| milk| swimming| indian| theft| auto,0,0.00081077317
shinchan| found| green| daimond| house| indian| theft| auto,0,0.0007790602
shinchan| found| ice| cream| swimming| pool| indian| theft,0,0.00021586358
shinchan| found| jelly| choklate| swiminpool| indian| theft| auto,0,0.0006196396
shinchan| found| maggie| world| indian| theft| auto| simulator,0,0.0006196396
shinchan| found| milky| oreo| biscuit| swimming| pool| indian,0,0.0007790602
shinchan| found| oreo| chocolate| swimming| pool| indian| theft,0,0.00033288883
shinchan| found| pizza| house| indian| theft| auto| simulator,0,0.0006196396
shinchan| found| secret| elemental| cars| save| franklin| gta,0,0.00022511328
shinchan| franklin| found| giant| curvy| tunnel| space| outside,0,0.00022511328
shinchan| franklin| found| golden| car| bridge| space| gta,0,0.00023726375
shinchan| franklin| found| mysterious| stairway| space| his| pool,0,0.00025312958
shinchan| franklin| found| unique| level1| level| water| slides,0,0.00021586358
shinchan| franklin| kidnapping| granny| helicopter| gta,0,0.00021586358
shinchan| franklin| played| spider| man| hide| seek| friends,0,0.00024012329
shinchan| franklin| tried| impossible| maze| puzzle| parkour| challenge,0,0.00021586358
shinchan| franklin| tried| impossible| speed| booster| funnel| tunnel,0,0.00021586358
shinchan| franklin| tried| impossible| spiral| log| parkour| challenge,0,0.00021586358
shinchan| franklin| try| every| car| krishnastami| special| gta,0,0.00023726375
shinchan| fury| opened| luxury| super| bike| showroom| gta,0,0.00022511328
shinchan| gaya| sabse| bada| indian| theft| aura| simulator,0,0.0006933692
shinchan| gems| swimming| pool| indian| theft| auto| stimulator,0,0.0002392948
shinchan| gets| robotic| dragon| bike| baby| shankar| gameplay,0,0.000882038
shinchan| gets| spider| man| bike| joker| baby| babaji,0,0.000882038
shinchan| gir| gaya| gehre| kuye| kya| jack| aur,0,0.0002392948
shinchan| his| friends| saved| lord| ganesha| lambodara| gta,0,0.00021586358
shinchan| his| friends| saved| mushik| lambodara| gta| telugu,0,0.00021586358
shinchan| his| friends| started| collecting| chandha| lambodara| gta,0,0.00021586358
shinchan| jack| swimming| pool| dhakka| diya| indian| theft,0,0.00021586358
shinchan| kicked| out| his| house| indian| theft| auto,0,0.0006196396
shinchan| koi| pyar| nahi| krta| gher| nikal| dia,0,0.0003517019
shinchan| nobita| doraemon| build| stairs| moon,0,0.00022511328
shinchan| nobita| jack| goodbyes| chaddi| gang| twist| indian,0,0.00021586358
shinchan| nobita| play| hide| seek| indian| theft| aura,0,0.0002552499
shinchan| nobita| saved| gangsters| village| indian| theftaurasimulator,0,0.00021586358
shinchan| opened| secret| bunker| ganesha| saved| franklin| granny,0,0.00021586358
shinchan| red| gang| franklin| blue| vinayaka| chavithi| gta,0,0.00021586358
shinchan| witness| fury| become| werewolf| gta| telugu,0,0.00021586358
shirdi| sai| baba| songs| folk,0,0.0003517019
shiridi| sai| songs| telugu| baba| folk| devotional,0,0.0004808453
shitla| satam| special| 2026| darshana| vyas| viren| prajapati,0,0.00033288883
shivam| shastri,0,0.00021586358
shivanna| anthem| lyrical| bail| shiva| rajkumar| pavan| wadeyar,0,0.00022511328
shivastuthi,0,0.00030648202
shiva| folk| devotional| songs| monday| special| most| powerful,0,0.0006690421
shiva| folk| songs| telugu| devotional,0,0.0003517019
shiva| folk| songs| telugu| telangana| devotional,0,0.00030648202
shiva| karunamrutha,0,0.00025307987
shiva| lingam| divine| prayer| karpur| gauram| karunavtaram| sawan,0,0.00030648202
shiva| songs| telugu| bhakti,0,0.00030648202
shiv| ravan| samwad| raanjha| siddharth| lucky| ramayan| rap,0,0.00035873317
shoaib| akhtar| shocked| ind| beat| 1st| odi| virat,0,0.0003402499
should |  kailash |  satyarthi,1,0.9992878
shouldn| have| rented| cheap| apartment| welcome| kowloon| horror,0,0.00022511328
showed |  immense |  courage,1,0.9992878
shree| krishnacha| palana| palna| geet| krishna| songs,0,0.00025307987
shree| radha| krishna| bhajan| keshav| sharma,0,0.0002552499
shree| vishwakarma| aarti| remix| puja| high| frequency| soundcheck,0,0.0006933692
shree| vishwakarma| pooja| bhajan| 2026,0,0.00021586358
shri| ganapati| raksha| stotram| hour| mahaganpati| mantra,0,0.00021586358
shri| krishna| govind| hare| murari| chhathi| bhajan| 2026,0,0.00021586358
shri| krishna| govind| hare| murari| non| stop| bhajans,0,0.00021586358
shri| krishna| govind| hare| murari| popular| bhajan| 2026,0,0.00021586358
shri| krishna| katha| pal| janmashtami,0,0.00023025674
shri| krishna| palna| marathi| janmashtami| special,0,0.00021586358
shri| krishn| govind| hare| murari| jukebox,0,0.00051684317
shri| radha| ashtami| special| bhajan| 2026| chitra| vichitra,0,0.00021586358
shri| ram| janki| baithe| hain| mere| seene| mein,0,0.00045287175
shri| ram| katha| chaupai| kumar| vishu| bhajan| 2026,0,0.0005342056
shubman gill,1,0.9992878
shuklambaradharam| vishnum| kannada| vinayaka| chavithi| special| songs| ganapathi,0,0.0003147826
shuriken| cut| extreme| challenge,0,0.00023726375
shweta| sargam| sonu| yadav| piya| madarba| maghi| sad,0,0.00021586358
sigma| sundeep| kishan| faria| abdullah| jason| sanjay| thaman,0,0.00022511328
signature| mohit| ladhotiya| mackey| muzic| nidhi| negi| ameet,0,0.00021586358
simhadriya| simha| movie| vishnuvardhan| balasubrahmanyam,0,0.00045530443
sinchan| granny| kidnap| kar| liya| indian| theft| auto,1,0.99817955
sinchan| hairstyle| scary| teacher| kharab| kar| diya| indian,0,0.0007790602
sinchan| scary| teacher| maara| indian| theft| auto| simulator,0,0.0006196396
siya| entry| chapter| udhiram| blood| wood,0,0.00022511328
skinny| per| step| roblox,0,0.00025312958
skullcrawler| titanus| behemoth| kaiju| multiverse| hunting| series| animal,0,0.00023726375
slap| game| malayalam| dulquer| salmaan| kayadu| lohar| jakes,0,0.00021586358
slowest| fastest| cheetah| gta,0,0.00021586358
smit |  machchhar |  pilot,1,0.9992878
snitching| teaser| vin| wrld| harshit| rao| aarush| bhola,0,0.00022511328
snitching| vin| wrld| harshit| rao| aarush| bhola| laila,0,0.00035873317
soja| zara| anushka| shetty| prabhas| baahubali| lyrical| krishna,0,0.00021586358
sojugada| sooju| mallige| mahadeva| monday| shiva| bhakti| geethegalu,0,0.00054160337
solar industries share price,1,0.9992878
solo| custom| tournamrnt| grand| final| booyah| mobile,0,0.00025312958
solo| finishes| bgms| jonathan| back| bgmi,0,0.00040918463
solo| kills| conqueror| what| bgmi| live| lolzzzgaming,0,0.00023726375
solo| kills| hoke| rahega| classic| hacker| what| bgmi,1,0.9977076
solo| squad| garena| free| fire| gameplay,0,0.00035873317
solving| very| disturbing| case| rehaunted,0,0.00035873317
somwar| special| khatu| shyam| bhajan,1,0.99640334
sonali| srishti| teej| vrat| geet,0,0.00021586358
sonam| yadav| karma| kare| jaibai| naihar| karam| geet,1,0.9980636
song |  hanuman |  ansh,1,0.9992878
songs,1,0.99679166
songs| 2026| mohabbat| hindi| ariyan| khan| rashmika| latest,0,0.00026849512
sonia |  gandhi |  surprise,1,0.9992878
sonyliv,1,0.9992878
soul| ceasefire| violated| nebula| absolute| domination,0,0.00035873317
soul| player| change| sid| retire| family| stage| aadi,0,0.00021586358
soul| tease| shut| goblin| big| statement| hector| manya,0,0.00023726375
sourav| joshi| surprised| saving| cat| roblox,0,0.00025312958
soven| piya| sonu| kundu| sonika| singh| haryanvi| 2026,0,0.00027488702
soven| piya| sonu| kundu| sonika| singh| latest| haryanvi,0,0.0002552499
spark| niranjan| sudhindra| lovely| star| prem| rachana| inder,0,0.00022511328
special| 2026| ankita| mishra| bhojpuri| teej| geet,0,0.00030648202
special| 2026| janmashtami| badhai| geet| krishan,0,0.00021586358
special| ganesh| aarti| lyrical| chaturthi,0,0.0002392948
special| janmashtami| popular| krishna| bhajan,0,0.00021586358
special| main| bhanu| baba| dhing| jaoungi,0,0.00021586358
special| nonstop| ganesh| bhajan| chaturthi,1,0.99817955
special| nonstop| radha| rani| bhajan| ashtami,0,0.00021586358
special| radha| rani| nonstop| bhajan| chitra| vichitra| maharaj,0,0.00021586358
special| vishwakarma| aarti,0,0.0002392948
speedrunner| hunters| manhunt| smp| minecraft,0,0.00035873317
spending| 958| 458| 559| catch| biggest| fish| roblox,0,0.00021586358
spending| 9827891| robux| became| billionair| roblox,0,0.00025312958
spend| unlimited| robux| sabertooth| egg| steal| roblox,0,0.00035873317
spent| infinite| robux| get| divine| monster| egg| roblox,0,0.00022511328
spent| infinite| robux| get| divine| pet| steal| egg,1,0.99680364
spent| infinite| robux| get| luminous| monster| egg| roblox,0,0.00023726375
spiderman| victor| wmax| live| bgmi| wmaxgaming6,0,0.00023726375
spider| fighter| secret| update,0,0.00022511328
spider| man| rescue| batman| iron| venom| funny| game,1,0.99385273
spideyzoom1| live| gta| spider| man| hulk| looped| gta5,0,0.0003081109
sree| krishna| jayanthi| songs| malayalam| ashtami| rohini,0,0.00030648202
srilatha| lyrical| idupu| kayitham| priyadarshi| naga| durga| suresh,0,0.00021586358
srit india ipo gmp,1,0.9992878
sri| durgamma| bhakti| patalu| durga| devi| telugu| folk,0,0.00060959597
sri| ganesh| devotional| songs| sankashti| chaturthi| 2026,0,0.0003653618
sri| ganesh| sahasranama| namita| agrawal| mamata| sahoo| special,0,0.00021586358
sri| gowri| bhakthigeethegalu| devotional| audio| jukebox| habba| special,0,0.0006586996
sri| hanuman| manasasmarami,0,0.00057922077
sri| krishna| bhaktigitegalu| audio| jukebox| bhakti| songs| jhankar,0,0.00023025674
sri| krishna| bhakti| songs| janmashtami| special| kannada,0,0.00025307987
sri| krishna| chalisa| krishnashtami| 2026| special| bhakti| songs,0,0.00026849512
sri| lakshmi,0,0.00047091395
sri| lakshmi| narasimha| swamy,0,0.0005852922
sri| surya| bhagavan| songs| adithya| hrudayam| bhakti,0,0.00086157146
sri| swarnagowri| vratha| ganapathi| shatrigalu| ganesh,0,0.00036758903
sri| venkateshwara| songs| govinda| namalu| tirumala| balaji| devotional,0,0.0004600776
sruthilaya,0,0.00066066213
stabbed |  indian |  quick,1,0.9992878
started| biggest| weapon| business| los| santos| gta6,0,0.0021840294
started| every| gamepass| steal| egg| roblox,0,0.00025312958
started| instagram| studio| simulator| malayalam,0,0.00035873317
started| mining| factory| scratch,0,0.00025312958
started| petrol| pump| business| minecraft,0,0.00021586358
started| robux| steal| egg| roblox,0,0.00022511328
starting| over| all| max| out| gamepass| steal| egg,0,0.00025312958
starting| over| using| only| robux| steal| egg,0,0.00022511328
state |  bank |  india,1,0.9992878
stealing| animals| secret| base,0,0.00024012329
stealing| biggest| gorilla| eggs| steal| egg,0,0.00021586358
stealing| egg| deadly| monster,0,0.00035873317
stealing| football| ronaldo| roblox,0,0.00023726375
stealing| newest| egg| steal| roblox,0,0.00023025674
stealing| rarest| angel| egg| roblox,0,0.00021586358
stealing| rarest| eggs| steal| egg| roblox,0,0.00023726375
stealing| rare| devil| egg| doorbin| angel| roblox,0,0.00021586358
stealing| sammy| eggs| update| steal| egg| roblox,0,0.00021586358
steal| anime| egg| roblox,0,0.00021586358
steal| egg| update| crazy,0,0.00038264907
steal| egg| update| went| wrong,0,0.00043646252
sterlite technologies share price,1,0.9992878
stole| angel| demon| eggs| newest| steal| egg| update,0,0.00025312958
stole| biggest| 001| divine| egg| steal| roblox,0,0.00022511328
stole| biggest| godzilla| eggs| steal| egg| monster| update,0,0.00025312958
stole| biggest| gorilla| eggs| roblox,0,0.0002530835
stole| experiment| eggs| steal| egg| roblox,0,0.00023726375
stole| extinction| eggs| steal| egg| roblox,0,0.00025312958
stole| newest| scramble| eggs| steal| egg| roblox| update,0,0.00023726375
stole| rarest| egg| roblox| steal| game,0,0.00025312958
stole| rarest| light| darkness| eternal| eggs| roblox| steal,0,0.00022511328
stole| rarest| rift| egg| steal| roblox,0,0.00023726375
stole| rarest| scramble| eggs| steal| egg| update,0,0.00023726375
stole| rift| eggs| newest| steal| egg| roblox| update,0,0.00025312958
stole| scramble| eggs| newest| update| steal| egg| roblox,0,0.00022511328
stole| scramble| egg| sammy| steal| roblox,0,0.00021586358
stole| tikawar| egg| steal| chicken| roblox,0,0.00035873317
stole| titan| eggs| newest| steal| egg| update| roblox,0,0.00023726375
stop,0,0.00030648202
strasbourg vs monaco,1,0.9992878
streaming| bootcamp| top| kab| hoga| bgmi| live,0,0.00025312958
street| fighter| 2026| movie,0,0.00021586358
street| fighter| hindi| cinemas| october,0,0.00021586358
subah| prarthana,0,0.00033843017
subah| prarthana| morningprayer,0,0.00081452075
sudip| sarkar| vegeta| 100m| youtubers| garenafreefire,0,0.00040918463
sugandha| sanjana| pandey| bhojpuri| movie| 2026,0,0.00021586358
sundarkand,1,0.99791366
sunderkand,1,0.99791366
superbikes| finally| here| big| update| car| sale| simulator,0,0.00043646252
supercell| going| crazy| september| update,0,0.00025312958
superhit| krishna| bhajan| janmashtami| special,1,0.9980636
super| badge| wala| challenge,0,0.00023726375
super| hit| telugu| folk| songs| jukebox| vol| singer,0,0.00033288883
supreme |  court |  rules,1,0.9992878
survived| 100| days| one| block,0,0.00021586358
survived| lighthouse| monster| minecraft,0,0.00021586358
surviving| against| all| country| road| creatures| minecraft| coffin,0,0.000882038
surviving| against| big| charlie| minecraft| coffin| meme| gameplay,0,0.0007790602
surviving| against| country| road| creature| arrival| minecraft| coffin,0,0.0007790602
surviving| against| country| road| creature| big| charlie| minecraft,0,0.0007790602
surviving| against| infected| sky| big| charlie| road| creature,0,0.000882038
surviving| against| jackie| mimic| arrival| minecraft| coffin| meme,0,0.000882038
surviving| against| scp| 096| country| road| creature| minecraft,0,0.0010120904
surviving| against| wendigo| arrival| minecraft| coffin| meme| gameplay,0,0.000882038
surviving| against| wendigo| bird| watcher| sea| eater| minecraft,0,0.0006933692
surviving| days| deadly| desert| roblox,0,0.00021586358
surviving| haunted| ship| minecraft,0,0.00021586358
surviving| jungle| tarzan| minecraft,0,0.00021586358
surviving| superhero| chunk| minecraft,0,0.00022511328
susmita| paswan| karma| puja,0,0.00021586358
swaminarayan| kirtan| jal| jilani| ekadashi| special| ekadashispecial,0,0.0010488704
swapna suresh,1,0.9992878
swapped| weopons| rivals| ranked| roblox,0,0.00025312958
swarthada| jagadali| alakh| female| version,0,0.00037848382
sydney sweeney,1,0.9992878
tabu,1,0.98235947
tag| points| wwcd| domination| super| weekend| day,0,0.00025312958
tag| qualified| finals| greatest| comeback| whole| igc| shocked,0,0.00023726375
tag| shoot| done| solo| kills| today| bgmi| live,0,0.00023726375
tainu| khabar| nahi,0,0.00032763113
taiwan |  sees |  chinese,1,0.9992878
taklu| big| mistake| destroys| shinchan| car| granny| kidnaps,0,0.0002392948
taklu| first| ever| train| journey| village| celebrating| ganesh,0,0.00021586358
taklu| khele| shortsfeed| shortslive| babyinyellow| shorts| live| wormateio,1,0.99847215
taklu| kidnapped| gang| jack| shin| chan| nobita| revenge,0,0.00021586358
tame| aavo| ganpati| maharaj,0,0.0005301413
tamil news,1,0.9992878
tamil |  nadu |  bypolls,1,0.9992878
tamil| gaming| community| peasa| youtubechoco| pcgaming| fun| gggang,0,0.00025312958
tamil| love| collections,0,0.00026849512
tanya mishra,1,0.9992878
tapoi| pari| sahibi| dukha| khudurukuni| songs| audio| jukebox,0,0.00030648202
tarnishing |  india |  image,1,0.9992878
tata power share price,1,0.9992878
tata steel share,1,0.9992878
tatvdarshi| masoom| sharma| harry| lather| thinker| haryanvi| 2026,1,0.995353
taylor| swift| patient| zero| music,0,0.00035873317
tbz share price,1,0.9992878
tcs share price,1,0.9992878
teacher| caught| cheating| exam| roblox,0,0.00022511328
team |  olympics |  asian,1,0.9992878
team| india| 46th| fide| chess| olympiad| 2026| round,0,0.00021586358
teaser| khesari| lal| yadav| srishti| bharti| kangana| sharma,0,0.0021840294
teaser| power| star| pawan| singh| chandani| bhojpuri| sad,0,0.0055686305
teaser| power| star| pawan| singh| rupali| jadhav| sapna,0,0.0003825688
teaser| pyaar| ravichandran| rishvin| rashika| shetty| supreeth| palani,0,0.00021586358
teddy| hot| air| balloon| escape| granny| mobile| version,0,0.00025312958
tedi| medi| chaal| ghungar| wale| bal| janmashtami| special,0,0.00023726375
teej| 2026| rakhiha| senurwa| laaj| gana| special,0,0.00021586358
teej| parab| monalisa| rani| chatterji| 2026,0,0.00025307987
teej| special| kath| sinhorwa| kajal| raghwani| priyanka| singh,0,0.00021586358
teej| vrat| aamrapali| dubey| monalisa| neema| radha| jukebox,1,0.99817955
teej| vrat| special| geet| beauti| gana| hit,0,0.00025307987
tehelka| blaster| live| tls| warrior| stream| freefire| max,0,0.00022511328
tehelka| blaster| region| top| live| tls| warrior| stream,1,0.9977076
temperature,1,0.9992878
temple |  priests |  bodies,1,0.9992878
tennessee |  execution |  woman,1,0.9992878
tenzing| apple,0,0.00021586358
tera| mera| rishta| old| emrose| flip| mustafa| zahid,0,0.00021586358
tera| naam| liya,0,0.0005632578
tera| rang| balle| bobby| preity| jaspinder| sonu| soldier,0,0.00021586358
tere| ishq| mein| naachenge| aamir| khan| karisma| kapoor,0,0.00021586358
tere| naam| barish| mai,0,0.0008048364
teri| dulhan| sajaoongi| barsaat| bobby| deol| priyanka| chopra,0,0.00021586358
teri| yaadon| chadar| odhe| dil| tera| naam| liya,1,0.99817955
teri| yaad| bewafaa| anil| kapoor| kareena| ghulam| ali,0,0.00021586358
tested| every| broken| glitch| steal| egg| roblox,0,0.00035873317
tested| hidden| secrets| steal| egg| roblox,1,0.99743277
testing| scary| minecraft| myths| caught| screenshots,0,0.00021586358
testing| scary| secret| mythbusters| minecraft,0,0.00021586358
tgr| nst| back| tonde| gamer| shortsfeed| tondaegamer| nstwinsff,1,0.99816704
thaat| mexican| coke| studio| version| babbar| chief| legacy,0,0.00023726375
thalapathy| vijay| latest| jana| nayagan| chella| magale| vinoth,0,0.00021586358
thanni| vachu| jaihind| arjun| vidyasagar| malgudi| subha,0,0.00034947557
thellakaagitham| harsh| roshan| nakshatra| ramesh| bandreddi,0,0.00021586358
thenmavin| kombathu| release| mohanlal| shobhana| priyadarshan| sreenivasan,0,0.00022511328
third| murder| movie| saiju| kurup| indrans| vinay| fort,0,0.00021586358
thirupathi| ezhumalai| venkatesa| ninaivirukkum| varai| prabhudeva| mano| krishnaraj,0,0.00029321483
thokai| kokborok| movie| 2026| shine| film| production| adong,0,0.00040807307
thought| she| would| never| find| meccha| chameleon,0,0.00021586358
thrown |  hostel |  stones,1,0.9992878
thummak| vvaan| sidharth| malhotra| tamannaah| dev| negi| akasa,0,0.00026849512
tiger| train| elephant| indian| bikes| driving,0,0.00021586358
tiktok| star| plays| indian| horror| game| ajnabee| unknown,0,0.00022511328
tilak varma,1,0.99922884
times |  rankings |  iisc,1,0.9992878
tirumala| venkanna| folk| songs| venkateswara| swamy| bhakti,0,0.0003517019
tnt| earth| core| roblox,0,0.00023726375
tohar| charcha| karab| arvind| akela| kallu| neelam| giri,0,0.00024926293
tohre| sain| kail| awadhesh| premi| yadav| shilpi| raj,0,0.00043646252
tommy| almost| killed| franklin| trevor| gta| real| life,0,0.00025312958
took| night| cleaner| job| haunted| japanese| building,0,0.00022511328
took| revenge| biggest| enemy| minecraft| smp,0,0.00023726375
top10| ganpati| songs| ashi| chik| motyachi| maal| bappa,0,0.00026849512
topa| barshare| joydev| pralu| biswarupa| mantu| chhuria| sanju,0,0.00021586358
top| bhawna| mishra| 2025| ananta| chaturdashi,0,0.00040838614
top| evergreen| marathi| gavlan| krishna| gavlani,0,0.00046263557
top| games| all| time,0,0.00040918463
top| ganesh| bhajans| thakur| gaan| bangla| bhajan,0,0.0004191907
top| ganesh| bhajan| songs,0,0.0003759925
top| ganesh| bhajan| utsav| 2026,1,0.99817955
top| ganpati| songs| marathi| 2026| nonstop| jukebox,0,0.00029763763
top| ganpati| songs| marathi| bhaktigeete,0,0.00030648202
top| gauri| aagaman| songs| marathi| geet| ganpati,0,0.00021586358
top| gauri| ganpatichi| gani| geete| feryanchi,0,0.000463933
top| gauri| ganpati| songs| marathi| bhaktigeete,0,0.00021586358
top| gauri| ganpati| songs| sumeet| marathi| bhakti,0,0.00021586358
top| gauri| ganpati| special| songs| marathi,0,0.00026849512
top| hit| himachali| ram| songs| pahadi| nonstop| bhajan,0,0.00067000405
top| janmashtami| bhajan| jai| kanhaiya| lal| latest| krishan,0,0.00021586358
top| krishna| bhajan| gujarati| kanuda| geet,0,0.00021586358
top| krishna| janmashtami| special| marathi| bhaktigeet,0,0.00021586358
top| live| nonstop,0,0.0002873254
top| nonstop| vitthal| bhakti| geet,0,0.00030648202
top| painjanacha| naad| aala| god| kani,0,0.00021586358
top| parvatichaya| bala| ganpati| chi| gani,0,0.0004600776
top| telugu| songs| musical| audio| playlist| old| hits,0,0.00021586358
tournament| pov| live| tag| shoto| team| apex| gaming,0,0.00023726375
town| hall| everything| you| need| know,0,0.00025312958
toxic| rocking| star| yash| kira| adwani| fairy| tale,0,0.00021586358
toy,0,0.00022511328
trade |  concerns |  over,1,0.9992878
trade |  goyal |  piyush,1,0.9992878
trade |  modi |  trump,1,0.9992878
training |  helped |  indian,1,0.9992878
transformers| rise| unicron| teaser,0,0.00021586358
trapped| beast| survival| island| roblox,0,0.00021586358
trapped| every| horror| mob| minecraft,0,0.00021586358
trapped| every| removed| mob| minecraft| hardcore,0,0.00022511328
trapped| minecraft| rarest| scary| myths,0,0.00023726375
trending| love| tamilsong,1,0.99817955
trident| ignite| 2026| bgmi| powered| krafton| india| esports,0,0.00021586358
tried| all| free| fire| servers| found,0,0.00023726375
tried| copying| impossible| sounds| mimic| party,0,0.00035873317
tried| malayalam| challenge| mimic| party,0,0.0003825688
tried| steal| egg| mobile| first| time,0,0.00023726375
triple| flatbed| mcqueen| transportation| truck| speedbumps| cars| train,1,0.99791366
trolled| chinti| gang| blade| ball| roblox,0,0.00025312958
trolled| girl| get| titan| eggs| steal| egg| roblox,0,0.00023726375
trolled| noobs| roblox| blade| ball,0,0.00022511328
trolled| our| trio| member| roblox| rivals| audition,0,0.00025312958
trolling| friends| game| gone| wrong| funniest,0,0.00025312958
trump |  government |  chatbot,1,0.9992878
trying| all| jobs| minecraft,0,0.00021586358
trying| climb| most| dangerous| scary| fish| tower| roblox,0,0.00025312958
trying| climb| most| dangerous| scary| lemon| tower| roblox,0,0.00025312958
tuesday| powerful| murugan| suprabatham| kavasam| bakthi| padalgal| tamil,1,0.99817955
tuition| badmashi| kaa| hemant| faujdar| kiran| masoom| sharma,0,0.00021586358
tujhe| dekha| yeh| jaana| sanam,0,0.00046912272
tujhko| dulhan| banaoonga| chalo| ishq| ladaaye| govinda| rani,0,0.00021586358
tujhko| shahid| rashmika| kriti| pritam| arijit| singh| sunidhi,0,0.00021586358
tujhya| aaila| rohini| hattangadi| rajshri| deshpande| sujay| dahake,0,0.00023025674
tumhari| nazron| mein| humne| dekha| lyrics| kal| awaz,0,0.0006232342
tumhein| bhi| humse| tum| mere| gurmeet| choudhary| isha,0,0.00021586358
tuntun| yadav| bhojpuri| 2026,0,0.00023726375
tuntun| yadav| dedi| nathuniya| sonar| bhojpuri,0,0.00025307987
tuntun| yadav| dunali| raja| bhojpuri| rangdari| 2026,1,0.9982767
tuntun| yadav| dwarikadhis| krishna| janmashtami| special| 2026,0,0.00022511328
tuntun| yadav| goldi| bhojpuri| vishwakarma| puja| 2026,0,0.00021586358
tuntun| yadav| khushi| kakkar| hathiyar| madhu| bhojpuri| 2026,0,0.00022511328
tuntun| yadav| raksha| bandhan| majduri| karatani| rakhi| geet,0,0.00021586358
turning| into| 10000000| minecraft| server,0,0.00023726375
tutt| paini| english| simi| chahal| satvinder| singh| mandy,0,0.00021586358
udhayanidhi stalin,0,0.006038314
udhaya| geetham| movie| jukebox| res| audio| maestro| ilaiyaraaja,0,0.0002873254
udit| alka| sapna| pardesi| jana| nahi| viral| tadka,0,0.00021586358
udit| narayan| sadhana| sargam| hits| pathinettu| vayathil| ajith,0,0.00026995412
udta| teer| ayushmann| khurrana| sara| ali| khan| aakash,0,0.00021586358
udta| teer| review| yogi| bolta| hai,0,0.00022511328
ujagaro| nonstop| garba| 2026| teaser| sunita| bharwad| navratri,0,0.00025312958
ujjain |  woman |  fakes,1,0.9992878
ulkaa| indian| superhero| teaser| dksu,0,0.00021586358
ultimate| grind| godlsaum4y,0,0.00023726375
uncha| nicha| rasta| haryanvi| viral| 2026| raj| mawar,0,0.0002916299
uncle| kicked| out| his| house| indian| theft| auto,0,0.00021586358
unlocked| divine| pets| steal| egg| roblox,0,0.00022511328
unlocked| every| crate| weapon| skin| case| roblox| rivals,0,0.00022511328
unlocked| most| rarest| cthulu| egg| steal| roblox,0,0.00023726375
upcoming| mystery| shop| free| fire| max,0,0.00078012847
update| free| fire| naruto| bundle| kya| garena| max,0,0.00035873317
update| kills| challenge| 1vs4| bgmi| pubg| bgminewupdate,0,0.00023446445
update| magnet| showcase| blox| fruits,0,0.0003825688
update| spider| fighter| battle| pass| codes,0,0.0003825688
upgrade| vehicle| win| shinchan| nobita,0,0.00021586358
upgrading| all| owned| evo| guns| funwithsrbyt| freefire| evogun,0,0.00040918463
upgrading| plane| 8889| 759| 448| roblox,0,0.00021586358
upgrading| turbo| spider| man| gta,0,0.00021586358
used| anime| voices| troll| random| players,0,0.0003825688
used| sonic| troll| noobs| roblox| rivals,0,0.00021586358
used| tnt| mine| whole| world| roblox,0,0.00021586358
used| tnt| mine| world| roblox,0,0.00023726375
using| scanner| find| evil| villager| minecraft,0,0.00021586358
using| weapons| troll| friends| rivals,0,0.00021586358
uttarakhand |  directs |  votes,1,0.9992878
uyire| tamil| vishwanath| sons| suriya| mamitha| baiju| prakash,0,0.00021586358
vaanmathi| music| shabir| sulthan| chinmayi| sripada| muzammil| elias,0,0.00025312958
vadakku| nanbar| collection| lakh| worth| likes| 99999| tamilnadu,0,0.00043646252
vaibhav sooryavanshi,1,0.98235947
vaibhav |  sooryavanshi |  named,1,0.9992878
vair| amrit| maan| thiarajxtt| latest| punjabi| songs| 2026,0,0.00021586358
vajat| gajat| gavlok| ninglay| pithorila| anala| pithori| 2026,0,0.0003759925
valiyudheen| faizy| vazhakkad| noore| ajmeer| majlis| 2096,0,0.00044443668
valiyudheen| faizy| vazhakkad| noore| ajmeer| majlis| 2099,0,0.00040918463
valobasar| dhoron| vala| biswajeeta| deb| manchu| dada,0,0.00023726375
valorant| champions| shanghai| group| stage| day,0,0.00021586358
valorant| champions| shanghai| opening| day,0,0.00021586358
vanga| spirit| review| challenge| yogipedia| 279| yogi| bolta,0,0.00022511328
varalakshmi| songs| telugu| lakshmi| devi,0,0.0010488704
varavu| joju| george| arjun| ashokan| shaji| kailas| watch,0,0.00042419072
vastaguna| huiya| danny| pandit| snehal| vidhate,0,0.00023726375
vct| pacific| stage| grand| finals| vctwatchparty,0,0.00035873317
veeramani |  abetment |  suicide,1,0.9992878
veer| bajrangi| hanuman| bhajan| 2026,0,0.00040232317
vegeta| exposed| proofs| sudip| sarkar| garenafreefire,0,0.00040918463
vegeta| max| angry| all| youtubers| one| match| clashadda,0,0.00040918463
vehicles |  mlas |  residence,1,0.9992878
venkateswara| suprabhatam| original| lyrics| subbulakshmi| tirumala| songs,0,0.0004808453
venom| hulk| strongest| gta,0,0.00021586358
ventilator| presented| priyanka| chopra| rajesh| mapuskar| ganesh| chaturthi,0,0.00021586358
verity| falsity| attacked| our| village| minecraft,0,0.00022511328
vfx| aman| horror| story,0,0.00060474017
vibe movie release date,1,0.9992878
vibe| cinemas| september| kunal| kemmu| preity| zinta| sparsh,0,0.00026849512
vibe| venuma| meesaya| murukku,0,0.00022511328
vibe| venuma| music| meesaya| murukku| hiphop| tamizha| siddhu,0,0.00021586358
victims |  families |  nightclub,1,0.9992878
video,1,0.9992878
video film,1,0.99922884
vighnaharta| antim| final| truth| salman| khan| aayush| ganesh,0,0.00021586358
vijay| rajput| sunil| sharma| dhingadiya| krishna| bhajan| janmashtami,0,0.00021586358
vijay| rajput| sunil| sharma| khatu| shyam| bhajan| 2026,0,0.0004191907
villager| has| 000| hearts| minecraft,0,0.00021586358
vinayagar| chathurthi| 2026| most| powerful| bakthi| padalgal| kavasam,0,0.00029321483
vinayagar| chaturthi| 2026| ganapathi| special| devotional| songs| tamil,0,0.00021586358
vinayagar| chaturthi| 2026| pillaiyar| patti| karpaga| bakthi| padalgal,0,0.00026849512
vinayagar| chaturthi| special| onbathu| kolum| ganapathi| tamil| bhakti,0,0.00026849512
vinayagar| manasasmarami,0,0.0002873254
vinayaka| chavithi| special,0,0.0004735464
vinayaka| chavithi| special| songs| telugu| ganesh,0,0.0003653618
vinayaka| folk| songs| telugu| ganapathi| devotional,0,0.00086157146
vingansa| drishyam| conclusion| ajay| devgn| jaideep| abhishek| ravi,0,0.00021586358
viral| khatu| shyam| bhajan| 2026| trending| viralvideo,0,0.00033843017
viral| paramparik| teej| geet,0,0.00035389798
viral| raushan| rohi| neha| jha| daru| mafia| maghi,0,0.00021586358
vishal| hapor| nag| panchami| special| gujarati| popular| 2026,0,0.00033843017
vishwakarma| amritwani| chalisa| aarti| jayanti,0,0.00021586358
vishwakarma| baba| geet| chandani| yadav| bhakti| gana| 2026,0,0.00021586358
vishwakarma| puja| 2026| amrita| dixit,0,0.0002552499
vishwakarma| puja| 2026| ashish| yadav| rani| raj,0,0.0002552499
vishwakarma| puja| 2026| ashish| yadav| rani| raj| baba,0,0.00021586358
vishwakarma| puja| 2026| baba,0,0.00021586358
vishwakarma| puja| 2026| dharmendra| nirmalya| banshidhar| chaudhary,0,0.00021586358
vishwakarma| puja| 2026| mahima| mahan| bate,1,0.99791366
vishwakarma| puja| aarti| 2026,0,0.00021586358
vishwakarma| puja| bhajan| 2026,0,0.00030648202
vishwanath| sons| hindi| suriya| mamitha| baiju| netflix| india,0,0.00021586358
vishwkarma| puja| katha| pal| vishvkarma| vrat,0,0.00030648202
visiting| year| old| minecraft| world,0,0.00025312958
vismaya| mohanlal| thudakkam| aashish| joe| antony| jude| anthany,0,0.00025307987
voices |  against |  electoral,1,0.9992878
vol| radha| ashtami| mithe| bhajan,0,0.00030648202
vrindavan| bihari| indresh| upadhyay| srishti| bhandari| janmashtami| bhajan,0,0.0003825688
vrindavan| jaungi| janmashtami| radha| krishna| popular| bhajan| 2026,0,0.0007576326
vrushakarma| teaser| telugu| naga| chaitanya| karthik| dandu| meenakshi,0,0.00021586358
vvaan| reaction| suraj| kumar,0,0.00025312958
vvaan| sidharth| malhotra| tamannaah| cinemas| 25th| sept| 2026,1,0.99817955
vvaan| teaser| sidharth| malhotra| tamannaah| bhatia| cinemas| 25th,0,0.00021586358
waiting| hai| divyenndu| sharma| bhuvan| arora| harshita| gaur,0,0.00042419072
want |  justice |  series,1,0.9992878
wanted |  study |  business,1,0.9992878
wasting| all| diamonds| spinning| naruto| events| dhanu| dino,0,0.0021840294
watched |  crash |  investigation,1,0.9992878
watched| gladiators| film| theatre| reaction| review| delite| cinemas,0,0.00023726375
watch| now| only| sun| nxt| lokesh| anirudh| arun,0,0.00021586358
water |  musk |  flint,1,0.9992878
ways| steal| avaritia| steelwing,0,0.00021586358
ways| steal| ores| villagers,0,0.00021586358
weather bengaluru,1,0.9992878
weather dehradun,1,0.992332
weather kanpur,1,0.9992878
weather new delhi,1,0.9992878
weather today,1,0.9992878
wedding| tamil| vishwanath| sons| suriya| mamitha| baiju| prakash,0,0.00021586358
welcome| back| galaxy| showroom| gta,0,0.00023726375
welcome| zombie| city| resident| evil| gameplay,0,0.00025312958
went| highest| water| slide| roblox,0,0.00023726375
went| homeless| millionaire,0,0.00025312958
went| level| max| luffy| minecraft,0,0.00021586358
werwulf| only| theaters| christmas,0,0.00021586358
wh,1,0.99703634
what,1,0.9955272
whatsapp,1,0.9992878
what| coming| today| efootball| ramos,0,0.00030715714
what| did| jack| went| railway| station| pick| niyra,0,0.000660938
whisky |  india |  import,1,0.9992878
who| door| horror| game,0,0.00021586358
why| ate| mikey| entire| world,0,0.00021586358
why| made| biggest| machine| lilyville,0,0.00035873317
wife| threw| out| pokemon| card| collection,0,0.00025312958
will| india| win| gold| gukesh| arjun| pragg| action,1,0.99817955
will| never| job| again| shady| jobs,0,0.00022511328
will| team| india| win| gold| chess| olympiad| 2026,1,0.9980636
woh| tassavur| aalam| aitraaz| udit| narayan| alka| yagnik,0,0.0003719619
world |  first |  fully,1,0.9992878
worlds| first| divine| ritual| egg| steal| roblox,0,0.00023726375
world| baththa| vijay| sethupathi| lijo| mol| atlee| saiabhyankkar,0,0.00021586358
world| largest| minecraft| build,0,0.00021586358
world| makes| sense| scary| game| mad| shepherd,0,0.00035873317
world| most| insane| minecraft| hardcore| build| reaction,0,0.00040807307
worst| dentist,0,0.00022511328
worst| indian| game| ever,0,0.00021586358
wwe| 2k25| championship| match| who| wins| wrestling| wwe2k25,1,0.99874485
wwe| 2k25| live| best| match| ever| played| unbelievable,1,0.99874485
wwe| 2k25| live| unbelievable| finish| best| matches| ever,1,0.99874485
wwe| 2k25| live| unbelievable| finish| best| match| ever,1,0.99874485
wwe| 2k25| live| undertaker| stone| cold| challenges| evil,0,0.0006685405
xiaomi 18 fold,1,0.9992878
yaad| hai| raaz| reboot| arijit| singh| emraan| hashmi,0,0.00021586358
yaalalo| irumudi| ravi| teja| prakash| hesham| shiva| nirvana,1,0.99817955
yashasvi jaiswal,1,0.9992878
yashoda| nandlala| krishna| janmashtami| 2026| special| lata| mangeshkar,0,0.00021586358
yavanakathayil| bethlehem| kudumba| unit| version| nivin| pauly| mamithabaiju,0,0.00021586358
yeddulache| mudduvette| trending| folk| 2026| singer| prabha| nagavva,0,0.00021586358
yeh| bandhan| toh| pyaar| shahrukh| khan| salman| kumar,0,0.00021586358
yeh| prem| mol| liya| title| track| ayushmann| sharvari,0,0.00021586358
yellow| elephant| sendrayan| premieres| sept| 4th| ahatamil,0,0.0003517019
yes bank share price,1,0.9992878
yesaiah| unga| samugam| joseph| aldrin| tamil| christian| 2026,0,0.00025312958
yeshanagula| paradise| nani| keerthy| suresh| anirudh| ravichander| srikanth,0,0.00021586358
yeshanagula| paradise| telugu,0,0.0003402499
yezhu| kadal| malai| release| ram| nivin| anjali| soori,0,0.00021586358
youtubers| one| block| minecraft,0,0.00025312958
yuvan| shankar| raja| konji| playlist| u1records,0,0.00021586358
zaalima,0,0.00021586358
zero| hulk| 100000000| super| god| gta,0,0.00021586358
zila,0,0.00040918463
zindagi| talash| hum| kumar| sanu| evergreen| 90s,0,0.0003402499
zinda| dil| udit| narayan| songs| abbas| ashima| bhalla,0,0.00085592223
zombie| bites| franklin| michael,0,0.00023726375
अनवर इब्राहिम,1,0.9992878
अनिल अंबानी,1,0.98235947
अभिषेक शर्मा,0,0.006038314
आवास,1,0.98901504
कन्या राशि,1,0.9992878
क्राउन प्रिंस,1,0.9992878
चुनाव,1,0.9992878
जिलाधिकारी,0,0.006038314
तस्करी,1,0.98235947
नक्षत्र,1,0.9992878
पंजाब प्रदेश कांग्रेस समिति,0,0.006038314
पटना,1,0.9992878
पवन सिंह,0,0.006038314
पितृपक्ष,1,0.9992878
प्रधानमंत्री आवास योजना,1,0.98235947
प्रधानमंत्री ग्रामीण आवास योजना,1,0.9992878
बिपाशा बसु,1,0.9992878
बुध,1,0.9992878
भविष्य,0,0.006038314
भारत बनाम श्रीलंका,1,0.9992878
भारत मौसम विज्ञान विभाग,1,0.9992878
भारत राष्ट्रीय क्रिकेट संघ,1,0.9955272
मतदाता,1,0.9992878
मुख्य न्यायाधीश,1,0.99703634
मुद्रा,1,0.99703634
रेल,1,0.98235947
वित्तीय संकट,1,0.9992878
विनोद कांबळी,1,0.9992878
शिक्षा मंत्री,1,0.9992878
शेफाली वर्मा,1,0.9992878
सिंध,1,0.9992878
स्मृति ईरानी,0,0.006038314
हनुमान चालीसा,1,0.9992878
हरीश रावत,1,0.9992878
हार्दिक पांड्या,1,0.9992878
२४ सितम्बर,1,0.9992878
२७ सितम्बर,1,0.9992878
আবহাওয়া,1,0.9992878
মালদা,1,0.9992878
রুক্মিণী মৈত্র,1,0.9992878
রেল পরিবহন,0,0.006038314
ફાતિમા સના,1,0.9992878
ભાવ,1,0.9992878
ஆ. ராசா,1,0.9992878
இந்தியா தேசிய கிரிக்கெட் அணி,1,0.9992878
இலங்கை,1,0.99922884
ஓய்வூதியம்,0,0.006038314
சென்னை மெட்ரோ,1,0.9992878
நாம் தமிழர் கட்சி,1,0.9992878
நீர்,1,0.9992878
மின் தடை,1,0.9992878
மு. க. ஸ்டாலின்,1,0.99922884
விகடன்,1,0.98235947
விஜய் சேதுபதி,1,0.9992878
விலை,1,0.9955272
ఆంధ్ర ప్రదేశ్,1,0.9992878
ఆధార్,1,0.9992878
ఇరాన్,1,0.9992878
కత్రినా కైఫ్,1,0.9992878
దొంగతనం,1,0.9992878
ధర,1,0.9992878
నందమూరి బాలకృష్ణ,1,0.9992878
పంట,1,0.9992878
పండుగ,1,0.99922884
పోలీసులు,1,0.9992878
భోగాపురం,1,0.9992878
మహిళల ఆసియా కప్,1,0.9992878
రంభ ఊర్వశి మేనక,1,0.98235947
వాతావరణ సూచన,1,0.9992878
వాతావరణం,1,0.9992878
వార్త,0,0.006038314
వీరమాచనేని రామకృష్ణ,1,0.9992878
శుక్రవారం,1,0.9992878
శుభ్మన్ గిల్,0,0.006038314
షఫాలీ వర్మ,1,0.9992878
సముద్రం,1,0.9992878
సాక్షి,1,0.9992878
సిద్ధార్థ్ మల్హోత్రా,1,0.9992878
సౌదీ అరేబియా,1,0.9992878
హర్లీన్ డియోల్,1,0.9992878
ಅಮಿತ್ ಶಾ,1,0.9992878
ಆಸ್ತಿ,1,0.99703634
ಗಣೇಶ,0,0.006934631
ಡಿ ಕೆ ಶಿವಕುಮಾರ್,1,0.9992878
ದ್ರೌಪದಿ ಮುರ್ಮು,1,0.9992878
ಬಿಗ್ ಬಾಸ್ - ಸೀಸನ್ 13,1,0.9992878
ಮಳೆ,1,0.9992878
ವಾಯುಭಾರ ಕುಸಿತ,1,0.9992878
ಸುವರ್ಣ ನ್ಯೂಸ್,1,0.9992878
എം.എ. ബേബി,1,0.9992878
തട്ടിപ്പ്,1,0.9992878
ബാങ്ക്,1,0.9992878
മൊഹ്സിന് നഖ്വി,1,0.9992878
വിമാനത്താവളം,1,0.9992878
ഷാര്ജ,1,0.98235947
സ്വര്ണം,1,0.9992878
സൗദി അറേബ്യ,1,0.9992878
