"source_name","author","title","description","url","keyword","language","published_date","collected_at"
"GNews","NaN","State Bank of India buys nearly 40% of Reliance's $1.35 billion debt sale - Reuters","State Bank of India buys nearly 40% of Reliance's $1.35 billion debt sale  Reuters","https://news.google.com/rss/articles/CBMisAFBVV95cUxNbVlmdFkzNUtMX0J0RElReHdjc19wZldJVEh6d0Z0UTU1OXpFdDcxdzllX1dEWW5hS2FRY1F6VDloMS13R09yQVlpRXlPUEJFSzBTWC1iNXFGcUZGbjVNaWlNcTU5TW1GNE05NmZUT2c5UmNONnlIWUhlTHhJMzBBZzJpdF9vRm91M245bnRndnBKLWYzeHVtdmZlbzlvUHd2cXY4dWN6UVl4c0dzODNWTQ?oc=5&hl=en-US&gl=US&ceid=US:en","state, bank, india","en","2026-10-01 06:33:17","2026-10-01 06:33:17"
"GNews","NaN","Records galore as India clinch ODI series against West Indies - ICC","Records galore as India clinch ODI series against West Indies  ICC","https://news.google.com/rss/articles/CBMilgFBVV95cUxORVlZMnZYTldWc0x6ZExzUTB4VEhmclZlRFNncnIxakhVZXpvQXNxYk5sdkpGSWJLR1hBUkRNQTA3WWZ2Zng5bWVYNUc0clcyQzZNcW9WamlUZUszWDd5R2NCYV9YVjBtNnNtVlBNR3hmVFI4bTNwVnlTV0NjSVRjZTJKREFaZWJfLUdhd2R1eEJVRHUzdUE?oc=5&hl=en-US&gl=US&ceid=US:en","records, galore, india","en","2026-10-01 06:33:17","2026-10-01 06:33:17"
"GNews","NaN","Asian Games 2026: India medal tally and winners list - full table - olympics.com","Asian Games 2026: India medal tally and winners list - full table  olympics.com","https://news.google.com/rss/articles/CBMijwFBVV95cUxOVXlVcmQ3dDlCaEs2VGxzYmJpajRXal95UmhwQmU3cjB4LWh5Z1hSQk5ZTXMyU2RsTjBrSXlxZWFkWE9RNzVLcm0xMXdvVGoxQjNWQ1lXeUU3ank5Vld0OUFydnAxT0VQMFpTcHlxR2VLdlk3cnBFblNyLU1VYkFCMlp5SDFkTjRsb0l1N1ZoRQ?oc=5&hl=en-US&gl=US&ceid=US:en","asian, games, india","en","2026-10-01 06:33:17","2026-10-01 06:33:17"
"GNews","NaN","'Lies, Damned Lies, Statistics': On The Controversy Around India's GDP Growth Figures - NDTV","'Lies, Damned Lies, Statistics': On The Controversy Around India's GDP Growth Figures  NDTV","https://news.google.com/rss/articles/CBMitgFBVV95cUxORmdVWUtmcWplcnJOYmllNkY1cjFmb0dBaVYtcWFQZ2E1Y3ZvYW1IeGpMbFY0aTJCSHc5aXhoTzFFTWpwYkRXUTVfXzgybURmVVJEdXlsSVIyWHhiMExIRDNzczlXRzlLbFZWVDdjcjgyT0QzSXRWNVAxblNlSllpN0pRMXdYYlg3ci05RE5aQXY0LThqVFJvT1c4N0lCSUZmUWM3cXRMRUVsQnBiQVl3RVViU0w5Zw?oc=5&hl=en-US&gl=US&ceid=US:en","lies, damned, statistics","en","2026-10-01 06:33:17","2026-10-01 06:33:17"
"GNews","NaN","Good foundation: on India’s strong industrial growth performance - The Hindu","Good foundation: on India’s strong industrial growth performance  The Hindu","https://news.google.com/rss/articles/CBMiwwFBVV95cUxQTkhPV1FkUGhZdDFBYWZrblZrMzdqaTZycGlRMVFGU1pfVGswRlM0bHdHeENwNFlhZFVoYldKdWprMkUtUzRlR01ZUlJKd0pwUy1YcFpBN01DRld1SWFYVkJOUmJPZUdUYW8wNWFHQWpCM29iekZXQzEyNzhNaVlEdUxVYVNuUmdfb3FQN2FJemppZlRXNGRzM0gxcGgyQUVqVTFoQ29XM3lfUlNZV2tUTk5PTGdBS1p6X3dYOGhqMlFqUGvSAcoBQVVfeXFMT2xzRWRZSWJxR2lGQjR6TE82VnBWcHA3aFlFQTNmVjRvcHNxTFZzRUp1SG1wQ0dJaG1DeTItM256R0p6cHIzbHd5a0FVOU81RUJUUjhMbVB5RXFmTE9YQ2V6dGZFcEZTUnNfbF9SS0k2aHJOdFBYOFBJd2FnU29TTVRScGJMamtLSnFtTFlkUlhteTZkVmwzNXROSWNiVHpjU3BmcHV3ak02Zmd4NGFlaEMwR1VwSHFhaUNQUWZ3VzY1NzlfOHgtOFdSZw?oc=5&hl=en-US&gl=US&ceid=US:en","good, foundation, indias","en","2026-10-01 06:33:17","2026-10-01 06:33:17"
"GNews","NaN","India's factory growth climbs to 7-month high on surging demand, PMI shows - Reuters","India's factory growth climbs to 7-month high on surging demand, PMI shows  Reuters","https://news.google.com/rss/articles/CBMitAFBVV95cUxPNXdFSE8xVWxLSWY1d2M4c19XV2pzcU5leW1INU1FVFAzcW9WU0xONHpWNFFrelAxbWgxcVE4eEtGWGs3QkVsOV9lYXJTR2doc2tkNzFYZ3VGMW9aYTZGM203eERNcmFaMkloaUQzV2JXU1ZNdVg1RzhWNkNfVktnMGZTay0wVk5pNVRaMmppWl83LXF0UG5ZWUJDVkxvNG41LVByR182eXM3SDMzMjNld0lLVTE?oc=5&hl=en-US&gl=US&ceid=US:en","india, factory, growth","en","2026-10-01 06:33:17","2026-10-01 06:33:17"
"GNews","NaN","Asian Games 2026 Medal Tally, Day 13 LIVE: Check India’s Gold, Silver, Bronze winners list on 1st October - The Indian Express","Asian Games 2026 Medal Tally, Day 13 LIVE: Check India’s Gold, Silver, Bronze winners list on 1st October  The Indian Express","https://news.google.com/rss/articles/CBMiugFBVV95cUxOUUE3cEQwYkVIVmhrNC13ZzRMYTNuOVZsTE1NR0ZLb1Q5MEVpbGF1dURrbTRzZG9FVkZ1QTd5d0QtQlQwUzZUdFp6RkhyRnd4Tk82WG1iWWRoWkNZQXU0MFZHUjZmQ3E5OUt1QnhOX3pIR2RhMmJRSWd4eDJrN3JXRm83c2Z0bEFBMlRScmRLZy1BdFdMenVremd0WFlBeDFMeWJkNTdHQjRKMVZlUTNIeFU0T0RGbG5SVUHSAcABQVVfeXFMTXhWQThCdmd3dEUxQzR2UFIwMzVNcHFsWDNuWnYwUUZadXV5Y0o3bXN1ejUwUXc0bVVjelJmaEkxd2R5RkZqMDdOdjNjT3NGTEVzQWhHNmN4eEpTTk5OQ29xMkZmbkNieU1kS0Z4XzNmT1kzWng4OFFuRGZIVVVLcm85dEE4MVZ2RWRYcXR5WlR6d1BVU2czdUxGZ0tlaUVxNDhvQ1ZzZ0pqVTF4Z0lqZDRpd0tsZmtRODNZb3pCYmxm?oc=5&hl=en-US&gl=US&ceid=US:en","asian, games, medal","en","2026-10-01 06:33:17","2026-10-01 06:33:17"
"GNews","NaN","India vs West Indies 2026 - 2nd ODI - BCCI","India vs West Indies 2026 - 2nd ODI  BCCI","https://news.google.com/rss/articles/CBMibEFVX3lxTE8zNVZOU0xUeUVFSnVPRFN6SWQ5S01rN2Q3Z1ZKLUgzWDNYZ0RTWXpuX25TMnR3dl9LeHVKQ0hwUkpIRTYwN3F4YlJXc1ZKR2J6T3NnQ3JNZEMyNU9IZEh2REZWVTdnX0gyWGpKMw?oc=5&hl=en-US&gl=US&ceid=US:en","india, west, indies","af","2026-10-01 06:33:17","2026-10-01 06:33:17"
"GNews","NaN","Asian Games 2026: Cricket, hockey semifinals headline India’s Day 12 schedule - DD India","Asian Games 2026: Cricket, hockey semifinals headline India’s Day 12 schedule  DD India","https://news.google.com/rss/articles/CBMiqAFBVV95cUxQUDJUV2xISlB3RzNWbFB5LTJBRmxxVWFkTFYwMC1GMVJyUm1uYnFsTXpXd1pWaTlOejE5dmRaQ1h6akpsMDNOaUVvMkh2RlRaMlh6U2dOTHZQWHYwLVRRQ2Z3NHNBYVFNaDZDQWtKV25xbm84TmVhUlo2U2ZqY0Q4VmUzMDdFc3dVMVNMcFA5Xzg3a1A4U0N3Y2hYV3dzQ1VVMkpubFdJV3A?oc=5&hl=en-US&gl=US&ceid=US:en","asian, games, cricket","en","2026-10-01 06:33:17","2026-10-01 06:33:17"
"GNews","NaN","Latest Hockey News and Updates - Hockey India","Latest Hockey News and Updates  Hockey India","https://news.google.com/rss/articles/CBMi7AFBVV95cUxOZTd1REFvUG5ubEgxOElvMVJ3U0hpYXNvR214R0JmQXI1UXBJckFkcDJtY0wxRlZVQXNHYk5BSVlTd3Nibkl3LV91XzJLbUl6cFpwcERkd2h2SjlfLUg2dkpJcVRodVRaUzQwQWdVVUpoaU9pRl9GbThJVnEyZWU0UFpQdG5oQkZGSnpnWGdvUmJvdmNqaWN3MkZhODVqVERsNXd6TkNLclVwWWhrWGhFVjhaRkRqTnFOSVJycW5BT0dNR1VOel9nblVKN3dFUGltTU5HQnIxXy1pM1JOX2RmdVl5VHB3VFJNN2dPZg?oc=5&hl=en-US&gl=US&ceid=US:en","hockey, latest, news","en","2026-10-01 06:33:17","2026-10-01 06:33:17"
"GNews","NaN","‘India is proud of Captain Machchhar’: PM Modi hails flydubai pilot, hopes for his speedy recovery | India News - Hindustan Times","‘India is proud of Captain Machchhar’: PM Modi hails flydubai pilot, hopes for his speedy recovery | India News  Hindustan Times","https://news.google.com/rss/articles/CBMi9AFBVV95cUxOWllrdkkzWFE4Mk5CTkVLbDViY284OXI4NExYdWxDU3NiSXJMRi01TGFheHMtcGh4MkpCRHJnUmZmdHZBQ2NtekhqM3BnSV94Q3MzeVJxNVdRLWN4ZEtEVWVzbExhTzVaZUNMUldESDhyTURXeU5HNjlXMlJNS2JTYkE1cVhNUEExUmdRWGNTSmYtVXNjcWQ1MDNDc1RUaUtnR0lnMmk4Q1UxVFJSN280NEZCTnNPM3ZFbHVzbGE2R2htR1VYYjhSM19KS0FtT3hULVNFeEI3MlZtUUN4djkwdkcxWWRzOUJFdXFfX1hxSFlqYjVB0gH6AUFVX3lxTE44ZC1CMnJ6M05iUkZHMC12U2o3UEwtbUd2TXRzSnFPX0xiOTlkOXk0Z1E5RkNqa0hYbHJyQllSbVVoRmJKWmJvcktORFZONHJZZjhscDBQWGx0dTZfZ29XeE9jcWo3Q3RzYU9zUEc4ejN5UEZNVDhzTEo5UWpzZHBSaV9HT2ZtVVFfRjJlRWZIMlZqckg2aG9vRUhNcDR1NWEyWVQtMzEyeFRxQ0ZwRnFiRWE0VDE5NHYyOGlRS0RzWlBpSVhlWTlnYzZ4cGYtNllxTXoyYWRZaFIwcjhfeHRSYjBodV91TTk5MHd2a3JkWVpsaWpBdVVCbEE?oc=5&hl=en-US&gl=US&ceid=US:en","india, proud, captain","en","2026-10-01 06:33:17","2026-10-01 06:33:17"
"GNews","NaN","Asian Games 2026 live, October 1: Know India scores, updates and results from Day 12 - olympics.com","Asian Games 2026 live, October 1: Know India scores, updates and results from Day 12  olympics.com","https://news.google.com/rss/articles/CBMimAFBVV95cUxQcVlpUEVJVHVXNUNaTXUxTW16dFphX2dVb3N1VE1TeWVZbUFDVFBhaUs0cGlOUUozZzE0M1pJcWhTV0V1cE9pNVhFXy1kVGc1M04xRzJFNEtULVV0YXlibUdlV0JBa1I5UTZhUVJxV2VJVFJPUGZHaFZ0dTVyZ1M4T3VZM045dUtuaGFSdmNlczVuckI2NTJTeQ?oc=5&hl=en-US&gl=US&ceid=US:en","asian, games, live","en","2026-10-01 06:33:17","2026-10-01 06:33:17"
"GNews","NaN","HEARTBREAK IN VOLLEYBALL 💔🇮🇳 India's dream run ends in the quarter-finals! Pakistan clinch it in straight sets -- 25-19, 25-23, 25-18 -- at Aichi-Nagoya 2026. The boys fought hard after that epic unbeaten group stage, but it wasn't our day. Proud of the fig - facebook.com","HEARTBREAK IN VOLLEYBALL 💔🇮🇳 India's dream run ends in the quarter-finals! Pakistan clinch it in straight sets -- 25-19, 25-23, 25-18 -- at Aichi-Nagoya 2026. The boys fought hard after that epic unbeaten group stage, but it wasn't our day. Proud of the fig  facebook.com","https://news.google.com/rss/articles/CBMi0wFBVV95cUxNZDQ1VHR3NE5DSGZvRFpicmZwbE5ObUxCMzY0OHZtMDdZSGxQZ2hSRjRKRTlITWJkUU8tbHoweUpqWEJ0U0RQSE1OdHBuOUZxTFNfSS1Ub0pTSlladjFaYllyUnFlTFk5S2tqb0VYVnhHR3VnTV8zQlFzS3JoU0pCTXN5Vmgxalk4S2I5QXhTaEVKdkFXWTh2NzZ4Mjhkc0tHNUpVZktObjhReUEwN1FTb1VFRkJMV184UThqU2pBWjEzZTVybm9GdDhrTV9TUUVYV0RF?oc=5&hl=en-US&gl=US&ceid=US:en","heartbreak, volleyball, india","en","2026-10-01 06:33:17","2026-10-01 06:33:17"
"GNews","NaN","The World's First Fully Solar-Powered Airport Is In India - NDTV","The World's First Fully Solar-Powered Airport Is In India  NDTV","https://news.google.com/rss/articles/CBMimAFBVV95cUxNTWdFNkV0UkdENUMtR1pCaVRiUmdmZEVCOUdqZkFnTXJvOXZNbHdXamRvcWtGc1lRNzZYRmFWU0paUkxQSGxsX3dkQk5hdWRBY0Q3ZGZWX3FPQWpGSEJ6VzVTUFA3Y2Z2aFRIQ3QzazZIa2ZSdHkyWWhvb0VPMi1IZXJidGprOHlUcU1yRVZncEZnSHhrUnRZddIBoAFBVV95cUxNS0FXc2hfVTc3NEZhMEJHNW8xa1F2anlWaHlFTy1oV3lCTXBlRFpucUIxTmV2cUFjd29vQy1XYzV4WEpNNDZjdnB1NG5HYW1JSjNJblh6a294RnlsYXVBRDFOMC0xTUZBMllYcmxIMnRHUzc1Y3VUVEMySEVQQ245d1RvdTZJOE5rdmlOU1R4Q2RNd1R6dmtlODZCX2MzZFNL?oc=5&hl=en-US&gl=US&ceid=US:en","world, first, fully","en","2026-10-01 06:33:17","2026-10-01 06:33:17"
"GNews","NaN","Netanyahu and Modi hail Indian flydubai pilot as hero - Reuters","Netanyahu and Modi hail Indian flydubai pilot as hero  Reuters","https://news.google.com/rss/articles/CBMioAFBVV95cUxOMHV1SVRpbTNOMkdCZHowZWpBZG5PdUtTTWhtZnNkSXFSZlkxYzctTHdmNzVmZmYzUTROQ05JZ2I0dFRlZ0VLQTNxN2t1YkpHTFBjeFhTczBUTEhEdHp3bE1WZVc1TXQ4YXpfVS1tX0hnRlJkeDVZa2J0Z0FjVEstbVFrcEN2ckNWbjBDRk9wdEx5enlNRVBSMk1VSnhuY3Bh?oc=5&hl=en-US&gl=US&ceid=US:en","netanyahu, modi, hail","id","2026-10-01 06:33:17","2026-10-01 06:33:17"
"GNews","NaN","Indian oil refiners change strategy to get cheaper oil; hire ships & tankers to sail through Strait of Ho - The Times of India","Indian oil refiners change strategy to get cheaper oil; hire ships & tankers to sail through Strait of Ho  The Times of India","https://news.google.com/rss/articles/CBMinAJBVV95cUxQR0w1RzZNa3NGMTJUQm9qaEsxaEd6VnBhcXVDRVlVZ1lsejlEOHhJaUJCUlNVaWpiOEtwa015d1FKQXlkMHp6TkR4V3ZqajRYVENTQWJ1enVWNzkwM3Q0aElnOUJ1UEZzWDVIbmFsTmV4LXRSREt0YkRQX1pJR01ndldjNm1UVWR6WGpxaDVVSEVlV0d4WERwVWJWWnFfaHNEbmZTSC1lYlZuWjd1X0s5a2c2djBuemdTMVVvRF9CeUx0TXR2V2JfdERiRllyMjJqZzdiVmFhN1NaeFlvU0VELVUwd244a3dhNVZNNUpHWWNBOGYzaF9rbXp5TkhXc1BkdUJPaTFodW1KYWdDdHZ3eGZkdmRLY19jS3NjS9IBogJBVV95cUxNWkh6TEhlb3VWOHMtR0RJaHJ6UFM4bFd4XzIxekxlakRDa0JROVc0ZTFYNTFfSGVjZVpjRDUyTW40VTFUYWhQLV8zeEtobmZNVWpYTURPNXZ6bVFKU0Y4d3Z0MXdfM050dmpzb1B2Qkg3Vmo0RkdDeWtUd1RNNTM0OFE0ZHc0SVhPSS1DWk05amZpaF94UUJXTU83S2pjRmVvY0g5ME8wNUdiM0Faci1lYkZjZXdCQVJ6Q003eldrZFJYcmc1dV9CZnZXZTQ2aG4yRmI4Z2ozZHBxNnhWNDlvN3JtQWxCbVZESGNEbUFyTkV6blpIOXhhUnBySHNzdVBRbDNYY2Z0QUNVZ1dnZEhZVHdEc3U0UzVoMG1KbkVKRm9pUQ?oc=5&hl=en-US&gl=US&ceid=US:en","indian, refiners, change","en","2026-10-01 06:33:17","2026-10-01 06:33:17"
"GNews","NaN","The India-EFTA partnership, one plus one equals three - The Hindu","The India-EFTA partnership, one plus one equals three  The Hindu","https://news.google.com/rss/articles/CBMirwFBVV95cUxPcUQ3cFZGV0s0blZpU1hTZ21yWG9zWk1TQW1rdGZyNGpNU2YzcnVXWlJ4YzFFLW1ZS2NZY3lxTU03V0FJMFVuQWtNbXp6SHNUR2dVWWx2S3NTZ3BPdGlpa1B5NzJreXZ5bUd2VWxBR0NucG9YcTA1WXpjeUpTLU5ManIyeXpKNFotYlZIcVhZSlkyTzZ3ZUNGd1FhaEZhcWctdXlwWXFqMDNBSUhKN2E00gG2AUFVX3lxTE0xVUp2ZmM0THJoRHZtVi14VmFPbnlmeTNlOVJpd19Ebnl2U21WMXd2aXgtR0c4dG5ydndVdDQtQ1U5MUtZZzlLRWtKVE1RT19XWmlrQ3BNLWJqMThtd01hQ2ZBNXdORGVXNTA1OGR4SUFYM2ZJLTJWNUV3MU9xeThnRVhCUnBpaXp1N24wSWVjVWFTRFV2M3N4TElWM1pYQmJ1RUxWa3VvYlhERndkSXctN0ZBa3FR?oc=5&hl=en-US&gl=US&ceid=US:en","india, efta, partnership","en","2026-10-01 06:33:17","2026-10-01 06:33:17"
"GNews","NaN","India vs Pakistan in men's hockey!! 🇮🇳🇵🇰 Defending champions India will look to extend their dominance over Pakistan when they clash in the men's hockey semi-final at Asian Games 2026. 🏑 - facebook.com","India vs Pakistan in men's hockey!! 🇮🇳🇵🇰 Defending champions India will look to extend their dominance over Pakistan when they clash in the men's hockey semi-final at Asian Games 2026. 🏑  facebook.com","https://news.google.com/rss/articles/CBMi0wFBVV95cUxOZXh5UndQN2FueUlEVEtzZlVmcWFuVXkxMjBuYWd3M25PdVVvVlVxNlIyMzBOVS10dk9IX1pCNENoeGNSR1JOUFB1ZzR4eFBUM3VnbnRGdmx5VERRMkxDeEhSWVk3UWQyNk4yeVlWb3VSbnZ6cEhXeUVGQ3JSNGU0NGlSYnVhQWR6OVJWLXp1bENmX0pralNJaTZSNVFhMHBIUy1vVVZ1eV9PYUxnMEJfck5ZNGZMQVBCbGEtXzl2dmd0RUp4SDZNLXQ3VkpMTGN6M240?oc=5&hl=en-US&gl=US&ceid=US:en","india, pakistan, hockey","en","2026-10-01 06:33:17","2026-10-01 06:33:17"
"GNews","NaN","Sonia Gandhi's Surprise Entry At INDIA Bloc Meet Sets Off Seating Scramble - NDTV","Sonia Gandhi's Surprise Entry At INDIA Bloc Meet Sets Off Seating Scramble  NDTV","https://news.google.com/rss/articles/CBMitAFBVV95cUxNMkZOWnRicDZTN1lCZW5VYUlYN0t2bXduYVFVa2JDb19PYXhOSXNUOVNFR1prM2VoakVsXzF5aWZ1T3ZFbHk5ZUsyeHpUSXVUdmwxZ1lraUpvWjRUal9ZcWgyMUk2NnQ1R1lCY1gwdEhWbndPcGc0YURubTBvbVVGTG9TakxfVmotSWJOVnVVNkNsYzdKRElXdXRyUUR6d2pVOVFzQnNLR0FhUE1vSTZhY2FCU1bSAbwBQVVfeXFMUHRZNHUxakZPeUlNdTNYYjNJd2RWS3ZERnJPUHhOdERPMTc1Z1hIaTdrWGczemQwekMyd1JWcTR2ZlFWMlpsTkV3YkMzeFpmNTh6aHpqSDFVNno1X19TVkxSbzNaVV9xdmNzeEUzWUdSTmFJdHBqWWR0dXF0MzRHZWRnODdtNWk4dXlFb1F5MlhkMW5hNXl6cUZObUdjSXZEQlJnN2M2WkVNTDEtZVZnbmxCUDVmUF9HZkZscWY?oc=5&hl=en-US&gl=US&ceid=US:en","sonia, gandhi, surprise","en","2026-10-01 06:33:17","2026-10-01 06:33:17"
"GNews","NaN","India vs China women's hockey, Asian Games 2026 final: Schedule and watch IND vs CHN live streaming and telecast - olympics.com","India vs China women's hockey, Asian Games 2026 final: Schedule and watch IND vs CHN live streaming and telecast  olympics.com","https://news.google.com/rss/articles/CBMiqwFBVV95cUxORGFxX3d5TEpXel81N2tVT1QzckVUVndxUGs2Tm5sYnhpR0hsRTlwSVpDOW9pYW9OU28tU3NDQkNQa2MyUTZjNE9yUFp3TXhrVUV2QnFHNUJpV0t2RDRUT3FKWE5lbHlqZzNSSHNZWFZkbDFacGluc1YxUE93YUNUVTFJYzI4N012RWZOVVNFb3Z4RXBDUzhNdHRIdmozMU9YY25NSjJZLVdDMjQ?oc=5&hl=en-US&gl=US&ceid=US:en","india, china, women","en","2026-10-01 06:33:17","2026-10-01 06:33:17"
"GNews","NaN","Indian share benchmarks set for longest weekly losing run in 25 years - Reuters","Indian share benchmarks set for longest weekly losing run in 25 years  Reuters","https://news.google.com/rss/articles/CBMitAFBVV95cUxOa2lpSGdlN0dhOTM3eUw3MlQtN183dHZydW95WXVWM2MyTEFaeTlvRUllR29aLWJxT3dvdVNmNlpzTGVldkpIMFNScVVhVEJ5TTU5TDhoVTZZWlpXbENCUHlKMWx3MmJ4bWkyU1E1OGF6Sk9YakxYcHRyM0tWdnlrX0NpQktmLU90VkRRVG5FQXdPZ3c3dFV0N0xndUdrTl9lY0xKZUJsNmY4LS1BYndDNENRZC0?oc=5&hl=en-US&gl=US&ceid=US:en","indian, share, benchmarks","en","2026-10-01 06:33:17","2026-10-01 06:33:17"
"GNews","NaN","Balaghat, Madhya Pradesh: The children dying in India's remote tribal heartland - BBC","Balaghat, Madhya Pradesh: The children dying in India's remote tribal heartland  BBC","https://news.google.com/rss/articles/CBMiW0FVX3lxTFB2TWJrTFAzQjZvZDgwOHBWSmpkRlk4QjYwa1JpS1dKdlRWbFNkeWRLQUl4eDl4MlhQdG1VSHJuZkVTRTF0ek9pOEdZYVJKcFJjWThwdFo2bUx0LU0?oc=5&hl=en-US&gl=US&ceid=US:en","balaghat, madhya, pradesh","en","2026-10-01 06:33:17","2026-10-01 06:33:17"
"GNews","NaN","Modi’s India takes on Trump more openly, from ‘terrorism’ to tariffs - Al Jazeera","Modi’s India takes on Trump more openly, from ‘terrorism’ to tariffs  Al Jazeera","https://news.google.com/rss/articles/CBMiqAFBVV95cUxOMFRuTmJIVmd3ckNSZG02cXdicGMtdndHSDV1UnFhWGNBVWJyVDR1Q21pSEk5UVdmZ2JmZXhCMXZuVlc2WURrSGlVb0NFaVl4bUxMMVZyQmdzbnVlaUJ3R0JtWHI2bE1BclZkT1dGYTRab2dVbEpUQ3BCZ3JYR1llekxzb2QyTVVSLUNSanh3aVN3T3o4bjQtQjNpRG94NkRLcjdtLWEwTTPSAa4BQVVfeXFMTWhWOHA5dkNxLXRZM2xVSVp0LUNlSHVyejcwUzR3V3NfdWZvbHZuRENhd1hER3hKWEtVbHBVVGJqRmRmai1TcGkzZDJuYnF1RFE1V2p0YWhWOEtGU1pzdUxDM21KSElxZjRyV3BMRlY5TXhVZWVzNXJKeS1hZVNWZmJFazhRSTJUQUw1TGw4eERXU196dmpzRTQ2ZDB1QWkzVFpmeFdtU2VQbElJa1JB?oc=5&hl=en-US&gl=US&ceid=US:en","modis, india, takes","en","2026-10-01 06:33:17","2026-10-01 06:33:17"
"GNews","NaN","India's Asian Games 2026 schedule today, October 1: Cricket and hockey teams play semi-finals - olympics.com","India's Asian Games 2026 schedule today, October 1: Cricket and hockey teams play semi-finals  olympics.com","https://news.google.com/rss/articles/CBMikwFBVV95cUxPYU5FLURDRUtaa21tTElLUktpRElHdkVwZUNJUWEyNmphSm1NUXVGWWJEQ3pCZllwdUFMNjRSZVp6am1CY3lRSEZjR3kwUlQ2UHpKVUEwMXlCWEIyMDZEZ3U5QmFkcnFWdXpCVk1BZXBseE9sQlFzSUw5amtPejFDTnlfTGFZdmdsd0RmS0FVbS1kQkk?oc=5&hl=en-US&gl=US&ceid=US:en","india, asian, games","en","2026-10-01 06:33:17","2026-10-01 06:33:17"
"GNews","NaN","Asian Games 2026 LIVE: Women's squash team wins bronze medal; India loses to Pakistan in volleyball quarterfinal - The Hindu","Asian Games 2026 LIVE: Women's squash team wins bronze medal; India loses to Pakistan in volleyball quarterfinal  The Hindu","https://news.google.com/rss/articles/CBMiowFBVV95cUxQWHdQSm9JUVpOOEVYOW9sNzZoVTBtTjZybWxEeWRZVEllRHVlekNLM1JrdW1xbkpkYlhIY0F0dldBOGlwQnpnRi1vb1hyWmZoZjhaSmRkbkJrZ05DN3g0Z2x5NUh0d2RYVjBORjdjejFrWGpPN3lrZDFvQjV5a0NObEROVEFCNF9jSjRlTks1Q3pFU3UzSVduTXJQeEQxZ0JuTFpR0gGqAUFVX3lxTE84dlg0V3R3T2lnN0FiUF9fbFJMa0FKTTB1aE1GeTd5WEZyTTZnZW5MSEQyZUp5TkhuRzc2T2tyZ1ZnSUp4TWRLNDFpVDdRb0NHbldmT3VHYlJKT3NIdWxPYVNrd0w5dUVhX1lEbEhQVEJDUmZfbDdVVDV6SzBoR3BPWVZnZGp1UWlTTnk4aVhKM3JvSnU1d0VWRTdxTjhlQnFNc2FIRGZhN1RB?oc=5&hl=en-US&gl=US&ceid=US:en","asian, games, live","en","2026-10-01 06:33:17","2026-10-01 06:33:17"
"GNews","NaN","India at Asian Games 2026: Full schedule of medal events and fixtures on October 1, Thursday - espn.in","India at Asian Games 2026: Full schedule of medal events and fixtures on October 1, Thursday  espn.in","https://news.google.com/rss/articles/CBMi0AFBVV95cUxQcGZOSS1nS1hHMTA4WlQ1UVB2NjYzSjNsRmtWdE1BVUZMTE1fTjNzdGFET1JGc1JKRUo0TlBQSU11WTR2NGo0R05JRlF6ZEZpVW5FOFRpeG10bGxhNG1ORkZsQnlRQ2VNbGZrVkZRNTdWeW9RV1VSc200NVNneHA1Qk02Tk5iTDV3WjZyaEtMOUo5WUI2YkVhNXFMMVFXLWtnVDFkeUxZTjdlX242bDJKbGk2OTRPbkFIZ0dlU1NSaGszUWxxMUxKY1dKYXdkMll0?oc=5&hl=en-US&gl=US&ceid=US:en","india, asian, games","en","2026-10-01 06:33:17","2026-10-01 06:33:17"
"GNews","NaN","India bags silver medal in men’s skiff event at Asian Games in Japan - News On AIR","India bags silver medal in men’s skiff event at Asian Games in Japan  News On AIR","https://news.google.com/rss/articles/CBMimAFBVV95cUxOa2gwVGE4WVg0YVBLRllXMnYxSGpKYkh5WEd0T05xalluN0ZhVnAwejR3WEVTRU5OSzhsUko5aWM4anBPRHl6NVBsdExNNk1QRnhqbHZLZHljMEt2U2NyT05jQ2pJdEpjdjlpSVY3SmhmZlp4RXIxU1J6VnpZR2wxZDlRc01XQzYxZ3NZUXYzYW00VUZSME9sSQ?oc=5&hl=en-US&gl=US&ceid=US:en","india, bags, silver","en","2026-10-01 06:33:17","2026-10-01 06:33:17"
"GNews","NaN","India's medals at Asian Games 2026: Live tracker - espn.in","India's medals at Asian Games 2026: Live tracker  espn.in","https://news.google.com/rss/articles/CBMikAFBVV95cUxPeXV6cjZYYlUyRzN1RzIwWlQzS25ncm9hTHFCbjBwYU94SFNzYW9UWlo3SWhTQ3hab1Rpbk5FNjlKb2RnU3dpamxhbWtpZG5JU0ExNmRFSmw5RHM1dlF5c1pqM2Jqd01DUnpfTTFYNGRMTzN4eklvOGptaktXU1k0QWlmZENnU3QzSE5ELTI3UE4?oc=5&hl=en-US&gl=US&ceid=US:en","india, medals, asian","en","2026-10-01 06:33:17","2026-10-01 06:33:17"
"GNews","NaN","‘We want justice’: series of rapes trigger mass protests at Indian universities - The Guardian","‘We want justice’: series of rapes trigger mass protests at Indian universities  The Guardian","https://news.google.com/rss/articles/CBMimgFBVV95cUxNU2JGeENOcUJteDNUN2dWMU5PcFhtMnZGMHBRZGN5ZzA5eEZSUEhNWExFbWdTajR4MjlKSUZKd2hzZTRsT3lyeHh3Z2VvTlJoZ0VsN2tBMnhjLV92X3dPT3pZR2dzNjB3Q21pUGt1RktEZzNBb2hEcUhPMFQ0WlZ5OFNTN0F0WWVVai1fdGxpLS1fUWsxaUo2Ymd3?oc=5&hl=en-US&gl=US&ceid=US:en","want, justice, series","en","2026-10-01 06:33:17","2026-10-01 06:33:17"
"GNews","NaN","Geopolitical tensions, high crude may fuel India's imported inflation, says government report - Reuters","Geopolitical tensions, high crude may fuel India's imported inflation, says government report  Reuters","https://news.google.com/rss/articles/CBMirgFBVV95cUxOMmh1aDl6WkZhcWU2cVdMN0ZQblp0cXJMZ2ZvUDFNMW1ORWdwbzJSbnJZUlE5ek1sRDR2S3V6TlBSS3V6TFNDcUNGV1dqS09tMGVYOXlfODlPRFRmVmh0dlBEcnl1WEZkUFVVWnBQUHhQZzhsdjJ2YzF1cW5Fbm03SlJURFl6eHNzSGF5c01BOWVtZlRaYlMzYWg2Q1E4a2ZxWjQ3R3FmSFFXVkF3cnc?oc=5&hl=en-US&gl=US&ceid=US:en","geopolitical, tensions, high","en","2026-10-01 06:33:17","2026-10-01 06:33:17"
"GNews","NaN","India’s Ujjain tense as mosque partially demolished for Hindu pilgrimage - Al Jazeera","India’s Ujjain tense as mosque partially demolished for Hindu pilgrimage  Al Jazeera","https://news.google.com/rss/articles/CBMisgFBVV95cUxNemluUC0wbWJEMEZMbl85RU1LWFJRRWdhRXA1LTJDVTFRVkxEWjJtSmoyYThMSEZnaHRhcWcwcEVIc1FEcjdjaGpvSkx6N3dOZ096c3doWlVNdWRlT0JHM21PbHhxX3dZbnJHeGdjc2NOZXlYRmtGUGdfV1BKZzdKcWhMRnN0YmFxMGdIQzItSnE1NFY0Rl8xTDNvQUJ3YUJZS0w4VDhzX1lKMGQ5T21YeHJn0gG3AUFVX3lxTFBoRl9XaWF1SnUta3pMcHU2WUFUa3RUcEt2R0h1QTFlUjF4X2s4dUlHcElEdldja3hxcXRzQkJkRGVTa0hqMmhwbjdIWm4zbVBHNnRDM1JvckR1TzFpLXFpTkhyQkxZUXhWMnlGaWR2R1ZRM29IbUFTOEpoNHVSU2lDV2tTQ09XOHRKdTRtMUg1dzhJV25pa1BITmF0QXBhUUtWZXNoczZ5SFR1aGJrTWxMTjV4WTdjOA?oc=5&hl=en-US&gl=US&ceid=US:en","indias, ujjain, tense","en","2026-10-01 06:33:17","2026-10-01 06:33:17"
"GNews","NaN","Omdia: India’s PC market growth set to reverse with 22% decline forecast in 2H26 - Omdia","Omdia: India’s PC market growth set to reverse with 22% decline forecast in 2H26  Omdia","https://news.google.com/rss/articles/CBMivgFBVV95cUxQYXgwelI0SGxJdmVUbHgzRlV2cUhiWTg4cUU2R3hCZTVQdWtENVJodzZVeE1aTWRBcFZBbjJMWTRxb2VDVlZ6R1NIbHJ1dGk4WndUOTBSOWQzcDdOOV9ydUNIc2ZMS2xyenNkczM0OS13bjkxR3ZWOE5DVlhwb19WeDBWU1RZYTRCT2FsU3I5UC04enhTUGJEZ3JraXhIUlFVbV9Va0JLcVVOT1BVOXdYWmlmMDRRVldXd2hJTkdB?oc=5&hl=en-US&gl=US&ceid=US:en","omdia, indias, market","en","2026-10-01 06:33:17","2026-10-01 06:33:17"
"GNews","NaN","'A true hero': Netanyahu 'salutes' Indian pilot who stopped Omani co-pilot from crashing Flydubai plane - The Times of India","'A true hero': Netanyahu 'salutes' Indian pilot who stopped Omani co-pilot from crashing Flydubai plane  The Times of India","https://news.google.com/rss/articles/CBMi-gFBVV95cUxNaXVnYzl3YUExZHdxbTJOX3VKaWZUd2hCNTlqd3dzeVM0eEh1RHdaZWV1dVlMcEtjWjcwdGdiaHhBSGlsdjcyRlpsYzdKc045NFJtVmUwdVFtOXJUV1R4aVZodHBLRkFfZ2lVU2c3bUFUNktUUnBVcjdRNzEwd0NfQ1VDMk5TMHhDY3hib0NxSVljbl95Vm1sSGtWQU0yREVNRkRsWU5ZLWhsRHc3RHVMUDd3b2lqZ0RaekJNSmRNa3J6Q3R4cU16WlhKdnk4UEJScHFyRnBycWFHUGRONHFBdnhVdUJuZ25FcTVPRzh2Z2JOMDJOZ3pJS0Zn0gH_AUFVX3lxTFB4NGdNc1U1alZveTZWLWl5X0FmOWhuekxGemtwanJWTWxWajZlcGZva09tX201aF9VckZTTnY0VFI4MGJUSXJjdV9UbDBCOTdBSWpwbmdOUXp3YWFNTmxmQllWSGh1OFFSSEhyaTJ5d1FGaW94eGNIamRibXQtSUJ0eHNpa3ptNW9MdlR2elU1WmRnd0owb1VReU9uSjE1dEZoNjgtM3J6a1p2UW5RSzF5VlRleVItRGRTUm5iRmtzUUFTckZURGdSUzJMRG9ZQTdyTVkzVzRkamh2eVAtTkpaSXFiQzZqa0VSVWlIcWZSSjZPdWQ3Qkx3aWd0b3NXbw?oc=5&hl=en-US&gl=US&ceid=US:en","pilot, true, hero","en","2026-10-01 06:33:17","2026-10-01 06:33:17"
"GNews","NaN","India Is Getting Old Before Getting Rich, Will Turn 'Aged' In 16 Years: Moody's - NDTV","India Is Getting Old Before Getting Rich, Will Turn 'Aged' In 16 Years: Moody's  NDTV","https://news.google.com/rss/articles/CBMitAFBVV95cUxPcFE4d2dBc19pREVCa1hQQ280cGZRcHYydnlpbDNBcEsxVmNOdW92RFJNT29DOUN6c0hvTDM3d250ZXpzblhjZVZJV2VMamNNU3VCZW93Z0Q4b1NVRlFNVy1XdVhFQjNqVzNZZVJ3c3JSTF9EVFFDV3dya2NnY19QbE5vckdhM1JJaVFGcVgwYmwyUlU5QWZSVlkzM1UzTDNkRlBBcGY0U25ialY2Ymx6ZFF2bzg?oc=5&hl=en-US&gl=US&ceid=US:en","getting, india, rich","en","2026-10-01 06:33:17","2026-10-01 06:33:17"
"GNews","NaN","30 Out Of Every 100 Domestic Trips In India Are For Treatment, Not Tourism - NDTV","30 Out Of Every 100 Domestic Trips In India Are For Treatment, Not Tourism  NDTV","https://news.google.com/rss/articles/CBMirwFBVV95cUxPQ2N4cEhvazE1VTlfamIzTkpPUlVGdV9jT2RSM1EwRjVPZE5zR05IOWFuMnFyeFIxN1NZekplNDdISEktbDctaGhHVWUtUm9HQkVFeVA5dXF4QmgybDNLUGFUVUpoSHlWM2hocWFIT01EWklkQy1JNW9LSFBJZUl3d2g4M012YnktT01qM1RWS2FfeGVFeWgtSk40SXlMRS1ycXZTU3h0RnRrUWhydENn0gG3AUFVX3lxTE54SnNaaHA2bFpCZFZOTUJoVURSdDJOYkJhQnFlM292UU15Mno4NjkxX0ZHeGxrS2ZCYm12QjZRV3ZGZVhXelEtanVUM0lVNG1BZWZRV2gyODhXbVZzdmhib3Z1dVNMa012X1BYY3Y2T1FSOURPNV9CakNKT2FzNFluT3NfVlFuaFR5T3lHZ3JId3c0RjlnYWtzM3NXcXM5eENfNlpORHVuYTBnV0pGQk14cGhyZ3lRbw?oc=5&hl=en-US&gl=US&ceid=US:en","every, domestic, trips","en","2026-10-01 06:33:17","2026-10-01 06:33:17"
"GNews","NaN","Apple Pay launches in India with Axis Bank partnership - Reuters","Apple Pay launches in India with Axis Bank partnership  Reuters","https://news.google.com/rss/articles/CBMioAFBVV95cUxPbV82WU9ndWVwV0VIZVk4SDJSc2N3enRva3g4dDI3VGxYRnFTUjZ2TVFpcURJa053VjZQRzc0ZlptRW1RTkVkaGxnYzZRejBfSEppdWhnVG5pdHo5ZnU4UWZpcmcwYWhaMFZ0a2hlX1ZhdmZwLTdpa2JUYTE2TXh1bUV2RGltRF9DOGlhX2E0eHRRUDZQR0VIM0pxcEs1VTdy?oc=5&hl=en-US&gl=US&ceid=US:en","apple, launches, india","en","2026-10-01 06:33:17","2026-10-01 06:33:17"
"GNews","NaN","Asian Games 2026: India sweep compound archery team gold medals; secure mixed team LA 2028 Olympics quota - olympics.com","Asian Games 2026: India sweep compound archery team gold medals; secure mixed team LA 2028 Olympics quota  olympics.com","https://news.google.com/rss/articles/CBMiogFBVV95cUxOVUJCbnd3Unk2LW9xOWtJYldNblQ3MlduUFhIdm91a05pTWp5QUZIaVpKaWVjbktBdGYwc3VFeml0THYxeHVCdlJrejYtN1o5czJfQnRkRnQtSE1mOWhzQmhMWmpPX1dnelM0VU5EWTQ3YlQzVGxlUDI0eU5BMlBIYkdseE1TS09VUktSNHRHNHBIdUJ4TmF1YWVkeHNBQVFkc1E?oc=5&hl=en-US&gl=US&ceid=US:en","team, olympics, asian","en","2026-10-01 06:33:17","2026-10-01 06:33:17"
"GNews","NaN","""Tarnishing India's Image,"" Traveller Says Fellow Indians Jumped Queue At Hanoi Airport - NDTV","""Tarnishing India's Image,"" Traveller Says Fellow Indians Jumped Queue At Hanoi Airport  NDTV","https://news.google.com/rss/articles/CBMivAFBVV95cUxOYTdnMzNmYXFsZWlBLTVkSGlKMUthY0lRektqT0ZmVHhMb1IzQ09tUmFTa1JVMVUtZGUxUjdpSUc2bnpnWlVEc3I0aVVPbS0xTmo4ZU5kOHh1UG5QeHoycGlkbER0QVQ1ZVNqTWFpNU4zdkg5bjBpYW9DdzFpMDdVcEx2UUlPZVU2ZXFfQ3RtZHdJeFdQY1EzZVRweTNrUTQ4WFJINWprOGd2bmFmSmFtaHREMjNRSXpGZ29MZNIBxAFBVV95cUxQSFZ4UU9jNW45MmhteWZ5cXk4YVBtQ0pBSFFLblNiOFV4dVJES0xKWUlyNzdnal9faFk3YlRTUUZvaWt0dnFnZkJRNlg4SlZtcGU4T2ppTzhlVUU1UFpKWWdVLVVlcTNZOFNoejNJQ0gweEVzS2RJZUpKTW1TUG5sbWpaNS1WcWpFQ2RHb0tZdGxSU1lSWngyaGlzclFMY1l2QnhJSGlxdHpfdFo3TGlxb2RmWHI2OENfQVdTRHl4T2p5RkJF?oc=5&hl=en-US&gl=US&ceid=US:en","tarnishing, india, image","en","2026-10-01 06:33:17","2026-10-01 06:33:17"
"GNews","NaN","Inside India newsletter: Foreign insurers get the red-carpet treatment — and policy uncertainty - cnbc.com","Inside India newsletter: Foreign insurers get the red-carpet treatment — and policy uncertainty  cnbc.com","https://news.google.com/rss/articles/CBMifkFVX3lxTE5nUDZVQnhCUmpZWUlYMVVOVTNiSVNZUkdOZjNsREhhajE2ZGVqLTZSQ1ptT3MzZkUtVGczTTRjaWhGOFM2VVhac05HVHpsV3FLZERyRkVFMEdoeGdEb1pTbjNyR2RVY2M1SHJjLTVSWW1iaDFjME1jTnMySGN0QdIBgwFBVV95cUxQWVBBUHJaSjNwTkd6YTdOQWFaYm5SbWVpMDhoWmtNUXUxLUR5Q2ptVXNRTTVyaVJTaWtxMm9YWFJVSUxRZ0NmZGJuTFlNa3dEeEZqMjQ2NXhQSDNwOXo0bmpTb0N1NERIZXJDYmt3R0lQQzJwUW12WkVmSE9lM0pYanhwVQ?oc=5&hl=en-US&gl=US&ceid=US:en","inside, india, newsletter","en","2026-10-01 06:33:17","2026-10-01 06:33:17"
"GNews","NaN","India's September goods and services tax collection rises 14.7% from a year ago - Reuters","India's September goods and services tax collection rises 14.7% from a year ago  Reuters","https://news.google.com/rss/articles/CBMiswFBVV95cUxPWnQzUWFtbW90NnBLc2xGMzhFSy13Q3FQZUluY2hfcE1ocjdTN3BpYkprLTZZMkZYNFZTajIzUVlzRlRHYWhLRHk3WTBCZjJLbXZOV3kxbUtnUS1heUREVDRSbkIwUlZPbURnRmdOSWJ1WVJOaFVrLTltbnNJeExxQUZFalVmSFVWSGtHeGVQcEYyX0lLSmY3SjJ3S3UzSEFFdnZuZHNOaTRiZVhsUVdNMHNJaw?oc=5&hl=en-US&gl=US&ceid=US:en","india, september, goods","en","2026-10-01 06:33:17","2026-10-01 06:33:17"
"GNews","NaN","'This is not cricket, this is only batting' - Gambhir after India's record ODI chase - Cricinfo","'This is not cricket, this is only batting' - Gambhir after India's record ODI chase  Cricinfo","https://news.google.com/rss/articles/CBMiwAFBVV95cUxOY0Z4dkJDX1oxbG9CMThhWXZ6QTQxSEt0dk9XczhTLXFsT01aR09HeXoyZ0ttZjdMXzZZV3dTNjRRMWhoV3pZUTdieEkybXlOQU9kNEFMOHQ4Sm5WQkpTQVQyMkIxNWYzR2hzT25hR3BHV3pyYVVUd1hVTU5HMnNsa0pMWnQ0LWN4S01OYXptSmZGUjYwRnhtc3FQdmJySXBUdmh6dzdQVDNqWEdELVNEM3RQUENTVTFxUVRrbXh5Q2jSAdIBQVVfeXFMTXVDaTR6SHIydlp3NHdlX0lVSmh5WlJFbVNjUjZCY09wOEdJWklNVVAtQ3ZXR0hlRHZpM1JMTkJSOEQ2b005SlNKM3NRWDhnN2NUSExJQVR3OUN0eEc1VGRhODAzLVJ3eVdLcHp5ZEJ3ajk5VjU5cXd0cUVPZ1NfRk5OMktjYmJpVHpKMTBvWjgyem9EOHZRdklJellIWWFlTGhucFJCZEtxQWo1eVNCRllRMFc2a194OEphbFg3Q25BQzlxVElpXzMzZUtibVhZQ3VR?oc=5&hl=en-US&gl=US&ceid=US:en","cricket, only, batting","en","2026-10-01 06:33:17","2026-10-01 06:33:17"
"GNews","NaN","Indian automakers log stronger September sales ahead of festive season - Reuters","Indian automakers log stronger September sales ahead of festive season  Reuters","https://news.google.com/rss/articles/CBMitgFBVV95cUxOV3A4VGE4Yzk1M3JPZVhvSHp5N3RINXdXVURhTXZMSHFBRXVFVU9uR2szOVBZZjdHLUhsX0dPMGNnMGZCbUJEdVlXc1JBZVBGSk5IQ3QyY1ZaVDMtRENNdkZPLXJwaW9DTU81YnMySEd0RDg2LUxDTGZuLWVhY0JLbUI2czZHMVZaeEk5Z2Q0OGhLWXQxY19iaWZvRXgzZ0pvcXdNeGRrXy1iRGxITjRZUXp1ZEVVQQ?oc=5&hl=en-US&gl=US&ceid=US:en","indian, automakers, stronger","en","2026-10-01 06:33:17","2026-10-01 06:33:17"
"GNews","NaN","'A hero': Trump hails Indian captain after Flydubai attack, calls co-pilot ‘perhaps a terrorist’ - The Times of India","'A hero': Trump hails Indian captain after Flydubai attack, calls co-pilot ‘perhaps a terrorist’  The Times of India","https://news.google.com/rss/articles/CBMi8wFBVV95cUxOS3dhTHJxMzUzSnQ0UUdOU05pYUtpbmdQTXpzTG82ZEU4UG5tRXg3NVRBN1Z2SldUSXZJOGVhWXREQXpBU2hKb0RjLTVTdFNzYmF2akZyNzBqajNOYnJ2M2FJRzA2NHN1Q0YyZXZlb3JyLVBldFFOci1KLUs4WWZtX0F3QURsOUVwZWFqRWN6dk1YVmM4d2JVZTcyWGpvLWQ0Zmd5eXFUaU5lMlM5amcxRFNTdl9LM0REaXd5X3l3RVF3Z29iUUNrZU84clR6bkZsVjRUNmk2ejNNSlBWOUsxbzZyVVp5ejY1cy12WTV0YnVFM2fSAfgBQVVfeXFMT2NNcUlJbzZHVEVucW5pNy0yamRWSU5nZGtJU1hlNXR2QzA4M0JNeEpqQ3VScnVoQ2wxb0RYc1ZrVlBpUGtYSDdVbGlCa1lpWFFWYlRiYkpKdVlibThYbWhOX1VuM1AtbUtTQmMzOGlfdmsyZkktaThKTTh6dXh3anFySW10cnN6NWU5QmRyQzdYQ0VkTXNVdXVNQS1nR3dWN3RJWnpMQWw0dGxicmluQmpjSGZBbVRmQUhJcldab0pmWmE3MV9sdWx1NEx2OU91dnZ3U1luZGlHQS04Y0NTY2s2NUlRckltNDgtWlVMVk9YOEtPUFFTR2U?oc=5&hl=en-US&gl=US&ceid=US:en","hero, trump, hails","en","2026-10-01 06:33:17","2026-10-01 06:33:17"
"GNews","NaN","Asian Games 2026 women's hockey: India beat South Korea to set up final against China - olympics.com","Asian Games 2026 women's hockey: India beat South Korea to set up final against China  olympics.com","https://news.google.com/rss/articles/CBMiqwFBVV95cUxPSld6ZnpGajJhSk5TWDFsVk05M0ptckJWRnNRcEVJSXpfLXZpeHF0OWYtamhKd0dVWnBNQWtjYzlvZkZxZUJlaUgxeUV2MzlBMHRGTUVYdWFJYnBBNlBpNjI3eURjdWpCOVZLNXZ0ejRpU05FUHJPdkpQMU9MNkVkM3J4ZEtycUViLVJKbTJWV1Y1MllXUnhaVzJpMmZQM2RESV9hUWxEYzlDYWs?oc=5&hl=en-US&gl=US&ceid=US:en","asian, games, women","en","2026-10-01 06:33:17","2026-10-01 06:33:17"
"GNews","NaN","Indian PM hails 'hero' Flydubai pilot for averting disaster - Le Monde.fr","Indian PM hails 'hero' Flydubai pilot for averting disaster  Le Monde.fr","https://news.google.com/rss/articles/CBMiywFBVV95cUxOa0FQUjFJM1hDZTliclpNdC1BQmJhSjJsZkNPTlpzQ08wOUlOTVlkQ01IY3R1U0VKaTk4MTJyQTFZTnlqTnhfUTNnQlB2VFpzOW92bHMyaVd3RUZ3dEYzTlpHQm5FeXFlZkRRM3RPMmpCdTUwckJzeXZQYjJ4cXdIMFdXZm9NM3VKX09Qc2t6RnRZbnQtYUpiQl8tdDltQmJ5VlNNNjdnZ1IyanpyZVJxWVZPeGZxWmpmdjFRcnBVMF96R2o1S0VyZWNqSQ?oc=5&hl=en-US&gl=US&ceid=US:en","indian, hails, hero","en","2026-10-01 06:33:17","2026-10-01 06:33:17"
"GNews","NaN","India at Asian Games 2026, Day 11: Compound swept, world record equalled and LA 2028 quota secured in gold rush - as it happened - olympics.com","India at Asian Games 2026, Day 11: Compound swept, world record equalled and LA 2028 quota secured in gold rush - as it happened  olympics.com","https://news.google.com/rss/articles/CBMinAFBVV95cUxPa0dSZHJEV2tVZDJiMTZ5cHJiMFZObHU2TWlmWlZSWEVKY1FSY0FzRmI4cWFpallSdkd4Z05lNURmMkZteWhoUFZFQTVqd1lSRTRqeWFaZ3htNTZHMFRzZEVndGNKY2VwSHVuZWxwdlM1Vm1hTGNUT3pEVEZDb1pJYWNXT1dMV0d1V2RMQWNvWVczTV9tcmJOWFZuRUg?oc=5&hl=en-US&gl=US&ceid=US:en","india, asian, games","en","2026-10-01 06:33:17","2026-10-01 06:33:17"
"GNews","NaN","Legal system fails to keep pace with India’s growing exotic pet industry - Mongabay India","Legal system fails to keep pace with India’s growing exotic pet industry  Mongabay India","https://news.google.com/rss/articles/CBMiqwFBVV95cUxNVVBfemtlcFo1ejZ6VGYyd2lpU2diTHFDejBYM2FoWFlQd2I1YnpJemU3VVE0cno1N0FhWEx4WmxIZURGWkxxNnI2TDllWnpNYnVXRzhSWU11UFJxbUZGWGo4bGRvcHNKcGd1MDVFVHZBbUc0V1lwRnBNZnNTZFVhVE5qNU41aDBkQjhWMnBBeExTOFVqRDd4NTFYbjYwcWNUOFZHSzJXS2dkMzA?oc=5&hl=en-US&gl=US&ceid=US:en","legal, system, fails","en","2026-10-01 06:33:17","2026-10-01 06:33:17"
"GNews","NaN","Shubman Gill hits double hundred as India beat West Indies in ODI run-fest - BBC","Shubman Gill hits double hundred as India beat West Indies in ODI run-fest  BBCShubman Gill hits record-breaking double hundred as India chase 406 in second ODI  The GuardianJK vs ROI, Irani Cup, Irani Cup 2026 - Commentary  Cricbuzz","https://news.google.com/rss/articles/CBMiZ0FVX3lxTFBxSVdOdlJNYWpnSktBcmVVNGV6Y2JfSFZXSDNQcFNwLWpsa050ck1UM3FQV2MyVkZlWkxTZ3JBdS1jU0NOeUZoRENnWkkyV1NYWENqV05FUTFJZVdhTGhDRGh2VGVKSTQ?oc=5&hl=en-US&gl=US&ceid=US:en","gill, hits, double","en","2026-10-01 06:33:17","2026-10-01 06:33:17"
"GNews","NaN","Apple Pay launches in India - Apple","Apple Pay launches in India  Apple","https://news.google.com/rss/articles/CBMiekFVX3lxTFBOeGFtSDdRdmcwcnAwd3lpWW5YaVVYSkJtY0NDZGpjZ2U4c01MUm5hblNZT1I2UVRMNE5hNVJwVGgwNEZJU2pzWVF2NWVsdDBkcDdnSnhiVE1DMmhKeG5JbVBFVkU2XzU0cnZCOEpGeHpTcHpzOGtEZ1pR?oc=5&hl=en-US&gl=US&ceid=US:en","apple, launches, india","en","2026-10-01 06:33:17","2026-10-01 06:33:17"
"India Today","NaN","Samsung S26 Ultra available at 91,999 on Flipkart, here is how","Samsung S Ultra available at  on Flipkart here is how","https://www.indiatoday.in/visualstories/technology/samsung-s26-ultra-available-at-91999-on-flipkart-here-is-how-286222-30-09-2026?utm_source=rss","samsung, ultra, available","en","2026-10-01 06:30:09","2026-10-01 06:33:08"
"India Today","NaN","iPhone Air is now cheaper: Here’s the deal","iPhone Air is now cheaper Heres the deal","https://www.indiatoday.in/visualstories/technology/iphone-air-is-now-cheaper-heres-the-deal-286231-30-09-2026?utm_source=rss","iphone, cheaper, heres","en","2026-10-01 06:30:09","2026-10-01 06:33:08"
"India Today","NaN","Samsung Galaxy S26 price drops to lowest: Details inside","Samsung Galaxy S price drops to lowest Details inside","https://www.indiatoday.in/visualstories/technology/samsung-galaxy-s26-price-drops-to-lowest-286237-30-09-2026?utm_source=rss","samsung, galaxy, price","en","2026-10-01 06:30:09","2026-10-01 06:33:08"
"India Today","NaN","क‍ितना पढ़े-ल‍िखे हैं FlyDubai के कैप्टन स्मित, जिनके कारण टला दूसरा 9/11, PM मोदी ने की तारीफ","FlyDubai         PM","https://www.aajtak.in/education/career/story/captain-smit-bravery-averts-911-pm-modi-praises-upsc-event-edmm-dskc-2658126-2026-10-01?utm_source=rss","flydubai","hi","2026-10-01 06:30:09","2026-10-01 06:33:09"
"India Today","NaN","Childhood friends Manu Francis, Noble Kurisinkal bring 1st sailing silver","Childhood friends Manu Francis Noble Kurisinkal bring st sailing silver","https://www.indiatoday.in/sports/asian-games/story/asian-games-sailing-manu-francis-prince-noble-kurisinkal-india-silver-mens-skiff-3007134-2026-10-01?utm_source=rss","childhood, friends, manu","en","2026-10-01 06:25:00","2026-10-01 06:33:08"
"India Today","NaN","Scientists connected three mini-brains. What happened next blew their minds","Scientists connected three minibrains What happened next blew their minds","https://www.indiatoday.in/science/story/scientists-connected-three-mini-brains-what-happened-next-blew-their-minds-3007135-2026-10-01?utm_source=rss","scientists, connected, three","en","2026-10-01 06:24:19","2026-10-01 06:33:08"
"Times of India","HIJAM RAJU SINGH","Asian Games: Ganesh wins bronze as India finish with four compound archery medals","At the Asian Games 2026, Ganesh Mani Ratnam Thirumuru clinched a bronze medal in the men's individual compound archery event, triumphing over Vietnam's Cong Duc Dang with a score of 149 to 144. His exceptional accuracy is evident as 14 of his 15 arrows hit the 10s. This achievement marks India's fourth medal in compound archery, contributing to an overall tally of 63.","https://timesofindia.indiatimes.com/sports/asian-games-2026/asian-games-ganesh-mani-ratnam-wins-bronze-as-india-finish-with-four-compound-archery-medals/articleshow/134610161.cms","compound, archery, asian","en","2026-10-01 06:19:37","2026-10-01 06:33:06"
"Times of India","LAIRENLAKPAM WARLI","‘Wanted to take over temple’: 2 priests killed, bodies set ablaze in UP village","Two elderly priests residing in a temple in Shahjahanpur district were recently murdered by a man. The accused, Sumit Singh, allegedly attacked them with a heavy object before igniting their bodies. Singh reportedly intended to seize control of the temple management following his release from jail. Both priests had long been caretakers of the shrine which had a land registered in one priest's name.","https://timesofindia.indiatimes.com/city/meerut/wanted-to-take-over-temple-2-priests-killed-bodies-set-ablaze-in-up-village/articleshow/134609902.cms","temple, priests, bodies","en","2026-10-01 06:14:01","2026-10-01 06:33:06"
"India Today","NaN","Vaibhav Sooryavanshi, 15, named in TIME's 100 Rising Stars list","Vaibhav Sooryavanshi  named in TIMEs  Rising Stars list","https://www.indiatoday.in/sports/cricket/story/vaibhav-sooryavanshi-age-times-100-rising-stars-list-3007125-2026-10-01?utm_source=rss","vaibhav, sooryavanshi, named","en","2026-10-01 06:09:10","2026-10-01 06:33:08"
"Times of India","SMRITI JAIN","Gold price prediction: Where are gold and silver headed today?","Gold and silver price prediction today: MCX Gold has moved higher after taking support near the 147,000 levels, indicating renewed buying interest at lower levels. The price structure remains positive as gold continues to hold above its key support zone, suggesting that the broader uptrend is still intact.","https://timesofindia.indiatimes.com/business/india-business/gold-silver-price-prediction-today-what-is-the-gold-rate-outlook-for-october-01-2026-should-you-buy-or-sell-mcx-gold-mcx-silver/articleshow/134609716.cms","gold, price, prediction","en","2026-10-01 05:55:54","2026-10-01 06:33:06"
"NDTV","NaN","US Government's New AI Chatbot Pulls Back From Debunking Trump","Trump has dismissed those concerns as a conspiracy","https://www.ndtv.com/world-news/us-governments-new-ai-chatbot-pulls-back-from-debunking-trump-12123654#publisher=newsstand","trump, government, chatbot","en","2026-10-01 05:55:38","2026-10-01 06:33:07"
"India Today","NaN","Nasa to launch three astronauts, a Russian cosmonaut to space today","Nasa to launch three astronauts a Russian cosmonaut to space today","https://www.indiatoday.in/science/story/go-for-launch-nasa-clears-crew-13-liftoff-for-six-month-mission-to-space-today-3007119-2026-10-01?utm_source=rss","nasa, launch, three","en","2026-10-01 05:53:29","2026-10-01 06:33:08"
"Hindustan Times","NaN","Kannada actor Ranya Rao fined  ₹89 crore in gold smuggling case, 3 others face  ₹155 crore penalty","Customs penalised four accused more than  ₹244 crore after its investigation into an alleged gold smuggling network linked to Dubai.","https://www.hindustantimes.com/india-news/kannada-actress-ranya-rao-customs-penalty-89-crore-dubai-gold-smuggling-case-113-kg-gold-bengaluru-101790833418694.html","crore, gold, smuggling","en","2026-10-01 05:53:11","2026-10-01 06:33:07"
"India Today","NaN","How stabbed Indian pilot's quick thinking saved 174 lives on flydubai flight","How stabbed Indian pilots quick thinking saved  lives on flydubai flight","https://www.indiatoday.in/world/story/flydubai-indian-pilot-smit-machchhar-quick-thinking-saved-lives-cockpit-door-3007110-2026-10-01?utm_source=rss","stabbed, indian, quick","en","2026-10-01 05:50:14","2026-10-01 06:33:08"
"India Today","NaN","Hanuman Ansh song Parvati is world No. 2 and India's No. 1 song","Hanuman Ansh song Parvati is world No  and Indias No  song","https://www.indiatoday.in/movies/bollywood/story/parvati-youtube-global-chart-hanuman-ansh-song-no-2-worldwide-3007112-2026-10-01?utm_source=rss","song, hanuman, ansh","en","2026-10-01 05:49:23","2026-10-01 06:33:08"
"NDTV","NaN","Crude Oil Surges 29% In A Month: Finance Ministry Flags Risks For Indian Economy","Finance Ministry said domestic price pressures intensified across retail, wholesale and producer levels.","https://www.ndtv.com/business-news/crude-oil-surge-india-us-trade-finance-ministry-flags-risks-indian-economy-12123592#publisher=newsstand","finance, ministry, crude","en","2026-10-01 05:48:15","2026-10-01 06:33:07"
"India Today","NaN","Hyundai records highest-ever monthly sales of 77,916 units in September","Hyundai records highestever monthly sales of  units in September","https://www.indiatoday.in/auto/cars/story/hyundai-records-highest-ever-monthly-sales-of-77916-units-in-september-3007117-2026-10-01?utm_source=rss","hyundai, records, monthly","en","2026-10-01 05:44:43","2026-10-01 06:33:08"
"Hindustan Times","NaN","RSS to meet in Indore in November, roll out structural changes","The meet will deliberate on the current political and social issues, including the Opposition’s sharpened attacks on the Centre over SIR.","https://www.hindustantimes.com/india-news/rss-to-meet-in-indore-in-november-roll-out-structural-changes-101790833170830.html","meet, indore, november","en","2026-10-01 05:44:09","2026-10-01 06:33:07"
"NDTV","NaN","""One Of Your Best People"": Son Of flydubai Passenger Praises Indian Pilot","peigel said he believes India is a wonderful country and has wonderful people.","https://www.ndtv.com/world-news/flydubai-hijack-bid-incident-one-of-your-best-people-son-of-flydubai-passenger-praises-indian-pilot-captain-smit-machchhar-12123601#publisher=newsstand","people, wonderful, your","en","2026-10-01 05:43:09","2026-10-01 06:33:07"
"NDTV","NaN","US Sees Chinese Invasion Of Taiwan Unlikely Before 2027 Timeline: Report","China calls Taiwan its single most important issue","https://www.ndtv.com/world-news/us-sees-chinese-invasion-of-taiwan-unlikely-before-2027-timeline-report-12123596#publisher=newsstand","taiwan, sees, chinese","en","2026-10-01 05:41:25","2026-10-01 06:33:07"
"NDTV","NaN","AI Agents Tried To Hack Canadian Government Website: Report","The agents attempted to access Library and Archives Canada on May 8 and on June 9","https://www.ndtv.com/world-news/ai-agents-tried-to-hack-canadian-government-website-report-12123575#publisher=newsstand","agents, tried, hack","en","2026-10-01 05:35:15","2026-10-01 06:33:07"
"Times of India","TOI BUSINESS DESK","Scotch whisky gets cheaper in India after trade deal with US; check new prices","Under the India-UK agreement, the import tariff on British whisky was reduced to 75% from 150%, effectively cutting the rate by half. The tariff is scheduled to decline further to 40% over the next 10 years. However, the reduction in import duty does not result in a similar reduction in the final retail price.","https://timesofindia.indiatimes.com/business/india-business/scotch-whisky-gets-cheaper-in-india-after-uk-trade-pact-johnnie-walker-black-label-prices-falls-to-rs-3800-from-rs-4250-jb-to-rs-1700-from-rs-2300-as-tariff-drops-from-150-to-75/articleshow/134590266.cms","whisky, india, import","en","2026-10-01 05:33:39","2026-10-01 06:33:06"
"NDTV","NaN","Afghanistan Says Deadly Pakistani Strikes Killed 9 Civilians","Pakistan's Ministry of Information said the airstrikes were ""well planned and calibrated""","https://www.ndtv.com/world-news/afghanistan-says-deadly-pakistani-strikes-killed-9-civilians-12123549#publisher=newsstand","afghanistan, says, deadly","en","2026-10-01 05:30:48","2026-10-01 06:33:07"
"Times of India","PRIYANKA JAISWAL","‘Voices against electoral 'capture' getting louder': Congress targets EC over SIR","News article about: ‘Voices against electoral 'capture' getting louder': Congress targets EC over SIR","https://timesofindia.indiatimes.com/india/voices-against-electoral-capture-getting-louder-congress-targets-ec-over-sir/articleshow/134608784.cms","voices, against, electoral","en","2026-10-01 05:28:52","2026-10-01 06:33:06"
"Hindustan Times","NaN","Geopolitical tensions, high crude may fuel India's imported inflation, says government report","INDIA-ECONOMY:Geopolitical tensions, high crude may fuel India's imported inflation, says government report","https://www.hindustantimes.com/india-news/geopolitical-tensions-high-crude-may-fuel-india-s-imported-inflation-says-government-report-101790831979541.html","india, geopolitical, tensions","en","2026-10-01 05:19:38","2026-10-01 06:33:07"
"Times of India","SHREEDHAR RATHI","Neerja in 1986, Machchhar in 2026: 2 heroes who put passengers before themselves","Neerja Bhanot, a flight attendant, showed immense courage during the 1986 hijacking of Pan Am Flight 73 in Karachi. She helped many passengers escape despite the danger, ultimately sacrificing her life. In 2026, Captain Smit Machchhar was attacked by his co-pilot during a flight and successfully regained control of the aircraft. His actions prevented a mid-air disaster, saving 174 lives onboard.","https://timesofindia.indiatimes.com/city/delhi/chandigarhs-neerja-bhanot-in-1986-mumbais-smit-machchhar-in-2026-40-years-apart-2-attacks-mid-air-2-heroes-who-put-passengers-before-themselves/articleshow/134608569.cms","flight, neerja, machchhar","en","2026-10-01 05:11:20","2026-10-01 06:33:06"
"NDTV","NaN","Tennessee Woman In Hospital After Execution 'Failed': Report","Tennessee corrections officials did not publicly confirm the outcome of the execution","https://www.ndtv.com/world-news/tennessee-woman-in-hospital-after-execution-failed-report-12123431#publisher=newsstand","tennessee, execution, woman","en","2026-10-01 05:09:47","2026-10-01 06:33:07"
"NDTV","NaN","PM Modi Proud Of Hero flydubai Pilot Smit Machchhar, Assures Family Of All Help","Two other relief pilots who were seated at the back took over the aircraft and diverted it Saudi","https://www.ndtv.com/india-news/captain-smit-machchhar-showed-immense-courage-on-flydubai-plane-pm-modi-praises-indian-pilot-12122858#publisher=newsstand","modi, proud, hero","en","2026-10-01 05:07:15","2026-10-01 06:33:07"
"Times of India","KARAN MANRAL","'Prevented another 9/11': PM Modi heaps praise on flydubai pilot Captain Machchhar","News article about: 'Prevented another 9/11': PM Modi heaps praise on flydubai pilot Captain Machchhar","https://timesofindia.indiatimes.com/india/prevented-another-9/11-pm-modi-heaps-praise-on-flydubai-pilot-captain-machchhar/articleshow/134608685.cms","prevented, another, modi","en","2026-10-01 05:06:53","2026-10-01 06:33:06"
"Hindustan Times","NaN","PM Modi speaks to Indian pilot Smit Machchhar's wife and parents after he leads brave landing of flydubai flight","Smit Machchhar, the captain of flydubai flight FZ1073, was seriously injured after being attacked by his co-pilot during the flight.","https://www.hindustantimes.com/india-news/pm-modi-speaks-to-indian-pilot-captain-smit-machchhar-wife-and-parents-after-flydubai-flight-incident-israel-saudi-101790830964243.html","flight, pilot, smit","en","2026-10-01 05:03:52","2026-10-01 06:33:07"
"Hindustan Times","NaN","Bhopal court sentences 2, years after missing truck unraveled 30 murders","Eight years after their arrest, a Bhopal court sentenced Khambra and Prajapati to double life imprisonment on Wednesday","https://www.hindustantimes.com/india-news/bhopal-court-sentences-2-years-after-missing-truck-unraveled-30-murders-101790830916863.html","bhopal, court, years","en","2026-10-01 05:01:56","2026-10-01 06:33:07"
"Hindustan Times","NaN","Warm morning in Delhi as min temp rises to 24°C; AQI remains ‘moderate’","The air quality was recorded in the ‘moderate’ category at 9 am, with an Air Quality Index (AQI) reading of 161","https://www.hindustantimes.com/india-news/warm-morning-in-delhi-as-min-temp-rises-to-24-c-aqi-remains-moderate-101790830796466.html","moderate, quality, warm","en","2026-10-01 04:59:56","2026-10-01 06:33:07"
"Times of India","AADRITA HALDER","How Captain Smit Machchhar’s quick thinking helped save 174 lives","News article about: How Captain Smit Machchhar’s quick thinking helped save 174 lives","https://timesofindia.indiatimes.com/world/middle-east/inside-flydubai-flight-fz1073-how-captain-machchhars-quick-thinking-to-open-cockpit-door-helped-save-174-lives/articleshow/134608575.cms","captain, smit, machchhars","en","2026-10-01 04:56:57","2026-10-01 06:33:06"
"Times of India","PRISHA PATNAIK","Cornell rape case: Transcript reveals rape claim police never shared with DA","News article about: Cornell rape case: Transcript reveals rape claim police never shared with DA","https://timesofindia.indiatimes.com/world/us/rape-case-rocks-cornell-new-transcript-reveals-victim-informed-police-fresh-spotlight-on-das-decision-not-to-charge/articleshow/134608087.cms","rape, cornell, case","en","2026-10-01 04:52:32","2026-10-01 06:33:06"
"Times of India","HIJAM RAJU SINGH","Asian Games: Manu, Prince win sailing silver as India’s medal tally reaches 62","Manu Francis and Prince Noble secured a silver medal in men’s skiff sailing at the Aichi-Nagoya Games. Their final race concluded with a second-place finish, accumulating a total of 23 net points. The Indian duo's consistent performance included three second-place finishes and one race victory across the event. India’s overall medal tally for the Games rose to 62, showcasing their achievements in various sports.","https://timesofindia.indiatimes.com/sports/asian-games-2026/asian-games-manu-francis-prince-noble-win-sailing-silver-as-indias-medal-tally-reaches-62/articleshow/134608455.cms","games, medal, manu","en","2026-10-01 04:51:59","2026-10-01 06:33:06"
"NDTV","NaN","'Head, Hands Almost Severed': Dentist Treats Indian Pilot On flydubai Plane","Shota, a dentist by profession, was one of three passengers who first rushed toward the cockpit","https://www.ndtv.com/world-news/head-sliced-hand-almost-severed-flier-on-indian-flydubai-pilots-injuries-12123153#publisher=newsstand","dentist, head, hands","en","2026-10-01 04:48:02","2026-10-01 06:33:07"
"India Today","NaN","Did rogue AI agents hack your website? This is how OpenAI informs you about it","Did rogue AI agents hack your website This is how OpenAI informs you about it","https://www.indiatoday.in/technology/news/story/did-rogue-ai-agents-hack-your-website-this-is-how-openai-informs-you-about-it-3007082-2026-10-01?utm_source=rss","rogue, agents, hack","en","2026-10-01 04:39:28","2026-10-01 06:33:08"
"NDTV","NaN","Cabinet Clears Rs 1.86 Lakh Crore Green Energy Corridor","The scheme will facilitate grid integration and power evacuation within the States/UTs of India.","https://www.ndtv.com/india-news/centre-approves-rs-1-86-lakh-crore-green-energy-corridor-phase-iii-12120013#publisher=newsstand","cabinet, clears, lakh","en","2026-10-01 04:38:28","2026-10-01 06:33:07"
"NDTV","NaN","Sonia Gandhi's Surprise Entry At INDIA Bloc Meet Sets Off Seating Scramble","Sonia Gandhi, Rahul Gandhi, Mallikarjun Kharge and Omar Abdullah","https://www.ndtv.com/india-news/sonia-gandhis-surprise-entry-at-india-bloc-meet-sets-off-seating-scramble-12123318#publisher=newsstand","gandhi, sonia, surprise","en","2026-10-01 04:37:53","2026-10-01 06:33:07"
"India Today","NaN","He wanted to study business. A seminar took Smit Machchhar to the flydubai cockpit","He wanted to study business A seminar took Smit Machchhar to the flydubai cockpit","https://www.indiatoday.in/education-today/news/story/indian-pilot-smit-machchhar-education-from-textile-engineering-management-to-flydubai-captain-saving-174-lives-3007074-2026-10-01?utm_source=rss","wanted, study, business","en","2026-10-01 04:36:48","2026-10-01 06:33:08"
"Hindustan Times","NaN","flydubai incident LIVE: Pilots managed to ‘prevent 9/11 disaster’, says Netanyahu; Modi speaks to Indian pilot's family","flydubai incident LIVE: Israeli Prime Minister Benjamin Netanyahu said the pilot aboard the Flydubai flight who fought back after another pilot in the cockpit allegedly tried to crash the aircraft on Wednesday “managed to prevent a 9/11 disaster.”","https://www.hindustantimes.com/india-news/flydubai-incident-pilot-smit-machchhar-live-updates-fz1073-crash-attempt-hijacking-israel-saudi-trump-netanyahu-modi-101790827447368.html","flydubai, pilot, incident","en","2026-10-01 04:28:11","2026-10-01 06:33:07"
"Times of India","HIJAM RAJU SINGH","Asian Games: India win women’s team squash bronze after Anahat Singh’s heartbreak","India's women's squash team claimed a bronze medal after facing a 1-2 defeat from Hong Kong in the semifinals. Anahat Singh's match was intense, yet she fell short despite holding match points. Tanvi Khanna fought back to equalise, but ultimately, Joshna Chinappa couldn't secure victory against Ho Tze Lok in the decisive match. This result contributes to India's notable achievement of four squash medals at the Aichi-Nagoya Games.","https://timesofindia.indiatimes.com/sports/asian-games-2026/asian-games-india-win-womens-team-squash-bronze-after-anahat-singhs-heartbreak/articleshow/134607965.cms","india, squash, match","en","2026-10-01 04:26:28","2026-10-01 06:33:06"
"Times of India","KARAN MANRAL","Money laundering case: NIA court orders charges against Yasin Malik, six others","News article about: Money laundering case: NIA court orders charges against Yasin Malik, six others","https://timesofindia.indiatimes.com/india/money-laundering-case-nia-court-orders-charges-against-yasin-malik-six-others/articleshow/134607639.cms","money, laundering, case","en","2026-10-01 04:18:31","2026-10-01 06:33:06"
"Times of India","TNN","Man in WagonR with ‘POLICE’ sticker caught stealing plant from Delhi-Dehradun E-way","A CCTV video capturing a plant theft from a police-marked vehicle has become widely shared on social media. The incident occurred on the Delhi-Dehradun Expressway in Baghpat, Uttar Pradesh, although no complaints have been reported yet. Police are in the process of verifying the authenticity of the viral footage for further investigation. This incident follows a previous theft involving nearly 7,000 potted plants after a horticulture event.","https://timesofindia.indiatimes.com/city/lucknow/man-in-wagonr-with-police-sticker-caught-stealing-plant-from-delhi-dehradun-expressway/articleshow/134607545.cms","police, plant, delhi","en","2026-10-01 04:16:54","2026-10-01 06:33:06"
"NDTV","NaN","flydubai Suspends Flights To And From Israel Amid Probe Over Hijacking Scare","Flydubai suspends Israel flights after co-pilot attack causes emergency landing in Saudi Arabia","https://www.ndtv.com/world-news/flydubai-suspends-flights-to-and-from-israel-amid-probe-over-hijacking-scare-12123233#publisher=newsstand","flydubai, suspends, flights","en","2026-10-01 04:16:25","2026-10-01 06:33:07"
"Hindustan Times","NaN","Jodhpur man wanted in assault case dies; kin allege police pushed him during raid","Police said he fell from the third floor while trying to escape and suffered an electric shock after getting entangled in electrical wires","https://www.hindustantimes.com/india-news/jodhpur-man-wanted-in-assault-case-dies-kin-allege-police-pushed-him-during-raid-101790828156268.html","police, jodhpur, wanted","en","2026-10-01 04:15:55","2026-10-01 06:33:07"
"NDTV","NaN","Stones, Beer Bottles Thrown During Clashes At Kerala University Hostel","Torches thrown into the hostel premises landed on a parked car and against windows.","https://www.ndtv.com/india-news/stones-beer-bottles-thrown-during-clashes-at-kerala-university-hostel-protests-against-election-commission-chief-gyanesh-kumar-12123204#publisher=newsstand","thrown, hostel, stones","en","2026-10-01 04:09:06","2026-10-01 06:33:07"
"Times of India","AMIT KUMAR","Kynan Chenai's golden charm: How father's 30-yr-old gun helped him win Asiad gold","Kynan Chenai won Asian Games mixed team trap gold with Neeru Dhanda using a 30-year-old gun borrowed from his father Darius Chenai, a two-time national trap champion who won both his titles with the same barrel. Kynan calls his father one of his biggest inspirations and the biggest support in his shooting career. From Rio 2016 to his Los Angeles 2028 goal, Kynan says he is “more hungry” now.","https://timesofindia.indiatimes.com/sports/asian-games-2026/exclusive-kynan-chenais-golden-charm-how-fathers-30-year-old-gun-helped-him-win-asian-games-gold/articleshow/134607358.cms","kynan, chenai, father","en","2026-10-01 04:07:51","2026-10-01 06:33:06"
"Hindustan Times","NaN","‘Who’s going to save you?’ What flydubai flight hero Captain Smit Machchhar had said on cabin crew not being treated properly","flydubai incident: In an old  podcast going viral now, Captain Machchhar emphasised cabin crew's vital role in emergencies, alongside pilots.","https://www.hindustantimes.com/india-news/whos-going-to-save-you-flydubai-flight-hero-captain-smit-machchhar-on-cabin-crew-not-being-treated-properly-101790823763512.html","going, flydubai, captain","en","2026-10-01 04:05:09","2026-10-01 06:33:07"
"NDTV","NaN","A Bloody Stabbing, Then Screams: The Fight To Save flydubai Flight","A pilot stabbed a colleague midflight causing a 14,000-foot drop and emergency landing.","https://www.ndtv.com/world-news/a-bloody-stabbing-then-screams-the-fight-to-save-flydubai-flight-12123179#publisher=newsstand","bloody, stabbing, then","en","2026-10-01 04:02:52","2026-10-01 06:33:07"
"Hindustan Times","NaN","Global leaders, diplomats to passengers: How Indian pilot Smit Machchhar became a hero for the world","Smit Machchhar was stabbed during the confrontation with the co-pilot on Wednesday while the Boeing 737 was flying from Dubai to Tel Aviv.","https://www.hindustantimes.com/india-news/will-always-be-grateful-for-his-bravery-from-modi-to-netanyahu-trump-indian-flydubai-pilot-smit-machchhar-hailed-as-101790820520743.html","pilot, smit, machchhar","en","2026-10-01 04:02:29","2026-10-01 06:33:07"
"Hindustan Times","NaN","‘Marathi will get priority, but…’: Devendra Fadnavis on language, driver licence rule","Devendra Fadnavis said the requirement had been portrayed as an attempt to impose Marathi, while the requirement involved only basic phrases.","https://www.hindustantimes.com/india-news/marathi-will-get-priority-but-devendra-fadnavis-on-language-driver-licence-rule-101790825682982.html","marathi, devendra, fadnavis","en","2026-10-01 04:02:11","2026-10-01 06:33:07"
"Times of India","SHIVANGHI PAYAL","Piyush Goyal gets a ‘trade minister for life’ tag from US trade chief at G20","At the G20 trade ministers' meeting in Milwaukee, US trade representative Jamieson Greer discussed key trade issues with Indian minister Piyush Goyal. They focused on food security, steel overcapacity, and the Most-Favoured-Nation principle, which Greer suggested re-examining. Goyal emphasized the importance of distinguishing between legitimate measures and the weaponization of food supply chains. Discussions also included efforts toward finalizing an interim India-US Bilateral Trade Agreement, enhancing cooperation in manufacturing.","https://timesofindia.indiatimes.com/business/india-business/piyush-goyal-gets-a-trade-minister-for-life-tag-from-us-trade-chief-at-g20/articleshow/134607379.cms","trade, goyal, piyush","en","2026-10-01 03:58:57","2026-10-01 06:33:06"
"India Today","NaN","Who's gonna save you? flydubai pilot's old video gains new meaning after his heroics","Whos gonna save you flydubai pilots old video gains new meaning after his heroics","https://www.indiatoday.in/india/story/flydubai-indian-pilot-smit-machchhar-old-remarks-viral-cockpit-stabbing-dubai-tel-aviv-flight-save-heroics-3007072-2026-10-01?utm_source=rss","gonna, save, flydubai","en","2026-10-01 03:56:55","2026-10-01 06:33:08"
"Hindustan Times","NaN","Indian among 5 killed in Somalia during hijacked ship rescue","West Bengal resident Mohammed Tanweeruz Zaman was among five crew members killed as Somali security forces tried to retake the tanker from pirates.","https://www.hindustantimes.com/india-news/indian-national-killed-somali-pirates-hijacked-tanker-mohammed-tanweeruz-zaman-mt-honour-25-west-bengal-101790823602523.html","among, killed, indian","en","2026-10-01 03:41:10","2026-10-01 06:33:07"
"NDTV","NaN","Captain Smit Machchhar: The flydubai ""Hero"" Indian Pilot Who Saved 174 Lives","Captain Smit Machchhar has over 13 years of commercial flying experience on the Boeing 737 fleet.","https://www.ndtv.com/world-news/flydubai-incident-who-is-captain-smit-machchhar-the-flydubai-hero-pilot-who-saved-180-lives-12122892#publisher=newsstand","captain, smit, machchhar","en","2026-10-01 03:38:56","2026-10-01 06:33:07"
"NDTV","NaN","""Was In Very Bad Shape But..."": Trump Praises flydubai's 'Hero' Indian Pilot","The pilot who staved off the attempt to crash the aircraft has been identified as Smit Machchhar","https://www.ndtv.com/world-news/was-in-very-bad-shape-still-trump-praises-flydubais-hero-indian-pilot-smit-machchhar-12122903#publisher=newsstand","pilot, very, shape","en","2026-10-01 03:35:23","2026-10-01 06:33:07"
"NDTV","NaN","Dentist, Off-Roster Pilots, Bravery: What Saved Passengers Aboard flydubai Plane","Israeli authorities were investigating whether it was an attempted attack on Israelis.","https://www.ndtv.com/world-news/flydubai-flight-hijack-saudi-arabia-israel-fz1073-dentist-off-roster-pilots-bravery-what-saved-180-aboard-flydubai-plane-12120818#publisher=newsstand","dentist, roster, pilots","en","2026-10-01 03:31:41","2026-10-01 06:33:07"
"Hindustan Times","NaN","HT Morning Brief October 1: Indian pilot fights off co-pilot as flydubai flight plunges; Nitin Gadkari says 100% ethanol cars soon","Here are the top headlines from the day that you need to know - from politics and world news to sports and entertainment.","https://www.hindustantimes.com/india-news/indian-pilot-dubai-tel-aviv-stabbing-boeing-737-max-8-nitin-gadkari-ethanol-india-us-trade-sabarimala-asian-games-101790822973701.html","pilot, morning, brief","en","2026-10-01 03:27:38","2026-10-01 06:33:07"
"Times of India","SHIVANGHI PAYAL","LPG price hike: 19-kg commercial cylinder gets Rs 62.50 costlier","The cost of 19-kg commercial LPG cylinders has surged by Rs 62.50, now totaling Rs 2,810. Similarly, aviation turbine fuel (ATF) prices have jumped by around Rs 16 per litre, reaching Rs 137. From October 1, 2026, users will need biometric Aadhaar authentication to book subsidized LPG refills. Failure to register will still allow access to LPG at market rates without any subsidies.","https://timesofindia.indiatimes.com/business/india-business/lpg-price-hike-19-kg-commercial-cylinder-rises-by-rs-62-50-new-aadhaar-rule-kicks-in-for-domestic-users/articleshow/134607194.cms","commercial, will, price","en","2026-10-01 03:26:53","2026-10-01 06:33:06"
"Times of India","AADRITA HALDER","Afghanistan says civilians killed in Pak airstrikes; Islamabad says militant hideouts hit","News article about: Afghanistan says civilians killed in Pak airstrikes; Islamabad says militant hideouts hit","https://timesofindia.indiatimes.com/world/rest-of-world/4-killed-6-injured-in-pakistani-airstrikes-in-afghanistans-helmand/articleshow/134607226.cms","says, afghanistan, civilians","en","2026-10-01 03:23:38","2026-10-01 06:33:06"
"India Today","NaN","Delhi man uses AI and crime data to map risky areas for women","Delhi man uses AI and crime data to map risky areas for women","https://www.indiatoday.in/trending-news/story/delhi-man-uses-ai-and-crime-data-to-map-risky-areas-for-women-3007060-2026-10-01?utm_source=rss","delhi, uses, crime","en","2026-10-01 03:23:21","2026-10-01 06:33:08"
"Hindustan Times","NaN","Guj HC rejects Asaram’s temporary bail plea to meet wife recovering in hospital","Asaram’s lawyer, Ashish Dagli, told the court that Asaram was about 86 years old and his wife was about 83.","https://www.hindustantimes.com/india-news/guj-hc-rejects-asaram-s-temporary-bail-plea-to-meet-wife-recovering-in-hospital-101790824795605.html","asarams, wife, about","en","2026-10-01 03:21:00","2026-10-01 06:33:07"
"Times of India","KARAN MANRAL","How Israeli passenger controlled flydubai jet after pilot was stabbed","News article about: How Israeli passenger controlled flydubai jet after pilot was stabbed","https://timesofindia.indiatimes.com/world/middle-east/i-watch-air-crash-investigation-how-israeli-passenger-controlled-plummeting-flydubai-passenger-jet-after-co-pilot-stabbed-and-wounded-pilot/articleshow/134607099.cms","israeli, passenger, controlled","en","2026-10-01 03:19:13","2026-10-01 06:33:06"
"Times of India","VIVEK DUBEY","‘Religious extremist’: What we know about Omani co-pilot who attacked flydubai captain","News article about: ‘Religious extremist’: What we know about Omani co-pilot who attacked flydubai captain","https://timesofindia.indiatimes.com/world/middle-east/religious-extremist-refused-handshakes-with-women-what-we-know-about-flydubai-attacker/articleshow/134606941.cms","about, religious, extremist","en","2026-10-01 03:13:53","2026-10-01 06:33:06"
"Times of India","HIJAM RAJU SINGH","‘This is not cricket’: Gambhir questions pitch after India chase 406 with ease","Gautam Gambhir, India's cricket coach, expressed his worries about the alarming trend of high scores in recent games. He highlighted the pressing need for improved pitch conditions that favour bowlers just as much as batsmen. In a thrilling match, India successfully chased 405 runs, demonstrating outstanding batting skills. Gambhir stressed the importance of fostering pressure-filled situations for young bowlers to aid in their growth.","https://timesofindia.indiatimes.com/sports/cricket/india-vs-west-indies/this-is-not-cricket-gautam-gambhir-questions-guwahati-pitch-after-india-chase-406-with-ease/articleshow/134606809.cms","gambhir, india, cricket","en","2026-10-01 03:05:33","2026-10-01 06:33:06"
"Hindustan Times","NaN","‘Better to disband UP Police': SC pulls up cops after accused caught on spot marked ‘unknown’ in FIR","The bench summoned the police officer concerned for an explanation, warning that such conduct could erode public trust and invite wider scrutiny.","https://www.hindustantimes.com/india-news/supreme-court-up-police-fir-unknown-accused-sanjay-kumar-sanjeev-sachdeva-police-investigation-cbi-101790822499777.html","police, better, disband","en","2026-10-01 02:53:46","2026-10-01 06:33:07"
"India Today","NaN","Google launches Gemini 4 Argon, its most powerful AI model yet","Google launches Gemini  Argon its most powerful AI model yet","https://www.indiatoday.in/technology/news/story/google-launches-gemini-4-argon-its-most-powerful-ai-model-yet-3007056-2026-10-01?utm_source=rss","google, launches, gemini","en","2026-10-01 02:52:04","2026-10-01 06:33:08"
"Hindustan Times","NaN","Justice Nagarathna first judge to start writing Sabarimala reference verdict","The reference originates from the Supreme Court’s Sept 2018 judgment, by a 4:1 majority, allowing women of all ages to enter the Sabarimala temple in Kerala","https://www.hindustantimes.com/india-news/justice-nagarathna-first-judge-to-start-writing-sabarimala-reference-verdict-101790822815898.html","sabarimala, reference, justice","en","2026-10-01 02:48:00","2026-10-01 06:33:07"
"Hindustan Times","NaN","Who is Smit Machchhar? Hero Indian pilot who thwarted alleged flydubai flight crash attempt","Smit Machchhar underwent surgery and remains stable, while the other pilot, whose identity is yet to be confirmed, was arrested by Saudi authorities.","https://www.hindustantimes.com/india-news/who-is-smit-machchhar-hero-indian-pilot-from-mumbai-saved-lives-on-flydubai-flight-to-israel-despite-being-stabbed-101790820714090.html","smit, machchhar, pilot","en","2026-10-01 02:47:53","2026-10-01 06:33:07"
"Hindustan Times","NaN","Former AIADMK minister Semmalai joins TVK with his supporters","Former minister and seasoned AIADMK leader S Semmalai formally joined the ruling Tamilaga Vettri Kazhagam (TVK) alongside a host of his supporters at party chief C Joseph Vijay’s rally at Dharapuram on Wednesday","https://www.hindustantimes.com/india-news/former-aiadmk-minister-semmalai-joins-tvk-with-his-supporters-101790797489730.html","former, aiadmk, minister","en","2026-10-01 02:33:00","2026-10-01 06:33:07"
"Hindustan Times","NaN","Foreign spouses of Indians not entitled to visa: Kerala HC","The Kerala high court has held that a foreign national, even if he/she is the spouse of an Indian citizen, has no vested right to demand that he/she be issued a visa to enter the country","https://www.hindustantimes.com/india-news/foreign-spouses-of-indians-not-entitled-to-visa-kerala-hc-101790797369179.html","foreign, visa, kerala","en","2026-10-01 02:32:20","2026-10-01 06:33:07"
"Hindustan Times","NaN","Mother held for drowning two children in Keralam: Police","Investigators said the woman allegedly confessed to feeling like her children were hindering her chances at an independent life.","https://www.hindustantimes.com/india-news/mother-held-for-drowning-two-children-in-keralam-police-101790797310042.html","children, mother, held","en","2026-10-01 02:32:10","2026-10-01 06:33:07"
"Hindustan Times","NaN","2 people held for aiding Telangana arms heist","The Telangana police on Tuesday detained two more people in connection with the theft of arms and ammunition from the armoury of the Indian Army’s Madras Regiment in Secunderabad on August 31, people familiar with the matter said on Wednesday","https://www.hindustantimes.com/india-news/2-people-held-for-aiding-telangana-arms-heist-101790797309305.html","people, telangana, arms","en","2026-10-01 02:32:00","2026-10-01 06:33:07"
"Hindustan Times","NaN","KPSC scam candidates gave blank cheques for favourable selection: ED","Candidates allegedly paid tens of lakhs of rupees for favourable selection in the Karnataka Public Service Commission’s Veterinary Officers recruitment examination and were then made to sign over blank cheques and promissory notes to secure the unpaid balance, according to the Enforcement Directorate.","https://www.hindustantimes.com/india-news/kpsc-scam-candidates-gave-blank-cheques-for-favourable-selection-ed-101790797267396.html","candidates, blank, cheques","en","2026-10-01 02:31:30","2026-10-01 06:33:07"
"Hindustan Times","NaN","CCMB study links viral infections to Parkinson’s","Infections caused by certain viruses such as influenza and SARS-CoV-2, the virus responsible for COVID-19, are likely to cause neurodegenerative diseases like Parkinson’s disease, a new study by scientists at the Hyderabad-based CSIR-Centre for Cellular and Molecular Biology (CCMB) has found","https://www.hindustantimes.com/india-news/ccmb-study-links-viral-infections-to-parkinsons-101790797266493.html","ccmb, study, infections","en","2026-10-01 02:31:20","2026-10-01 06:33:07"
"Hindustan Times","NaN","Andhra to develop Tirupati as global wedding destination","The Andhra Pradesh government has decided to develop the famous pilgrim town of Tirupati as a global wedding destination, along with its existing religious tourism ecosystem, special chief secretary (revenue) Mukesh Kumar Meena said on Wednesday","https://www.hindustantimes.com/india-news/andhra-to-develop-tirupati-as-global-wedding-destination-101790797251939.html","andhra, develop, tirupati","en","2026-10-01 02:31:10","2026-10-01 06:33:07"
"Hindustan Times","NaN","CCB charges Veeramani with abetment of victim’s suicide","The central crime branch (CCB) of Tamil Nadu police has registered a new case against industrialist R Veeramani under the ‘abetment to suicide’ charge related to the death of a minor in 2004, police said on Wednesday","https://www.hindustantimes.com/india-news/ccb-charges-veeramani-with-abetment-of-victim-s-suicide-101790797251573.html","veeramani, abetment, suicide","en","2026-10-01 02:31:00","2026-10-01 06:33:07"
"Times of India","AADRITA HALDER","'For 21st century &amp; beyond': US launches 'Project Meridian' to prepare for future wars","News article about: 'For 21st century &amp; beyond': US launches 'Project Meridian' to prepare for future wars","https://timesofindia.indiatimes.com/defence/news/for-21st-century-beyond-us-launches-project-meridian-to-prepare-for-future-wars/articleshow/134606349.cms","century, beyond, launches","en","2026-10-01 02:30:33","2026-10-01 06:33:06"
"Hindustan Times","NaN","19-yr-old B’luru college student stabbed to death during clash","A 19 year old college student died after he was stabbed in the chest during a clash between two groups of students near Deepa Complex in Bengaluru on Wednesday afternoon, police said","https://www.hindustantimes.com/india-news/19yrold-b-luru-college-student-stabbed-to-death-during-clash-101790797072162.html","college, student, stabbed","en","2026-10-01 02:30:10","2026-10-01 06:33:07"
"India Today","NaN","India is launching an AI lab into space today: Here's what it is","India is launching an AI lab into space today Heres what it is","https://www.indiatoday.in/science/story/moi-1a-orbital-computing-satellite-india-is-launching-an-ai-lab-into-space-today-heres-what-it-is-3006591-2026-10-01?utm_source=rss","india, launching, into","en","2026-10-01 02:30:00","2026-10-01 06:33:08"
"Hindustan Times","NaN","Plea seeks recall of SC order on challenge to CEC appointment law","An application filed in the Supreme Court has sought the recall of the order passed by the Supreme Court on referring to a Constitution bench the challenge to the law governing the appointment of the chief election commissioner and election commissioners","https://www.hindustantimes.com/india-news/plea-seeks-recall-of-sc-order-on-challenge-to-cec-appointment-law-101790796649527.html","recall, order, challenge","en","2026-10-01 02:29:20","2026-10-01 06:33:07"
"Hindustan Times","NaN","‘Vehicles which can run on 100% ethanol may hit roads in 2 months’: Nitin Gadkari at HT Auto Leaderboard Awards","Gadkari also highlighted the impact of ethanol production on farmers, saying the govt's decision to allow production from corn had helped raise prices.","https://www.hindustantimes.com/india-news/multiple-flex-fuel-cars-in-the-next-two-months-nitin-gadkari-at-ht-auto-leaderboard-awards-and-summit-101790796589328.html","ethanol, gadkari, production","en","2026-10-01 02:29:10","2026-10-01 06:33:07"
"Hindustan Times","NaN","NIA begins probe into AQIS bid to recruit from sub-continent","The National Investigation Agency (NIA) has started a probe into an alleged conspiracy to radicalise and recruit the youngsters in the name of al-Qaeda in the Indian sub-continent (AQIS), by establishing a base in West Bengal, and implement ‘Ghazwa-e-Hind’ in India, people familiar with the development said","https://www.hindustantimes.com/india-news/nia-begins-probe-into-aqis-bid-to-recruit-from-subcontinent-101790796528992.html","probe, into, aqis","en","2026-10-01 02:28:30","2026-10-01 06:33:07"
"Hindustan Times","NaN","Drugs worth  ₹3,000cr seized from Iranian boat, 5 Pak crew held","The Indian Coast Guard has seized drugs valued at over  ₹3,000 crore in the international market from an Iranian boat operated by five Pakistani nationals, all of whom were arrested, following a more than two-week-long high-seas operation to foil a drug-smuggling attempt in the Arabian Sea, officials aware of the matter said on Wednesday","https://www.hindustantimes.com/india-news/drugs-worth-3-000cr-seized-from-iranian-boat-5-pak-crew-held-101790796469716.html","drugs, seized, iranian","en","2026-10-01 02:28:10","2026-10-01 06:33:07"
"Hindustan Times","NaN","Andhra, Meghalaya to get more time for SIR","The Election Commission of India (ECI) on Wednesday extended the schedule for the special intensive revision (SIR) of electoral rolls in Andhra Pradesh and Meghalaya, according to an official press release","https://www.hindustantimes.com/india-news/andhra-meghalaya-to-get-more-time-for-sir-101790796169109.html","andhra, meghalaya, more","en","2026-10-01 02:26:10","2026-10-01 06:33:07"
"Hindustan Times","NaN","Accused can use unrelied prosecution documents in trial: Supreme Court","The court clarified that the stage at which particular documents can be sought would depend on the nature and relevance of the material.","https://www.hindustantimes.com/india-news/accused-can-use-unrelied-prosecution-documents-in-trial-supreme-court-101790796108790.html","documents, court, accused","en","2026-10-01 02:26:00","2026-10-01 06:33:07"
"Hindustan Times","NaN","HC refuses to transfer Veeramani case to CBI","The Madras High court on Wednesday refused to transfer the investigation into the Protection of children from sexual offence (Pocso) case involving granite baron R Veeramani to the Central Bureau of Investigation (CBI), saying that the special investigation team (SIT) constituted by the Tamil Nadu government should be given time to collect evidence","https://www.hindustantimes.com/india-news/hc-refuses-to-transfer-veeramani-case-to-cbi-101790796049541.html","investigation, transfer, veeramani","en","2026-10-01 02:25:30","2026-10-01 06:33:07"
"Hindustan Times","NaN","Times rankings 2027: IISc Bengaluru slips out of top 250 institutes","The Indian Institute of Science (IISc), Bengaluru, has slipped out of the top 250 in the Times Higher Education (THE) World University Rankings 2027, despite improving its scores in most of the ranking parameters, while India has increased its representation to a record 143 institutions","https://www.hindustantimes.com/india-news/times-rankings-2027-iisc-bengaluru-slips-out-of-top-250-institutes-101790795989211.html","times, rankings, iisc","en","2026-10-01 02:25:20","2026-10-01 06:33:07"
"Hindustan Times","NaN","Cabinet clears  ₹1.8 lakh-crore Green Energy Corridor-III","The programme is aimed at reinforcing India’s Intra-State Transmission System (InSTS) so that it can evacuate up to 135 gigawatts (GW) of renewable energy across states and Union territories.","https://www.hindustantimes.com/india-news/cabinet-clears-1-8-lakh-crore-green-energy-corridoriii-101790795929145.html","energy, cabinet, clears","en","2026-10-01 02:25:10","2026-10-01 06:33:07"
"Hindustan Times","NaN","Opposition may put on hold motion to remove CEC Gyanesh Kumar over Election Commission row","The Congress had announced last week that the Opposition will move a fresh impeachment motion against Kumar in the wake of the Indian Express’ report.","https://www.hindustantimes.com/india-news/opposition-may-put-on-hold-motion-to-remove-cec-gyanesh-kumar-over-election-commission-row-101790795870613.html","opposition, motion, kumar","en","2026-10-01 02:25:00","2026-10-01 06:33:07"
"Hindustan Times","NaN","INDIA bloc revives paper ballot demand, lists steps to target CEC","Opposition parties on Wednesday revived their demand to replace electronic voting machines (EVMs) with paper ballots and announced a six-point programme—ranging from public rallies to petition to President—to target chief election commissioner Gyanesh Kumar and Prime Minister Narendra Modi","https://www.hindustantimes.com/india-news/india-bloc-revives-paper-ballot-demand-lists-steps-to-target-cec-101790795809413.html","paper, demand, target","en","2026-10-01 02:24:30","2026-10-01 06:33:07"
"Hindustan Times","NaN","'How does your system override law?': HC asks ECI over 7 voter deletions in Goa","Hearing the matter, the court said a name cannot be deleted from the rolls without affording a hearing to the affected party.","https://www.hindustantimes.com/india-news/goa-eci-election-commission-sir-special-intensive-revision-booth-level-officer-bombay-high-court-form-6-101790820117742.html","hearing, does, your","en","2026-10-01 02:16:30","2026-10-01 06:33:07"
"Hindustan Times","NaN","Delhi high court rejects bail pleas of Umar, Sharjeel in 2020 Delhi riots conspiracy case","The court said it was bound by the Supreme Court’s January 5 order, which allows the two to seek fresh bail only after protected witnesses are examined.","https://www.hindustantimes.com/india-news/delhi-hc-rejects-bail-pleas-of-umar-sharjeel-in-2020-delhi-riots-conspiracy-case-101790793289495.html","delhi, court, bail","en","2026-10-01 02:11:30","2026-10-01 06:33:07"
"Hindustan Times","NaN","PM Modi calls US President Trump, discusses trade, defence, energy amid Russia sanctions","PM Modi and Donald Trump reviewed trade, defence and energy ties as India-US trade talks continue amid concerns over the new US Russia sanctions law","https://www.hindustantimes.com/india-news/pm-modi-calls-us-president-trump-discusses-trade-defence-energy-amid-russia-sanctions-101790789748962.html","trade, modi, trump","en","2026-10-01 02:01:30","2026-10-01 06:33:07"
"Times of India","LISA MONTEIRO","‘You’re giving a go by to rules, acts ... doing your own thing’: Bombay HC to EC","The Bombay high court expressed concern over the Election Commission's SIR process after several names were removed. Justices Valmiki Menezes and Amit Jamsandekar questioned the legality of the actions taken during the SIR. They highlighted the suspension of several laws under the Representation of People Act and related rules. A family from Santa Cruz brought the matter to the court's attention following their removal from the electoral rolls.","https://timesofindia.indiatimes.com/city/goa/sir-suspended-electoral-system-says-follow-software-not-law-bombay-hc/articleshow/134606032.cms","rules, bombay, court","en","2026-10-01 01:59:13","2026-10-01 06:33:06"
"India Today","NaN","Watched Air Crash investigation: How alert plumber saved flydubai plane after attack","Watched Air Crash investigation How alert plumber saved flydubai plane after attack","https://www.indiatoday.in/world/story/flydubai-flight-fz1073-cockpit-crisis-passenger-recounts-struggle-to-netanyahu-3007049-2026-10-01?utm_source=rss","watched, crash, investigation","en","2026-10-01 01:56:55","2026-10-01 06:33:08"
"India Today","NaN","Remember his name: Israelis shower Indian pilot with tributes after flydubai attack","Remember his name Israelis shower Indian pilot with tributes after flydubai attack","https://www.indiatoday.in/world/story/smit-machchhar-flydubai-hero-indian-pilot-hailed-israel-co-pilot-attack-isrqaelis-social-media-praises-health-condition-3007050-2026-10-01?utm_source=rss","remember, name, israelis","en","2026-10-01 01:56:17","2026-10-01 06:33:08"
"Times of India","PRIYANKA JAISWAL","'Hero in a way': Trump hails stabbed Flydubai Indian pilot, calls co-pilot 'whack job'","News article about: 'Hero in a way': Trump hails stabbed Flydubai Indian pilot, calls co-pilot 'whack job'","https://timesofindia.indiatimes.com/world/us/a-hero-trump-hails-indian-captain-after-flydubai-attack-calls-co-pilot-perhaps-a-terrorist/articleshow/134605863.cms","pilot, hero, trump","en","2026-10-01 01:43:02","2026-10-01 06:33:06"
"Hindustan Times","NaN","‘India is proud of Captain Machchhar’: PM Modi hails flydubai pilot, hopes for his speedy recovery","The captain, Smit Machchhar, is from Ghatkopar East in Mumbai and was based in Dubai for work, people aware of the matter told HT.","https://www.hindustantimes.com/india-news/india-is-proud-of-captain-smit-machchhar-pm-modi-hails-flydubai-pilot-hopes-for-his-speedy-recovery-101790818827298.html","captain, machchhar, india","en","2026-10-01 01:42:27","2026-10-01 06:33:07"
"India Today","NaN","Showed immense courage to avert another 9/11: PM praises flydubai's Indian pilot","Showed immense courage to avert another  PM praises flydubais Indian pilot","https://www.indiatoday.in/india/story/showed-immense-courage-pm-praises-hero-capt-smit-machchhar-for-averting-tragedy-on-flydubai-plane-3007051-2026-10-01?utm_source=rss","showed, immense, courage","en","2026-10-01 01:41:57","2026-10-01 06:33:08"
"Hindustan Times","NaN","Compassionate AI should be future of technology: Kailash Satyarthi","Kailash Satyarthi feels compassion should be the principle in designing, development, and deployment, and that should flow everywhere","https://www.hindustantimes.com/india-news/compassionate-ai-should-be-future-of-technology-kailash-satyarthi-101790818794544.html","should, kailash, satyarthi","en","2026-10-01 01:39:54","2026-10-01 06:33:07"
"Times of India","AADRITA HALDER","‘India is proud’: PM Modi lauds flydubai pilot Machchhar after cockpit attack","News article about: ‘India is proud’: PM Modi lauds flydubai pilot Machchhar after cockpit attack","https://timesofindia.indiatimes.com/india/captain-smit-machchhar-is-a-hero-pm-modi-hails-pilot-who-saved-180-lives/articleshow/134605891.cms","india, proud, modi","en","2026-10-01 01:37:15","2026-10-01 06:33:06"
"India Today","NaN","NYT faces backlash for calling flydubai stabbing an altercation, clarifies","NYT faces backlash for calling flydubai stabbing an altercation clarifies","https://www.indiatoday.in/world/story/new-york-times-flydubai-cockpit-attack-report-sparks-backlash-over-altercation-label-hits-back-at-critics-3007047-2026-10-01?utm_source=rss","faces, backlash, calling","en","2026-10-01 01:36:13","2026-10-01 06:33:08"
"Hindustan Times","NaN","30 seconds of terror, 14,300 feet plunge, 'blood everywhere': Indian pilot fights off co-pilot on flydubai flight","The co-pilot of a flydubai flight from Dubai to Tel Aviv allegedly stabbed the captain on Wednesday morning, triggering a battle in the cockpit.","https://www.hindustantimes.com/india-news/cockpit-stabbing-a-14-000-feet-drop-blood-everywhere-how-indian-pilot-smit-machchhar-saved-174-lives-on-flydubai-plane-101790816370547.html","pilot, flydubai, flight","en","2026-10-01 01:26:26","2026-10-01 06:33:07"
"Times of India","GLOBAL SPORTS DESK","Travis Kelce’s $200 million Six Flags investment faces potential sale","Travis Kelce’s $200 million Six Flags investment faces a fresh setback as Jana Partners urges the theme park operator to explore a potential sale. The company reported a $203 million second-quarter loss, while attendance fell 7% year over year. Six Flags shares have also dropped sharply from their annual high. The operator is also facing lawsuits involving its X2 roller coaster at Six Flags Magic Mountain.","https://timesofindia.indiatimes.com/sports/nfl/news/travis-kelces-200-million-six-flags-investment-faces-new-low-as-investors-push-for-a-potential-sale/articleshow/134605365.cms","flags, million, travis","en","2026-09-30 23:50:00","2026-10-01 06:33:06"
"Times of India","VISHWA MOHAN","Rainfall 4th lowest since 2001: Monsoon deficit at 13%, officially a drought year","Winter Rains Expected To Be Better","https://timesofindia.indiatimes.com/india/monsoon-deficit-at-13-officially-a-drought-year/articleshow/134602606.cms","rainfall, lowest, since","en","2026-09-30 22:06:51","2026-10-01 06:33:06"
"Times of India","SOROR SHAIZA","Ronaldo leaves Portugal camp, promises truth 'in due time', wishes team-mates luck","Cristiano Ronaldo has left Portugal’s camp ahead of Thursday’s Nations League clash with Denmark following a dispute over his role under new head coach Jorge Jesus. Ronaldo confirmed his departure after Jesus said he would not start the match. The 41-year-old has not announced his international retirement, but said he would reveal the reasons for his decision “in due time.”","https://timesofindia.indiatimes.com/sports/football/top-stories/final-farewell-ronaldo-abruptly-leaves-portugal-camp-promises-truth-in-due-time-and-wishes-team-mates-good-luck/articleshow/134602279.cms","ronaldo, camp, time","en","2026-09-30 21:26:53","2026-10-01 06:33:06"
"Times of India","TOI BUSINESS DESK","Senior citizen wrongly paid tax on Rs 25.42L interest; ITAT orders Rs 9.91L refund","Each year, the senior citizen reported the interest earned from his investments in tax-free bonds under the ‘exempt income’ category in his income tax return (ITR). But made a mistake in one year. The man realised the error only after the deadline for filing a revised ITR had passed. He therefore approached the jurisdictional assessing officer (JAO) and filed a rectification application.","https://timesofindia.indiatimes.com/business/india-business/senior-citizen-invested-rs-3-crore-in-tax-free-bonds-but-mistakenly-paid-tax-on-rs-25-42-lakh-interest-earnings-why-itat-delhi-ordered-rs-9-91-lakh-refund/articleshow/134595737.cms","senior, citizen, interest","en","2026-09-30 21:25:00","2026-10-01 06:33:06"
"Times of India","SAURABH SINHA","Captain Machchhar: The Mumbai pilot who emerged as the hero of flydubai flight","News article about: Captain Machchhar: The Mumbai pilot who emerged as the hero of flydubai flight","https://timesofindia.indiatimes.com/india/captain-machchhar-the-pilot-from-mumbai-who-proved-to-be-the-hero/articleshow/134602233.cms","captain, machchhar, mumbai","en","2026-09-30 20:27:44","2026-10-01 06:33:06"
"Hindustan Times","NaN","Netanyahu hails Indian pilot Smit Machchar's heroics on flydubai plane: 'Extraordinary bravery'","Netanyahu praised Indian pilot Capt. Smit Machchar’s bravery in the flydubai incident. Machchar opened the cockpit door saving 174 lives.","https://www.hindustantimes.com/india-news/netanyahu-hails-indian-pilot-capt-smit-machchars-heroics-in-saving-174-lives-aboard-flydubai-aircraft-101790798123005.html","netanyahu, indian, pilot","en","2026-09-30 20:09:18","2026-10-01 06:33:07"
"Hindustan Times","NaN","At bypoll rally, Vijay continues attack on Oppn DMK, AIADMK","Tamil Nadu CM C Joseph Vijay alleges AIADMK plans to ally with ""evil"" DMK, accusing them of betraying MGR and Jayalalithaa at a rally in Dharapuram.","https://www.hindustantimes.com/india-news/at-bypoll-rally-vijay-continues-attack-on-oppn-dmk-aiadmk-101790797432867.html","rally, vijay, aiadmk","en","2026-09-30 19:43:52","2026-10-01 06:33:07"
"Hindustan Times","NaN","PM Modi, Trump discuss trade, energy ties amid tariff concerns over Russian oil purchase","India has raised concerns over a US law that could impose tariffs of up to 100% on major buyers of Russian oil as trade talks continue.","https://www.hindustantimes.com/india-news/pm-modi-donald-trump-discuss-trade-energy-ties-amid-us-tariff-concerns-over-russian-oil-purchase-101790796469464.html","trade, concerns, over","en","2026-09-30 19:27:49","2026-10-01 06:33:07"
"Hindustan Times","NaN","Southwest monsoon ends with 12.6% deficit, fourth-lowest rainfall since 2001","The rainfall deficit widened to 51.1% in the week ending July 15 before rains improved briefly in late July and early August.","https://www.hindustantimes.com/india-news/southwest-monsoon-ends-with-12-6-deficit-fourth-lowest-rainfall-since-2001-101790796169323.html","deficit, rainfall, july","en","2026-09-30 19:22:48","2026-10-01 06:33:07"
"India Today","NaN","Live: Ganesh secures archery bronze, India win sailing silver","Live Ganesh secures archery bronze India win sailing silver","https://www.indiatoday.in/sports/asian-games/story/asian-games-2026-live-updates-october-1-events-archery-shooting-hockey-ind-vs-pak-3007013-2026-09-30?utm_source=rss","live, ganesh, secures","en","2026-09-30 18:27:06","2026-10-01 06:33:08"
"Times of India","PRABIN KALITA","Will take China help if Centre and Manipur fail to act: Naga group","Tangkhul Naga leaders expressed concern over the safety of civilians living in vulnerable border areas. They criticized both the Manipur state government and the central government for their inaction. Recent violence has led to the deaths of multiple Naga civilians, raising significant fears among the affected communities. The group urged for immediate protective measures to prevent seeking assistance from neighboring countries.","https://timesofindia.indiatimes.com/city/guwahati/naga-group-warns-of-china-help-if-centre-manipur-fail-to-protect-community/articleshow/134600660.cms","naga, manipur, group","en","2026-09-30 18:07:59","2026-10-01 06:33:06"
"Hindustan Times","NaN","ECI extends SIR schedule in Andhra Pradesh, Meghalaya; new dates announced","The Election Commission extended the SIR schedule in Andhra Pradesh and Meghalaya, with final electoral rolls now due on October 16 and October 26.","https://www.hindustantimes.com/india-news/eci-extends-sir-schedule-in-andhra-pradesh-meghalaya-new-dates-announced-101790790529943.html","schedule, andhra, pradesh","en","2026-09-30 17:48:49","2026-10-01 06:33:07"
"India Today","NaN","Rohit Sharma for 2027 World Cup? Gavaskar explains how Guwahati 101 helps his case","Rohit Sharma for  World Cup Gavaskar explains how Guwahati  helps his case","https://www.indiatoday.in/sports/video/sunil-gavaskar-the-world-is-his-oyster-india-today-ytvd-3006989-2026-09-30?utm_source=rss","rohit, sharma, world","en","2026-09-30 17:46:28","2026-10-01 06:33:08"
"Times of India","TOI BUSINESS DESK","5 money changes in Oct: Bulk FD rates, UPI MDR, SBI ATM limit cut, LPG KYC &amp; more","The money changes include a reduction in the number of free ATM transactions for certain State Bank of India (SBI) salary account customers, new disclosure norms for interest rates on bulk fixed deposits (FDs), revised charges under the National Pension System (NPS) and mandatory Aadhaar authentication for receiving LPG subsidies.","https://timesofindia.indiatimes.com/business/india-business/5-money-rule-changes-from-october-2026-bulk-fd-rates-upi-mdr-starts-above-rs-2000-sbi-atm-free-limit-falls-to-5-lpg-aadhaar-kyc-new-nps-charges/articleshow/134587809.cms","money, changes, bulk","en","2026-09-30 17:25:00","2026-10-01 06:33:06"
"Hindustan Times","NaN","Delhi records lowest September AQI in five years at 102, highest ‘moderate’ air quality days in 2026","The monthly average AQI was recorded at 105 in September 2025, 105 in 2024, 108 in 2023 and 104 in 2022.","https://www.hindustantimes.com/india-news/delhi-records-lowest-september-aqi-in-five-years-at-102-highest-moderate-air-quality-days-in-2026-101790786541090.html","september, delhi, records","en","2026-09-30 17:15:52","2026-10-01 06:33:07"
"India Today","NaN","Mount 406 scaled: Rohit, Gill power India's record ODI chase, seal series in Guwahati","Mount  scaled Rohit Gill power Indias record ODI chase seal series in Guwahati","https://www.indiatoday.in/sports/cricket/story/ind-vs-wi-shubman-gill-double-hundred-rohit-sharma-record-chase-report-guwahati-3006912-2026-09-30?utm_source=rss","mount, scaled, rohit","en","2026-09-30 16:45:05","2026-10-01 06:33:08"
"Hindustan Times","NaN","Giribala Singh’s advocate says CBI drops Dowry Act charges in initial chargesheet of Twisha Sharma case","CBI has dropped the dowry harassment charge against retired judge Giribala Singh, an accused in the Twisha Sharma suicide case, Singh’s lawyer Surendra Singh said","https://www.hindustantimes.com/india-news/giribala-singh-s-advocate-says-cbi-drops-dowry-act-charges-in-initial-chargesheet-of-twisha-sharma-case-101790784827533.html","giribala, singhs, dowry","en","2026-09-30 16:13:47","2026-10-01 06:33:07"
"India Today","NaN","Tamil Nadu bypolls: TVK faces heat over Satyabhama's AIADMK switch, anti-incumbency","Tamil Nadu bypolls TVK faces heat over Satyabhamas AIADMK switch antiincumbency","https://www.indiatoday.in/programme/super-6/video/tamil-nadu-bypolls-tvk-faces-heat-over-satyabhamas-aiadmk-switch-anti-incumbency-3006909-2026-09-30?utm_source=rss","tamil, nadu, bypolls","en","2026-09-30 16:11:09","2026-10-01 06:33:08"
"Hindustan Times","NaN","Haryana seeks to drive next chapter of auto industry with EVs, batteries, R&D: Minister Arvind Sharma","Arvind Sharma said Haryana’s position as an automotive powerhouse was built on skilled workers, connectivity and government support.","https://www.hindustantimes.com/india-news/haryana-seeks-to-drive-next-chapter-of-auto-industry-with-evs-batteries-r-d-minister-101790781236282.html","arvind, sharma, haryana","en","2026-09-30 16:00:25","2026-10-01 06:33:07"
"Hindustan Times","NaN","Amit Shah says will eradicate drugs in Punjab by Dec 2029 if BJP voted to power next year","The home minister was a rally at Jalandar’s Kot Kalan village, where he culminated state BJP unit’s 13-day “Nasha Mukt Punjab Yatra”","https://www.hindustantimes.com/india-news/amit-shah-says-will-eradicate-drugs-in-punjab-by-dec-2029-if-bjp-voted-to-power-next-year-101790783207316.html","punjab, amit, shah","en","2026-09-30 15:46:46","2026-10-01 06:33:07"
"Hindustan Times","NaN","Piyush Goyal pushes for bid to strengthen India-US ties at business roundtable","Addressing a business roundtable in Milwaukee, Piyush Goyal invited American manufacturers to deepen their presence in India.","https://www.hindustantimes.com/india-news/indiaus-economic-ties-moving-beyond-trade-to-investment-tech-innovation-goyal-101790782427336.html","piyush, goyal, india","en","2026-09-30 15:33:46","2026-10-01 06:33:07"
"Hindustan Times","NaN","Jharkhand CM Hemant Soren charged in 8.86-acre land fraud cases; faces money laundering charges","The development came hours after the Jharkhand High Court refused to entertain Soren’s plea seeking immediate stay on the trial court’s proceedings.","https://www.hindustantimes.com/india-news/jharkhand-cm-hemant-soren-charged-in-pmla-case-over-alleged-8-86-acre-land-fraud-case-101790781828161.html","jharkhand, hemant, soren","en","2026-09-30 15:23:47","2026-10-01 06:33:07"
"Hindustan Times","NaN","Bank holidays in October 2026: Full list of public, festival holidays across India","Bank holiday in October 2026: All scheduled and non-scheduled banks will be closed on all Sundays, and the second and fourth Saturdays of the month.","https://www.hindustantimes.com/india-news/bank-holidays-in-october-2026-full-list-of-public-festival-holidays-of-the-month-dussehra-diwali-october-calendar-india-101790779942375.html","bank, holidays, october","en","2026-09-30 15:19:39","2026-10-01 06:33:07"
"Hindustan Times","NaN","India monsoon ends 12.6% below normal, fourth-lowest rainfall since 2001","India’s southwest monsoon ended on Wednesday with rainfall 12.6% below normal. The country recorded 759.4 mm of rain during June-September","https://www.hindustantimes.com/india-news/india-monsoon-ends-12-6-below-normal-fourth-lowest-rainfall-since-2001-101790781168990.html","monsoon, below, normal","en","2026-09-30 15:12:48","2026-10-01 06:33:07"
"India Today","NaN","Ujjain woman fakes getting kidnapped outside home, she reveals shocking reason","Ujjain woman fakes getting kidnapped outside home she reveals shocking reason","https://www.indiatoday.in/trending-news/story/woman-kidnapped-in-25-seconds-then-she-reveals-what-really-happened-3006734-2026-09-30?utm_source=rss","ujjain, woman, fakes","en","2026-09-30 15:02:27","2026-10-01 06:33:08"
"India Today","NaN","Fact Check: Video of Jaishankar talking about Trump's fondness for Pakistan is a deepfake","Fact Check Video of Jaishankar talking about Trumps fondness for Pakistan is a deepfake","https://www.indiatoday.in/fact-check/story/s-jaishankar-deepfake-video-asia-society-taliban-pakistan-fact-check-3006844-2026-09-30?utm_source=rss","fact, check, video","en","2026-09-30 15:00:38","2026-10-01 06:33:09"
"Hindustan Times","NaN","ED arrests promoter, chairman of Gurugram-based Vatika Group in money laundering case","The Enforcement Directorate (ED) has arrested the promoter and the chairman of Gurugram-based realty firm Vatika Group in connection with a money laundering probe","https://www.hindustantimes.com/india-news/ed-arrests-promoter-chairman-of-gurugram-based-vatika-group-in-money-laundering-case-101790779126528.html","promoter, chairman, gurugram","en","2026-09-30 14:38:46","2026-10-01 06:33:07"
"Hindustan Times","NaN","Gola crushing Googoo in HT’s exit poll projection on ‘fat dogs of Delhi’ election","The voting booths opened at 3pm and closed at 7pm, and the ballots there are likely to be just a fraction of the count on Instagram.","https://www.hindustantimes.com/india-news/delhis-fattest-dog-election-gola-kebab-googoo-aku-voting-election-battle-saket-sda-market-101790777914456.html","gola, crushing, googoo","en","2026-09-30 14:34:56","2026-10-01 06:33:07"
"Hindustan Times","NaN","Arunachal: Vehicles torched, MLA’s residence vandalised during Siang dam project protests","Protests against Arunachal’s over 10,000-MW Siang dam project intensified as vehicles were damaged and an MLA’s residence was allegedly vandalised.","https://www.hindustantimes.com/india-news/arunachal-vehicles-torched-mla-s-residence-vandalised-during-siang-dam-project-protests-101790778587864.html","vehicles, mlas, residence","en","2026-09-30 14:29:47","2026-10-01 06:33:07"
"India Today","NaN","Delimitation discontent: Why 'punish' South India for its progress?","Delimitation discontent Why punish South India for its progress","https://www.indiatoday.in/india-today-insight/story/delimitation-discontent-why-punish-south-india-for-its-progress-3006819-2026-09-30?utm_source=rss","delimitation, discontent, punish","en","2026-09-30 14:26:51","2026-10-01 06:33:08"
"India Today","NaN","Shehzad Poonawalla calls Swara's friends 'tukde gang' as unlikely friendship begins","Shehzad Poonawalla calls Swaras friends tukde gang as unlikely friendship begins","https://www.indiatoday.in/entertainment/ott/story/rise-and-fall-2-swara-bhasker-shehzad-poonawalla-unlikely-friendship-begins-3006792-2026-09-30?utm_source=rss","shehzad, poonawalla, calls","en","2026-09-30 14:13:34","2026-10-01 06:33:08"
"India Today","NaN","Why Coast Guard banks on 'human-tech' doctrine for India's maritime security","Why Coast Guard banks on humantech doctrine for Indias maritime security","https://www.indiatoday.in/india-today-insight/story/why-coast-guard-banks-on-human-tech-doctrine-for-indias-maritime-security-3006637-2026-09-30?utm_source=rss","coast, guard, banks","en","2026-09-30 14:12:08","2026-10-01 06:33:08"
"India Today","NaN","Legal setback for Hemant Soren as court frames charges in 8.86-acre land case","Legal setback for Hemant Soren as court frames charges in acre land case","https://www.indiatoday.in/india/law-news/story/hemant-soren-bargayin-land-scam-jharkhand-high-court-rejects-plea-pmla-case-continues-3006742-2026-09-30?utm_source=rss","legal, setback, hemant","en","2026-09-30 14:04:57","2026-10-01 06:33:09"
"Hindustan Times","NaN","‘My dream is to make India’s automotive industry the world’s No. 1’: Nitin Gadkari at HT Auto Awards","Speaking at the HT Auto Awards, Union transport minister Nitin Gadkari said that India's automotive sector contributes over  ₹22.75 lakh crore to the economy","https://www.hindustantimes.com/india-news/my-dream-is-to-make-india-no-1-nitin-gadkari-on-auto-industry-s-global-ambition-ht-auto-awards-101790775838576.html","automotive, nitin, gadkari","en","2026-09-30 13:59:05","2026-10-01 06:33:07"
"Hindustan Times","NaN","PM Modi, Trump review bilateral ties; discuss global peace, trade, defence","PM Modi said the two sides agreed to maintain close engagement to take their Comprehensive Global Strategic Partnership forward.","https://www.hindustantimes.com/india-news/pm-modi-speaks-to-trump-review-bilateral-ties-discuss-global-peace-trade-defence-101790776549926.html","modi, global, trump","en","2026-09-30 13:57:16","2026-10-01 06:33:07"
"Hindustan Times","NaN","flydubai news: Report says flydubai flights to Israel halted over copilot's Omani background","flydubai news: Israeli transportation minister Miri Regev sought a halt to flydubai flights after unverified reports suggested the copilot was Omani. Flydubai's Israel agreement requires pilots to be from countries with normalised ties with Israel, which does not include Oman.","https://www.hindustantimes.com/india-news/flydubai-flight-fz1073-emergency-landing-live-updates-hijacking-indian-pilot-smit-machchhar-israel-tel-aviv-saudi-101790775740291.html","flydubai, israel, news","en","2026-09-30 13:53:49","2026-10-01 06:33:07"
"Hindustan Times","NaN","Stabbed flydubai pilot Smit Machchhar is Indian national, worked with SpiceJet earlier","Smit Machchhar has been a captain on flydubai's Boeing 737 fleet since June 2022, according to his LinkedIn profile.","https://www.hindustantimes.com/india-news/stabbed-flydubai-pilot-indian-national-smit-machchhar-was-former-spicejet-employee-dubai-tel-aviv-saudi-101790775056727.html","flydubai, smit, machchhar","en","2026-09-30 13:33:38","2026-10-01 06:33:07"
"Hindustan Times","NaN","Goa nightclub fire: Luthra brothers to compensate victims’ families  ₹15 lakh each","The Bombay high court at Goa has given the victims’ families until October 12 to respond to the compensation proposal before deciding on the offer.","https://www.hindustantimes.com/india-news/goa-nightclub-fire-luthra-brothers-offer-to-compensate-victims-families-15-lakh-each-101790775046567.html","victims, families, nightclub","en","2026-09-30 13:30:46","2026-10-01 06:33:07"
"Hindustan Times","NaN","'Dangerous path': India issues advisory for citizens after reports of recruitment in Russian forces","The fresh advisory for Indians travelling to Russia was issued by the external affairs ministry against the backdrop of the death of 51 Indians.","https://www.hindustantimes.com/india-news/india-advisory-nationals-recruitments-russian-armed-forces-jobs-abroad-dangerous-path-mea-russia-travel-101790774759165.html","advisory, indians, dangerous","en","2026-09-30 13:27:54","2026-10-01 06:33:07"
"India Today","NaN","How all-weather training helped Indian archers win 3 compound golds at Asian Games","How allweather training helped Indian archers win  compound golds at Asian Games","https://www.indiatoday.in/sports/asian-games/story/india-archery-all-weather-training-simulation-asian-games-golds-3006737-2026-09-30?utm_source=rss","training, helped, indian","en","2026-09-30 13:19:10","2026-10-01 06:33:08"
"Hindustan Times","NaN","'This nonsense has to stop': Supreme Court raps UP Police over 'cover-up job' in criminal investigation","Top court came down heavily on UP police over a ‘biased’ investigation and has ordered the officer to explain the irregularties in the next hearing.","https://www.hindustantimes.com/india-news/this-nonsense-has-to-stop-supreme-court-raps-up-police-over-cover-up-job-in-crime-investigation-ask-cbi-to-step-in-101790765323421.html","court, police, over","en","2026-09-30 12:26:37","2026-10-01 06:33:07"
"Hindustan Times","NaN","HT Evening Brief Sept 30: Flydubai lands in Saudi Arabia after hijack scare; Virat Kohli rises to No. 2 in ODI rankings","Here are the top headlines from the day covering India, the world, sports, and entertainment.","https://www.hindustantimes.com/india-news/ht-evening-news-brief-sept-30-flydubai-saudi-arabia-hijack-hashim-moosa-terrorist-j-k-virat-kohli-odi-rankings-netflix-101790767694726.html","evening, brief, sept","en","2026-09-30 12:26:13","2026-10-01 06:33:07"
"Hindustan Times","NaN","Centre hikes rabi MSPs for 2027-28 to boost oilseeds; wheat raised by  ₹25","The MSP of safflower received the largest absolute hike of  ₹675 per quintal (up 10.3% to  ₹7,215), followed by rapeseed and mustard","https://www.hindustantimes.com/india-news/centre-hikes-rabi-msps-for-2027-28-to-boost-oilseeds-wheat-raised-by-25-101790770849979.html","centre, hikes, rabi","en","2026-09-30 12:20:49","2026-10-01 06:33:07"
"Hindustan Times","NaN","Nandigram bypoll: BJP moves Supreme Court over Congress candidate Milan Pradhan's bail order","Milan Pradhan walked out of the jail in the afternoon and said he would immediately start campaigning for the October 6 by-election.","https://www.hindustantimes.com/india-news/bengal-congress-candidate-starts-nandigram-bypoll-campaign-after-release-from-jail-101790769587823.html","milan, pradhan, nandigram","en","2026-09-30 11:59:47","2026-10-01 06:33:07"
"Hindustan Times","NaN","Hyderabad woman dies after hotel stay with live-in partner, injuries found on body","Police said Nikitha and Ravi Teja had checked into a hotel room in the afternoon of September 21.","https://www.hindustantimes.com/india-news/hyderabad-woman-dies-after-oyo-hotel-stay-with-live-in-partner-injuries-found-on-body-boyfriend-arrested-101790763811580.html","hotel, hyderabad, woman","en","2026-09-30 11:45:53","2026-10-01 06:33:07"
"Hindustan Times","NaN","Uttarakhand HC directs counting of votes in Kichha municipal polls within 3 weeks","Uttarakhand high court directs authorities to count votes in Kichha and Sirauli Kalan municipal polls within three weeks after petitions challenged the deferment.","https://www.hindustantimes.com/india-news/uttarakhand-hc-directs-counting-of-votes-in-kichha-municipal-polls-within-3-weeks-101790767244347.html","uttarakhand, directs, votes","en","2026-09-30 11:20:43","2026-10-01 06:33:07"
"India Today","NaN","Hero Indian Captain on flydubai prevented a Second 9/11 terror attack, saved 174","Hero Indian Captain on flydubai prevented a Second  terror attack saved","https://www.indiatoday.in/world/story/indian-captain-flydubai-israel-tel-aviv-terror-attack-pilot-omani-national-3006600-2026-09-30?utm_source=rss","hero, indian, captain","en","2026-09-30 11:17:44","2026-10-01 06:33:08"
"Hindustan Times","NaN","INDIA bloc demands paper ballots, targets CEC Gyanesh Kuma and PM Modi over voter roll row","Opposition leaders plan nationwide ‘Save Democracy’ marches from October 2 to 8, followed by an October 6 march to the Election Commission.","https://www.hindustantimes.com/india-news/india-bloc-demands-paper-ballots-targets-cec-and-pm-modi-over-voter-roll-row-101790766405012.html","october, india, bloc","en","2026-09-30 11:06:44","2026-10-01 06:33:07"
"Hindustan Times","NaN","SC plea seeks recall of CEC law order over justice Sharma’s son’s ECI role","A plea in the Supreme Court seeks recall of its September 23 order on the CEC law, citing Justice Satish Chandra Sharma’s son’s role as ECI counsel","https://www.hindustantimes.com/india-news/sc-plea-seeks-recall-of-cec-law-order-over-justice-sharma-s-son-s-eci-role-101790766224327.html","plea, seeks, recall","en","2026-09-30 11:03:43","2026-10-01 06:33:07"
"Hindustan Times","NaN","‘Too much heat’ generated over deletion of CAPF contempt pleas, Supreme Court says","Supreme Court says “too much heat” was generated over deleted contempt pleas on IPS deputation, asks parties to exchange pleadings, fixes hearing for October 15","https://www.hindustantimes.com/india-news/too-much-heat-generated-over-deletion-of-capf-contempt-pleas-supreme-court-says-101790765568220.html","much, heat, generated","en","2026-09-30 10:52:47","2026-10-01 06:33:07"
"Hindustan Times","NaN","Eight dhaba operators booked for cutting crash barriers on Delhi-Dehradun corridor","The eateries allegedly created unauthorised access points and obstructed an NHAI team that had arrived to restore the barriers.","https://www.hindustantimes.com/india-news/8-dhaba-operators-booked-for-cutting-crash-barriers-delhi-dehradun-corridor-101790762992722.html","barriers, eight, dhaba","en","2026-09-30 10:25:32","2026-10-01 06:33:07"
"Hindustan Times","NaN","Chennai pharma distributor arrested in Karnataka counterfeit drug case: Police","The accused, Balasubramanian, was brought to Karnataka ‘s Bengaluru for questioning on Wednesday in connection with an interstate counterfeit drug racket case","https://www.hindustantimes.com/india-news/chennai-pharma-distributor-arrested-in-karnataka-counterfeit-drug-case-police-101790763703427.html","karnataka, counterfeit, drug","en","2026-09-30 10:21:42","2026-10-01 06:33:07"
"Hindustan Times","NaN","Commanders' conference: Navy asked to maintain combat readiness, strengthen maritime surveillance","Commanders' conference: Navy asked to maintain combat readiness, strengthen maritime surveillance","https://www.hindustantimes.com/india-news/commanders-conference-navy-asked-to-maintain-combat-readiness-strengthen-maritime-surveillance-101790762301705.html","commanders, conference, navy","en","2026-09-30 09:58:21","2026-10-01 06:33:07"
"Hindustan Times","NaN","Supreme Court rules out blanket cracker ban ahead of Diwali: 'It will hurt sentiments'","The Centre and expert bodies have been given until October 15 to assess how barium-containing green crackers affect ambient air quality.","https://www.hindustantimes.com/india-news/sc-permits-next-gen-joint-green-crackers-gives-centre-time-to-assess-barium-variants-101790760762714.html","supreme, court, rules","en","2026-09-30 09:32:42","2026-10-01 06:33:07"
"Hindustan Times","NaN","Actionable intelligence led to killing of most-wanted LeT terrorist Hashim Moosa","Moosa, also known as Asif Fauji and Suleiman, was a Pakistani national and a LeT operative believed to have infiltrated into India in 2023.","https://www.hindustantimes.com/india-news/actionable-intelligence-led-to-killing-of-most-wanted-let-terrorist-hashim-moosa-101790758611552.html","moosa, actionable, intelligence","en","2026-09-30 09:20:40","2026-10-01 06:33:07"
"Hindustan Times","NaN","Instagram temporarily restricts popular cartoonist Satish Acharya's account in India","After Instagram restricted access to cartoonist Satish Acharya's account within India, the Kerala Cartoon Academy reportedly expressed solidarity with him.","https://www.hindustantimes.com/india-news/instagram-temporarily-restricts-popular-cartoonist-satish-acharyas-account-in-india-101790741282339.html","instagram, cartoonist, satish","en","2026-09-30 09:09:48","2026-10-01 06:33:07"
"Times of India","TOI TECH DESK","In 2018, Musk gave $480,350 for Flint school filters; students drink from fountains","In a progressive move, Flint Community Schools have transitioned from bottled water to innovative water filtration systems, a project backed by Elon Musk in 2018. Thoroughly tested and redesigned, these 130 stations now furnish clean water by eliminating harmful lead and bacteria. While the water quality is confirmed safe, the school will maintain the provision of bottled water as a precautionary measure.","https://timesofindia.indiatimes.com/technology/tech-news/in-2018-elon-musk-donated-480350-for-flint-school-water-filters-four-years-later-redesigned-systems-allowed-students-to-drink-from-fountains-again-after-years-of-relying-on-alternative-supplies/articleshow/134585828.cms","water, musk, flint","en","2026-09-30 07:50:58","2026-10-01 06:33:06"
"India Today","NaN","Is Army Chief Dhiraj Seth dancing with a major's wife? This video is AI-edited","Is Army Chief Dhiraj Seth dancing with a majors wife This video is AIedited","https://www.indiatoday.in/fact-check/story/dhiraj-seth-viral-video-fact-check-ai-edited-cnn-supreet-sapra-fake-3006035-2026-09-29?utm_source=rss","army, chief, dhiraj","en","2026-09-29 16:21:49","2026-10-01 06:33:09"
"India Today","NaN","Don't get catfished by AI. This Bangkok flood scene is NOT real","Dont get catfished by AI This Bangkok flood scene is NOT real","https://www.indiatoday.in/fact-check/story/bangkok-flood-video-fact-check-ai-generated-catfish-scene-not-real-3005983-2026-09-29?utm_source=rss","catfished, bangkok, flood","en","2026-09-29 15:12:34","2026-10-01 06:33:09"
"India Today","NaN","DEEPFAKE video of cop claiming LPU rape accused is BJP worker goes viral","DEEPFAKE video of cop claiming LPU rape accused is BJP worker goes viral","https://www.indiatoday.in/fact-check/story/lpu-rape-case-deepfake-video-phagwara-sp-bjp-link-claim-fact-check-3005768-2026-09-29?utm_source=rss","deepfake, video, claiming","en","2026-09-29 11:47:33","2026-10-01 06:33:09"
"India Today","NaN","Goa records India's quickest severe heart attack response","Goa records Indias quickest severe heart attack response","https://www.indiatoday.in/health/story/goa-heart-attack-treatment-stemi-patients-stabilised-within-19-minutes-3005659-2026-09-29?utm_source=rss","records, quickest, severe","en","2026-09-29 11:01:04","2026-10-01 06:33:09"
"India Today","NaN","Brazil team's traditional welcome in Australia FALSELY shared as Indian","Brazil teams traditional welcome in Australia FALSELY shared as Indian","https://www.indiatoday.in/fact-check/story/fact-check-brazil-team-brisbane-aboriginal-welcome-video-falsely-shared-as-indian-3004883-2026-09-28?utm_source=rss","brazil, traditional, welcome","en","2026-09-28 11:50:28","2026-10-01 06:33:09"
"India Today","NaN","Is America really buying less from China?","Is America really buying less from China","https://www.indiatoday.in/diu/story/us-imports-from-china-fall-below-8-percent-during-xi-trump-trade-truce-3002148-2026-09-24?utm_source=rss","america, really, buying","en","2026-09-24 13:54:03","2026-10-01 06:33:08"
"India Today","NaN","Who pays when an Indian family falls sick?","Who pays when an Indian family falls sick","https://www.indiatoday.in/diu/story/private-hospital-costs-india-births-16-times-government-care-3000518-2026-09-23?utm_source=rss","pays, when, indian","en","2026-09-23 05:17:14","2026-10-01 06:33:08"
