keyword,news_count,unique_sources,avg_news_title_length,avg_description_length,latest_news_time,news_age_hours,latest_interest,num_rising_queries,interest_normalized,video_count,avg_views,total_views,avg_likes,avg_comments,latest_video_date,avg_engagement_rate,has_news,has_google,has_youtube,platform_count,fresh_news,high_google_interest,viral_video,news_score,google_score,youtube_score,attention_score,trend_score,trend_rank
000| chunk| minecraft,,,,,,,,,,1.0,298261.0,298261.0,4068.0,113.0,2026-10-06,0.0140179238988671,0,0,1,1,0,0,1,0.0,0.0,1.0140179238988671,1.0140179238988671,0.3042053771696601,1354
000| flying| lamborghini| gta,,,,,,,,,,1.0,181666.0,181666.0,2941.0,33.0,2026-09-11,0.016370702277806525,0,0,1,1,0,0,1,0.0,0.0,1.0163707022778066,1.0163707022778066,0.304911210683342,1241
000| police| car| gta,,,,,,,,,,1.0,133088.0,133088.0,748.0,26.0,2026-10-02,0.005815700889636932,0,0,1,1,0,0,0,0.0,0.0,1.005815700889637,1.005815700889637,0.30174471026689104,2005
000| prison| escape| minecraft,,,,,,,,,,1.0,415960.0,415960.0,9373.0,502.0,2026-09-05,0.023740263486873737,0,0,1,1,0,0,1,0.0,0.0,1.0237402634868737,1.0237402634868737,0.3071220790460621,955
1,,,,,,,55.0,1.0,0.55,,,,,,,,0,1,0,1,0,0,0,0.0,1.05,0.0,1.05,0.42000000000000004,211
1000000| likes| player,,,,,,,,,,1.0,1125375.0,1125375.0,45159.0,4622.0,2026-09-24,0.04423503276685549,0,0,1,1,0,0,1,0.0,0.0,1.0442350327668555,1.0442350327668555,0.3132705098300566,446
1000| players| simulate| mining| prison| minecraft,,,,,,,,,,1.0,5445271.0,5445271.0,192330.0,39503.0,2026-09-05,0.04257510783209872,0,0,1,1,0,0,1,0.0,0.0,1.0425751078320986,1.0425751078320986,0.3127725323496296,468
1008| apoorva| audios,,,,,,,,,,1.0,25527.0,25527.0,129.0,5.0,2026-09-28,0.005249343832020997,0,0,1,1,0,0,0,0.0,0.0,1.005249343832021,1.005249343832021,0.3015748031496063,2064
100| 000| sonic| gta,,,,,,,,,,1.0,210961.0,210961.0,1890.0,66.0,2026-09-27,0.009271855935457264,0,0,1,1,0,0,0,0.0,0.0,1.0092718559354572,1.0092718559354572,0.3027815567806372,1702
100| chain| saw| blade| fall| again| gameplay,,,,,,,,,,1.0,80146.0,80146.0,2831.0,378.0,2026-09-13,0.040039428043820026,0,0,1,1,0,0,1,0.0,0.0,1.04003942804382,1.04003942804382,0.312011828413146,512
100| days| floor| changes| every| day| minecraft| hardcore,,,,,,,,,,1.0,202855.0,202855.0,4282.0,415.0,2026-09-06,0.02315446994158389,0,0,1,1,0,0,1,0.0,0.0,1.023154469941584,1.023154469941584,0.3069463409824752,974
100| days| ores| block| minecraft| hardcore,,,,,,,,,,1.0,1972095.0,1972095.0,69450.0,4040.0,2026-09-25,0.03726493906226627,0,0,1,1,0,0,1,0.0,0.0,1.0372649390622664,1.0372649390622664,0.3111794817186799,576
146| cricket,,,,,,,,,,1.0,190143.0,190143.0,1177.0,56.0,2026-09-10,0.006484593174610687,0,0,1,1,0,0,0,0.0,0.0,1.0064845931746107,1.0064845931746107,0.3019453779523832,1915
152| t20| gameplay,,,,,,,,,,1.0,145924.0,145924.0,955.0,35.0,2026-09-15,0.006784353499081713,0,0,1,1,0,0,0,0.0,0.0,1.0067843534990817,1.0067843534990817,0.3020353060497245,1892
157| gameplay,,,,,,,,,,1.0,536240.0,536240.0,2897.0,91.0,2026-09-13,0.005572131881247203,0,0,1,1,0,0,0,0.0,0.0,1.0055721318812472,1.0055721318812472,0.30167163956437415,2022
168| cricket,,,,,,,,,,1.0,355396.0,355396.0,2896.0,121.0,2026-09-11,0.00848912199349458,0,0,1,1,0,0,0,0.0,0.0,1.0084891219934946,1.0084891219934946,0.30254673659804837,1765
171| cricket| game,,,,,,,,,,1.0,311382.0,311382.0,2325.0,123.0,2026-09-20,0.007861726111335916,0,0,1,1,0,0,0,0.0,0.0,1.0078617261113358,1.0078617261113358,0.30235851783340073,1806
180| cricket,,,,,,,,,,1.0,642887.0,642887.0,5088.0,270.0,2026-09-16,0.008334279585681465,0,0,1,1,0,0,0,0.0,0.0,1.0083342795856816,1.0083342795856816,0.30250028387570443,1776
1lakh| tournament| live| iqoo| total| gaming| esports| fozyajay,,,,,,,,,,1.0,202319.0,202319.0,7272.0,61.0,2026-10-05,0.03624474221402834,0,0,1,1,0,0,1,0.0,0.0,1.0362447422140284,1.0362447422140284,0.31087342266420853,595
1v1| all| level| noob| pro| players| roblox| rivals,,,,,,,,,,1.0,428594.0,428594.0,8625.0,3035.0,2026-09-25,0.027205233857683496,0,0,1,1,0,0,1,0.0,0.0,1.0272052338576836,1.0272052338576836,0.30816157015730505,834
1v4| custom| challenge| solo| squad| clutch| king| fast,,,,,,,,,,1.0,708028.0,708028.0,0.0,67.0,2026-08-29,9.462902597072433e-05,0,0,1,1,0,0,0,0.0,0.0,1.0000946290259707,1.0000946290259707,0.3000283887077912,2752
200iq| gameplay| casino| friends| funniest,,,,,,,,,,1.0,733335.0,733335.0,23904.0,979.0,2026-09-17,0.033931286519803365,0,0,1,1,0,0,1,0.0,0.0,1.0339312865198034,1.0339312865198034,0.310179385955941,655
2026,,,,,,,,,,4.0,192183.5,768734.0,4831.25,241.5,2026-09-22,0.026395346114520758,0,0,1,1,0,0,1,0.0,0.0,4.026395346114521,4.026395346114521,1.2079186038343563,56
2026| alka| singh| pahadiya| bhojpuri| jitiya,,,,,,,,,,1.0,46106.0,46106.0,303.0,13.0,2026-10-03,0.006853771743373965,0,0,1,1,0,0,0,0.0,0.0,1.0068537717433739,1.0068537717433739,0.30205613152301214,1882
2026| alka| singh| pahadiya| teej| bhukhal| bani,,,,,,,,,,1.0,160149.0,160149.0,466.0,22.0,2026-09-08,0.003047162330080113,0,0,1,1,0,0,0,0.0,0.0,1.00304716233008,1.00304716233008,0.300914148699024,2451
2026| anant| chaturdashi| bhajan| vishnu| bhajans,,,,,,,,,,1.0,197257.0,197257.0,652.0,37.0,2026-09-25,0.0034929051947459404,0,0,1,1,0,0,0,0.0,0.0,1.0034929051947459,1.0034929051947459,0.3010478715584238,2363
2026| anjali| bharti| paramparik| jitiya| vrat| geet,,,,,,,,,,1.0,908663.0,908663.0,2797.0,55.0,2026-09-30,0.00313867737544062,0,0,1,1,0,0,0,0.0,0.0,1.0031386773754407,1.0031386773754407,0.3009416032126322,2428
2026| ankita| mishra| jitiya| vrat| geet,,,,,,,,,,1.0,324476.0,324476.0,1235.0,43.0,2026-10-01,0.003938658020932211,0,0,1,1,0,0,0,0.0,0.0,1.0039386580209322,1.0039386580209322,0.30118159740627964,2286
2026| ankita| mishra| paramparik| jitiya| geet,,,,,,,,,,1.0,59700.0,59700.0,281.0,27.0,2026-09-26,0.005159128978224455,0,0,1,1,0,0,0,0.0,0.0,1.0051591289782245,1.0051591289782245,0.30154773869346735,2077
2026| ankita| mishra| paramparik| teej| special,,,,,,,,,,1.0,647768.0,647768.0,2408.0,64.0,2026-09-12,0.0038161811018759804,0,0,1,1,0,0,0,0.0,0.0,1.003816181101876,1.003816181101876,0.30114485433056276,2303
2026| avani| amavasai| amman| songs| tamil| vijay| musicals,,,,,,,,,,1.0,94211.0,94211.0,269.0,12.0,2026-09-10,0.0029826665675982637,0,0,1,1,0,0,0,0.0,0.0,1.0029826665675983,1.0029826665675983,0.30089479997027946,2462
2026| awadhesh| premi| yadav| vishwakarma| puja,,,,,,,,,,1.0,150358.0,150358.0,649.0,7.0,2026-09-14,0.0043629204964152225,0,0,1,1,0,0,0,0.0,0.0,1.0043629204964153,1.0043629204964153,0.3013088761489246,2218
2026| bhole| bhajan| shiv| bhajans| chalisa| top,,,,,,,,,,1.0,34067.0,34067.0,189.0,10.0,2026-09-28,0.005841430122992926,0,0,1,1,0,0,0,0.0,0.0,1.005841430122993,1.005841430122993,0.30175242903689786,2000
2026| chaurachan| pavan| gana| sannu| kumar,,,,,,,,,,1.0,29851.0,29851.0,253.0,2.0,2026-09-10,0.00854242738936719,0,0,1,1,0,0,0,0.0,0.0,1.0085424273893673,1.0085424273893673,0.3025627282168102,1757
2026| chhath| puja| geet,,,,,,,,,,1.0,39379.0,39379.0,162.0,3.0,2026-09-28,0.004190050534548871,0,0,1,1,0,0,0,0.0,0.0,1.004190050534549,1.004190050534549,0.3012570151603647,2249
2026| gandhi| jayanti| geet,,,,,,,,,,1.0,74861.0,74861.0,424.0,12.0,2026-10-01,0.005824127382749362,0,0,1,1,0,0,0,0.0,0.0,1.0058241273827493,1.0058241273827493,0.3017472382148248,2004
2026| ganesh| visarjan| bhajan,,,,,,,,,,1.0,11214.0,11214.0,67.0,6.0,2026-09-24,0.00650971999286606,0,0,1,1,0,0,0,0.0,0.0,1.006509719992866,1.006509719992866,0.30195291599785984,1912
2026| gauri| ganpati| songs| chi| gaani,,,,,,,,,,1.0,202499.0,202499.0,538.0,4.0,2026-09-16,0.002676556427439148,0,0,1,1,0,0,0,0.0,0.0,1.0026765564274391,1.0026765564274391,0.3008029669282317,2526
2026| hartalika| teej| bhajan| special,,,,,,,,,,2.0,120685.0,241370.0,515.0,19.5,2026-09-13,0.004428885114140117,0,0,1,1,0,0,0,0.0,0.0,2.00442888511414,2.00442888511414,0.601328665534242,135
2026| hindi| adhoora| ishq| yash| kiara| advani| bollywood,,,,,,,,,,1.0,497340.0,497340.0,2527.0,22.0,2026-09-05,0.00512526641734025,0,0,1,1,0,0,0,0.0,0.0,1.0051252664173402,1.0051252664173402,0.3015375799252021,2084
2026| hindi| dil| aarzoo| yash| kiara| advani| bollywood,,,,,,,,,,1.0,914457.0,914457.0,2774.0,23.0,2026-09-08,0.003058645731838676,0,0,1,1,0,0,0,0.0,0.0,1.0030586457318387,1.0030586457318387,0.30091759371955157,2450
2026| hindi| dil| hasrat| ariyan| khan| rashmika| mandana,,,,,,,,,,1.0,539954.0,539954.0,1672.0,17.0,2026-09-25,0.0031280442408056983,0,0,1,1,0,0,0,0.0,0.0,1.0031280442408057,1.0031280442408057,0.3009384132722417,2434
2026| hindi| dil| tanha| tere| bin| tiger| shroff,,,,,,,,,,1.0,935496.0,935496.0,2890.0,37.0,2026-10-05,0.0031288215021763855,0,0,1,1,0,0,0,0.0,0.0,1.0031288215021763,1.0031288215021763,0.3009386464506529,2433
2026| hindi| dil| tujhe| chahe| ariyan| khan| rashmika,,,,,,,,,,1.0,820574.0,820574.0,2403.0,42.0,2026-10-03,0.0029796215819657946,0,0,1,1,0,0,0,0.0,0.0,1.0029796215819657,1.0029796215819657,0.3008938864745897,2464
2026| hindi| dil| tujhe| pukare| emran| hashmi| genelia,,,,,,,,,,1.0,618717.0,618717.0,1633.0,14.0,2026-10-02,0.002661960153026343,0,0,1,1,0,0,0,0.0,0.0,1.0026619601530264,1.0026619601530264,0.3007985880459079,2529
2026| hindi| humrah| mera| shahid| kapoor| sharvari,,,,,,,,,,1.0,588861.0,588861.0,1089.0,12.0,2026-09-25,0.001869711188209102,0,0,1,1,0,0,0,0.0,0.0,1.0018697111882091,1.0018697111882091,0.30056091335646273,2642
2026| hindi| intezaar| mein| dil| emraan| hashmi| sharvari,,,,,,,,,,1.0,1173776.0,1173776.0,2204.0,20.0,2026-09-29,0.0018947397118359891,0,0,1,1,0,0,0,0.0,0.0,1.001894739711836,1.001894739711836,0.3005684219135508,2639
2026| hindi| kabhi| aankhon| shahrukh| khan| tamannaah| bhatia,,,,,,,,,,1.0,879842.0,879842.0,1765.0,21.0,2026-09-19,0.002029909915643945,0,0,1,1,0,0,0,0.0,0.0,1.002029909915644,1.002029909915644,0.3006089729746932,2619
2026| hindi| likh| mohabbat| ranbir| kapoor| tamannaah| bhatia,,,,,,,,,,1.0,885021.0,885021.0,1679.0,24.0,2026-09-15,0.00192424812518573,0,0,1,1,0,0,0,0.0,0.0,1.0019242481251858,1.0019242481251858,0.3005772744375557,2636
2026| hindi| meri| dua| bhi| emraan| hashmi| kriti,,,,,,,,,,1.0,1124343.0,1124343.0,2143.0,22.0,2026-09-20,0.001925568976726853,0,0,1,1,0,0,0,0.0,0.0,1.0019255689767268,1.0019255689767268,0.30057767069301805,2635
2026| hindi| meri| sajaa| bana| yash| tamannaah| bhatia,,,,,,,,,,1.0,1850876.0,1850876.0,4091.0,54.0,2026-09-04,0.0022394801164421605,0,0,1,1,0,0,0,0.0,0.0,1.0022394801164423,1.0022394801164423,0.3006718440349327,2589
2026| hindi| mohabbat| juda| jaaye| aryan| khan| kriti,,,,,,,,,,1.0,238650.0,238650.0,950.0,13.0,2026-10-07,0.004035197988686361,0,0,1,1,0,0,0,0.0,0.0,1.0040351979886863,1.0040351979886863,0.3012105593966059,2270
2026| hindi| mujhe| dard| mila| emraan| hashmi| rashmika,,,,,,,,,,1.0,760836.0,760836.0,1449.0,14.0,2026-09-18,0.0019228848266906403,0,0,1,1,0,0,0,0.0,0.0,1.0019228848266906,1.0019228848266906,0.30057686544800716,2637
2026| hindi| nazar| mila| emraan| hashmi| janhvi| kapoor,,,,,,,,,,1.0,1100023.0,1100023.0,2505.0,45.0,2026-09-22,0.0023181333481209028,0,0,1,1,0,0,0,0.0,0.0,1.0023181333481208,1.0023181333481208,0.3006954400044362,2579
2026| hindi| pahli| baar| hua| sidharth| malhotra| kriti,,,,,,,,,,1.0,484148.0,484148.0,1040.0,15.0,2026-09-23,0.0021790857341143616,0,0,1,1,0,0,0,0.0,0.0,1.0021790857341144,1.0021790857341144,0.3006537257202343,2597
2026| hindi| ruswa| kar| diya| emraan| hashmi| tamannaah,,,,,,,,,,1.0,1356214.0,1356214.0,3520.0,46.0,2026-09-12,0.0026293785494029705,0,0,1,1,0,0,0,0.0,0.0,1.002629378549403,1.002629378549403,0.30078881356482084,2536
2026| hindi| tere| ishq| mein| tanha| ariyan| khan,,,,,,,,,,1.0,521147.0,521147.0,1622.0,29.0,2026-09-28,0.003168012096395067,0,0,1,1,0,0,0,0.0,0.0,1.003168012096395,1.003168012096395,0.3009504036289185,2426
2026| hindi| tere| jshq| mein| ariyan| khan| rashmika,,,,,,,,,,1.0,395813.0,395813.0,1146.0,19.0,2026-10-01,0.0029433090878773563,0,0,1,1,0,0,0,0.0,0.0,1.0029433090878774,1.0029433090878774,0.3008829927263632,2474
2026| hindi| teri| deewangi| emran| hashmi| genelia| deshmukh,,,,,,,,,,1.0,551526.0,551526.0,1575.0,9.0,2026-09-29,0.002872031418283091,0,0,1,1,0,0,0,0.0,0.0,1.002872031418283,1.002872031418283,0.3008616094254849,2489
2026| hindi| zara| kareeb| emraan| hashmi| janhvi| kapoor,,,,,,,,,,1.0,1418975.0,1418975.0,2859.0,50.0,2026-10-04,0.0020500713543226625,0,0,1,1,0,0,0,0.0,0.0,1.0020500713543226,1.0020500713543226,0.30061502140629676,2616
2026| indu| sonali| alka| jha| banal| rahe| senura,,,,,,,,,,2.0,72207.5,144415.0,318.5,7.0,2026-09-11,0.004507841983173493,0,0,1,1,0,0,0,0.0,0.0,2.0045078419831737,2.0045078419831737,0.6013523525949521,134
2026| jai| ambey,,,,,,,,,,1.0,14546.0,14546.0,74.0,6.0,2026-09-07,0.005499793757734085,0,0,1,1,0,0,0,0.0,0.0,1.0054997937577341,1.0054997937577341,0.3016499381273202,2031
2026| jitiya| gana| paramparik| geet,,,,,,,,,,3.0,350828.3333333333,1052485.0,1538.0,37.0,2026-10-02,0.004489375145489009,0,0,1,1,0,0,0,0.0,0.0,3.004489375145489,3.004489375145489,0.9013468125436466,78
2026| jitiya| gana| pawan| geet,,,,,,,,,,2.0,193439.5,386879.0,1352.0,33.0,2026-10-02,0.007159861351998946,0,0,1,1,0,0,0,0.0,0.0,2.0071598613519988,2.0071598613519988,0.6021479584055996,119
2026| jitiya| parab| anjali| bharti| bhojpuri| geet,,,,,,,,,,2.0,236467.5,472935.0,991.0,34.0,2026-10-01,0.004334633723450368,0,0,1,1,0,0,0,0.0,0.0,2.00433463372345,2.00433463372345,0.6013003901170351,138
2026| jitiya| parab| anu| dubey| bhojpuri| geet,,,,,,,,,,1.0,271142.0,271142.0,839.0,27.0,2026-10-01,0.0031938984001003163,0,0,1,1,0,0,0,0.0,0.0,1.0031938984001003,1.0031938984001003,0.30095816952003007,2421
2026| jitiya| vrat| geet| nonstop,,,,,,,,,,1.0,500254.0,500254.0,2212.0,77.0,2026-10-02,0.004575675556817137,0,0,1,1,0,0,0,0.0,0.0,1.0045756755568171,1.0045756755568171,0.30137270266704513,2168
2026| jukebox| nonstop| teej| geet,,,,,,,,,,2.0,96309.5,192619.0,494.5,10.5,2026-09-13,0.005243511803093153,0,0,1,1,0,0,0,0.0,0.0,2.0052435118030933,2.0052435118030933,0.6015730535409279,128
2026| khatu| shyam| bhajan| viralvideo,,,,,,,,,,1.0,13909.0,13909.0,84.0,3.0,2026-09-15,0.006254942842763679,0,0,1,1,0,0,0,0.0,0.0,1.0062549428427636,1.0062549428427636,0.3018764828528291,1945
2026| krishna| chati| bhajan| nonstop| janam| badhai| geet,,,,,,,,,,1.0,178994.0,178994.0,481.0,19.0,2026-09-08,0.002793389722560533,0,0,1,1,0,0,0,0.0,0.0,1.0027933897225605,1.0027933897225605,0.30083801691676815,2503
2026| krishna| janmashtami,,,,,,,,,,1.0,388874.0,388874.0,0.0,47.0,2026-09-03,0.00012086177013634236,0,0,1,1,0,0,0,0.0,0.0,1.0001208617701363,1.0001208617701363,0.3000362585310409,2745
2026| maine| tere| bharose| bholenath| shiv| bhajans| bhajan,,,,,,,,,,1.0,10080.0,10080.0,98.0,4.0,2026-09-20,0.01011904761904762,0,0,1,1,0,0,0,0.0,0.0,1.0101190476190476,1.0101190476190476,0.30303571428571424,1619
2026| manush| janam| anmol| bhajan| nirgun,,,,,,,,,,2.0,37865.0,75730.0,283.5,3.5,2026-09-28,0.007579558959461244,0,0,1,1,0,0,0,0.0,0.0,2.007579558959461,2.007579558959461,0.6022738676878383,116
2026| mazara| nau| abad,,,,,,,,,,1.0,200566.0,200566.0,4337.0,13.0,2026-09-11,0.021688621201998343,0,0,1,1,0,0,1,0.0,0.0,1.0216886212019984,1.0216886212019984,0.3065065863605995,1021
2026| mithleah| kumar| gaming| content| singer| ashish| yadav,,,,,,,,,,1.0,112475.0,112475.0,485.0,9.0,2026-09-12,0.004392087130473439,0,0,1,1,0,0,0,0.0,0.0,1.0043920871304735,1.0043920871304735,0.30131762613914204,2210
2026| neha| singh| yadav| vishwakarma,,,,,,,,,,1.0,78213.0,78213.0,340.0,7.0,2026-09-16,0.0044366026108191734,0,0,1,1,0,0,0,0.0,0.0,1.0044366026108191,1.0044366026108191,0.3013309807832457,2202
2026| nonstop| visrajan| songs,,,,,,,,,,1.0,65403.0,65403.0,146.0,6.0,2026-09-24,0.002324052413497852,0,0,1,1,0,0,0,0.0,0.0,1.0023240524134978,1.0023240524134978,0.30069721572404934,2577
2026| paramparik| teej| vrat| geet| gana,,,,,,,,,,1.0,189199.0,189199.0,0.0,25.0,2026-09-13,0.00013213600494717202,0,0,1,1,0,0,0,0.0,0.0,1.000132136004947,1.000132136004947,0.3000396408014841,2741
2026| radha| ashtami| special| radhe,,,,,,,,,,1.0,25925.0,25925.0,173.0,4.0,2026-09-18,0.006827386692381871,0,0,1,1,0,0,0,0.0,0.0,1.0068273866923818,1.0068273866923818,0.30204821600771453,1887
2026| sanjay| mittal| khatu| shyam| bhajan,,,,,,,,,,1.0,108998.0,108998.0,622.0,37.0,2026-10-05,0.006045982495091653,0,0,1,1,0,0,0,0.0,0.0,1.0060459824950916,1.0060459824950916,0.3018137947485275,1969
2026| shiv| charcha| bhajan| geet| nonstop,,,,,,,,,,1.0,27819.0,27819.0,150.0,2.0,2026-09-29,0.005463891584888026,0,0,1,1,0,0,0,0.0,0.0,1.0054638915848881,1.0054638915848881,0.30163916747546643,2038
2026| susmita| paswan| karma| geet| rahul| smart,,,,,,,,,,1.0,68286.0,68286.0,211.0,3.0,2026-09-18,0.003133878100928448,0,0,1,1,0,0,0,0.0,0.0,1.0031338781009285,1.0031338781009285,0.3009401634302785,2432
2026| teej| geet| susmita| paswan| puja,,,,,,,,,,1.0,56620.0,56620.0,158.0,9.0,2026-09-09,0.002949487813493465,0,0,1,1,0,0,0,0.0,0.0,1.0029494878134935,1.0029494878134935,0.30088484634404805,2472
2026| teej| vrat| aamrapali| dubey| monalisa| neema| radha,,,,,,,,,,1.0,79845.0,79845.0,290.0,9.0,2026-09-09,0.00374475546371094,0,0,1,1,0,0,0,0.0,0.0,1.003744755463711,1.003744755463711,0.30112342663911323,2319
2026| top| ganesh| bhajan| ganpati| visarjan| nonstop,,,,,,,,,,1.0,117178.0,117178.0,485.0,19.0,2026-09-24,0.004301148679786308,0,0,1,1,0,0,0,0.0,0.0,1.0043011486797864,1.0043011486797864,0.3012903446039359,2228
2026| tuntun| yadav| viswakarma| puja,,,,,,,,,,1.0,153204.0,153204.0,1345.0,19.0,2026-09-16,0.008903161797342105,0,0,1,1,0,0,0,0.0,0.0,1.008903161797342,1.008903161797342,0.3026709485392026,1726
2026| vinayaka| chavithi| special| ganapathi| folk| songs| telugu,,,,,,,,,,1.0,75920.0,75920.0,263.0,9.0,2026-09-13,0.003582718651211802,0,0,1,1,0,0,0,0.0,0.0,1.0035827186512118,1.0035827186512118,0.30107481559536353,2346
2026| vishwakarma| puja| barbadi| hoi,,,,,,,,,,1.0,551009.0,551009.0,0.0,79.0,2026-09-16,0.00014337333872949443,0,0,1,1,0,0,0,0.0,0.0,1.0001433733387295,1.0001433733387295,0.3000430120016188,2737
2026| vishwakarma| puja| gana,,,,,,,,,,1.0,93230.0,93230.0,0.0,18.0,2026-09-16,0.00019307089992491686,0,0,1,1,0,0,0,0.0,0.0,1.000193070899925,1.000193070899925,0.3000579212699775,2731
2026| vishwakarma| puja| songs| baba| special| bhakti,,,,,,,,,,1.0,42275.0,42275.0,217.0,12.0,2026-09-16,0.005416913069189828,0,0,1,1,0,0,0,0.0,0.0,1.00541691306919,1.00541691306919,0.30162507392075694,2045
2323| aslam| singer| letest| audio| videos| mewati,,,,,,,,,,1.0,421492.0,421492.0,18109.0,889.0,2026-10-01,0.045073216099000696,0,0,1,1,0,0,1,0.0,0.0,1.0450732160990006,1.0450732160990006,0.3135219648297002,436
418| cial| last| warning| hindi| prashanth| neel| kirtan,,,,,,,,,,1.0,1832456.0,1832456.0,30642.0,886.0,2026-10-05,0.017205324438895123,0,0,1,1,0,0,1,0.0,0.0,1.0172053244388952,1.0172053244388952,0.30516159733166853,1201
418| last| warning| prashanth| neel| presents| kirtan| mythri,,,,,,,,,,1.0,8575542.0,8575542.0,81615.0,2196.0,2026-09-11,0.009773259812615925,0,0,1,1,0,0,0,0.0,0.0,1.009773259812616,1.009773259812616,0.30293197794378474,1653
4kteaser| aashish| yadav| khushi| kakkar| maghi| 2026,,,,,,,,,,1.0,73476.0,73476.0,4781.0,126.0,2026-09-12,0.06678371168817028,0,0,1,1,0,0,1,0.0,0.0,1.0667837116881702,1.0667837116881702,0.32003511350645103,304
4kvideo| aashish| yadav| khushi| kakkar| maghi| 2026,,,,,,,,,,1.0,1215285.0,1215285.0,34367.0,1744.0,2026-09-13,0.029714017699551957,0,0,1,1,0,0,1,0.0,0.0,1.029714017699552,1.029714017699552,0.30891420530986563,758
4kvideo| raushan| rohi| shweta| sargam| rangdari| 2026,,,,,,,,,,1.0,249255.0,249255.0,12135.0,483.0,2026-09-11,0.05062285611121141,0,0,1,1,0,0,1,0.0,0.0,1.0506228561112114,1.0506228561112114,0.3151868568333634,378
4kvideo| shilpi| raj| bhojpuri| 2026,,,,,,,,,,1.0,103591.0,103591.0,362.0,7.0,2026-09-25,0.0035620855093589214,0,0,1,1,0,0,0,0.0,0.0,1.003562085509359,1.003562085509359,0.3010686256528077,2349
50000| crate| opening| stream| before| bmsd,,,,,,,,,,1.0,396141.0,396141.0,26676.0,89.0,2026-09-19,0.06756432684321996,0,0,1,1,0,0,1,0.0,0.0,1.06756432684322,1.06756432684322,0.320269298052966,302
70k| crate| opening| zombies| back| bgmi| live,,,,,,,,,,1.0,861248.0,861248.0,25417.0,45.0,2026-09-26,0.029564074459389165,0,0,1,1,0,0,1,0.0,0.0,1.0295640744593892,1.0295640744593892,0.3088692223378168,765
80s| 90s| malayalam| evergreen| jukebox,,,,,,,,,,1.0,127245.0,127245.0,188.0,9.0,2026-10-05,0.0015481944280718299,0,0,1,1,0,0,0,0.0,0.0,1.0015481944280717,1.0015481944280717,0.3004644583284215,2662
9000| gameplay| promotions,,,,,,,,,,1.0,847624.0,847624.0,12465.0,106.0,2026-09-22,0.014830868403914944,0,0,1,1,0,0,1,0.0,0.0,1.014830868403915,1.014830868403915,0.30444926052117444,1310
90s| hits| hindi| songs| evergreen| old| gold| filmi,,,,,,,,,,1.0,276155.0,276155.0,643.0,18.0,2026-10-06,0.002393583313718745,0,0,1,1,0,0,0,0.0,0.0,1.0023935833137188,1.0023935833137188,0.3007180749941156,2569
90s| tamil| deva| collections,,,,,,,,,,1.0,101992.0,101992.0,321.0,4.0,2026-10-01,0.0031865244332888853,0,0,1,1,0,0,0,0.0,0.0,1.003186524433289,1.003186524433289,0.30095595732998665,2423
90s| tamil| romantic| melody| 2026| best| love| songs,,,,,,,,,,1.0,494615.0,494615.0,890.0,0.0,2026-09-04,0.001799379315224973,0,0,1,1,0,0,0,0.0,0.0,1.001799379315225,1.001799379315225,0.30053981379456746,2645
a,,,,,,,66.0,1.0,0.66,,,,,,,,0,1,0,1,0,0,0,0.0,1.1600000000000001,0.0,1.1600000000000001,0.4640000000000001,204
aabhaari| hoon| vichaar,,,,,,,,,,1.0,183606.0,183606.0,15513.0,946.0,2026-09-30,0.08964303998779996,0,0,1,1,0,0,1,0.0,0.0,1.0896430399877999,1.0896430399877999,0.32689291199633996,260
aadarshakutumbam| special| venkatesh| srinidhi| shetty| nivetha| pethuraj| trivikram,,,,,,,,,,1.0,405304.0,405304.0,1464.0,17.0,2026-09-21,0.0036540473323727375,0,0,1,1,0,0,0,0.0,0.0,1.0036540473323727,1.0036540473323727,0.30109621419971183,2335
aadarshakutumbam| teaser| venkatesh| nivetha| dimple| hayathi| trivikram| thaman,,,,,,,,,,1.0,427351.0,427351.0,931.0,14.0,2026-09-21,0.0022112970368619706,0,0,1,1,0,0,0,0.0,0.0,1.002211297036862,1.002211297036862,0.30066338911105855,2593
aadarsha| kutumbam| ak47| teaser| venkatesh| srinidhi| shetty| trivikram,,,,,,,,,,1.0,1240274.0,1240274.0,8906.0,123.0,2026-09-23,0.007279843002433333,0,0,1,1,0,0,0,0.0,0.0,1.0072798430024332,1.0072798430024332,0.30218395290072997,1851
aadarsha| kutumbam| venkatesh| nara| rohit| trivikram| thaman,,,,,,,,,,1.0,1221675.0,1221675.0,4268.0,71.0,2026-10-01,0.003551681093580535,0,0,1,1,0,0,0,0.0,0.0,1.0035516810935805,1.0035516810935805,0.30106550432807416,2351
aadarsha| kutumbam| venkatesh| srinidhi| shetty| trivikram| thaman,,,,,,,,,,1.0,501936.0,501936.0,3157.0,73.0,2026-09-12,0.006435083357240764,0,0,1,1,0,0,0,0.0,0.0,1.0064350833572409,1.0064350833572409,0.30193052500717227,1924
aadhaar |  property |  maharashtra,1.0,1.0,86.0,171.0,2026-10-01 10:18:13,164.40487561555557,,,,,,,,,,,1,0,0,1,0,0,0,0.6111111111111112,0.0,0.0,0.6111111111111112,0.18333333333333335,2798
aadhar card,,,,,,,100.0,1.0,1.0,,,,,,,,0,1,0,1,0,1,0,0.0,1.5,0.0,1.5,0.6000000000000001,174
aadi| ayush| anjali| bharti| jitiya| 2026,,,,,,,,,,1.0,147980.0,147980.0,626.0,12.0,2026-10-01,0.0043113934315448035,0,0,1,1,0,0,0,0.0,0.0,1.0043113934315449,1.0043113934315449,0.30129341802946347,2227
aajao| dosto| live| iqoo| total| gaming| esports| fozyajay,,,,,,,,,,1.0,210402.0,210402.0,10787.0,338.0,2026-09-29,0.05287497267136244,0,0,1,1,0,0,1,0.0,0.0,1.0528749726713624,1.0528749726713624,0.31586249180140874,359
aaja| barsaat| alka| yagnik| bobby| deol| priyanka| chopra,,,,,,,,,,1.0,917974.0,917974.0,1214.0,6.0,2026-09-06,0.0013290136757685947,0,0,1,1,0,0,0,0.0,0.0,1.0013290136757687,1.0013290136757687,0.30039870410273056,2678
aaja| mahiya,,,,,,,,,,1.0,247660.0,247660.0,665.0,0.0,2026-09-27,0.0026851328434143585,0,0,1,1,0,0,0,0.0,0.0,1.0026851328434143,1.0026851328434143,0.3008055398530243,2524
aaja| sniper| god| pahadi| devil| mafia,,,,,,,,,,1.0,1353214.0,1353214.0,20035.0,1487.0,2026-09-25,0.015904358069011998,0,0,1,1,0,0,1,0.0,0.0,1.015904358069012,1.015904358069012,0.3047713074207036,1265
aaj| banaunga| streak| 300k,,,,,,,,,,7.0,763770.4285714285,5346393.0,4514.428571428572,2.4285714285714284,2026-09-26,0.005913893722365715,0,0,1,1,0,0,0,0.0,0.0,7.005913893722366,7.005913893722366,2.1017741681167097,36
aaj| conqueror| hoke| rahega| tag| lolzzz| what| bgmi,,,,,,,,,,1.0,1019551.0,1019551.0,24325.0,77.0,2026-09-21,0.023934065093359724,0,0,1,1,0,0,1,0.0,0.0,1.0239340650933597,1.0239340650933597,0.3071802195280079,942
aaj| custom| hoga| sirf| 400k,,,,,,,,,,1.0,451201.0,451201.0,1994.0,1.0,2026-09-27,0.004421532753695138,0,0,1,1,0,0,0,0.0,0.0,1.0044215327536952,1.0044215327536952,0.30132645982610856,2203
aaj| sakhi| ese| manaiyo| gajanan| ganesh,,,,,,,,,,1.0,63998.0,63998.0,168.0,3.0,2026-09-14,0.0026719584987030844,0,0,1,1,0,0,0,0.0,0.0,1.0026719584987032,1.0026719584987032,0.30080158754961095,2527
aaj| top| entry| hogi| conqueror| rank| push| bgmi,,,,,,,,,,1.0,919132.0,919132.0,22914.0,46.0,2026-09-29,0.02498008991091595,0,0,1,1,0,0,1,0.0,0.0,1.024980089910916,1.024980089910916,0.3074940269732748,901
aamrapali| dubey| monalisa| bhojpuri| teej,,,,,,,,,,1.0,472667.0,472667.0,2008.0,60.0,2026-09-09,0.004375173219200832,0,0,1,1,0,0,0,0.0,0.0,1.0043751732192008,1.0043751732192008,0.30131255196576023,2215
aanand| aata| hai| bhajan| 2026,,,,,,,,,,1.0,43968.0,43968.0,159.0,2.0,2026-10-02,0.0036617540029112083,0,0,1,1,0,0,0,0.0,0.0,1.0036617540029111,1.0036617540029111,0.30109852620087335,2331
aankad| kankad| bhandara| raju| rawal| rajasthani| baba| ramdevji,,,,,,,,,,1.0,237087.0,237087.0,3202.0,37.0,2026-09-09,0.013661651629992366,0,0,1,1,0,0,1,0.0,0.0,1.0136616516299923,1.0136616516299923,0.3040984954889977,1372
aaradha| gaaya| toxic| kannada| rocking| star| yash| kiara,,,,,,,,,,1.0,1298765.0,1298765.0,19920.0,873.0,2026-09-05,0.016009824718097577,0,0,1,1,0,0,1,0.0,0.0,1.0160098247180975,1.0160098247180975,0.30480294741542924,1259
aaram| rajeesh| parameswaran| saiju| kurup| anju| kurian| askar,,,,,,,,,,1.0,741489.0,741489.0,2693.0,337.0,2026-09-13,0.004086372151171494,0,0,1,1,0,0,0,0.0,0.0,1.0040863721511715,1.0040863721511715,0.30122591164535145,2259
aashish| yadav| chanda| raj| maghi| 2026,,,,,,,,,,1.0,1269272.0,1269272.0,41305.0,3173.0,2026-09-03,0.03504213438884652,0,0,1,1,0,0,1,0.0,0.0,1.0350421343888465,1.0350421343888465,0.31051264031665393,630
aashish| yadav| kamariya| par| chot| magahi| 2026,,,,,,,,,,2.0,587997.0,1175994.0,15842.5,735.0,2026-10-03,0.02819317105359381,0,0,1,1,0,0,1,0.0,0.0,2.028193171053594,2.028193171053594,0.6084579513160782,98
aashish| yadav| khushi| kakkar| naginiya| magahi| 2026,,,,,,,,,,1.0,1513091.0,1513091.0,61922.0,3536.0,2026-09-07,0.043261112517356856,0,0,1,1,0,0,1,0.0,0.0,1.0432611125173568,1.0432611125173568,0.312978333755207,458
aashish| yadav| magahi| devi| geet| 2026,,,,,,,,,,1.0,411236.0,411236.0,21483.0,2163.0,2026-10-04,0.05749982978143937,0,0,1,1,0,0,1,0.0,0.0,1.0574998297814393,1.0574998297814393,0.31724994893443176,334
aashish| yadav| shilpi| raj| baby| kajal| maghi| sad,,,,,,,,,,1.0,845181.0,845181.0,31710.0,2308.0,2026-10-01,0.040249366703700155,0,0,1,1,0,0,1,0.0,0.0,1.0402493667037,1.0402493667037,0.31207481001111,510
aashish| yadav| shilpi| raj| rasgulwa| maghi| 2026,,,,,,,,,,1.0,931419.0,931419.0,34096.0,2326.0,2026-09-15,0.039103776066410495,0,0,1,1,0,0,1,0.0,0.0,1.0391037760664106,1.0391037760664106,0.31173113281992315,523
aashish| yadav| shilpi| raj| rifle| title| maghi| rangdari,,,,,,,,,,1.0,1646550.0,1646550.0,63015.0,5316.0,2026-09-10,0.04149949895235493,0,0,1,1,0,0,1,0.0,0.0,1.041499498952355,1.041499498952355,0.3124498496857065,482
aashish| yadav| toshi| maghi| sad,,,,,,,,,,1.0,449077.0,449077.0,19082.0,1008.0,2026-09-27,0.044736203368241974,0,0,1,1,0,0,1,0.0,0.0,1.044736203368242,1.044736203368242,0.31342086101047256,442
aavagaman| hanuman| ansh| sadhu| tiwari| shobhinaw| har| mahadev,,,,,,,,,,1.0,359123.0,359123.0,4152.0,93.0,2026-09-03,0.011820462627010801,0,0,1,1,0,0,1,0.0,0.0,1.0118204626270109,1.0118204626270109,0.30354613878810327,1483
aavani| amavasai| most| popular| jaya| jagadeeswari| sri| bhuvaneswari,,,,,,,,,,1.0,14477.0,14477.0,107.0,1.0,2026-09-09,0.007460109138633695,0,0,1,1,0,0,0,0.0,0.0,1.0074601091386337,1.0074601091386337,0.3022380327415901,1836
aaya| hai| raja| logo| remix| ganpati| 2026| sound,,,,,,,,,,1.0,62783.0,62783.0,356.0,17.0,2026-09-21,0.005941098705063473,0,0,1,1,0,0,0,0.0,0.0,1.0059410987050634,1.0059410987050634,0.301782329611519,1986
aaya| sher| paradise| nani| anirudh| ravichander| srikanth| odela,,,,,,,,,,1.0,1974781.0,1974781.0,29075.0,586.0,2026-10-07,0.015019893345135486,0,0,1,1,0,0,1,0.0,0.0,1.0150198933451355,1.0150198933451355,0.30450596800354063,1301
aayi| nai| eclipsa| audio| stree| shraddha| kapoor| rajkummar,,,,,,,,,,1.0,435094.0,435094.0,2368.0,100.0,2026-09-02,0.005672337471902623,0,0,1,1,0,0,0,0.0,0.0,1.0056723374719025,1.0056723374719025,0.30170170124157075,2011
abha,,,,,,,79.0,1.0,0.79,,,,,,,,0,1,0,1,0,1,0,0.0,1.29,0.0,1.29,0.516,193
abhijeet |  dipke |  briefly,1.0,1.0,74.0,74.0,2026-10-01 23:15:19,151.4532089488889,,,,,,,,,,,1,0,0,1,0,0,0,0.6111111111111112,0.0,0.0,0.6111111111111112,0.18333333333333335,2798
abhijeet |  dipke |  mumbai,1.0,1.0,116.0,146.0,2026-10-02 10:39:42,140.04682006,,,,,,,,,,,1,0,0,1,0,0,0,0.6111111111111112,0.0,0.0,0.6111111111111112,0.18333333333333335,2798
abhishek sharma,,,,,,,77.0,1.0,0.77,,,,,,,,0,1,0,1,0,1,0,0.0,1.27,0.0,1.27,0.508,195
abhishek |  tilak |  spinners,1.0,1.0,80.0,80.0,2026-10-04 06:19:38,96.38126450444445,,,,,,,,,,,1,0,0,1,0,0,0,0.6111111111111112,0.0,0.0,0.6111111111111112,0.18333333333333335,2798
about |  religious |  extremist,1.0,1.0,82.0,101.0,2026-10-01 03:13:53,171.4770978377778,,,,,,,,,,,1,0,0,1,0,0,0,0.6111111111111112,0.0,0.0,0.6111111111111112,0.18333333333333335,2798
accused |  facing |  trial,1.0,1.0,84.0,105.0,2026-10-07 03:44:42,26.963486726666666,,,,,,,,,,,1,0,0,1,0,0,0,0.6111111111111112,0.0,0.0,0.6111111111111112,0.18333333333333335,2798
accused |  killing |  charged,1.0,1.0,70.0,72.0,2026-10-03 02:56:27,123.76765339333333,,,,,,,,,,,1,0,0,1,0,0,0,0.6111111111111112,0.0,0.0,0.6111111111111112,0.18333333333333335,2798
accused |  leader |  murder,1.0,1.0,88.0,151.0,2026-10-01 09:10:54,165.52682006,,,,,,,,,,,1,0,0,1,0,0,0,0.6111111111111112,0.0,0.0,0.6111111111111112,0.18333333333333335,2798
accused |  vandalism |  during,1.0,1.0,75.0,108.0,2026-10-06 04:21:14,50.35459783777778,,,,,,,,,,,1,0,0,1,0,0,0,0.6111111111111112,0.0,0.0,0.6111111111111112,0.18333333333333335,2798
achyutam| keshavam| krishna| bhajan| bhakti,,,,,,,,,,1.0,23736.0,23736.0,106.0,8.0,2026-09-27,0.004802831142568251,0,0,1,1,0,0,0,0.0,0.0,1.0048028311425683,1.0048028311425683,0.3014408493427705,2134
across |  india |  delhi,1.0,1.0,68.0,434.0,2026-10-03 01:44:21,124.96932006,,,,,,,,,,,1,0,0,1,0,0,0,0.6111111111111112,0.0,0.0,0.6111111111111112,0.18333333333333335,2798
action |  form |  electoral,1.0,1.0,54.0,294.0,2026-10-06 02:20:30,52.36682006,,,,,,,,,,,1,0,0,1,0,0,0,0.6111111111111112,0.0,0.0,0.6111111111111112,0.18333333333333335,2798
actor |  sarath |  kumar,1.0,1.0,78.0,78.0,2026-10-05 05:43:36,72.98182005999999,,,,,,,,,,,1,0,0,1,0,0,0,0.6111111111111112,0.0,0.0,0.6111111111111112,0.18333333333333335,2798
actors |  possessed |  intensity,1.0,1.0,82.0,82.0,2026-10-08 06:38:34,0.06570894888888888,,,,,,,,,,,1,0,0,1,1,0,0,0.6111111111111112,0.0,0.0,0.6111111111111112,0.18333333333333335,2798
adhikari |  muslim |  youths,1.0,1.0,76.0,381.0,2026-10-03 17:24:07,109.30654228222221,,,,,,,,,,,1,0,0,1,0,0,0,0.6111111111111112,0.0,0.0,0.6111111111111112,0.18333333333333335,2798
admino| back| road| 500k| gaming,,,,,,,,,,1.0,468752.0,468752.0,11619.0,27.0,2026-09-11,0.024844693995972285,0,0,1,1,0,0,1,0.0,0.0,1.0248446939959723,1.0248446939959723,0.3074534081987917,903
admino| live| road| 500k| gaming,,,,,,,,,,1.0,391277.0,391277.0,12260.0,30.0,2026-09-10,0.031409972985889795,0,0,1,1,0,0,1,0.0,0.0,1.0314099729858899,1.0314099729858899,0.30942299189576694,726
adopted| baby| animal| monsters| roblox,,,,,,,,,,1.0,45097.0,45097.0,446.0,20.0,2026-10-04,0.010333281593010621,0,0,1,1,0,0,0,0.0,0.0,1.0103332815930106,1.0103332815930106,0.30309998447790315,1598
adroit industries ipo gmp,,,,,,,100.0,1.0,1.0,,,,,,,,0,1,0,1,0,1,0,0.0,1.5,0.0,1.5,0.6000000000000001,174
advisory |  indians |  dangerous,1.0,1.0,96.0,143.0,2026-09-30 13:27:54,185.24348672666667,,,,,,,,,,,1,0,0,1,0,0,0,0.6111111111111112,0.0,0.0,0.6111111111111112,0.18333333333333335,2798
affidavit |  fire |  seeks,1.0,1.0,93.0,152.0,2026-10-01 15:53:22,158.81904228222223,,,,,,,,,,,1,0,0,1,0,0,0,0.6111111111111112,0.0,0.0,0.6111111111111112,0.18333333333333335,2798
afg vs nep,,,,,,,100.0,1.0,1.0,,,,,,,,0,1,0,1,0,1,0,0.0,1.5,0.0,1.5,0.6000000000000001,174
afghanistan |  says |  deadly,1.0,1.0,60.0,86.0,2026-10-01 05:30:48,169.19515339333336,,,,,,,,,,,1,0,0,1,0,0,0,0.6111111111111112,0.0,0.0,0.6111111111111112,0.18333333333333335,2798
afratafri| sanjay| narvekar| mohan| aagashe| milind| kavde| 9th,,,,,,,,,,1.0,133088.0,133088.0,846.0,53.0,2026-09-22,0.006754929069487858,0,0,1,1,0,0,0,0.0,0.0,1.006754929069488,1.006754929069488,0.30202647872084637,1894
afsaana| banaaya| aapne| gunmaaster| emraan| genelia| aditya| himesh,,,,,,,,,,1.0,43804228.0,43804228.0,239574.0,20998.0,2026-09-23,0.005948558207668903,0,0,1,1,0,0,0,0.0,0.0,1.0059485582076688,1.0059485582076688,0.30178456746230065,1985
against |  case |  court,1.0,1.0,46.0,251.0,2026-10-08 02:19:20,4.386264504444444,,,,,,,,,,,1,0,0,1,1,0,0,0.6111111111111112,0.0,0.0,0.6111111111111112,0.18333333333333335,2798
against |  manns |  files,1.0,1.0,80.0,112.0,2026-10-06 17:08:28,37.567375615555555,,,,,,,,,,,1,0,0,1,0,0,0,0.6111111111111112,0.0,0.0,0.6111111111111112,0.18333333333333335,2798
against |  police |  delhi,1.0,1.0,69.0,297.0,2026-10-04 02:53:27,99.81765339333333,,,,,,,,,,,1,0,0,1,0,0,0,0.6111111111111112,0.0,0.0,0.6111111111111112,0.18333333333333335,2798
against |  protest |  rahul,1.0,1.0,79.0,98.0,2026-10-07 04:23:39,26.31432006,,,,,,,,,,,1,0,0,1,0,0,0,0.6111111111111112,0.0,0.0,0.6111111111111112,0.18333333333333335,2798
against |  rahul |  priyanka,1.0,1.0,75.0,147.0,2026-10-07 04:56:31,25.766542282222222,,,,,,,,,,,1,0,0,1,0,0,0,0.6111111111111112,0.0,0.0,0.6111111111111112,0.18333333333333335,2798
against |  veeramani |  goondas,1.0,1.0,88.0,234.0,2026-10-02 02:22:10,148.33904228222224,,,,,,,,,,,1,0,0,1,0,0,0,0.6111111111111112,0.0,0.0,0.6111111111111112,0.18333333333333335,2798
again| update| indian| theft| auto,,,,,,,,,,1.0,143914.0,143914.0,3386.0,487.0,2026-09-25,0.026911905721472545,0,0,1,1,0,0,1,0.0,0.0,1.0269119057214726,1.0269119057214726,0.3080735717164418,839
agarkar |  will |  gautam,1.0,1.0,74.0,445.0,2026-10-07 06:03:54,24.643486726666666,,,,,,,,,,,1,0,0,1,0,0,0,0.6111111111111112,0.0,0.0,0.6111111111111112,0.18333333333333335,2798
aga| parvati| kuthun| aanali| mati| ghadvila| ganpati| songs,,,,,,,,,,1.0,52213.0,52213.0,262.0,7.0,2026-09-06,0.005151973646409898,0,0,1,1,0,0,0,0.0,0.0,1.0051519736464098,1.0051519736464098,0.30154559209392295,2081
agents |  tried |  hack,1.0,1.0,58.0,81.0,2026-10-01 05:35:15,169.12098672666667,,,,,,,,,,,1,0,0,1,0,0,0,0.6111111111111112,0.0,0.0,0.6111111111111112,0.18333333333333335,2798
agrees |  hear |  plea,1.0,1.0,76.0,101.0,2026-10-06 06:19:16,48.387375615555555,,,,,,,,,,,1,0,0,1,0,0,0,0.6111111111111112,0.0,0.0,0.6111111111111112,0.18333333333333335,2798
agricultural |  land |  court,1.0,1.0,102.0,158.0,2026-10-03 07:23:47,119.31209783777777,,,,,,,,,,,1,0,0,1,0,0,0,0.6111111111111112,0.0,0.0,0.6111111111111112,0.18333333333333335,2798
ahead |  next |  month,1.0,1.0,77.0,115.0,2026-10-08 01:14:53,5.460431171111111,,,,,,,,,,,1,0,0,1,1,0,0,0.6111111111111112,0.0,0.0,0.6111111111111112,0.18333333333333335,2798
aircraft |  india |  lockheed,1.0,1.0,76.0,429.0,2026-10-04 03:53:33,98.81598672666667,,,,,,,,,,,1,0,0,1,0,0,0,0.6111111111111112,0.0,0.0,0.6111111111111112,0.18333333333333335,2798
airlines |  make |  sure,1.0,1.0,52.0,86.0,2026-10-02 04:18:51,146.39432006,,,,,,,,,,,1,0,0,1,0,0,0,0.6111111111111112,0.0,0.0,0.6111111111111112,0.18333333333333335,2798
airplane| gaon| jaakar| apni| girlfriend| milne| wale| hain,,,,,,,,,,1.0,137200.0,137200.0,504.0,12.0,2026-09-30,0.003760932944606414,0,0,1,1,0,0,0,0.0,0.0,1.0037609329446064,1.0037609329446064,0.3011282798833819,2318
aisa |  neha |  bora,1.0,1.0,80.0,146.0,2026-10-04 16:01:39,86.68098672666666,,,,,,,,,,,1,0,0,1,0,0,0,0.6111111111111112,0.0,0.0,0.6111111111111112,0.18333333333333335,2798
aise| mujhe| tum| dekho,,,,,,,,,,1.0,274046.0,274046.0,883.0,14.0,2026-09-16,0.0032731731169219768,0,0,1,1,0,0,0,0.0,0.0,1.003273173116922,1.003273173116922,0.3009819519350766,2399
ajay| maharaj| baraskar| live,,,,,,,,,,1.0,25963.0,25963.0,201.0,26.0,2026-09-12,0.008743211493278898,0,0,1,1,0,0,0,0.0,0.0,1.0087432114932788,1.0087432114932788,0.3026229634479836,1739
aja| ekadashi| katha| 2026,,,,,,,,,,1.0,29339.0,29339.0,518.0,45.0,2026-09-06,0.01918947476055762,0,0,1,1,0,0,1,0.0,0.0,1.0191894747605577,1.0191894747605577,0.3057568424281673,1125
aja| ekadashi| vrat| katha| pal| 2026,,,,,,,,,,1.0,81225.0,81225.0,992.0,58.0,2026-09-06,0.012927054478301015,0,0,1,1,0,0,1,0.0,0.0,1.0129270544783011,1.0129270544783011,0.3038781163434903,1410
ajit |  agarkar |  tenure,1.0,1.0,59.0,59.0,2026-10-08 06:38:34,0.06570894888888888,,,,,,,,,,,1,0,0,1,1,0,0,0.6111111111111112,0.0,0.0,0.6111111111111112,0.18333333333333335,2798
ajith| kumar| gladiators| maayakumar| 6385,,,,,,,,,,1.0,40846.0,40846.0,951.0,62.0,2026-09-21,0.02480047005826764,0,0,1,1,0,0,1,0.0,0.0,1.0248004700582676,1.0248004700582676,0.30744014101748024,907
ajith| kumar| gladiator| racing| premier| tamil,,,,,,,,,,1.0,1462352.0,1462352.0,11113.0,0.0,2026-09-06,0.007599401512084642,0,0,1,1,0,0,0,0.0,0.0,1.0075994015120846,1.0075994015120846,0.3022798204536254,1822
aji| para| janmastami| pragnyashree| nayak| janmaastimi| special,,,,,,,,,,1.0,284383.0,284383.0,1807.0,62.0,2026-09-03,0.006572122806215561,0,0,1,1,0,0,0,0.0,0.0,1.0065721228062157,1.0065721228062157,0.3019716368418647,1908
aji| para| radhastami| pragnyashree| nayak| special,,,,,,,,,,1.0,31402.0,31402.0,273.0,18.0,2026-09-18,0.00926692567352398,0,0,1,1,0,0,0,0.0,0.0,1.009266925673524,1.009266925673524,0.3027800777020572,1703
ajmal |  kasab |  said,1.0,1.0,80.0,74.0,2026-10-05 01:00:00,77.70848672666666,,,,,,,,,,,1,0,0,1,0,0,0,0.6111111111111112,0.0,0.0,0.6111111111111112,0.18333333333333335,2798
ajnabee| unknown| indian| horror| game,,,,,,,,,,1.0,713214.0,713214.0,23422.0,1954.0,2026-09-28,0.03557978390777523,0,0,1,1,0,0,1,0.0,0.0,1.0355797839077752,1.0355797839077752,0.31067393517233255,613
akm| master| today| solo| kills| nothing| bgmi| live,,,,,,,,,,1.0,834589.0,834589.0,24686.0,16.0,2026-09-13,0.029597802031898334,0,0,1,1,0,0,1,0.0,0.0,1.0295978020318983,1.0295978020318983,0.3088793406095695,762
al-taawoun vs al-hilal,,,,,,,100.0,1.0,1.0,,,,,,,,0,1,0,1,0,1,0,0.0,1.5,0.0,1.5,0.6000000000000001,174
alakh| niranjan| citylights| vinay| rajkumar| monisha| vijayakumar| charan,,,,,,,,,,1.0,866708.0,866708.0,29202.0,975.0,2026-09-04,0.03481795483600013,0,0,1,1,0,0,1,0.0,0.0,1.0348179548360001,1.0348179548360001,0.31044538645080005,633
alan| walker| alok| headlights| kiddo| lyrics,,,,,,,,,,1.0,685825.0,685825.0,2172.0,18.0,2026-09-21,0.003193234425691685,0,0,1,1,0,0,0,0.0,0.0,1.0031932344256917,1.0031932344256917,0.3009579703277075,2422
alert |  ready |  chief,1.0,1.0,72.0,91.0,2026-10-08 05:26:16,1.270708948888889,,,,,,,,,,,1,0,0,1,1,0,0,0.6111111111111112,0.0,0.0,0.6111111111111112,0.18333333333333335,2798
allahabad |  judge |  flags,1.0,1.0,88.0,88.0,2026-10-02 09:43:30,140.98348672666665,,,,,,,,,,,1,0,0,1,0,0,0,0.6111111111111112,0.0,0.0,0.6111111111111112,0.18333333333333335,2798
alloy| bappa| visarjan| tlrp,,,,,,,,,,1.0,197816.0,197816.0,11159.0,16.0,2026-09-26,0.05649189145468516,0,0,1,1,0,0,1,0.0,0.0,1.0564918914546853,1.0564918914546853,0.31694756743640556,338
all| best| odia| old| songs| non| stop| jukebox,,,,,,,,,,1.0,306634.0,306634.0,1963.0,19.0,2026-09-11,0.006463732006235447,0,0,1,1,0,0,0,0.0,0.0,1.0064637320062355,1.0064637320062355,0.30193911960187064,1920
all| eyes,,,,,,,,,,1.0,546385.0,546385.0,563.0,0.0,2026-10-02,0.0010304089607145145,0,0,1,1,0,0,0,0.0,0.0,1.0010304089607145,1.0010304089607145,0.30030912268821436,2695
all| scary| verity| attacked| our| village| minecraft,,,,,,,,,,1.0,372119.0,372119.0,4314.0,177.0,2026-09-25,0.012068719952488318,0,0,1,1,0,0,1,0.0,0.0,1.0120687199524883,1.0120687199524883,0.30362061598574647,1465
almost |  akin |  civil,1.0,1.0,65.0,162.0,2026-10-03 04:34:45,122.12932006,,,,,,,,,,,1,0,0,1,0,0,0,0.6111111111111112,0.0,0.0,0.6111111111111112,0.18333333333333335,2798
aman| chopra| debate| congress| protest| rahul| gandhi| priyanka,,,,,,,,,,1.0,127164.0,127164.0,1549.0,545.0,2026-10-07,0.016466924601302255,0,0,1,1,0,0,1,0.0,0.0,1.0164669246013023,1.0164669246013023,0.3049400773803907,1233
amavasai| angalamman| pambai| udukkai| songs,,,,,,,,,,1.0,21790.0,21790.0,118.0,2.0,2026-09-10,0.005507113354749885,0,0,1,1,0,0,0,0.0,0.0,1.00550711335475,1.00550711335475,0.301652134006425,2029
amavasya| 2026,,,,,,,,,,1.0,66989.0,66989.0,1189.0,71.0,2026-09-10,0.018809058203585662,0,0,1,1,0,0,1,0.0,0.0,1.0188090582035856,1.0188090582035856,0.3056427174610757,1144
amazon |  cuts |  layoffs,1.0,1.0,71.0,87.0,2026-10-08 05:50:43,0.8632089488888889,,,,,,,,,,,1,0,0,1,1,0,0,0.6111111111111112,0.0,0.0,0.6111111111111112,0.18333333333333335,2798
amazon |  layoffs |  fresh,1.0,1.0,77.0,77.0,2026-10-08 06:38:34,0.06570894888888888,,,,,,,,,,,1,0,0,1,1,0,0,0.6111111111111112,0.0,0.0,0.6111111111111112,0.18333333333333335,2798
amca |  beat |  china,1.0,1.0,62.0,62.0,2026-10-07 13:36:02,17.10793117111111,,,,,,,,,,,1,0,0,1,1,0,0,0.6111111111111112,0.0,0.0,0.6111111111111112,0.18333333333333335,2798
america |  really |  buying,1.0,1.0,40.0,40.0,2026-09-24 13:54:03,328.80765339333334,,,,,,,,,,,1,0,0,1,0,0,0,0.6111111111111112,0.0,0.0,0.6111111111111112,0.18333333333333335,2798
amid |  bitchat |  removed,1.0,1.0,88.0,116.0,2026-10-04 02:08:46,100.56237561555555,,,,,,,,,,,1,0,0,1,0,0,0,0.6111111111111112,0.0,0.0,0.6111111111111112,0.18333333333333335,2798
amit| ashik| srishti| bharti| chahat| singh| bhakti| geet,,,,,,,,,,1.0,25674.0,25674.0,2553.0,165.0,2026-10-08,0.10586585650853003,0,0,1,1,0,0,1,0.0,0.0,1.10586585650853,1.10586585650853,0.331759756952559,247
amit| ashik| srishti| bharti| doli| jab| uthtau| jaan,,,,,,,,,,1.0,235722.0,235722.0,752.0,10.0,2026-09-30,0.0032326214778425435,0,0,1,1,0,0,0,0.0,0.0,1.0032326214778426,1.0032326214778426,0.30096978644335276,2406
amit| ashik| srishti| bharti| haral| jindagi| jiye| sad,,,,,,,,,,1.0,839268.0,839268.0,26648.0,1184.0,2026-09-09,0.03316223184965947,0,0,1,1,0,0,1,0.0,0.0,1.0331622318496594,1.0331622318496594,0.3099486695548978,675
amit| ashik| srishti| bharti| karma| karbo| bhaiya| 2025,,,,,,,,,,1.0,285421.0,285421.0,2702.0,51.0,2026-09-19,0.00964540100413074,0,0,1,1,0,0,0,0.0,0.0,1.0096454010041307,1.0096454010041307,0.3028936203012392,1668
amit| ashik| srishti| bharti| maghi| sad,,,,,,,,,,1.0,33703.0,33703.0,586.0,8.0,2026-09-21,0.017624543809156457,0,0,1,1,0,0,1,0.0,0.0,1.0176245438091565,1.0176245438091565,0.3052873631427469,1184
ammiye| music| nijjar| zeus| autobiography| latest| punjabi| 2026,,,,,,,,,,1.0,25043617.0,25043617.0,225996.0,6081.0,2026-09-28,0.009266912203616594,0,0,1,1,0,0,0,0.0,0.0,1.0092669122036166,1.0092669122036166,0.302780073661085,1704
among |  killed |  indian,1.0,1.0,60.0,146.0,2026-10-01 03:41:10,171.02237561555557,,,,,,,,,,,1,0,0,1,0,0,0,0.6111111111111112,0.0,0.0,0.6111111111111112,0.18333333333333335,2798
anand| potat| majhya| maina| rup| savale| sundar| akki,,,,,,,,,,1.0,283599.0,283599.0,1459.0,30.0,2026-09-14,0.005250371122606215,0,0,1,1,0,0,0,0.0,0.0,1.0052503711226062,1.0052503711226062,0.30157511133678183,2063
anand| potat| majhya| maina| rup| savale| sundar| nesh,,,,,,,,,,1.0,228680.0,228680.0,1897.0,62.0,2026-09-15,0.008566555885954171,0,0,1,1,0,0,0,0.0,0.0,1.0085665558859542,1.0085665558859542,0.30256996676578624,1752
anand| puja| gana| anant| bhagwan,,,,,,,,,,1.0,34429.0,34429.0,221.0,6.0,2026-09-24,0.006593278921839147,0,0,1,1,0,0,0,0.0,0.0,1.0065932789218393,1.0065932789218393,0.30197798367655176,1904
anant| chaturdashi| katha| 2026,,,,,,,,,,1.0,40283.0,40283.0,273.0,16.0,2026-09-24,0.007174242236179034,0,0,1,1,0,0,0,0.0,0.0,1.0071742422361791,1.0071742422361791,0.3021522726708537,1862
anant| puja| 2026| khushboo| uttam,,,,,,,,,,1.0,14319.0,14319.0,134.0,3.0,2026-09-24,0.009567707242125847,0,0,1,1,0,0,0,0.0,0.0,1.0095677072421259,1.0095677072421259,0.30287031217263777,1676
anbil| avan| ashok| selvan| preity| mukhundhan| govind| vasantha,,,,,,,,,,1.0,3859077.0,3859077.0,31913.0,856.0,2026-09-17,0.008491408696950075,0,0,1,1,0,0,0,0.0,0.0,1.00849140869695,1.00849140869695,0.302547422609085,1764
andhra |  develop |  tirupati,1.0,1.0,56.0,241.0,2026-10-01 02:31:10,172.18904228222223,,,,,,,,,,,1,0,0,1,0,0,0,0.6111111111111112,0.0,0.0,0.6111111111111112,0.18333333333333335,2798
andhra |  meghalaya |  more,1.0,1.0,41.0,200.0,2026-10-01 02:26:10,172.27237561555557,,,,,,,,,,,1,0,0,1,0,0,0,0.6111111111111112,0.0,0.0,0.6111111111111112,0.18333333333333335,2798
animation| free| fire| max| naruto| shippuden,,,,,,,,,,1.0,4702602.0,4702602.0,12253.0,519.0,2026-09-16,0.002715943216117375,0,0,1,1,0,0,0,0.0,0.0,1.0027159432161175,1.0027159432161175,0.3008147829648352,2515
anjaana| anjaani| audio| paradise| nani| kayadu| lohar| anirudh,,,,,,,,,,1.0,3078028.0,3078028.0,62769.0,951.0,2026-09-21,0.020701566067625115,0,0,1,1,0,0,1,0.0,0.0,1.020701566067625,1.020701566067625,0.3062104698202875,1057
anjaana| anjaani| paradise| nani| kayadu| lohar| anirudh| ravichander,,,,,,,,,,1.0,2387937.0,2387937.0,23529.0,260.0,2026-10-03,0.009962155618008348,0,0,1,1,0,0,0,0.0,0.0,1.0099621556180083,1.0099621556180083,0.3029886466854025,1632
anjaana| anjaani| paradise| telugu,,,,,,,,,,1.0,236654.0,236654.0,3397.0,0.0,2026-09-21,0.01435428938450227,0,0,1,1,0,0,1,0.0,0.0,1.0143542893845023,1.0143542893845023,0.3043062868153507,1332
anjalibhardwaj| kahwa| janme| viral| sohar| geet| 2026,,,,,,,,,,1.0,318817.0,318817.0,1391.0,25.0,2026-09-03,0.004441419372241756,0,0,1,1,0,0,0,0.0,0.0,1.0044414193722417,1.0044414193722417,0.3013324258116725,2200
anjali| arora| ramayana| review| deeksha| sharma,,,,,,,,,,1.0,417331.0,417331.0,6395.0,385.0,2026-09-18,0.016246097222588306,0,0,1,1,0,0,1,0.0,0.0,1.0162460972225884,1.0162460972225884,0.3048738291667765,1247
anjali| arora| ramayan| joke,,,,,,,,,,1.0,1556103.0,1556103.0,27891.0,1141.0,2026-09-23,0.018656862688395306,0,0,1,1,0,0,1,0.0,0.0,1.0186568626883954,1.0186568626883954,0.3055970588065186,1150
anjali| bharti| jitiya| geet,,,,,,,,,,1.0,19485.0,19485.0,195.0,5.0,2026-10-02,0.010264305876315114,0,0,1,1,0,0,0,0.0,0.0,1.0102643058763152,1.0102643058763152,0.30307929176289455,1607
anjali| bharti| teej| special| geet| 2026,,,,,,,,,,2.0,72851.5,145703.0,277.5,7.5,2026-09-13,0.003912067699361029,0,0,1,1,0,0,0,0.0,0.0,2.003912067699361,2.003912067699361,0.6011736203098083,142
anjanna| folk| songs,,,,,,,,,,1.0,66672.0,66672.0,234.0,3.0,2026-10-05,0.00355471562275018,0,0,1,1,0,0,0,0.0,0.0,1.0035547156227502,1.0035547156227502,0.30106641468682505,2350
anju| upadhyay| amrit,,,,,,,,,,2.0,162769.0,325538.0,602.5,26.0,2026-09-12,0.003861300370463663,0,0,1,1,0,0,0,0.0,0.0,2.0038613003704637,2.0038613003704637,0.6011583901111391,143
ankiit| baliyann| legacy| amit| saini| rohtakiya| haryanvi| songs,,,,,,,,,,1.0,319589.0,319589.0,16096.0,1567.0,2026-10-06,0.05526785965724728,0,0,1,1,0,0,1,0.0,0.0,1.0552678596572473,1.0552678596572473,0.3165803578971742,343
ankitamishra| paramparik| teej| special| 2026,,,,,,,,,,1.0,94900.0,94900.0,413.0,15.0,2026-09-05,0.004510010537407798,0,0,1,1,0,0,0,0.0,0.0,1.0045100105374078,1.0045100105374078,0.3013530031612223,2183
ankush| raja| shilpi| raj| astha| singh| bhojpuri,,,,,,,,,,1.0,517276.0,517276.0,8250.0,227.0,2026-09-05,0.016387769778609486,0,0,1,1,0,0,1,0.0,0.0,1.0163877697786095,1.0163877697786095,0.30491633093358284,1239
ankush| raja| shilpi| raj| bhojpuri| 2026,,,,,,,,,,1.0,281765.0,281765.0,424.0,4.0,2026-09-18,0.0015189963267261725,0,0,1,1,0,0,0,0.0,0.0,1.0015189963267261,1.0015189963267261,0.3004556988980178,2667
ankush| raja| shivani| singh| falana| patoh| 2026,,,,,,,,,,1.0,344470.0,344470.0,1297.0,11.0,2026-09-21,0.003797137631724098,0,0,1,1,0,0,0,0.0,0.0,1.003797137631724,1.003797137631724,0.3011391412895172,2306
annakiliye| smith| asher| viky| pup| dheekshitha| albuquerque| records,,,,,,,,,,1.0,705846.0,705846.0,14819.0,600.0,2026-09-28,0.02184470833581263,0,0,1,1,0,0,1,0.0,0.0,1.0218447083358126,1.0218447083358126,0.3065534125007438,1016
annat| chaturdashi| katha| bhakti,,,,,,,,,,1.0,14142.0,14142.0,166.0,15.0,2026-09-24,0.01279875548013011,0,0,1,1,0,0,1,0.0,0.0,1.01279875548013,1.01279875548013,0.303839626644039,1416
anoop| khatana| mohanrambhajan,,,,,,,,,,1.0,55355.0,55355.0,483.0,14.0,2026-09-29,0.008978412067563906,0,0,1,1,0,0,0,0.0,0.0,1.008978412067564,1.008978412067564,0.3026935236202692,1723
anshu| priya| paramparik| karma| puja| geet,,,,,,,,,,1.0,147868.0,147868.0,535.0,18.0,2026-09-21,0.0037398220034084453,0,0,1,1,0,0,0,0.0,0.0,1.0037398220034084,1.0037398220034084,0.3011219466010225,2320
anshu| priya| teej| geet,,,,,,,,,,1.0,32464.0,32464.0,110.0,8.0,2026-09-11,0.003634795465746673,0,0,1,1,0,0,0,0.0,0.0,1.0036347954657467,1.0036347954657467,0.301090438639724,2339
anthropic |  francisco |  dinner,1.0,1.0,87.0,144.0,2026-10-03 07:52:43,118.82987561555555,,,,,,,,,,,1,0,0,1,0,0,0,0.6111111111111112,0.0,0.0,0.6111111111111112,0.18333333333333335,2798
anupam kher,,,,,,,77.0,1.0,0.77,,,,,,,,0,1,0,1,0,1,0,0.0,1.27,0.0,1.27,0.508,195
anu| dubey| kari| jitiya| baratiya| bhojpuri| geet| 2026,,,,,,,,,,1.0,526943.0,526943.0,2173.0,70.0,2026-09-25,0.004256627377154645,0,0,1,1,0,0,0,0.0,0.0,1.0042566273771547,1.0042566273771547,0.3012769882131464,2240
anu| malik| kaho| lyrics| amir| jamal,,,,,,,,,,1.0,430338.0,430338.0,1115.0,11.0,2026-09-10,0.00261654792279557,0,0,1,1,0,0,0,0.0,0.0,1.0026165479227955,1.0026165479227955,0.30078496437683866,2538
anything| franklin| shinchan| touch| turns| into| gold| diamond,,,,,,,,,,1.0,416009.0,416009.0,8377.0,110.0,2026-09-11,0.020401000939883514,0,0,1,1,0,0,1,0.0,0.0,1.0204010009398836,1.0204010009398836,0.3061203002819651,1069
apoorva| videos,,,,,,,,,,1.0,403712.0,403712.0,1125.0,60.0,2026-09-03,0.002935260779961953,0,0,1,1,0,0,0,0.0,0.0,1.002935260779962,1.002935260779962,0.30088057823398856,2477
apple pay india,,,,,,,100.0,1.0,1.0,,,,,,,,0,1,0,1,0,1,0,0.0,1.5,0.0,1.5,0.6000000000000001,174
apple |  launches |  india,2.0,1.0,48.5,48.5,2026-10-02 06:09:13,144.55487561555555,,,,,,,,,,,1,0,0,1,0,0,0,0.7222222222222222,0.0,0.0,0.7222222222222222,0.21666666666666665,2797
appointment |  soon |  decision,1.0,1.0,83.0,291.0,2026-10-08 02:25:40,4.280708948888889,,,,,,,,,,,1,0,0,1,1,0,0,0.6111111111111112,0.0,0.0,0.6111111111111112,0.18333333333333335,2798
argentina |  messi |  emotional,1.0,1.0,75.0,366.0,2026-10-07 02:18:57,28.392653393333333,,,,,,,,,,,1,0,0,1,0,0,0,0.6111111111111112,0.0,0.0,0.6111111111111112,0.18333333333333335,2798
arjan| dhillon| said| done| qarn| mallhi,,,,,,,,,,1.0,3242889.0,3242889.0,31371.0,1062.0,2026-10-06,0.0100012673884305,0,0,1,1,0,0,0,0.0,0.0,1.0100012673884304,1.0100012673884304,0.30300038021652914,1629
armaan |  accused |  umesh,1.0,1.0,94.0,148.0,2026-10-06 13:33:16,41.15404228222223,,,,,,,,,,,1,0,0,1,0,0,0,0.6111111111111112,0.0,0.0,0.6111111111111112,0.18333333333333335,2798
arman tsarukyan,,,,,,,100.0,1.0,1.0,,,,,,,,0,1,0,1,0,1,0,0.0,1.5,0.0,1.5,0.6000000000000001,174
army |  chief |  dhiraj,1.0,1.0,75.0,75.0,2026-09-29 16:21:49,206.34487561555557,,,,,,,,,,,1,0,0,1,0,0,0,0.6111111111111112,0.0,0.0,0.6111111111111112,0.18333333333333335,2798
army |  personnel |  among,1.0,1.0,58.0,147.0,2026-10-04 02:21:20,100.35293117111111,,,,,,,,,,,1,0,0,1,0,0,0,0.6111111111111112,0.0,0.0,0.6111111111111112,0.18333333333333335,2798
army| shinchan| saheed| gya| kya| hoga| indian| theft,,,,,,,,,,1.0,202035.0,202035.0,1919.0,48.0,2026-09-17,0.009735936842626278,0,0,1,1,0,0,0,0.0,0.0,1.0097359368426262,1.0097359368426262,0.30292078105278786,1659
arrest |  saurav |  leaders,1.0,1.0,80.0,429.0,2026-10-05 02:38:47,76.06209783777777,,,,,,,,,,,1,0,0,1,0,0,0,0.6111111111111112,0.0,0.0,0.6111111111111112,0.18333333333333335,2798
arrest |  senior |  prison,1.0,1.0,60.0,311.0,2026-10-07 02:32:30,28.16682006,,,,,,,,,,,1,0,0,1,0,0,0,0.6111111111111112,0.0,0.0,0.6111111111111112,0.18333333333333335,2798
arrested |  jammu |  kashmir,1.0,1.0,88.0,116.0,2026-10-04 05:46:12,96.93848672666667,,,,,,,,,,,1,0,0,1,0,0,0,0.6111111111111112,0.0,0.0,0.6111111111111112,0.18333333333333335,2798
arrested |  over |  poster,1.0,1.0,71.0,71.0,2026-10-06 06:49:06,47.890153393333335,,,,,,,,,,,1,0,0,1,0,0,0,0.6111111111111112,0.0,0.0,0.6111111111111112,0.18333333333333335,2798
arvind |  sharma |  haryana,1.0,1.0,97.0,129.0,2026-09-30 16:00:25,182.70154228222222,,,,,,,,,,,1,0,0,1,0,0,0,0.6111111111111112,0.0,0.0,0.6111111111111112,0.18333333333333335,2798
arvind| akela| kallu| mahi| mixer| sixer| chahi| bhojpuri,,,,,,,,,,1.0,548288.0,548288.0,2309.0,346.0,2026-09-18,0.004842345628574764,0,0,1,1,0,0,0,0.0,0.0,1.0048423456285747,1.0048423456285747,0.3014527036885724,2130
arvind| akela| kallu| navratri| sacha| darbar| devi| geet,,,,,,,,,,1.0,163980.0,163980.0,2687.0,89.0,2026-09-25,0.016928893767532625,0,0,1,1,0,0,1,0.0,0.0,1.0169288937675327,1.0169288937675327,0.3050786681302598,1213
arvind| marshal| ranjana| nishad| balu| ghat| raja| bhojpuri,,,,,,,,,,1.0,29711.0,29711.0,182.0,25.0,2026-09-29,0.006967116556157652,0,0,1,1,0,0,0,0.0,0.0,1.0069671165561576,1.0069671165561576,0.3020901349668473,1875
aryna sabalenka,,,,,,,43.0,1.0,0.43,,,,,,,,0,1,0,1,0,0,0,0.0,0.9299999999999999,0.0,0.9299999999999999,0.372,222
asalayavale| version| khalifa| prithviraj| malvika| jakes| bejoy| hanan,,,,,,,,,,1.0,354689.0,354689.0,4027.0,174.0,2026-09-28,0.01184417898496993,0,0,1,1,0,0,1,0.0,0.0,1.01184417898497,1.01184417898497,0.30355325369549097,1481
asarams |  wife |  about,1.0,1.0,78.0,103.0,2026-10-01 03:21:00,171.35848672666668,,,,,,,,,,,1,0,0,1,0,0,0,0.6111111111111112,0.0,0.0,0.6111111111111112,0.18333333333333335,2798
asha| bhosle| hits| dance,,,,,,,,,,1.0,563890.0,563890.0,431.0,16.0,2026-09-30,0.0007927077976201032,0,0,1,1,0,0,0,0.0,0.0,1.0007927077976202,1.0007927077976202,0.30023781233928604,2708
ashish| yadav| duniya| dushmanma| karanma,,,,,,,,,,1.0,367791.0,367791.0,1175.0,22.0,2026-09-15,0.0032545657724087863,0,0,1,1,0,0,0,0.0,0.0,1.0032545657724088,1.0032545657724088,0.30097636973172265,2401
ashish| yadav| kajal| raghwani| khushi| kakkar| chata| othlali,,,,,,,,,,1.0,226399.0,226399.0,1254.0,13.0,2026-09-14,0.005596314471353672,0,0,1,1,0,0,0,0.0,0.0,1.0055963144713538,1.0055963144713538,0.3016788943414061,2021
ashish| yadav| karma| geet| 2026| jhumar,,,,,,,,,,1.0,155050.0,155050.0,736.0,22.0,2026-09-16,0.004888745565946469,0,0,1,1,0,0,0,0.0,0.0,1.0048887455659465,1.0048887455659465,0.30146662366978394,2123
ashish| yadav| khushi| kakkar| nache| amarpali| magahi| 2026,,,,,,,,,,1.0,100720.0,100720.0,530.0,10.0,2026-09-19,0.005361397934868944,0,0,1,1,0,0,0,0.0,0.0,1.005361397934869,1.005361397934869,0.3016084193804607,2054
ashish| yadav| sweta| sargam| rokliyo| nay| karwa| maghi,,,,,,,,,,1.0,446575.0,446575.0,19999.0,1141.0,2026-09-25,0.047338073112019256,0,0,1,1,0,0,1,0.0,0.0,1.0473380731120192,1.0473380731120192,0.31420142193360573,409
ashi| chik| motyachi| maal| male| version| original| ganpati,,,,,,,,,,1.0,52023.0,52023.0,66.0,1.0,2026-09-17,0.0012878918939699749,0,0,1,1,0,0,0,0.0,0.0,1.00128789189397,1.00128789189397,0.300386367568191,2679
ashi| chik| motyachi| maal| original| urmila| kanetkar| ganpati,,,,,,,,,,1.0,76282.0,76282.0,357.0,15.0,2026-09-11,0.00487664193387693,0,0,1,1,0,0,0,0.0,0.0,1.0048766419338768,1.0048766419338768,0.301462992580163,2127
ashke| music| karan| aujla| mxrci| szn,,,,,,,,,,1.0,16426232.0,16426232.0,378737.0,17796.0,2026-09-25,0.02414022887293933,0,0,1,1,0,0,1,0.0,0.0,1.0241402288729393,1.0241402288729393,0.3072420686618818,933
ashok |  chakra |  flydubai,1.0,1.0,64.0,83.0,2026-10-07 04:12:25,26.50154228222222,,,,,,,,,,,1,0,0,1,0,0,0,0.6111111111111112,0.0,0.0,0.6111111111111112,0.18333333333333335,2798
ashtalakshmi| varuga,,,,,,,,,,2.0,76026.0,152052.0,221.0,4.5,2026-10-01,0.002966090547970431,0,0,1,1,0,0,0,0.0,0.0,2.0029660905479703,2.0029660905479703,0.6008898271643911,156
ashutosh ranka,,,,,,,68.0,1.0,0.68,,,,,,,,0,1,0,1,0,0,0,0.0,1.1800000000000002,0.0,1.1800000000000002,0.4720000000000001,202
ashutosh| shashank| shekhar| shiv| mantra| powerful| shiva| stuti,,,,,,,,,,1.0,53139.0,53139.0,358.0,15.0,2026-09-20,0.007019326671559495,0,0,1,1,0,0,0,0.0,0.0,1.0070193266715595,1.0070193266715595,0.3021057980014678,1871
asia |  traffic |  india,1.0,1.0,87.0,152.0,2026-10-07 02:29:51,28.210986726666665,,,,,,,,,,,1,0,0,1,0,0,0,0.6111111111111112,0.0,0.0,0.6111111111111112,0.18333333333333335,2798
asian games 2026 medal tally,,,,,,,100.0,2.0,1.0,,,,,,,,0,1,0,1,0,1,0,0.0,2.0,0.0,2.0,0.8,86
asian games cricket,,,,,,,61.0,1.0,0.61,,,,,,,,0,1,0,1,0,0,0,0.0,1.1099999999999999,0.0,1.1099999999999999,0.44399999999999995,207
asian games japan 2026,,,,,,,100.0,1.0,1.0,,,,,,,,0,1,0,1,0,1,0,0.0,1.5,0.0,1.5,0.6000000000000001,174
asian games kabaddi,,,,,,,100.0,1.0,1.0,,,,,,,,0,1,0,1,0,1,0,0.0,1.5,0.0,1.5,0.6000000000000001,174
asian games live,,,,,,,100.0,1.0,1.0,,,,,,,,0,1,0,1,0,1,0,0.0,1.5,0.0,1.5,0.6000000000000001,174
asian games medal tally,,,,,,,100.0,1.0,1.0,,,,,,,,0,1,0,1,0,1,0,0.0,1.5,0.0,1.5,0.6000000000000001,174
asian |  games |  champs,1.0,1.0,117.0,117.0,2026-10-06 06:52:38,47.83126450444445,,,,,,,,,,,1,0,0,1,0,0,0,0.6111111111111112,0.0,0.0,0.6111111111111112,0.18333333333333335,2798
asian |  games |  cricket,4.0,1.0,102.75,102.75,2026-10-04 06:19:38,96.38126450444445,,,,,,,,,,,1,0,0,1,0,0,0,0.9444444444444444,0.0,0.0,0.9444444444444444,0.2833333333333333,2791
asian |  games |  final,1.0,1.0,76.0,76.0,2026-10-03 05:44:55,120.95987561555555,,,,,,,,,,,1,0,0,1,0,0,0,0.6111111111111112,0.0,0.0,0.6111111111111112,0.18333333333333335,2798
asian |  games |  gold,1.0,1.0,67.0,416.0,2026-10-02 02:40:19,148.03654228222223,,,,,,,,,,,1,0,0,1,0,0,0,0.6111111111111112,0.0,0.0,0.6111111111111112,0.18333333333333335,2798
asian |  games |  hockey,1.0,1.0,110.0,110.0,2026-10-04 06:19:38,96.38126450444445,,,,,,,,,,,1,0,0,1,0,0,0,0.6111111111111112,0.0,0.0,0.6111111111111112,0.18333333333333335,2798
asian |  games |  india,5.0,1.0,82.8,82.8,2026-10-06 06:52:38,47.83126450444445,,,,,,,,,,,1,0,0,1,0,0,0,1.0555555555555556,0.0,0.0,1.0555555555555556,0.31666666666666665,342
asian |  games |  live,3.0,1.0,112.0,112.0,2026-10-03 05:44:55,120.95987561555555,,,,,,,,,,,1,0,0,1,0,0,0,0.8333333333333333,0.0,0.0,0.8333333333333333,0.24999999999999997,2795
asian |  games |  medal,3.0,1.0,112.33333333333333,112.33333333333333,2026-10-04 06:19:38,96.38126450444445,,,,,,,,,,,1,0,0,1,0,0,0,0.8333333333333333,0.0,0.0,0.8333333333333333,0.24999999999999997,2795
asian |  games |  schedule,1.0,1.0,81.0,80.0,2026-10-01 15:10:32,159.53293117111113,,,,,,,,,,,1,0,0,1,0,0,0,0.6111111111111112,0.0,0.0,0.6111111111111112,0.18333333333333335,2798
asian |  games |  sepaktakraw,1.0,1.0,98.0,98.0,2026-10-03 05:44:55,120.95987561555555,,,,,,,,,,,1,0,0,1,0,0,0,0.6111111111111112,0.0,0.0,0.6111111111111112,0.18333333333333335,2798
asian |  games |  squash,1.0,1.0,106.0,106.0,2026-10-02 06:09:13,144.55487561555555,,,,,,,,,,,1,0,0,1,0,0,0,0.6111111111111112,0.0,0.0,0.6111111111111112,0.18333333333333335,2798
asian |  games |  track,1.0,1.0,114.0,114.0,2026-10-03 05:44:55,120.95987561555555,,,,,,,,,,,1,0,0,1,0,0,0,0.6111111111111112,0.0,0.0,0.6111111111111112,0.18333333333333335,2798
asian |  games |  women,2.0,1.0,106.0,106.0,2026-10-03 05:44:55,120.95987561555555,,,,,,,,,,,1,0,0,1,0,0,0,0.7222222222222222,0.0,0.0,0.7222222222222222,0.21666666666666665,2797
asian |  games |  wrestling,1.0,1.0,96.0,96.0,2026-10-02 06:09:13,144.55487561555555,,,,,,,,,,,1,0,0,1,0,0,0,0.6111111111111112,0.0,0.0,0.6111111111111112,0.18333333333333335,2798
asks |  high |  court,1.0,1.0,93.0,93.0,2026-10-05 05:52:25,72.83487561555555,,,,,,,,,,,1,0,0,1,0,0,0,0.6111111111111112,0.0,0.0,0.6111111111111112,0.18333333333333335,2798
asks |  trial |  court,1.0,1.0,96.0,96.0,2026-10-05 07:40:13,71.0382089488889,,,,,,,,,,,1,0,0,1,0,0,0,0.6111111111111112,0.0,0.0,0.6111111111111112,0.18333333333333335,2798
assamese |  pali |  centre,1.0,1.0,75.0,74.0,2026-10-03 15:06:20,111.60293117111111,,,,,,,,,,,1,0,0,1,0,0,0,0.6111111111111112,0.0,0.0,0.6111111111111112,0.18333333333333335,2798
assassin| bodyguards| rivals| roblox,,,,,,,,,,1.0,434665.0,434665.0,8221.0,6233.0,2026-09-29,0.03325319498924459,0,0,1,1,0,0,1,0.0,0.0,1.0332531949892445,1.0332531949892445,0.30997595849677334,670
assay| passay| talwiinder| dropped| out| music,,,,,,,,,,1.0,387076.0,387076.0,19111.0,2631.0,2026-09-22,0.056169847781830956,0,0,1,1,0,0,1,0.0,0.0,1.0561698477818309,1.0561698477818309,0.31685095433454924,340
assembly |  sabha |  seats,1.0,1.0,81.0,129.0,2026-10-05 03:09:07,75.55654228222221,,,,,,,,,,,1,0,0,1,0,0,0,0.6111111111111112,0.0,0.0,0.6111111111111112,0.18333333333333335,2798
assets |  crore |  omission,1.0,1.0,83.0,156.0,2026-10-07 12:51:42,17.84682006,,,,,,,,,,,1,0,0,1,1,0,0,0.6111111111111112,0.0,0.0,0.6111111111111112,0.18333333333333335,2798
astalakshmi| stuthi,,,,,,,,,,1.0,35526.0,35526.0,183.0,14.0,2026-09-24,0.005545234476158307,0,0,1,1,0,0,0,0.0,0.0,1.0055452344761584,1.0055452344761584,0.3016635703428475,2026
astronauts |  reach |  international,1.0,1.0,81.0,50.0,2026-10-02 04:01:04,146.6907089488889,,,,,,,,,,,1,0,0,1,0,0,0,0.6111111111111112,0.0,0.0,0.6111111111111112,0.18333333333333335,2798
astronomers |  planet |  white,1.0,1.0,63.0,370.0,2026-10-06 19:24:27,35.300986726666665,,,,,,,,,,,1,0,0,1,0,0,0,0.6111111111111112,0.0,0.0,0.6111111111111112,0.18333333333333335,2798
atha| petha| azhakay| fayas| aishwarya| tamil| folk,,,,,,,,,,1.0,313484.0,313484.0,8394.0,491.0,2026-09-30,0.028342754335149482,0,0,1,1,0,0,1,0.0,0.0,1.0283427543351495,1.0283427543351495,0.3085028263005449,799
ather energy share price,,,,,,,100.0,1.0,1.0,,,,,,,,0,1,0,1,0,1,0,0.0,1.5,0.0,1.5,0.6000000000000001,174
attack |  mumbai |  terror,1.0,1.0,85.0,68.0,2026-10-08 06:02:03,0.67432006,,,,,,,,,,,1,0,0,1,1,0,0,0.6111111111111112,0.0,0.0,0.6111111111111112,0.18333333333333335,2798
attack |  omani |  pilot,1.0,1.0,101.0,113.0,2026-10-03 06:47:39,119.91432006,,,,,,,,,,,1,0,0,1,0,0,0,0.6111111111111112,0.0,0.0,0.6111111111111112,0.18333333333333335,2798
audio| tuntun| yadav| jitiya| bhukhal| badi| 2026,,,,,,,,,,3.0,241573.0,724719.0,2537.3333333333335,61.666666666666664,2026-10-02,0.010758652663998046,0,0,1,1,0,0,0,0.0,0.0,3.010758652663998,3.010758652663998,0.9032275957991993,72
audio| tuntun| yadav| prabha| raj| vishwakarma| puja| 2026,,,,,,,,,,2.0,255782.0,511564.0,2370.5,57.0,2026-09-15,0.009490503631999124,0,0,1,1,0,0,0,0.0,0.0,2.009490503631999,2.009490503631999,0.6028471510895997,111
august| 2026,,,,,,,,,,1.0,1170690.0,1170690.0,4030.0,46.0,2026-08-19,0.00348170736915836,0,0,1,1,0,0,0,0.0,0.0,1.0034817073691584,1.0034817073691584,0.3010445122107475,2367
aujla| szn| audio| karan| mxrci,,,,,,,,,,1.0,1505014.0,1505014.0,22784.0,1070.0,2026-10-01,0.015849686448099486,0,0,1,1,0,0,1,0.0,0.0,1.0158496864480995,1.0158496864480995,0.30475490593442983,1267
aurangabad |  scheme |  payment,1.0,1.0,81.0,380.0,2026-10-07 04:44:07,25.97320894888889,,,,,,,,,,,1,0,0,1,0,0,0,0.6111111111111112,0.0,0.0,0.6111111111111112,0.18333333333333335,2798
australia |  wedding |  guests,1.0,1.0,80.0,80.0,2026-10-06 10:32:40,44.164042282222226,,,,,,,,,,,1,0,0,1,0,0,0,0.6111111111111112,0.0,0.0,0.6111111111111112,0.18333333333333335,2798
automotive |  nitin |  gadkari,1.0,1.0,94.0,153.0,2026-09-30 13:59:05,184.72376450444446,,,,,,,,,,,1,0,0,1,0,0,0,0.6111111111111112,0.0,0.0,0.6111111111111112,0.18333333333333335,2798
auto| headshot| guns| free| fire| tonde| gamer,,,,,,,,,,1.0,613898.0,613898.0,21778.0,1364.0,2026-10-01,0.037696816083453606,0,0,1,1,0,0,1,0.0,0.0,1.0376968160834537,1.0376968160834537,0.3113090448250361,565
avaraachan| sons| biju| menon| listin| stephen| thamby,,,,,,,,,,1.0,804790.0,804790.0,5270.0,203.0,2026-09-22,0.006800531815753178,0,0,1,1,0,0,0,0.0,0.0,1.0068005318157531,1.0068005318157531,0.3020401595447259,1890
avenge |  gaza |  omani,1.0,1.0,72.0,72.0,2026-10-06 04:10:16,50.53737561555556,,,,,,,,,,,1,0,0,1,0,0,0,0.6111111111111112,0.0,0.0,0.6111111111111112,0.18333333333333335,2798
avengers endgame encore,,,,,,,22.0,1.0,0.22,,,,,,,,0,1,0,1,0,0,0,0.0,0.72,0.0,0.72,0.288,2790
avengers| doomsday| extinction| concept| marvel| studios,,,,,,,,,,1.0,2757481.0,2757481.0,20414.0,413.0,2026-09-30,0.007552907889483191,0,0,1,1,0,0,0,0.0,0.0,1.0075529078894832,1.0075529078894832,0.30226587236684493,1824
avengers| doomsday| superhero| news| 353,,,,,,,,,,1.0,132008.0,132008.0,4934.0,228.0,2026-09-21,0.03910369068541301,0,0,1,1,0,0,1,0.0,0.0,1.039103690685413,1.039103690685413,0.31173110720562386,524
aviation |  dgca |  carry,1.0,1.0,81.0,152.0,2026-10-05 02:01:59,76.6754311711111,,,,,,,,,,,1,0,0,1,0,0,0,0.6111111111111112,0.0,0.0,0.6111111111111112,0.18333333333333335,2798
award |  scholarships |  annually,1.0,1.0,74.0,68.0,2026-10-07 04:59:41,25.713764504444445,,,,,,,,,,,1,0,0,1,0,0,0,0.6111111111111112,0.0,0.0,0.6111111111111112,0.18333333333333335,2798
axar patel,,,,,,,100.0,1.0,1.0,,,,,,,,0,1,0,1,0,1,0,0.0,1.5,0.0,1.5,0.6000000000000001,174
ayeba| awm| odia| movie| sambalpuri| joydev| cookies| swain,,,,,,,,,,1.0,201163.0,201163.0,5732.0,439.0,2026-09-30,0.030676615480978112,0,0,1,1,0,0,1,0.0,0.0,1.030676615480978,1.030676615480978,0.3092029846442934,740
aye| momino| niaz| dilao| imam| lyric| mohammed| rafi,,,,,,,,,,1.0,27011.0,27011.0,57.0,0.0,2026-09-24,0.002110251379067787,0,0,1,1,0,0,0,0.0,0.0,1.0021102513790678,1.0021102513790678,0.30063307541372036,2608
ayra| starr| heaven| baby| zayn,,,,,,,,,,1.0,2466608.0,2466608.0,121583.0,6648.0,2026-10-05,0.05198677698280391,0,0,1,1,0,0,1,0.0,0.0,1.051986776982804,1.051986776982804,0.3155960330948412,365
ayushman bharat,,,,,,,35.0,1.0,0.35,,,,,,,,0,1,0,1,0,0,0,0.0,0.85,0.0,0.85,0.34,236
baba| niddura| levayya,,,,,,,,,,1.0,18365.0,18365.0,83.0,8.0,2026-09-09,0.004955077593248026,0,0,1,1,0,0,0,0.0,0.0,1.004955077593248,1.004955077593248,0.3014865232779744,2107
baba| niddura| levayya| shiridi| sai| songs| telugu,,,,,,,,,,1.0,17091.0,17091.0,68.0,0.0,2026-10-07,0.003978702240945527,0,0,1,1,0,0,0,0.0,0.0,1.0039787022409454,1.0039787022409454,0.3011936106722836,2278
baba| ramdev| aarti| mita| chauhan| ramdevpir,,,,,,,,,,1.0,12517.0,12517.0,138.0,2.0,2026-09-11,0.011184788687385157,0,0,1,1,0,0,1,0.0,0.0,1.0111847886873853,1.0111847886873853,0.30335543660621556,1538
babbu| maan| hooligan| latest| punjabi| 2026,,,,,,,,,,1.0,1298306.0,1298306.0,18822.0,7144.0,2026-10-01,0.019999907571866725,0,0,1,1,0,0,1,0.0,0.0,1.0199999075718666,1.0199999075718666,0.30599997227156,1090
babita| yadav| 2026| chaurchan,,,,,,,,,,1.0,296587.0,296587.0,1214.0,37.0,2026-09-12,0.004217986627869731,0,0,1,1,0,0,0,0.0,0.0,1.0042179866278698,1.0042179866278698,0.30126539598836094,2245
baby| die| huma| qureshi| chunky| pandey| saqib| saleem,,,,,,,,,,1.0,565941.0,565941.0,2400.0,99.0,2026-09-23,0.004415654635377186,0,0,1,1,0,0,0,0.0,0.0,1.0044156546353773,1.0044156546353773,0.30132469639061316,2205
baby| yellow| khele| shortsfeed| shortslive| babyinyellow| shorts| live,,,,,,,,,,1.0,870083.0,870083.0,4712.0,0.0,2026-09-14,0.005415575295690181,0,0,1,1,0,0,0,0.0,0.0,1.0054155752956901,1.0054155752956901,0.301624672588707,2046
back,,,,,,,,,,2.0,2070418.5,4140837.0,17128.5,20.5,2026-09-25,0.008282866483273792,0,0,1,1,0,0,0,0.0,0.0,2.008282866483274,2.008282866483274,0.6024848599449821,114
back |  india |  begin,1.0,1.0,94.0,94.0,2026-10-05 06:12:26,72.50126450444445,,,,,,,,,,,1,0,0,1,0,0,0,0.6111111111111112,0.0,0.0,0.6111111111111112,0.18333333333333335,2798
back| booyah| tsk| freefireprank| freefirelive| totalgaming| tskff,,,,,,,,,,1.0,585588.0,585588.0,3428.0,1.0,2026-10-07,0.005855652779770077,0,0,1,1,0,0,0,0.0,0.0,1.0058556527797702,1.0058556527797702,0.30175669583393105,1997
back| ladakh| bgmi| live| crate| opening| insta,,,,,,,,,,1.0,498838.0,498838.0,15014.0,28.0,2026-09-22,0.030154078077451997,0,0,1,1,0,0,1,0.0,0.0,1.030154078077452,1.030154078077452,0.3090462234232356,747
badals |  captain |  pargat,1.0,1.0,81.0,81.0,2026-10-03 05:44:55,120.95987561555555,,,,,,,,,,,1,0,0,1,0,0,0,0.6111111111111112,0.0,0.0,0.6111111111111112,0.18333333333333335,2798
badass,,,,,,,,,,1.0,785123.0,785123.0,22066.0,525.0,2026-10-06,0.02877383543724996,0,0,1,1,0,0,1,0.0,0.0,1.02877383543725,1.02877383543725,0.308632150631175,781
badli| lage| sapna| chaudhary| lyrical| vicky| kajla| haryanvi,,,,,,,,,,1.0,216161.0,216161.0,595.0,4.0,2026-09-22,0.0027710826652356346,0,0,1,1,0,0,0,0.0,0.0,1.0027710826652356,1.0027710826652356,0.3008313247995707,2512
bail| shiva| rajkumar| pavan| wadeyar| kvn| productions,,,,,,,,,,1.0,2877005.0,2877005.0,27721.0,932.0,2026-09-20,0.009959315329657057,0,0,1,1,0,0,0,0.0,0.0,1.009959315329657,1.009959315329657,0.30298779459889713,1633
bajrang| baan| lyrics| powerful| hanuman| stotra| bhakti| protection,,,,,,,,,,1.0,74164.0,74164.0,657.0,22.0,2026-09-28,0.009155385362170325,0,0,1,1,0,0,0,0.0,0.0,1.0091553853621704,1.0091553853621704,0.3027466156086511,1716
baj| rahe| hain| dhol| nagade| ganesh| bhajan| 2026,,,,,,,,,,1.0,329268.0,329268.0,3454.0,122.0,2026-09-10,0.01086045409818142,0,0,1,1,0,0,1,0.0,0.0,1.0108604540981814,1.0108604540981814,0.3032581362294544,1560
balaghat |  madhya |  pradesh,1.0,1.0,81.0,81.0,2026-10-01 06:33:17,168.15376450444447,,,,,,,,,,,1,0,0,1,0,0,0,0.6111111111111112,0.0,0.0,0.6111111111111112,0.18333333333333335,2798
balamuwa| ballam| latest| bhojpuri| 2024| samar| singh| namrita,,,,,,,,,,1.0,312863.0,312863.0,1046.0,15.0,2026-08-26,0.003391260711557455,0,0,1,1,0,0,0,0.0,0.0,1.0033912607115574,1.0033912607115574,0.3010173782134672,2378
ballot |  babas |  booth,1.0,1.0,63.0,63.0,2026-10-01 12:51:26,161.85126450444446,,,,,,,,,,,1,0,0,1,0,0,0,0.6111111111111112,0.0,0.0,0.6111111111111112,0.18333333333333335,2798
banere,,,,,,,,,,1.0,537921.0,537921.0,8993.0,258.0,2026-09-21,0.01719769259798372,0,0,1,1,0,0,1,0.0,0.0,1.0171976925979838,1.0171976925979838,0.3051593077793951,1202
banerjee |  medical |  mamata,1.0,1.0,87.0,115.0,2026-10-05 14:29:59,64.20876450444445,,,,,,,,,,,1,0,0,1,0,0,0,0.6111111111111112,0.0,0.0,0.6111111111111112,0.18333333333333335,2798
banjaare| barsaat| music| her| side| story,,,,,,,,,,1.0,519351.0,519351.0,21997.0,1748.0,2026-09-11,0.04572052426971355,0,0,1,1,0,0,1,0.0,0.0,1.0457205242697136,1.0457205242697136,0.31371615728091407,426
bank |  baroda |  these,1.0,1.0,80.0,79.0,2026-10-08 06:36:27,0.10098672666666667,,,,,,,,,,,1,0,0,1,1,0,0,0.6111111111111112,0.0,0.0,0.6111111111111112,0.18333333333333335,2798
bank |  holidays |  october,1.0,1.0,80.0,144.0,2026-09-30 15:19:39,183.3809867266667,,,,,,,,,,,1,0,0,1,0,0,0,0.6111111111111112,0.0,0.0,0.6111111111111112,0.18333333333333335,2798
bank |  staffer |  arbitrations,1.0,1.0,44.0,306.0,2026-10-07 02:22:30,28.333486726666667,,,,,,,,,,,1,0,0,1,0,0,0,0.6111111111111112,0.0,0.0,0.6111111111111112,0.18333333333333335,2798
bank| todd| comeback| promotions,,,,,,,,,,1.0,589310.0,589310.0,11836.0,45.0,2026-10-07,0.02016086609763961,0,0,1,1,0,0,1,0.0,0.0,1.0201608660976396,1.0201608660976396,0.30604825982929185,1077
bansuriya| yehi| pukare| balmaa| lyrical| ayesha| jhulka| kumar,,,,,,,,,,1.0,890649.0,890649.0,1093.0,34.0,2026-09-10,0.001265369410396239,0,0,1,1,0,0,0,0.0,0.0,1.0012653694103963,1.0012653694103963,0.30037961082311887,2681
bappa| aaya| krish| mondal| music| ganesh| chaturthi| special,,,,,,,,,,1.0,429960.0,429960.0,4381.0,200.0,2026-09-08,0.010654479486463857,0,0,1,1,0,0,0,0.0,0.0,1.0106544794864638,1.0106544794864638,0.30319634384593913,1580
bappa| chalale| aaplya| gavala| ganpati| visarjan| 2026| akash,,,,,,,,,,1.0,419919.0,419919.0,1561.0,33.0,2026-09-25,0.0037959701752004553,0,0,1,1,0,0,0,0.0,0.0,1.0037959701752004,1.0037959701752004,0.3011387910525601,2307
bappa| chalale| aaplya| gavala| soundcheck| ganpati| visarjan| shubham,,,,,,,,,,1.0,177842.0,177842.0,592.0,14.0,2026-09-25,0.003407519033749058,0,0,1,1,0,0,0,0.0,0.0,1.003407519033749,1.003407519033749,0.3010222557101247,2373
bappa| chalale| aaplya| gavala| sound| check| saurabh| digras,,,,,,,,,,2.0,28393.0,56786.0,121.5,0.5,2026-09-25,0.004296833726622759,0,0,1,1,0,0,0,0.0,0.0,2.004296833726623,2.004296833726623,0.6012890501179868,139
bappa| morya| ganpati| balaji| jahire,,,,,,,,,,1.0,106731.0,106731.0,304.0,13.0,2026-09-17,0.0029700836682875643,0,0,1,1,0,0,0,0.0,0.0,1.0029700836682875,1.0029700836682875,0.30089102510048626,2467
bappa| morya| parul| rathva| ganpati| 2026,,,,,,,,,,1.0,217810.0,217810.0,2480.0,37.0,2026-09-14,0.011555943253294156,0,0,1,1,0,0,1,0.0,0.0,1.0115559432532941,1.0115559432532941,0.3034667829759882,1503
barapullah |  loop |  ripple,1.0,1.0,117.0,137.0,2026-10-03 05:26:49,121.26154228222222,,,,,,,,,,,1,0,0,1,0,0,0,0.6111111111111112,0.0,0.0,0.6111111111111112,0.18333333333333335,2798
barbadi| hoi| vishwakarma| puja| gana,,,,,,,,,,1.0,75405.0,75405.0,786.0,13.0,2026-09-12,0.010596114316026788,0,0,1,1,0,0,0,0.0,0.0,1.0105961143160267,1.0105961143160267,0.303178834294808,1582
bari,,,,,,,,,,1.0,285459.0,285459.0,4310.0,0.0,2026-09-17,0.015098490501262878,0,0,1,1,0,0,1,0.0,0.0,1.0150984905012628,1.0150984905012628,0.30452954715037883,1299
bari| music| nijjar| autobiography| latest| punjabi| 2026,,,,,,,,,,1.0,13530530.0,13530530.0,175564.0,5544.0,2026-09-18,0.013385137167575846,0,0,1,1,0,0,1,0.0,0.0,1.013385137167576,1.013385137167576,0.3040155411502728,1389
barriers |  eight |  dhaba,1.0,1.0,81.0,126.0,2026-09-30 10:25:32,188.28293117111113,,,,,,,,,,,1,0,0,1,0,0,0,0.6111111111111112,0.0,0.0,0.6111111111111112,0.18333333333333335,2798
bars |  generated |  patient,1.0,1.0,82.0,82.0,2026-10-08 05:10:05,1.5404311711111112,,,,,,,,,,,1,0,0,1,1,0,0,0.6111111111111112,0.0,0.0,0.6111111111111112,0.18333333333333335,2798
baseless |  indian |  government,1.0,1.0,93.0,93.0,2026-10-08 06:38:34,0.06570894888888888,,,,,,,,,,,1,0,0,1,1,0,0,0.6111111111111112,0.0,0.0,0.6111111111111112,0.18333333333333335,2798
baseless |  misconceived |  centre,2.0,2.0,99.5,111.0,2026-10-08 06:38:34,0.06570894888888888,,,,,,,,,,,1,0,0,1,1,0,0,1.2222222222222223,0.0,0.0,1.2222222222222223,0.3666666666666667,223
baseless |  misconceived |  govt,1.0,1.0,75.0,94.0,2026-10-08 04:34:03,2.1409867266666667,,,,,,,,,,,1,0,0,1,1,0,0,0.6111111111111112,0.0,0.0,0.6111111111111112,0.18333333333333335,2798
baththa| vijay| sethupathi| atlee| saiabhyankkar| balaji| tharaneetharan,,,,,,,,,,1.0,6515797.0,6515797.0,12715.0,273.0,2026-09-25,0.0019933094907652895,0,0,1,1,0,0,0,0.0,0.0,1.0019933094907654,1.0019933094907654,0.3005979928472296,2625
baththa| vijay| sethupathi| lijo| mol| atlee| saiabhyankkar| balaji,,,,,,,,,,1.0,970603.0,970603.0,17240.0,604.0,2026-09-24,0.018384447606281867,0,0,1,1,0,0,1,0.0,0.0,1.0183844476062818,1.0183844476062818,0.30551533428188454,1157
bawaal| hogya| after| win| crying| mom| stage| bgmi,,,,,,,,,,1.0,176530.0,176530.0,4039.0,373.0,2026-09-06,0.0249929190505863,0,0,1,1,0,0,1,0.0,0.0,1.0249929190505862,1.0249929190505862,0.30749787571517584,900
bbc,,,,,,,,,,1.0,249914.0,249914.0,4325.0,45.0,2026-09-09,0.017486015189225095,0,0,1,1,0,0,1,0.0,0.0,1.017486015189225,1.017486015189225,0.30524580455676753,1187
beauty| pandey| hamro| bhawani| maiya| bhojpuri| devi| geet,,,,,,,,,,1.0,68086.0,68086.0,1084.0,46.0,2026-09-25,0.016596657168874658,0,0,1,1,0,0,1,0.0,0.0,1.0165966571688747,1.0165966571688747,0.3049789971506624,1227
beauty| pandey| lage| nazarwa| navratri| 2026,,,,,,,,,,1.0,45929.0,45929.0,1053.0,40.0,2026-09-28,0.02379760064447299,0,0,1,1,0,0,1,0.0,0.0,1.023797600644473,1.023797600644473,0.30713928019334186,951
beauty| pandey| pakad| hath| maiya| bhojpuri| devi| geet,,,,,,,,,,1.0,63579.0,63579.0,932.0,41.0,2026-09-25,0.015303795278315166,0,0,1,1,0,0,1,0.0,0.0,1.0153037952783153,1.0153037952783153,0.30459113858349457,1287
beauty| pandey| premwa| bhokhi| maiya| navratri| 2026,,,,,,,,,,1.0,35521.0,35521.0,704.0,21.0,2026-10-01,0.020410461417189833,0,0,1,1,0,0,1,0.0,0.0,1.0204104614171898,1.0204104614171898,0.3061231384251569,1067
becamed| god| scary| monsters,,,,,,,,,,1.0,225727.0,225727.0,3042.0,126.0,2026-10-02,0.01403465247843634,0,0,1,1,0,0,1,0.0,0.0,1.0140346524784363,1.0140346524784363,0.30421039574353087,1353
became| admin| troll| noobs| steal| egg| roblox,,,,,,,,,,1.0,394250.0,394250.0,6067.0,916.0,2026-09-10,0.017712111604311985,0,0,1,1,0,0,1,0.0,0.0,1.017712111604312,1.017712111604312,0.3053136334812936,1182
became| biggest| gangstar,,,,,,,,,,1.0,2544795.0,2544795.0,47139.0,7305.0,2026-09-20,0.02139425769069807,0,0,1,1,0,0,1,0.0,0.0,1.021394257690698,1.021394257690698,0.3064182773072094,1037
became| bounty| hunter| hardcore| civilization,,,,,,,,,,1.0,231114.0,231114.0,8098.0,350.0,2026-09-16,0.036553389236480695,0,0,1,1,0,0,1,0.0,0.0,1.0365533892364807,1.0365533892364807,0.3109660167709442,589
became| dumpling| squishy| annoy| friends,,,,,,,,,,1.0,838558.0,838558.0,10128.0,390.0,2026-10-06,0.012542960653884406,0,0,1,1,0,0,1,0.0,0.0,1.0125429606538845,1.0125429606538845,0.3037628881961653,1427
became| fastest| player| steal| egg| roblox,,,,,,,,,,1.0,311851.0,311851.0,6084.0,1491.0,2026-10-01,0.024290446399081612,0,0,1,1,0,0,1,0.0,0.0,1.0242904463990816,1.0242904463990816,0.30728713391972445,924
became| india| desert| eagle| shield| gun| player,,,,,,,,,,1.0,409535.0,409535.0,15231.0,731.0,2026-09-13,0.0389759117047383,0,0,1,1,0,0,1,0.0,0.0,1.0389759117047384,1.0389759117047384,0.3116927735114215,529
became| monster| hide| steal| egg| roblox,,,,,,,,,,1.0,496850.0,496850.0,8688.0,8438.0,2026-09-15,0.03446915568078897,0,0,1,1,0,0,1,0.0,0.0,1.034469155680789,1.034469155680789,0.31034074670423667,641
became| nightmare| manhunt| smp| minecraft,,,,,,,,,,1.0,606120.0,606120.0,29046.0,1606.0,2026-09-12,0.050570844057282384,0,0,1,1,0,0,1,0.0,0.0,1.0505708440572823,1.0505708440572823,0.3151712532171847,379
became| president| roblox| rivals,,,,,,,,,,1.0,507365.0,507365.0,7510.0,10318.0,2026-09-16,0.035138411202980106,0,0,1,1,0,0,1,0.0,0.0,1.03513841120298,1.03513841120298,0.31054152336089397,626
became| rich| making| endless| popcorn,,,,,,,,,,1.0,153490.0,153490.0,4533.0,415.0,2026-09-27,0.032236627793341584,0,0,1,1,0,0,1,0.0,0.0,1.0322366277933417,1.0322366277933417,0.3096709883380025,698
became| spiderman| steal| eggs| egg| roblox,,,,,,,,,,1.0,265837.0,265837.0,4402.0,1338.0,2026-09-26,0.0215921786658742,0,0,1,1,0,0,1,0.0,0.0,1.0215921786658742,1.0215921786658742,0.30647765359976226,1024
became| spiderman| steal| egg| roblox,,,,,,,,,,1.0,155080.0,155080.0,4051.0,264.0,2026-09-19,0.02782434872323962,0,0,1,1,0,0,1,0.0,0.0,1.0278243487232397,1.0278243487232397,0.3083473046169719,824
became| strongest| build| kill| zombies| roblox,,,,,,,,,,1.0,588436.0,588436.0,14624.0,643.0,2026-10-06,0.025945047549776015,0,0,1,1,0,0,1,0.0,0.0,1.025945047549776,1.025945047549776,0.3077835142649328,869
became| strongest| player| loot| forge| roblox,,,,,,,,,,1.0,449379.0,449379.0,14167.0,765.0,2026-09-26,0.033228076968438665,0,0,1,1,0,0,1,0.0,0.0,1.0332280769684388,1.0332280769684388,0.30996842309053163,671
became| strongest| wrestler| steal| friends| egg| roblox,,,,,,,,,,1.0,244751.0,244751.0,3126.0,268.0,2026-09-29,0.013867154781798645,0,0,1,1,0,0,1,0.0,0.0,1.0138671547817986,1.0138671547817986,0.30416014643453954,1361
became| wolverine| game| good| bad,,,,,,,,,,1.0,588119.0,588119.0,18026.0,1656.0,2026-09-19,0.03346601623140895,0,0,1,1,0,0,1,0.0,0.0,1.0334660162314089,1.0334660162314089,0.3100398048694227,666
become| god| terror| minecraft,,,,,,,,,,1.0,1514712.0,1514712.0,15196.0,438.0,2026-09-30,0.010321434041586783,0,0,1,1,0,0,0,0.0,0.0,1.0103214340415867,1.0103214340415867,0.303096430212476,1602
become| illegal| football| player| roblox,,,,,,,,,,1.0,73115.0,73115.0,1975.0,196.0,2026-10-01,0.02969294946317445,0,0,1,1,0,0,1,0.0,0.0,1.0296929494631744,1.0296929494631744,0.3089078848389523,759
become| man| utd| manager,,,,,,,,,,1.0,1127775.0,1127775.0,29131.0,1738.0,2026-09-16,0.02737159451131653,0,0,1,1,0,0,1,0.0,0.0,1.0273715945113164,1.0273715945113164,0.3082114783533949,831
become| spiderman| minecraft,,,,,,,,,,1.0,1066165.0,1066165.0,12323.0,946.0,2026-09-05,0.012445540793404397,0,0,1,1,0,0,1,0.0,0.0,1.0124455407934043,1.0124455407934043,0.3037336622380213,1435
become| venom| troll| friends| minecraft,,,,,,,,,,1.0,1214731.0,1214731.0,13231.0,531.0,2026-09-15,0.011329257259426162,0,0,1,1,0,0,1,0.0,0.0,1.0113292572594261,1.0113292572594261,0.3033987771778278,1528
becoming| best| player| roblox| rivals,,,,,,,,,,1.0,219051.0,219051.0,4434.0,2921.0,2026-09-15,0.033576655664662565,0,0,1,1,0,0,1,0.0,0.0,1.0335766556646626,1.0335766556646626,0.31007299669939875,664
beech| bawar| mai| kashtii,,,,,,,,,,1.0,17808.0,17808.0,35.0,2.0,2026-09-30,0.002077717879604672,0,0,1,1,0,0,0,0.0,0.0,1.0020777178796048,1.0020777178796048,0.3006233153638814,2610
beginning| radiant| smp| day,,,,,,,,,,1.0,817465.0,817465.0,25965.0,1178.0,2026-09-26,0.03320386805551308,0,0,1,1,0,0,1,0.0,0.0,1.0332038680555131,1.0332038680555131,0.30996116041665395,673
being |  planned |  dipke,1.0,1.0,95.0,150.0,2026-10-06 12:50:13,41.87154228222222,,,,,,,,,,,1,0,0,1,0,0,0,0.6111111111111112,0.0,0.0,0.6111111111111112,0.18333333333333335,2798
being |  woman |  drugged,1.0,1.0,70.0,104.0,2026-10-05 04:30:25,74.20154228222222,,,,,,,,,,,1,0,0,1,0,0,0,0.6111111111111112,0.0,0.0,0.6111111111111112,0.18333333333333335,2798
bel| gada| sariya| pune| maharashtra,,,,,,,,,,1.0,1590412.0,1590412.0,1629.0,0.0,2026-09-18,0.0010242628954006887,0,0,1,1,0,0,0,0.0,0.0,1.0010242628954007,1.0010242628954007,0.3003072788686202,2697
bengal |  bypolls |  ajup,1.0,1.0,82.0,101.0,2026-10-06 03:15:13,51.45487561555556,,,,,,,,,,,1,0,0,1,0,0,0,0.6111111111111112,0.0,0.0,0.6111111111111112,0.18333333333333335,2798
bengal |  chief |  gupta,1.0,1.0,64.0,102.0,2026-10-07 03:07:52,27.577375615555553,,,,,,,,,,,1,0,0,1,0,0,0,0.6111111111111112,0.0,0.0,0.6111111111111112,0.18333333333333335,2798
bengali| film| romantic| chokher| aloye| bappi| lahiri| tapas,,,,,,,,,,1.0,199598.0,199598.0,604.0,9.0,2026-09-24,0.003071173057846271,0,0,1,1,0,0,0,0.0,0.0,1.0030711730578463,1.0030711730578463,0.30092135191735386,2445
bengali| film| romantic| mon| mane| deepa| narayan| prasenjit,,,,,,,,,,1.0,81370.0,81370.0,527.0,6.0,2026-09-23,0.006550325672852402,0,0,1,1,0,0,0,0.0,0.0,1.0065503256728523,1.0065503256728523,0.3019650977018557,1909
bengaluru |  trainer |  killed,1.0,1.0,81.0,79.0,2026-10-05 10:26:00,68.27515339333334,,,,,,,,,,,1,0,0,1,0,0,0,0.6111111111111112,0.0,0.0,0.6111111111111112,0.18333333333333335,2798
benjamin ito-davis,,,,,,,52.0,1.0,0.52,,,,,,,,0,1,0,1,0,0,0,0.0,1.02,0.0,1.02,0.40800000000000003,214
benjamin šeško,,,,,,,100.0,1.0,1.0,,,,,,,,0,1,0,1,0,1,0,0.0,1.5,0.0,1.5,0.6000000000000001,174
ben| god| gta,,,,,,,,,,1.0,223673.0,223673.0,1505.0,30.0,2026-09-14,0.006862696883396744,0,0,1,1,0,0,0,0.0,0.0,1.0068626968833967,1.0068626968833967,0.302058809065019,1880
beporoya| adrit| aryaa| abhirup| ghosh| arindom| svf,,,,,,,,,,1.0,855827.0,855827.0,34437.0,5426.0,2026-09-10,0.04657833884651921,0,0,1,1,0,0,1,0.0,0.0,1.0465783388465193,1.0465783388465193,0.31397350165395577,419
best |  buys |  global,1.0,1.0,91.0,91.0,2026-10-03 05:44:55,120.95987561555555,,,,,,,,,,,1,0,0,1,0,0,0,0.6111111111111112,0.0,0.0,0.6111111111111112,0.18333333333333335,2798
best |  restaurants |  india,1.0,1.0,55.0,55.0,2026-10-06 06:52:38,47.83126450444445,,,,,,,,,,,1,0,0,1,0,0,0,0.6111111111111112,0.0,0.0,0.6111111111111112,0.18333333333333335,2798
best| golden| 90s| malayalam| songs| evergreen| romantic| melodies,,,,,,,,,,1.0,57443.0,57443.0,110.0,4.0,2026-09-25,0.0019845760144839232,0,0,1,1,0,0,0,0.0,0.0,1.0019845760144839,1.0019845760144839,0.3005953728043452,2627
best| krishna| bhajans| hare| bhajan| bangla,,,,,,,,,,1.0,174811.0,174811.0,1051.0,50.0,2026-09-04,0.006298230660541956,0,0,1,1,0,0,0,0.0,0.0,1.006298230660542,1.006298230660542,0.30188946919816256,1941
best| old| hindi| songs| everest| classic| sadabahar| gaane,,,,,,,,,,1.0,129820.0,129820.0,482.0,13.0,2026-09-24,0.0038129718071175473,0,0,1,1,0,0,0,0.0,0.0,1.0038129718071176,1.0038129718071176,0.3011438915421353,2304
bethlehem| kudumba| unit| malayalam| nivin| pauly| mamitha| baiju,,,,,,,,,,1.0,4394383.0,4394383.0,13565.0,541.0,2026-09-10,0.003210006956608015,0,0,1,1,0,0,0,0.0,0.0,1.0032100069566081,1.0032100069566081,0.3009630020869824,2417
bethlehem| kudumba| unit| nivin| pauly| mamitha| baiju| oct,,,,,,,,,,1.0,336239.0,336239.0,3164.0,180.0,2026-09-27,0.00994530676096467,0,0,1,1,0,0,0,0.0,0.0,1.0099453067609647,1.0099453067609647,0.3029835920282894,1636
beyond |  advocacy |  govt,1.0,1.0,74.0,93.0,2026-10-04 17:47:29,84.91709783777777,,,,,,,,,,,1,0,0,1,0,0,0,0.6111111111111112,0.0,0.0,0.6111111111111112,0.18333333333333335,2798
bgmi| masters| series| live| grand| finals| champion,,,,,,,,,,1.0,396650.0,396650.0,4547.0,12.0,2026-09-06,0.011493760242026975,0,0,1,1,0,0,1,0.0,0.0,1.011493760242027,1.011493760242027,0.3034481280726081,1513
bgmi| update| here| midnight| hunters| theme| mode| gameplay,,,,,,,,,,1.0,29590.0,29590.0,0.0,5.0,2026-09-23,0.00016897600540723216,0,0,1,1,0,0,0,0.0,0.0,1.0001689760054073,1.0001689760054073,0.30005069280162217,2734
bhabhi| tabaahi| nayyi| navelli| yami| gautam| addinath| neeti,,,,,,,,,,1.0,2774968.0,2774968.0,4686.0,194.0,2026-09-25,0.0017585788376658757,0,0,1,1,0,0,0,0.0,0.0,1.001758578837666,1.001758578837666,0.3005275736512998,2648
bhadarvi| bij| special| 2026| non| stop| ramdevpir| bhajan,,,,,,,,,,1.0,7052.0,7052.0,125.0,7.0,2026-09-12,0.01871809415768576,0,0,1,1,0,0,1,0.0,0.0,1.0187180941576857,1.0187180941576857,0.3056154282473057,1148
bhadohi |  uttar |  pradesh,1.0,1.0,69.0,99.0,2026-10-05 02:13:05,76.49043117111111,,,,,,,,,,,1,0,0,1,0,0,0,0.6111111111111112,0.0,0.0,0.6111111111111112,0.18333333333333335,2798
bhagavan| saranam| bhagavathi| ayyappa| swamy| bhakti| songs| telugu,,,,,,,,,,1.0,9055.0,9055.0,87.0,3.0,2026-09-29,0.009939260077305357,0,0,1,1,0,0,0,0.0,0.0,1.0099392600773054,1.0099392600773054,0.3029817780231916,1638
bhagavan| saranam| bhagavathi| telugu| ayyappa| swamy| songs,,,,,,,,,,1.0,24274.0,24274.0,123.0,3.0,2026-09-22,0.005190739062371262,0,0,1,1,0,0,0,0.0,0.0,1.0051907390623713,1.0051907390623713,0.3015572217187114,2070
bheegi| hui| hai| raat| magar,,,,,,,,,,1.0,157059.0,157059.0,350.0,0.0,2026-09-19,0.0022284619155858625,0,0,1,1,0,0,0,0.0,0.0,1.002228461915586,1.002228461915586,0.30066853857467574,2591
bhimacha| panthar| jaga| aahe| jaybhim| ambedkar| trending,,,,,,,,,,1.0,120545.0,120545.0,6745.0,501.0,2026-09-05,0.0601103322410718,0,0,1,1,0,0,1,0.0,0.0,1.0601103322410719,1.0601103322410719,0.3180330996723216,325
bhiu| nako| mana,,,,,,,,,,1.0,10614.0,10614.0,36.0,0.0,2026-09-28,0.0033917467495760316,0,0,1,1,0,0,0,0.0,0.0,1.003391746749576,1.003391746749576,0.3010175240248728,2377
bhi| kasmein| khai| thi| humne| raaz| bipasha| basu,,,,,,,,,,1.0,138331.0,138331.0,638.0,5.0,2026-10-05,0.004648271175658384,0,0,1,1,0,0,0,0.0,0.0,1.0046482711756584,1.0046482711756584,0.3013944813526975,2156
bhi| kasmein| songs| raaz| bipasha| basu| dino| morea,,,,,,,,,,1.0,256923.0,256923.0,1221.0,13.0,2026-09-23,0.004802995449998637,0,0,1,1,0,0,0,0.0,0.0,1.0048029954499986,1.0048029954499986,0.30144089863499957,2133
bhogi| sharwanand| anupama| sampath| nandi,,,,,,,,,,1.0,119779.0,119779.0,1046.0,0.0,2026-10-04,0.008732749480292873,0,0,1,1,0,0,0,0.0,0.0,1.008732749480293,1.008732749480293,0.30261982484408784,1740
bhogi| teaser| sharwanand| sampath| nandi| anupama| dimple| hayathi,,,,,,,,,,1.0,7333169.0,7333169.0,87069.0,2141.0,2026-10-04,0.012165272612699911,0,0,1,1,0,0,1,0.0,0.0,1.0121652726127,1.0121652726127,0.30364958178380996,1458
bhojpuri,,,,,,,,,,2.0,323870.5,647741.0,1003.0,8.0,2026-09-04,0.00312161805412966,0,0,1,1,0,0,0,0.0,0.0,2.00312161805413,2.00312161805413,0.6009364854162389,151
bhojpuri| nonstop| vishwakarma| pooja| 2026| rani| thakur| bhakti,,,,,,,,,,1.0,147858.0,147858.0,733.0,10.0,2026-09-16,0.00502509164198082,0,0,1,1,0,0,0,0.0,0.0,1.0050250916419807,1.0050250916419807,0.3015075274925942,2099
bholenath| bhajan| 2026| shiv,,,,,,,,,,2.0,34673.0,69346.0,339.5,21.0,2026-09-14,0.010397138984224036,0,0,1,1,0,0,0,0.0,0.0,2.010397138984224,2.010397138984224,0.6031191416952671,110
bhole| baba| bhajan| shiv| 2026,,,,,,,,,,1.0,107166.0,107166.0,440.0,33.0,2026-10-04,0.004413713304592875,0,0,1,1,0,0,0,0.0,0.0,1.004413713304593,1.004413713304593,0.3013241139913779,2207
bhootni| udta| teer| teaser| ayushmann| sara| ali| sachin,,,,,,,,,,1.0,206226.0,206226.0,1857.0,50.0,2026-09-26,0.00924713663650558,0,0,1,1,0,0,0,0.0,0.0,1.0092471366365057,1.0092471366365057,0.3027741409909517,1706
bhoot| hunting| phasmophobia| gang,,,,,,,,,,1.0,1029122.0,1029122.0,22373.0,265.0,2026-10-05,0.021997391951585916,0,0,1,1,0,0,1,0.0,0.0,1.021997391951586,1.021997391951586,0.30659921758547576,1010
bhopal |  court |  years,1.0,1.0,71.0,118.0,2026-10-01 05:01:56,169.67626450444445,,,,,,,,,,,1,0,0,1,0,0,0,0.6111111111111112,0.0,0.0,0.6111111111111112,0.18333333333333335,2798
bhuvi |  back |  where,1.0,1.0,65.0,61.0,2026-10-08 02:50:28,3.8673756155555554,,,,,,,,,,,1,0,0,1,1,0,0,0.6111111111111112,0.0,0.0,0.6111111111111112,0.18333333333333335,2798
bhuvneshwar |  wasim |  india,1.0,1.0,74.0,423.0,2026-10-08 01:51:20,4.852931171111111,,,,,,,,,,,1,0,0,1,1,0,0,0.6111111111111112,0.0,0.0,0.6111111111111112,0.18333333333333335,2798
bhuyan |  constitution |  ujjal,1.0,1.0,69.0,436.0,2026-10-04 20:04:02,82.64126450444444,,,,,,,,,,,1,0,0,1,0,0,0,0.6111111111111112,0.0,0.0,0.6111111111111112,0.18333333333333335,2798
biggest| fight| pokemon| legends,,,,,,,,,,1.0,263056.0,263056.0,10006.0,782.0,2026-09-22,0.04101027918009854,0,0,1,1,0,0,1,0.0,0.0,1.0410102791800986,1.0410102791800986,0.31230308375402954,496
biggest| mission| first| light| gameplay,,,,,,,,,,1.0,5419580.0,5419580.0,136652.0,9314.0,2026-09-04,0.02693308337546452,0,0,1,1,0,0,1,0.0,0.0,1.0269330833754646,1.0269330833754646,0.30807992501263937,838
big| breaking| disha| murder| case| live| maharashtra| cbi,,,,,,,,,,1.0,570695.0,570695.0,1818.0,7.0,2026-09-22,0.0031978552466729163,0,0,1,1,0,0,0,0.0,0.0,1.003197855246673,1.003197855246673,0.30095935657400186,2420
big| changes| bgmi| update| download| how,,,,,,,,,,1.0,180961.0,180961.0,3428.0,505.0,2026-09-16,0.021733964776940888,0,0,1,1,0,0,1,0.0,0.0,1.0217339647769408,1.0217339647769408,0.30652018943308224,1020
big| mafia| attacked| malibu| mansion| gta| gameplay| 700,,,,,,,,,,1.0,105405.0,105405.0,5984.0,682.0,2026-09-12,0.06324178169916038,0,0,1,1,0,0,1,0.0,0.0,1.0632417816991604,1.0632417816991604,0.3189725345097481,311
bihar |  beyond |  katta,1.0,1.0,81.0,81.0,2026-10-03 05:40:32,121.0329311711111,,,,,,,,,,,1,0,0,1,0,0,0,0.6111111111111112,0.0,0.0,0.6111111111111112,0.18333333333333335,2798
bihar |  claims |  wife,1.0,1.0,79.0,79.0,2026-10-08 06:22:13,0.3382089488888889,,,,,,,,,,,1,0,0,1,1,0,0,0.6111111111111112,0.0,0.0,0.6111111111111112,0.18333333333333335,2798
bihar |  suspended |  brandishing,1.0,1.0,85.0,133.0,2026-10-05 03:28:22,75.23570894888888,,,,,,,,,,,1,0,0,1,0,0,0,0.6111111111111112,0.0,0.0,0.6111111111111112,0.18333333333333335,2798
bihar| flood| relief| charity| stream,,,,,,,,,,1.0,2207309.0,2207309.0,42572.0,268.0,2026-09-15,0.01940824778044216,0,0,1,1,0,0,1,0.0,0.0,1.0194082477804423,1.0194082477804423,0.3058224743341327,1111
bihar| wali| sannu| kumar| shilpi| raj| saiya| wala,,,,,,,,,,1.0,481453.0,481453.0,8104.0,262.0,2026-09-25,0.017376566352271146,0,0,1,1,0,0,1,0.0,0.0,1.0173765663522711,1.0173765663522711,0.3052129699056813,1197
bill |  gates |  robots,1.0,1.0,79.0,406.0,2026-10-07 04:33:34,26.149042282222222,,,,,,,,,,,1,0,0,1,0,0,0,0.6111111111111112,0.0,0.0,0.6111111111111112,0.18333333333333335,2798
billboard |  mumbai |  hero,1.0,1.0,74.0,34.0,2026-10-02 18:25:19,132.28654228222223,,,,,,,,,,,1,0,0,1,0,0,0,0.6111111111111112,0.0,0.0,0.6111111111111112,0.18333333333333335,2798
bills |  brady |  hyde,1.0,1.0,79.0,420.0,2026-10-02 02:19:16,148.38737561555556,,,,,,,,,,,1,0,0,1,0,0,0,0.6111111111111112,0.0,0.0,0.6111111111111112,0.18333333333333335,2798
bindelu| bavayya| glimpse| madhuri| rathod| singer| giramma| leading,,,,,,,,,,1.0,268771.0,268771.0,5104.0,196.0,2026-10-06,0.01971938936864468,0,0,1,1,0,0,1,0.0,0.0,1.0197193893686447,1.0197193893686447,0.3059158168105934,1096
bindelu| bavayya| madhuri| rathod| singer| giramma| leading| boys,,,,,,,,,,1.0,820499.0,820499.0,27307.0,863.0,2026-10-07,0.03433276579252382,0,0,1,1,0,0,1,0.0,0.0,1.0343327657925239,1.0343327657925239,0.31029982973775716,645
biraha| bazar,,,,,,,,,,1.0,55943.0,55943.0,1264.0,77.0,2026-09-30,0.023970827449368105,0,0,1,1,0,0,1,0.0,0.0,1.0239708274493682,1.0239708274493682,0.3071912482348104,941
birthday |  celebration |  turns,1.0,1.0,73.0,72.0,2026-10-06 03:28:10,51.23904228222222,,,,,,,,,,,1,0,0,1,0,0,0,0.6111111111111112,0.0,0.0,0.6111111111111112,0.18333333333333335,2798
birthplace |  kirti |  mandir,1.0,1.0,81.0,148.0,2026-10-02 11:34:56,139.12626450444444,,,,,,,,,,,1,0,0,1,0,0,0,0.6111111111111112,0.0,0.0,0.6111111111111112,0.18333333333333335,2798
birth| death| elemental| villager| minecraft,,,,,,,,,,1.0,1671385.0,1671385.0,22682.0,789.0,2026-09-26,0.014042844706635514,0,0,1,1,0,0,1,0.0,0.0,1.0140428447066354,1.0140428447066354,0.3042128534119906,1352
birth| death| scary| verity| minecraft,,,,,,,,,,1.0,476168.0,476168.0,4226.0,223.0,2026-10-07,0.009343341005695468,0,0,1,1,0,0,0,0.0,0.0,1.0093433410056956,1.0093433410056956,0.30280300230170865,1695
bishwakarma| pranam| mantra| lyrical| biswakarma| pujor| gaan| bibhabendu,,,,,,,,,,1.0,42654.0,42654.0,616.0,36.0,2026-09-16,0.01528578796830309,0,0,1,1,0,0,1,0.0,0.0,1.015285787968303,1.015285787968303,0.3045857363904909,1288
biswakarma| janma| kahani| lord| birth| story| namita| agrawal,,,,,,,,,,1.0,319273.0,319273.0,2250.0,79.0,2026-09-16,0.0072946976412036095,0,0,1,1,0,0,0,0.0,0.0,1.0072946976412036,1.0072946976412036,0.30218840929236107,1850
biswakarma| mahatmya| sri| charana| sidharth| bhakti,,,,,,,,,,1.0,126966.0,126966.0,1308.0,50.0,2026-09-16,0.01069577682214136,0,0,1,1,0,0,0,0.0,0.0,1.0106957768221414,1.0106957768221414,0.3032087330466424,1577
biswakarma| puja| bengali| 2026| nonstop,,,,,,,,,,1.0,285065.0,285065.0,1770.0,27.0,2026-09-17,0.006303825443319945,0,0,1,1,0,0,0,0.0,0.0,1.0063038254433199,1.0063038254433199,0.30189114763299596,1940
biswakarma| puja| vishwakarma| gana| sannu| kumar| 2026,,,,,,,,,,1.0,541356.0,541356.0,2424.0,57.0,2026-09-17,0.004582936182475118,0,0,1,1,0,0,0,0.0,0.0,1.0045829361824752,1.0045829361824752,0.30137488085474257,2166
bitchat |  removed |  apples,1.0,1.0,89.0,89.0,2026-10-04 06:19:38,96.38126450444445,,,,,,,,,,,1,0,0,1,0,0,0,0.6111111111111112,0.0,0.0,0.6111111111111112,0.18333333333333335,2798
bixi| conqueror| streamers| pro| youtubers| 1v4| fastest| clutches,,,,,,,,,,1.0,253421.0,253421.0,12268.0,515.0,2026-09-22,0.050441755024248185,0,0,1,1,0,0,1,0.0,0.0,1.0504417550242482,1.0504417550242482,0.31513252650727447,381
bixi| pro| streamers| conqueror| top| lobby| bgmi,,,,,,,,,,1.0,253049.0,253049.0,11976.0,678.0,2026-09-28,0.05000612529589131,0,0,1,1,0,0,1,0.0,0.0,1.0500061252958912,1.0500061252958912,0.3150018375887674,384
bjorn| bonebreaker| mama| don| close| your| eyes| lyrics,,,,,,,,,,1.0,820469.0,820469.0,29399.0,1239.0,2026-09-14,0.03734205679922093,0,0,1,1,0,0,1,0.0,0.0,1.0373420567992209,1.0373420567992209,0.31120261703976626,573
blackmailed |  videos |  accused,1.0,1.0,116.0,147.0,2026-10-05 03:14:50,75.46126450444444,,,,,,,,,,,1,0,0,1,0,0,0,0.6111111111111112,0.0,0.0,0.6111111111111112,0.18333333333333335,2798
black| animation| big| time| epic| all| stars| boxdraw,,,,,,,,,,1.0,132681.0,132681.0,3778.0,444.0,2026-09-17,0.03182068269006112,0,0,1,1,0,0,1,0.0,0.0,1.031820682690061,1.031820682690061,0.30954620480701833,714
black| bng| live| driving| class| beamng| game| play,,,,,,,,,,1.0,506661.0,506661.0,1178.0,0.0,2026-09-14,0.002325026003580303,0,0,1,1,0,0,0,0.0,0.0,1.0023250260035803,1.0023250260035803,0.30069750780107407,2576
black| panther| escaped| gta| live| shorts| shprtsfeed| gtav,,,,,,,,,,2.0,2754278.0,5508556.0,2699.0,1.0,2026-09-17,0.0009802932020660225,0,0,1,1,0,0,0,0.0,0.0,2.000980293202066,2.000980293202066,0.6002940879606198,167
blocks |  govt |  auction,1.0,1.0,58.0,160.0,2026-10-02 05:50:29,144.86709783777778,,,,,,,,,,,1,0,0,1,0,0,0,0.6111111111111112,0.0,0.0,0.6111111111111112,0.18333333333333335,2798
bloody |  stabbing |  then,1.0,1.0,64.0,84.0,2026-10-01 04:02:52,170.6607089488889,,,,,,,,,,,1,0,0,1,0,0,0,0.6111111111111112,0.0,0.0,0.6111111111111112,0.18333333333333335,2798
bloody| politics| teaser| gautham| ram| karthik| anchana| nethrun,,,,,,,,,,1.0,329510.0,329510.0,6631.0,542.0,2026-09-12,0.02176868683803223,0,0,1,1,0,0,1,0.0,0.0,1.0217686868380322,1.0217686868380322,0.30653060605140964,1019
bloom,,,,,,,,,,1.0,172699.0,172699.0,4414.0,101.0,2026-10-04,0.026143753003781144,0,0,1,1,0,0,1,0.0,0.0,1.0261437530037811,1.0261437530037811,0.30784312590113433,862
blow |  head |  vision,1.0,1.0,73.0,73.0,2026-10-03 18:14:33,108.46598672666666,,,,,,,,,,,1,0,0,1,0,0,0,0.6111111111111112,0.0,0.0,0.6111111111111112,0.18333333333333335,2798
bohurupi| golden| daku| nandita| shiboprosad| jisshu| koushani| sohini,,,,,,,,,,1.0,974468.0,974468.0,40597.0,3251.0,2026-10-02,0.04499685982505326,0,0,1,1,0,0,1,0.0,0.0,1.0449968598250532,1.0449968598250532,0.3134990579475159,438
bohurupi| golden| daku| review,,,,,,,,,,1.0,25549.0,25549.0,662.0,96.0,2026-10-02,0.02966848017534933,0,0,1,1,0,0,1,0.0,0.0,1.0296684801753493,1.0296684801753493,0.30890054405260475,760
bolero| badmashan| gadi| masoom| sharma| srishati| haryanvi| 2026,,,,,,,,,,1.0,1637944.0,1637944.0,17583.0,1393.0,2026-10-05,0.011585255661976233,0,0,1,1,0,0,1,0.0,0.0,1.0115852556619762,1.0115852556619762,0.3034755766985929,1498
bollywood| horror| movie,,,,,,,,,,1.0,311743.0,311743.0,8541.0,370.0,2026-09-27,0.028584442954613255,0,0,1,1,0,0,1,0.0,0.0,1.0285844429546132,1.0285844429546132,0.30857533288638395,790
bollywood| trailers| making| rant| drishyam| haiwaan| prem| keetanu,,,,,,,,,,1.0,301606.0,301606.0,3295.0,390.0,2026-09-10,0.012217926699070973,0,0,1,1,0,0,1,0.0,0.0,1.012217926699071,1.012217926699071,0.30366537800972127,1454
bol| kanhaiya| krishna| bhajan| jail| mein| janm| liya,,,,,,,,,,1.0,830623.0,830623.0,1759.0,49.0,2026-08-30,0.0021766794321852394,0,0,1,1,0,0,0,0.0,0.0,1.0021766794321851,1.0021766794321851,0.30065300382965554,2599
bombay |  high |  court,1.0,1.0,106.0,159.0,2026-10-06 02:03:49,52.644875615555556,,,,,,,,,,,1,0,0,1,0,0,0,0.6111111111111112,0.0,0.0,0.6111111111111112,0.18333333333333335,2798
bombay| rani,,,,,,,,,,1.0,134380.0,134380.0,3202.0,0.0,2026-10-06,0.023827950587885102,0,0,1,1,0,0,1,0.0,0.0,1.0238279505878851,1.0238279505878851,0.3071483851763655,949
bongmedia| darji| mama| ankita| bhattacharya| hit| 2026| rap,,,,,,,,,,1.0,2932516.0,2932516.0,72749.0,4644.0,2026-09-10,0.026391330857188845,0,0,1,1,0,0,1,0.0,0.0,1.0263913308571888,1.0263913308571888,0.3079173992571566,858
booyah| 20000| secretly| hosted| ffmic| tournament| who| won,,,,,,,,,,1.0,1201124.0,1201124.0,63598.0,8506.0,2026-09-19,0.0600304381562603,0,0,1,1,0,0,1,0.0,0.0,1.0600304381562604,1.0600304381562604,0.3180091314468781,326
boro| film| 2026| bboystube| bhumika| daimary| hironya,,,,,,,,,,1.0,237154.0,237154.0,20660.0,1627.0,2026-09-29,0.09397690951870936,0,0,1,1,0,0,1,0.0,0.0,1.0939769095187093,1.0939769095187093,0.3281930728556128,252
bose earbuds,,,,,,,100.0,1.0,1.0,,,,,,,,0,1,0,1,0,1,0,0.0,1.5,0.0,1.5,0.6000000000000001,174
bought| 100| 999| boss| dolphins| gta| dhanu| dino,,,,,,,,,,1.0,145703.0,145703.0,1653.0,13.0,2026-09-12,0.011434218924799077,0,0,1,1,0,0,1,0.0,0.0,1.0114342189247991,1.0114342189247991,0.30343026567743975,1519
bought| everything| level| account| roblox| rivals,,,,,,,,,,1.0,527210.0,527210.0,11297.0,3990.0,2026-09-18,0.02899603573528575,0,0,1,1,0,0,1,0.0,0.0,1.0289960357352856,1.0289960357352856,0.3086988107205857,776
bought| tiger| then| upgraded| him| 000| god| gta,,,,,,,,,,1.0,193107.0,193107.0,2075.0,57.0,2026-09-05,0.011040511219168648,0,0,1,1,0,0,1,0.0,0.0,1.0110405112191687,1.0110405112191687,0.3033121533657506,1546
boxing |  wrestling |  archery,1.0,1.0,98.0,98.0,2026-10-03 05:44:55,120.95987561555555,,,,,,,,,,,1,0,0,1,0,0,0,0.6111111111111112,0.0,0.0,0.6111111111111112,0.18333333333333335,2798
boys| girls| golem| battle| minecraft,,,,,,,,,,1.0,1187761.0,1187761.0,13474.0,835.0,2026-10-05,0.012047036398736784,0,0,1,1,0,0,1,0.0,0.0,1.0120470363987368,1.0120470363987368,0.30361411091962104,1467
boys| girls| rivals| roblox| challenge,,,,,,,,,,1.0,414822.0,414822.0,4132.0,335.0,2026-09-11,0.010768474188929228,0,0,1,1,0,0,0,0.0,0.0,1.0107684741889291,1.0107684741889291,0.3032305422566787,1567
boys| girls| skyscraper| challenge| minecraft,,,,,,,,,,1.0,1294450.0,1294450.0,13247.0,596.0,2026-09-19,0.010694117192630075,0,0,1,1,0,0,0,0.0,0.0,1.01069411719263,1.01069411719263,0.303208235157789,1578
bragging |  trump |  makes,1.0,1.0,80.0,99.0,2026-10-08 06:08:34,0.5657089488888889,,,,,,,,,,,1,0,0,1,1,0,0,0.6111111111111112,0.0,0.0,0.6111111111111112,0.18333333333333335,2798
braves vs phillies,,,,,,,100.0,1.0,1.0,,,,,,,,0,1,0,1,0,1,0,0.0,1.5,0.0,1.5,0.6000000000000001,174
brazil |  leave |  india,1.0,1.0,56.0,56.0,2026-10-04 06:19:38,96.38126450444445,,,,,,,,,,,1,0,0,1,0,0,0,0.6111111111111112,0.0,0.0,0.6111111111111112,0.18333333333333335,2798
brazil |  traditional |  welcome,1.0,1.0,70.0,70.0,2026-09-28 11:50:28,234.86737561555557,,,,,,,,,,,1,0,0,1,0,0,0,0.6111111111111112,0.0,0.0,0.6111111111111112,0.18333333333333335,2798
brazil| india| fifa| international| friendly| 2026| match| simulation,,,,,,,,,,1.0,187577.0,187577.0,654.0,12.0,2026-09-30,0.0035505419107886363,0,0,1,1,0,0,0,0.0,0.0,1.0035505419107886,1.0035505419107886,0.30106516257323657,2353
break |  chain |  leprosy,1.0,1.0,46.0,46.0,2026-10-07 06:28:49,24.228208948888888,,,,,,,,,,,1,0,0,1,0,0,0,0.6111111111111112,0.0,0.0,0.6111111111111112,0.18333333333333335,2798
brics currency,,,,,,,100.0,1.0,1.0,,,,,,,,0,1,0,1,0,1,0,0.0,1.5,0.0,1.5,0.6000000000000001,174
brics |  dalela |  india,1.0,1.0,58.0,151.0,2026-10-07 19:18:19,11.403208948888889,,,,,,,,,,,1,0,0,1,1,0,0,0.6111111111111112,0.0,0.0,0.6111111111111112,0.18333333333333335,2798
bridge |  first |  vande,1.0,1.0,92.0,149.0,2026-10-03 03:29:21,123.21932006,,,,,,,,,,,1,0,0,1,0,0,0,0.6111111111111112,0.0,0.0,0.6111111111111112,0.18333333333333335,2798
bridges |  russia |  kyiv,1.0,1.0,66.0,513.0,2026-10-04 04:50:02,97.87459783777777,,,,,,,,,,,1,0,0,1,0,0,0,0.6111111111111112,0.0,0.0,0.6111111111111112,0.18333333333333335,2798
brighton fc,,,,,,,100.0,1.0,1.0,,,,,,,,0,1,0,1,0,1,0,0.0,1.5,0.0,1.5,0.6000000000000001,174
brink |  comeback |  hope,1.0,1.0,64.0,64.0,2026-10-08 06:38:34,0.06570894888888888,,,,,,,,,,,1,0,0,1,1,0,0,0.6111111111111112,0.0,0.0,0.6111111111111112,0.18333333333333335,2798
brittany |  mahomes |  dogs,1.0,1.0,78.0,409.0,2026-10-02 19:29:33,131.21598672666667,,,,,,,,,,,1,0,0,1,0,0,0,0.6111111111111112,0.0,0.0,0.6111111111111112,0.18333333333333335,2798
broke| every| single| bone| minecraft,,,,,,,,,,1.0,683764.0,683764.0,5656.0,188.0,2026-09-09,0.008546808547978542,0,0,1,1,0,0,0,0.0,0.0,1.0085468085479785,1.0085468085479785,0.30256404256439356,1756
brotherhood| album| pardeep| sran| punjabi| songs| 2026,,,,,,,,,,1.0,310479.0,310479.0,3101.0,307.0,2026-09-17,0.010976587788546086,0,0,1,1,0,0,1,0.0,0.0,1.0109765877885462,1.0109765877885462,0.3032929763365638,1553
bse,,,,,,,100.0,1.0,1.0,,,,,,,,0,1,0,1,0,1,0,0.0,1.5,0.0,1.5,0.6000000000000001,174
bse share,,,,,,,100.0,1.0,1.0,,,,,,,,0,1,0,1,0,1,0,0.0,1.5,0.0,1.5,0.6000000000000001,174
bts,,,,,,,64.0,1.0,0.64,,,,,,,,0,1,0,1,0,0,0,0.0,1.1400000000000001,0.0,1.1400000000000001,0.45600000000000007,205
bts| merry| round,,,,,,,,,,1.0,6453098.0,6453098.0,682898.0,31047.0,2026-09-25,0.11063600769738814,0,0,1,1,0,0,1,0.0,0.0,1.1106360076973882,1.1106360076973882,0.33319080230921644,246
bts| mic| drop| fya| stage| cam| iheartradio| music,,,,,,,,,,1.0,870655.0,870655.0,98905.0,5892.0,2026-09-23,0.12036570168436407,0,0,1,1,0,0,1,0.0,0.0,1.120365701684364,1.120365701684364,0.3361097105053092,239
buffalo bills,,,,,,,100.0,1.0,1.0,,,,,,,,0,1,0,1,0,1,0,0.0,1.5,0.0,1.5,0.6000000000000001,174
building| stairs| till| moon| roblox,,,,,,,,,,2.0,325278.5,650557.0,4458.5,618.0,2026-09-22,0.015606626321751976,0,0,1,1,0,0,1,0.0,0.0,2.015606626321752,2.015606626321752,0.6046819878965255,104
building| tower| till| mars| roblox,,,,,,,,,,1.0,246505.0,246505.0,2232.0,112.0,2026-09-30,0.009508934910042392,0,0,1,1,0,0,0,0.0,0.0,1.0095089349100423,1.0095089349100423,0.30285268047301267,1681
building| ultimate| stairway| moon,,,,,,,,,,1.0,82297.0,82297.0,1209.0,53.0,2026-09-12,0.015334702358530688,0,0,1,1,0,0,1,0.0,0.0,1.0153347023585306,1.0153347023585306,0.30460041070755917,1286
built| deadly| car| roblox,,,,,,,,,,1.0,34757.0,34757.0,845.0,50.0,2026-09-15,0.02575020859107518,0,0,1,1,0,0,1,0.0,0.0,1.0257502085910752,1.0257502085910752,0.3077250625773226,876
built| gta| map| city| cities| skylines,,,,,,,,,,1.0,293224.0,293224.0,7903.0,452.0,2026-09-14,0.028493574877909038,0,0,1,1,0,0,1,0.0,0.0,1.028493574877909,1.028493574877909,0.3085480724633727,795
built| largest| military| army| tycoon| roblox,,,,,,,,,,1.0,72997.0,72997.0,2705.0,201.0,2026-09-20,0.039809855199528746,0,0,1,1,0,0,1,0.0,0.0,1.0398098551995287,1.0398098551995287,0.3119429565598586,516
built| massive| drill| reach| centre| earth,,,,,,,,,,1.0,69729.0,69729.0,1104.0,36.0,2026-10-01,0.01634900830357527,0,0,1,1,0,0,1,0.0,0.0,1.0163490083035753,1.0163490083035753,0.3049047024910726,1243
built| safest| base| survive| verity| attacks| roblox,,,,,,,,,,1.0,317890.0,317890.0,4965.0,1633.0,2026-09-15,0.020755607285539022,0,0,1,1,0,0,1,0.0,0.0,1.020755607285539,1.020755607285539,0.3062266821856617,1055
built| stairs| reach| moon| roblox,,,,,,,,,,1.0,48435.0,48435.0,1099.0,68.0,2026-09-27,0.024094146794673272,0,0,1,1,0,0,1,0.0,0.0,1.0240941467946734,1.0240941467946734,0.307228244038402,935
built| ultimate| army| base| roblox,,,,,,,,,,1.0,90149.0,90149.0,1464.0,60.0,2026-09-25,0.016905345594515748,0,0,1,1,0,0,1,0.0,0.0,1.0169053455945158,1.0169053455945158,0.30507160367835473,1216
built| world| strongest| robot,,,,,,,,,,1.0,130079.0,130079.0,3729.0,368.0,2026-09-11,0.03149624458982618,0,0,1,1,0,0,1,0.0,0.0,1.0314962445898261,1.0314962445898261,0.3094488733769478,722
bujji| ganapayya| vinayaka| chaturthi| special| songs| vmc| devotional,,,,,,,,,,1.0,381690.0,381690.0,1203.0,26.0,2026-09-14,0.0032198904870444603,0,0,1,1,0,0,0,0.0,0.0,1.0032198904870444,1.0032198904870444,0.3009659671461133,2413
bujji| ganapayya| vinayaka| chavithi| special| 2026,,,,,,,,,,1.0,748356.0,748356.0,2350.0,45.0,2026-09-13,0.003200348497239282,0,0,1,1,0,0,0,0.0,0.0,1.0032003484972394,1.0032003484972394,0.3009601045491718,2419
bujji| ganapayya| vinayaka| chaviti| bhakti,,,,,,,,,,1.0,2113119.0,2113119.0,8069.0,152.0,2026-09-13,0.003890457659980342,0,0,1,1,0,0,0,0.0,0.0,1.0038904576599803,1.0038904576599803,0.3011671372979941,2293
bujji| ganapayya| vinayaka| songs| telugu,,,,,,,,,,1.0,22284.0,22284.0,517.0,7.0,2026-09-15,0.023514629330461317,0,0,1,1,0,0,1,0.0,0.0,1.0235146293304613,1.0235146293304613,0.3070543887991384,962
bullet |  crisis |  indian,1.0,1.0,65.0,65.0,2026-10-04 01:30:00,101.20848672666666,,,,,,,,,,,1,0,0,1,0,0,0,0.6111111111111112,0.0,0.0,0.6111111111111112,0.18333333333333335,2798
bullet |  playing |  tripura,1.0,1.0,58.0,111.0,2026-10-04 15:09:08,87.55626450444444,,,,,,,,,,,1,0,0,1,0,0,0,0.6111111111111112,0.0,0.0,0.6111111111111112,0.18333333333333335,2798
bullets |  police |  officers,1.0,1.0,100.0,114.0,2026-10-05 07:08:32,71.56626450444445,,,,,,,,,,,1,0,0,1,0,0,0,0.6111111111111112,0.0,0.0,0.6111111111111112,0.18333333333333335,2798
bullet| paji| free| fire| gaming,,,,,,,,,,1.0,41903.0,41903.0,117.0,0.0,2026-09-22,0.0027921628523017443,0,0,1,1,0,0,0,0.0,0.0,1.0027921628523018,1.0027921628523018,0.30083764885569053,2504
bumbro| mission| kashmir| hrithik| roshan| preity| zinta| sanjay,,,,,,,,,,1.0,146091.0,146091.0,549.0,5.0,2026-09-09,0.003792156943275082,0,0,1,1,0,0,0,0.0,0.0,1.003792156943275,1.003792156943275,0.3011376470829825,2309
burned| down| woodland| mansion| minecraft,,,,,,,,,,1.0,93151.0,93151.0,4015.0,330.0,2026-09-18,0.04664469517235456,0,0,1,1,0,0,1,0.0,0.0,1.0466446951723545,1.0466446951723545,0.3139934085517063,418
business |  interfering |  high,1.0,1.0,85.0,103.0,2026-10-01 07:52:54,166.82682006000002,,,,,,,,,,,1,0,0,1,0,0,0,0.6111111111111112,0.0,0.0,0.6111111111111112,0.18333333333333335,2798
buying |  chinas |  jets,1.0,1.0,75.0,94.0,2026-10-03 15:52:33,110.83265339333333,,,,,,,,,,,1,0,0,1,0,0,0,0.6111111111111112,0.0,0.0,0.6111111111111112,0.18333333333333335,2798
cabinet |  clears |  lakh,1.0,1.0,54.0,94.0,2026-10-01 04:38:28,170.06737561555556,,,,,,,,,,,1,0,0,1,0,0,0,0.6111111111111112,0.0,0.0,0.6111111111111112,0.18333333333333335,2798
cabinet |  resolution |  adopts,1.0,1.0,86.0,115.0,2026-10-06 19:07:23,35.58543117111111,,,,,,,,,,,1,0,0,1,0,0,0,0.6111111111111112,0.0,0.0,0.6111111111111112,0.18333333333333335,2798
cabinet |  secretary |  officer,1.0,1.0,99.0,152.0,2026-10-03 01:08:13,125.57154228222221,,,,,,,,,,,1,0,0,1,0,0,0,0.6111111111111112,0.0,0.0,0.6111111111111112,0.18333333333333335,2798
california |  million |  bones,1.0,1.0,74.0,393.0,2026-10-04 08:40:49,94.02820894888889,,,,,,,,,,,1,0,0,1,0,0,0,0.6111111111111112,0.0,0.0,0.6111111111111112,0.18333333333333335,2798
call |  hero |  flydubai,1.0,1.0,77.0,77.0,2026-10-03 18:08:03,108.57432005999999,,,,,,,,,,,1,0,0,1,0,0,0,0.6111111111111112,0.0,0.0,0.6111111111111112,0.18333333333333335,2798
camera |  drunk |  chase,1.0,1.0,76.0,75.0,2026-10-04 03:31:15,99.18765339333333,,,,,,,,,,,1,0,0,1,0,0,0,0.6111111111111112,0.0,0.0,0.6111111111111112,0.18333333333333335,2798
canada |  billion |  india,1.0,1.0,73.0,101.0,2026-10-02 03:18:42,147.39682006,,,,,,,,,,,1,0,0,1,0,0,0,0.6111111111111112,0.0,0.0,0.6111111111111112,0.18333333333333335,2798
canada |  extortion |  lured,1.0,1.0,79.0,157.0,2026-10-03 04:18:44,122.39626450444445,,,,,,,,,,,1,0,0,1,0,0,0,0.6111111111111112,0.0,0.0,0.6111111111111112,0.18333333333333335,2798
canada |  trade |  deal,1.0,1.0,79.0,325.0,2026-10-05 05:01:42,73.68015339333333,,,,,,,,,,,1,0,0,1,0,0,0,0.6111111111111112,0.0,0.0,0.6111111111111112,0.18333333333333335,2798
canadian |  doval |  holds,1.0,1.0,48.0,119.0,2026-10-07 15:07:02,15.591264504444444,,,,,,,,,,,1,0,0,1,1,0,0,0.6111111111111112,0.0,0.0,0.6111111111111112,0.18333333333333335,2798
canadian |  foreign |  visit,1.0,1.0,53.0,90.0,2026-10-01 15:16:25,159.43487561555557,,,,,,,,,,,1,0,0,1,0,0,0,0.6111111111111112,0.0,0.0,0.6111111111111112,0.18333333333333335,2798
canadian |  youtuber |  gets,1.0,1.0,80.0,80.0,2026-10-05 05:22:37,73.33154228222222,,,,,,,,,,,1,0,0,1,0,0,0,0.6111111111111112,0.0,0.0,0.6111111111111112,0.18333333333333335,2798
canara bank share price,,,,,,,100.0,1.0,1.0,,,,,,,,0,1,0,1,0,1,0,0.0,1.5,0.0,1.5,0.6000000000000001,174
cancer horoscope today,,,,,,,93.0,1.0,0.93,,,,,,,,0,1,0,1,0,1,0,0.0,1.4300000000000002,0.0,1.4300000000000002,0.5720000000000001,181
candidates |  blank |  cheques,1.0,1.0,67.0,299.0,2026-10-01 02:31:30,172.18348672666667,,,,,,,,,,,1,0,0,1,0,0,0,0.6111111111111112,0.0,0.0,0.6111111111111112,0.18333333333333335,2798
candidates |  union |  ministers,1.0,1.0,110.0,147.0,2026-10-06 01:22:48,53.32848672666667,,,,,,,,,,,1,0,0,1,0,0,0,0.6111111111111112,0.0,0.0,0.6111111111111112,0.18333333333333335,2798
can| beat| world| keyboard| escape,,,,,,,,,,1.0,187735.0,187735.0,2181.0,374.0,2026-10-04,0.013609609289690254,0,0,1,1,0,0,1,0.0,0.0,1.0136096092896902,1.0136096092896902,0.30408288278690704,1375
can| escape| deadly| forest| roblox,,,,,,,,,,1.0,51105.0,51105.0,1190.0,33.0,2026-10-07,0.023931122199393407,0,0,1,1,0,0,1,0.0,0.0,1.0239311221993934,1.0239311221993934,0.307179336659818,943
can| stop| horror| baby| yellow,,,,,,,,,,12.0,2583336.0833333335,31000033.0,3551.9166666666665,1.75,2026-10-05,0.0013756114388652424,0,0,1,1,0,0,0,0.0,0.0,12.001375611438865,12.001375611438865,3.600412683431659,19
can| stop| playing| steal| egg| roblox,,,,,,,,,,1.0,72281.0,72281.0,3192.0,193.0,2026-09-21,0.04683111744441831,0,0,1,1,0,0,1,0.0,0.0,1.0468311174444183,1.0468311174444183,0.31404933523332546,414
can| survive| most| dangerous| night| bunker,,,,,,,,,,1.0,44200.0,44200.0,676.0,45.0,2026-09-14,0.016312217194570135,0,0,1,1,0,0,1,0.0,0.0,1.0163122171945702,1.0163122171945702,0.3048936651583711,1245
capsules |  poison |  toxic,1.0,1.0,84.0,399.0,2026-10-03 01:58:13,124.73820894888888,,,,,,,,,,,1,0,0,1,0,0,0,0.6111111111111112,0.0,0.0,0.6111111111111112,0.18333333333333335,2798
captain |  machchhar |  fought,1.0,1.0,78.0,74.0,2026-10-01 14:26:44,160.26293117111112,,,,,,,,,,,1,0,0,1,0,0,0,0.6111111111111112,0.0,0.0,0.6111111111111112,0.18333333333333335,2798
captain |  machchhar |  india,1.0,1.0,94.0,126.0,2026-10-01 01:42:27,173.00098672666667,,,,,,,,,,,1,0,0,1,0,0,0,0.6111111111111112,0.0,0.0,0.6111111111111112,0.18333333333333335,2798
captain |  machchhar |  mumbai,1.0,1.0,77.0,96.0,2026-09-30 20:27:44,178.24626450444447,,,,,,,,,,,1,0,0,1,0,0,0,0.6111111111111112,0.0,0.0,0.6111111111111112,0.18333333333333335,2798
captain |  smit |  machchhar,1.0,1.0,73.0,96.0,2026-10-01 03:38:56,171.0595978377778,,,,,,,,,,,1,0,0,1,0,0,0,0.6111111111111112,0.0,0.0,0.6111111111111112,0.18333333333333335,2798
captain |  smit |  machchhars,1.0,1.0,64.0,83.0,2026-10-01 04:56:57,169.75932006000002,,,,,,,,,,,1,0,0,1,0,0,0,0.6111111111111112,0.0,0.0,0.6111111111111112,0.18333333333333335,2798
captaincy |  harmanpreet |  matches,1.0,1.0,75.0,448.0,2026-10-07 03:48:02,26.90793117111111,,,,,,,,,,,1,0,0,1,0,0,0,0.6111111111111112,0.0,0.0,0.6111111111111112,0.18333333333333335,2798
captive |  bred |  great,1.0,1.0,75.0,146.0,2026-10-03 06:21:46,120.34570894888888,,,,,,,,,,,1,0,0,1,0,0,0,0.6111111111111112,0.0,0.0,0.6111111111111112,0.18333333333333335,2798
captive |  edge |  extinction,1.0,1.0,97.0,158.0,2026-10-05 00:59:29,77.71709783777777,,,,,,,,,,,1,0,0,1,0,0,0,0.6111111111111112,0.0,0.0,0.6111111111111112,0.18333333333333335,2798
captured |  chained |  filmed,1.0,1.0,72.0,76.0,2026-10-07 02:20:21,28.36932006,,,,,,,,,,,1,0,0,1,0,0,0,0.6111111111111112,0.0,0.0,0.6111111111111112,0.18333333333333335,2798
car,,,,,,,61.0,1.0,0.61,,,,,,,,0,1,0,1,0,0,0,0.0,1.1099999999999999,0.0,1.1099999999999999,0.44399999999999995,207
caribbean premier league,,,,,,,100.0,2.0,1.0,,,,,,,,0,1,0,1,0,1,0,0.0,2.0,0.0,2.0,0.8,86
carlos alcaraz,,,,,,,70.0,2.0,0.7,,,,,,,,0,1,0,1,0,0,0,0.0,1.7,0.0,1.7,0.68,88
carry| doorbin| become| police| officer| minecraft,,,,,,,,,,1.0,1147226.0,1147226.0,14455.0,883.0,2026-09-27,0.013369641204087077,0,0,1,1,0,0,1,0.0,0.0,1.0133696412040871,1.0133696412040871,0.30401089236122614,1391
carry| doorbin| joined| military| army| minecraft,,,,,,,,,,1.0,1201274.0,1201274.0,27341.0,715.0,2026-09-09,0.023355204557827774,0,0,1,1,0,0,1,0.0,0.0,1.0233552045578278,1.0233552045578278,0.30700656136734833,968
carry| doorbin| noob| roblox| clone| army| challange,,,,,,,,,,1.0,375314.0,375314.0,3122.0,182.0,2026-09-16,0.008803295374006832,0,0,1,1,0,0,0,0.0,0.0,1.008803295374007,1.008803295374007,0.30264098861220207,1733
carry| friends| creeper| one| block| battle| minecraft,,,,,,,,,,1.0,1237708.0,1237708.0,12881.0,425.0,2026-09-28,0.010750516276860132,0,0,1,1,0,0,0,0.0,0.0,1.0107505162768602,1.0107505162768602,0.30322515488305807,1570
casa| tupka| anthemo,,,,,,,,,,1.0,395860.0,395860.0,14307.0,0.0,2026-09-18,0.03614156519981812,0,0,1,1,0,0,1,0.0,0.0,1.036141565199818,1.036141565199818,0.3108424695599454,597
casa| tupka| anthemo| yoyohoneysingh| priyanshi,,,,,,,,,,1.0,57655550.0,57655550.0,1215019.0,97169.0,2026-09-19,0.02275909257651692,0,0,1,1,0,0,1,0.0,0.0,1.0227590925765169,1.0227590925765169,0.30682772777295503,984
case |  court |  hear,1.0,1.0,75.0,67.0,2026-10-04 06:05:41,96.61376450444443,,,,,,,,,,,1,0,0,1,0,0,0,0.6111111111111112,0.0,0.0,0.6111111111111112,0.18333333333333335,2798
case |  gyanesh |  kumar,1.0,1.0,76.0,350.0,2026-10-05 01:58:38,76.73126450444444,,,,,,,,,,,1,0,0,1,0,0,0,0.6111111111111112,0.0,0.0,0.6111111111111112,0.18333333333333335,2798
case |  judge |  irctc,1.0,1.0,102.0,129.0,2026-10-04 01:41:34,101.01570894888889,,,,,,,,,,,1,0,0,1,0,0,0,0.6111111111111112,0.0,0.0,0.6111111111111112,0.18333333333333335,2798
cat,,,,,,,69.0,1.0,0.69,,,,,,,,0,1,0,1,0,0,0,0.0,1.19,0.0,1.19,0.476,201
catfished |  bangkok |  flood,1.0,1.0,61.0,61.0,2026-09-29 15:12:34,207.49904228222223,,,,,,,,,,,1,0,0,1,0,0,0,0.6111111111111112,0.0,0.0,0.6111111111111112,0.18333333333333335,2798
cat| 100| 999| biggest| upgrade| ever| dhanu| dino,,,,,,,,,,1.0,57657.0,57657.0,715.0,16.0,2026-09-14,0.012678425863295003,0,0,1,1,0,0,1,0.0,0.0,1.012678425863295,1.012678425863295,0.3038035277589885,1421
caught| scary| monster| hidden| camera| minecraft,,,,,,,,,,1.0,405930.0,405930.0,4904.0,152.0,2026-09-20,0.012455349444485503,0,0,1,1,0,0,1,0.0,0.0,1.0124553494444855,1.0124553494444855,0.30373660483334564,1434
cbse |  board |  exams,1.0,1.0,74.0,66.0,2026-10-08 05:41:18,1.0201533933333333,,,,,,,,,,,1,0,0,1,1,0,0,0.6111111111111112,0.0,0.0,0.6111111111111112,0.18333333333333335,2798
ccmb |  study |  infections,1.0,1.0,47.0,281.0,2026-10-01 02:31:20,172.18626450444447,,,,,,,,,,,1,0,0,1,0,0,0,0.6111111111111112,0.0,0.0,0.6111111111111112,0.18333333333333335,2798
centre |  central |  vista,1.0,1.0,81.0,331.0,2026-10-05 05:30:59,73.19209783777777,,,,,,,,,,,1,0,0,1,0,0,0,0.6111111111111112,0.0,0.0,0.6111111111111112,0.18333333333333335,2798
centre |  hikes |  rabi,1.0,1.0,71.0,124.0,2026-09-30 12:20:49,186.36154228222225,,,,,,,,,,,1,0,0,1,0,0,0,0.6111111111111112,0.0,0.0,0.6111111111111112,0.18333333333333335,2798
centre |  supreme |  court,1.0,1.0,88.0,130.0,2026-10-08 02:20:20,4.3695978377777775,,,,,,,,,,,1,0,0,1,1,0,0,0.6111111111111112,0.0,0.0,0.6111111111111112,0.18333333333333335,2798
century |  beyond |  launches,1.0,1.0,83.0,102.0,2026-10-01 02:30:33,172.19932006000002,,,,,,,,,,,1,0,0,1,0,0,0,0.6111111111111112,0.0,0.0,0.6111111111111112,0.18333333333333335,2798
chaap| kora| mein| latest| bhojpuri| teaser| 2026| neelkamal,,,,,,,,,,1.0,120196.0,120196.0,1769.0,61.0,2026-09-29,0.015225132283936238,0,0,1,1,0,0,1,0.0,0.0,1.0152251322839363,1.0152251322839363,0.30456753968518085,1291
chacha| day| gift| riya| bhabhi| diya| jack| indian,,,,,,,,,,1.0,103564.0,103564.0,1030.0,59.0,2026-09-08,0.010515236954926422,0,0,1,1,0,0,0,0.0,0.0,1.0105152369549264,1.0105152369549264,0.3031545710864779,1586
chaddi| gang| secret| revealed| jack| shin| chan| rescue,,,,,,,,,,1.0,91958.0,91958.0,390.0,12.0,2026-09-10,0.004371560929989778,0,0,1,1,0,0,0,0.0,0.0,1.0043715609299897,1.0043715609299897,0.3013114682789969,2216
chained| together| live| king| sachu| shortslive| chaintogethergame,,,,,,,,,,1.0,46713.0,46713.0,829.0,0.0,2026-09-16,0.017746665810373985,0,0,1,1,0,0,1,0.0,0.0,1.017746665810374,1.017746665810374,0.3053239997431122,1181
chained| together| sagar| plays| shortslive| chaintogethergame| sagarplays01,,,,,,,,,,5.0,863856.0,4319280.0,2542.8,0.2,2026-09-26,0.002943777666648145,0,0,1,1,0,0,0,0.0,0.0,5.0029437776666486,5.0029437776666486,1.5008831332999946,52
chain| together| live| akhi| shortslive| chaintogethergame,,,,,,,,,,9.0,999995.7777777778,8999962.0,2819.3333333333335,0.1111111111111111,2026-10-01,0.002819456348815695,0,0,1,1,0,0,0,0.0,0.0,9.002819456348815,9.002819456348815,2.7008458369046444,26
chain| together| live| stream| shortslive| chaintogethergame| gaminganup45,,,,,,,,,,1.0,123816.0,123816.0,1698.0,0.0,2026-09-13,0.013713898042256251,0,0,1,1,0,0,1,0.0,0.0,1.0137138980422562,1.0137138980422562,0.3041141694126768,1366
chain| together| mvp| vishu| shortslive| shortsfeed| shots| chaintogethergame,,,,,,,,,,6.0,875461.6666666666,5252770.0,2324.3333333333335,0.5,2026-09-28,0.002655551261524872,0,0,1,1,0,0,0,0.0,0.0,6.002655551261525,6.002655551261525,1.8007966653784575,44
chala |  shivaji |  park,1.0,1.0,80.0,99.0,2026-10-02 05:06:06,145.60682006,,,,,,,,,,,1,0,0,1,0,0,0,0.6111111111111112,0.0,0.0,0.6111111111111112,0.18333333333333335,2798
chala| gya| aarzoo| khaan| emotional| hindi| sad| 2026,,,,,,,,,,1.0,604821.0,604821.0,1643.0,35.0,2026-09-29,0.0027743745670206557,0,0,1,1,0,0,0,0.0,0.0,1.0027743745670206,1.0027743745670206,0.30083231237010616,2510
challenging| all| friends| dueling| robux,,,,,,,,,,1.0,383027.0,383027.0,4091.0,378.0,2026-09-24,0.01166758479167265,0,0,1,1,0,0,1,0.0,0.0,1.0116675847916727,1.0116675847916727,0.3035002754375018,1491
chalray| waal,,,,,,,,,,2.0,127029.5,254059.0,2639.5,0.0,2026-10-03,0.02077863803289787,0,0,1,1,0,0,1,0.0,0.0,2.020778638032898,2.020778638032898,0.6062335914098694,102
chalra| waal| female| version| sanwal| phul| kasturi| instagram,,,,,,,,,,1.0,3529854.0,3529854.0,45404.0,484.0,2026-10-04,0.012999971103620717,0,0,1,1,0,0,1,0.0,0.0,1.0129999711036206,1.0129999711036206,0.3038999913310862,1404
chalreh| waal| acoustic| version,,,,,,,,,,1.0,261684.0,261684.0,4889.0,11.0,2026-10-02,0.01872487427584415,0,0,1,1,0,0,1,0.0,0.0,1.0187248742758441,1.0187248742758441,0.3056174622827532,1147
chalre| waal| extended| female| version| sanwal| phul| kasturi,,,,,,,,,,1.0,2903419.0,2903419.0,42213.0,737.0,2026-10-03,0.014792904503276999,0,0,1,1,0,0,1,0.0,0.0,1.014792904503277,1.014792904503277,0.3044378713509831,1313
chalre| waal| female| version| sanwal| phul| kasturi| trending,,,,,,,,,,1.0,1029649.0,1029649.0,18487.0,278.0,2026-10-02,0.018224657140443006,0,0,1,1,0,0,1,0.0,0.0,1.018224657140443,1.018224657140443,0.3054673971421329,1159
chalre| waal| komal| sohi| sanwal| phul| kasturi| trending,,,,,,,,,,1.0,395964.0,395964.0,4296.0,59.0,2026-10-06,0.01099847460880282,0,0,1,1,0,0,1,0.0,0.0,1.0109984746088028,1.0109984746088028,0.30329954238264084,1550
chalre| waal| sanwal| phul| kasturi| instagram| most| trending,,,,,,,,,,1.0,207142.0,207142.0,1904.0,28.0,2026-10-03,0.009326935145938535,0,0,1,1,0,0,0,0.0,0.0,1.0093269351459386,1.0093269351459386,0.3027980805437816,1699
chal| bahini| shiva| mhatre| sonali| bhoir| ganpati| songs,,,,,,,,,,1.0,96025.0,96025.0,994.0,36.0,2026-09-12,0.01072637334027597,0,0,1,1,0,0,0,0.0,0.0,1.010726373340276,1.010726373340276,0.3032179120020828,1572
chal| tere| ishq| mein| gadar| utkarsh| simratt| vishal,,,,,,,,,,1.0,1064346.0,1064346.0,3440.0,22.0,2026-09-29,0.003252701659046964,0,0,1,1,0,0,0,0.0,0.0,1.003252701659047,1.003252701659047,0.30097581049771405,2402
chan |  priscilla |  board,1.0,1.0,70.0,463.0,2026-10-07 09:00:48,21.69515339333333,,,,,,,,,,,1,0,0,1,1,0,0,0.6111111111111112,0.0,0.0,0.6111111111111112,0.18333333333333335,2798
chancellor |  ashok |  mittal,1.0,1.0,51.0,48.0,2026-10-01 17:45:09,156.95598672666668,,,,,,,,,,,1,0,0,1,0,0,0,0.6111111111111112,0.0,0.0,0.6111111111111112,0.18333333333333335,2798
chandan| chanchal| dhidiye| thokela| suruti| viral| bhojpuri| 2026,,,,,,,,,,1.0,191579.0,191579.0,132.0,0.0,2026-09-04,0.0006890107997223078,0,0,1,1,0,0,0,0.0,0.0,1.0006890107997224,1.0006890107997224,0.3002067032399167,2713
chandan| yadav| bhaismara| anjli| bharti| comedy| uday| doctor,,,,,,,,,,1.0,30296.0,30296.0,356.0,14.0,2026-10-02,0.012212833377343543,0,0,1,1,0,0,1,0.0,0.0,1.0122128333773435,1.0122128333773435,0.303663850013203,1455
chandrababu |  naidu |  pitches,1.0,1.0,84.0,83.0,2026-10-05 04:24:30,74.30015339333333,,,,,,,,,,,1,0,0,1,0,0,0,0.6111111111111112,0.0,0.0,0.6111111111111112,0.18333333333333335,2798
chand| jee| shilpi| raj| mani| meraj| venu| great,,,,,,,,,,1.0,561034.0,561034.0,17832.0,746.0,2026-09-22,0.03311385762716698,0,0,1,1,0,0,1,0.0,0.0,1.033113857627167,1.033113857627167,0.3099341572881501,677
chand| paar| chalo| alka| yagnik| udit| narayan| songs,,,,,,,,,,1.0,112081.0,112081.0,631.0,8.0,2026-09-07,0.0057012339290334665,0,0,1,1,0,0,0,0.0,0.0,1.0057012339290334,1.0057012339290334,0.30171037017871,2010
changes |  india |  cash,1.0,1.0,56.0,56.0,2026-10-07 06:28:49,24.228208948888888,,,,,,,,,,,1,0,0,1,0,0,0,0.6111111111111112,0.0,0.0,0.6111111111111112,0.18333333333333335,2798
changes |  india |  repo,1.0,1.0,52.0,52.0,2026-10-07 06:28:49,24.228208948888888,,,,,,,,,,,1,0,0,1,0,0,0,0.6111111111111112,0.0,0.0,0.6111111111111112,0.18333333333333335,2798
changes |  india |  standing,1.0,1.0,74.0,74.0,2026-10-07 06:28:49,24.228208948888888,,,,,,,,,,,1,0,0,1,0,0,0,0.6111111111111112,0.0,0.0,0.6111111111111112,0.18333333333333335,2798
changing |  climate |  reshaping,1.0,1.0,79.0,79.0,2026-10-08 06:38:34,0.06570894888888888,,,,,,,,,,,1,0,0,1,1,0,0,0.6111111111111112,0.0,0.0,0.6111111111111112,0.18333333333333335,2798
channel| got| hakked| watch| now| munna| bhai| gaming,,,,,,,,,,1.0,709012.0,709012.0,11444.0,3.0,2026-09-15,0.01614500177712084,0,0,1,1,0,0,1,0.0,0.0,1.0161450017771207,1.0161450017771207,0.3048435005331362,1254
charcha| pardeep| sran| jashna| gaiphy| punjabi| songs| 2026,,,,,,,,,,1.0,3353565.0,3353565.0,22870.0,847.0,2026-09-18,0.007072175431220209,0,0,1,1,0,0,0,0.0,0.0,1.0070721754312202,1.0070721754312202,0.302121652629366,1868
charlotte fc vs chicago fire fc standings,,,,,,,100.0,1.0,1.0,,,,,,,,0,1,0,1,0,1,0,0.0,1.5,0.0,1.5,0.6000000000000001,174
charlotte vs chicago,,,,,,,100.0,1.0,1.0,,,,,,,,0,1,0,1,0,1,0,0.0,1.5,0.0,1.5,0.6000000000000001,174
chatgpt login,,,,,,,100.0,1.0,1.0,,,,,,,,0,1,0,1,0,1,0,0.0,1.5,0.0,1.5,0.6000000000000001,174
chatni| releasing| sept| malhar| thakar| puja| joshi| saandeep,,,,,,,,,,1.0,183455.0,183455.0,1470.0,91.0,2026-09-11,0.008508898639993458,0,0,1,1,0,0,0,0.0,0.0,1.0085088986399935,1.0085088986399935,0.30255266959199806,1761
chaurchan| gana| prakash| sharma| puja| 2026| chauthi| chand,,,,,,,,,,1.0,9509.0,9509.0,253.0,13.0,2026-09-14,0.027973498790619413,0,0,1,1,0,0,1,0.0,0.0,1.0279734987906195,1.0279734987906195,0.30839204963718586,814
chaurchan| puja| sannu| kumar| chaurachan| gana| geet,,,,,,,,,,1.0,175842.0,175842.0,1362.0,51.0,2026-09-14,0.008035622888729655,0,0,1,1,0,0,0,0.0,0.0,1.0080356228887297,1.0080356228887297,0.3024106868666189,1796
cheated| roblox| rivals| extreme| hide| seek,,,,,,,,,,1.0,639368.0,639368.0,8120.0,4206.0,2026-09-11,0.019278412432276872,0,0,1,1,0,0,1,0.0,0.0,1.019278412432277,1.019278412432277,0.30578352372968304,1120
cheated| scary| verity| minecraft| build| battle,,,,,,,,,,1.0,1247241.0,1247241.0,15314.0,892.0,2026-09-06,0.012993479207306367,0,0,1,1,0,0,1,0.0,0.0,1.0129934792073063,1.0129934792073063,0.30389804376219187,1406
cheated| scary| verity| potion| minecraft| entities| fight| battle,,,,,,,,,,1.0,644386.0,644386.0,11806.0,341.0,2026-09-29,0.018850502649033343,0,0,1,1,0,0,1,0.0,0.0,1.0188505026490333,1.0188505026490333,0.30565515079471,1141
cheats| indian| bikes| driving| secret| city| update,,,,,,,,,,1.0,306072.0,306072.0,8920.0,910.0,2026-09-17,0.0321166261533234,0,0,1,1,0,0,1,0.0,0.0,1.0321166261533234,1.0321166261533234,0.309634987845997,704
cheetah |  indian |  born,1.0,1.0,111.0,144.0,2026-10-05 10:09:15,68.55432006000001,,,,,,,,,,,1,0,0,1,0,0,0,0.6111111111111112,0.0,0.0,0.6111111111111112,0.18333333333333335,2798
cheetahs |  released |  veerangana,1.0,1.0,73.0,156.0,2026-10-07 13:49:44,16.879597837777776,,,,,,,,,,,1,0,0,1,1,0,0,0.6111111111111112,0.0,0.0,0.6111111111111112,0.18333333333333335,2798
chelsea football club,,,,,,,100.0,1.0,1.0,,,,,,,,0,1,0,1,0,1,0,0.0,1.5,0.0,1.5,0.6000000000000001,174
chham| chhaam| nache| dekho| krishna| kanhaiya| janmashtami| bhajan,,,,,,,,,,1.0,298081.0,298081.0,1095.0,19.0,2026-09-02,0.0037372392067927846,0,0,1,1,0,0,0,0.0,0.0,1.0037372392067927,1.0037372392067927,0.3011211717620378,2321
chhathi| maiya| vvaan| chhath| puja| 2026| sidharth| malhotra,,,,,,,,,,1.0,3234654.0,3234654.0,23848.0,1075.0,2026-10-01,0.007704997195990669,0,0,1,1,0,0,0,0.0,0.0,1.0077049971959906,1.0077049971959906,0.3023114991587972,1814
chhathi| maiya| vvaan| sidharth| malhotra| tamannaah| vishal| mishra,,,,,,,,,,1.0,27683807.0,27683807.0,247864.0,35544.0,2026-09-10,0.010237320322309717,0,0,1,1,0,0,0,0.0,0.0,1.0102373203223096,1.0102373203223096,0.30307119609669286,1610
chhode| achra| core| milian| plus| support| nibhai,,,,,,,,,,1.0,271052.0,271052.0,1116.0,0.0,2026-09-10,0.004117291147086168,0,0,1,1,0,0,0,0.0,0.0,1.0041172911470861,1.0041172911470861,0.30123518734412585,2254
chhod| aajo| sasurariya,,,,,,,,,,1.0,35084.0,35084.0,83.0,0.0,2026-10-01,0.0023657507695815758,0,0,1,1,0,0,0,0.0,0.0,1.0023657507695816,1.0023657507695816,0.30070972523087447,2572
chief |  ministers |  assam,1.0,1.0,94.0,170.0,2026-10-01 14:02:19,160.66987561555555,,,,,,,,,,,1,0,0,1,0,0,0,0.6111111111111112,0.0,0.0,0.6111111111111112,0.18333333333333335,2798
chief |  named |  marshal,1.0,1.0,64.0,197.0,2026-10-07 02:18:20,28.40293117111111,,,,,,,,,,,1,0,0,1,0,0,0,0.6111111111111112,0.0,0.0,0.6111111111111112,0.18333333333333335,2798
childhood |  friends |  manu,1.0,1.0,72.0,71.0,2026-10-01 06:25:00,168.29182006000002,,,,,,,,,,,1,0,0,1,0,0,0,0.6111111111111112,0.0,0.0,0.6111111111111112,0.18333333333333335,2798
childhood| nightmare| eyes| horror| game,,,,,,,,,,1.0,274044.0,274044.0,13018.0,1219.0,2026-09-10,0.05195151143611975,0,0,1,1,0,0,1,0.0,0.0,1.0519515114361198,1.0519515114361198,0.31558545343083594,367
children |  mother |  held,1.0,1.0,55.0,127.0,2026-10-01 02:32:10,172.17237561555558,,,,,,,,,,,1,0,0,1,0,0,0,0.6111111111111112,0.0,0.0,0.6111111111111112,0.18333333333333335,2798
chilling |  details |  flydubai,1.0,1.0,79.0,79.0,2026-10-04 00:30:00,102.20848672666666,,,,,,,,,,,1,0,0,1,0,0,0,0.6111111111111112,0.0,0.0,0.6111111111111112,0.18333333333333335,2798
chill| stream| wormate| live| wormateio| shortsfeed| indvspak,,,,,,,,,,2.0,1495643.5,2991287.0,590.5,0.0,2026-09-22,0.00039481333619943525,0,0,1,1,0,0,0,0.0,0.0,2.0003948133361993,2.0003948133361993,0.6001184440008598,170
china |  plus |  strategy,1.0,1.0,92.0,92.0,2026-10-07 06:28:49,24.228208948888888,,,,,,,,,,,1,0,0,1,0,0,0,0.6111111111111112,0.0,0.0,0.6111111111111112,0.18333333333333335,2798
china |  said |  priming,1.0,1.0,62.0,43.0,2026-10-08 05:35:00,1.1251533933333333,,,,,,,,,,,1,0,0,1,1,0,0,0.6111111111111112,0.0,0.0,0.6111111111111112,0.18333333333333335,2798
china |  starbucks |  xinjiang,1.0,1.0,80.0,404.0,2026-10-04 03:11:34,99.51570894888889,,,,,,,,,,,1,0,0,1,0,0,0,0.6111111111111112,0.0,0.0,0.6111111111111112,0.18333333333333335,2798
china |  travel |  restrictions,1.0,1.0,80.0,515.0,2026-10-02 17:20:05,133.37376450444444,,,,,,,,,,,1,0,0,1,0,0,0,0.6111111111111112,0.0,0.0,0.6111111111111112,0.18333333333333335,2798
chinese |  caribbean |  women,1.0,1.0,67.0,60.0,2026-10-06 05:38:27,49.06765339333334,,,,,,,,,,,1,0,0,1,0,0,0,0.6111111111111112,0.0,0.0,0.6111111111111112,0.18333333333333335,2798
choice |  dinesh |  trivedi,1.0,1.0,80.0,75.0,2026-10-03 17:45:52,108.94404228222221,,,,,,,,,,,1,0,0,1,0,0,0,0.6111111111111112,0.0,0.0,0.6111111111111112,0.18333333333333335,2798
choosing |  lonelier |  power,1.0,1.0,75.0,124.0,2026-10-05 03:10:18,75.53682006,,,,,,,,,,,1,0,0,1,0,0,0,0.6111111111111112,0.0,0.0,0.6111111111111112,0.18333333333333335,2798
choo| chalres| finaly| revenge| save| chotu| dhannoisfire,,,,,,,,,,1.0,219918.0,219918.0,2549.0,20.0,2026-09-06,0.011681626788166498,0,0,1,1,0,0,1,0.0,0.0,1.0116816267881665,1.0116816267881665,0.30350448803644997,1489
chori| dil| tera| churayenge,,,,,,,,,,1.0,150792.0,150792.0,360.0,0.0,2026-09-06,0.0023873945567404104,0,0,1,1,0,0,0,0.0,0.0,1.0023873945567403,1.0023873945567403,0.30071621836702206,2571
chori| maine| bhi| dalaal| mithun| chakraborty| ayesha| jhulka,,,,,,,,,,1.0,638763.0,638763.0,965.0,15.0,2026-09-22,0.0015342153506073457,0,0,1,1,0,0,0,0.0,0.0,1.0015342153506073,1.0015342153506073,0.30046026460518216,2664
chowdhury |  congress |  mamata,1.0,1.0,69.0,61.0,2026-10-02 04:34:11,146.13876450444445,,,,,,,,,,,1,0,0,1,0,0,0,0.6111111111111112,0.0,0.0,0.6111111111111112,0.18333333333333335,2798
chunni| mein| sonam| gujari| love| kush| meena,,,,,,,,,,6.0,180363.33333333334,1082180.0,540.8333333333334,11.5,2026-10-04,0.003062337134302981,0,0,1,1,0,0,0,0.0,0.0,6.003062337134303,6.003062337134303,1.8009187011402907,43
chura| dil| mera,,,,,,,,,,1.0,132975.0,132975.0,644.0,0.0,2026-09-28,0.004843015604436924,0,0,1,1,0,0,0,0.0,0.0,1.004843015604437,1.004843015604437,0.30145290468133107,2129
cipla |  pune |  warehouse,1.0,1.0,75.0,75.0,2026-10-02 16:04:34,134.63237561555556,,,,,,,,,,,1,0,0,1,0,0,0,0.6111111111111112,0.0,0.0,0.6111111111111112,0.18333333333333335,2798
citylights| vinay| rajkumar| monisha| vijayakumar| charan| raj| anandaudio,,,,,,,,,,1.0,1326497.0,1326497.0,36241.0,1601.0,2026-09-13,0.028527769003623832,0,0,1,1,0,0,1,0.0,0.0,1.0285277690036239,1.0285277690036239,0.3085583307010871,793
civilian |  ukraine |  civilians,1.0,1.0,82.0,486.0,2026-10-04 05:45:44,96.94626450444444,,,,,,,,,,,1,0,0,1,0,0,0,0.6111111111111112,0.0,0.0,0.6111111111111112,0.18333333333333335,2798
claims |  ltcg |  crore,1.0,1.0,84.0,386.0,2026-10-05 04:31:45,74.17932006,,,,,,,,,,,1,0,0,1,0,0,0,0.6111111111111112,0.0,0.0,0.6111111111111112,0.18333333333333335,2798
claim| naruto| chap| all| free| rewards| para| samsung,,,,,,,,,,1.0,265773.0,265773.0,13486.0,1193.0,2026-09-09,0.05523134404171982,0,0,1,1,0,0,1,0.0,0.0,1.0552313440417198,1.0552313440417198,0.3165694032125159,344
claim| naruto| event| all| free| rewards| para| samsung,,,,,,,,,,1.0,295753.0,295753.0,14265.0,1241.0,2026-09-16,0.05242888491410062,0,0,1,1,0,0,1,0.0,0.0,1.0524288849141006,1.0524288849141006,0.3157286654742302,361
classes |  schools |  france,1.0,1.0,70.0,440.0,2026-10-05 03:38:04,75.07404228222222,,,,,,,,,,,1,0,0,1,0,0,0,0.6111111111111112,0.0,0.0,0.6111111111111112,0.18333333333333335,2798
classrooms| horror| game| horrorgameplay| walkthrough| theclassrooms,,,,,,,,,,1.0,2126155.0,2126155.0,2592.0,0.0,2026-09-24,0.0012191020880415585,0,0,1,1,0,0,0,0.0,0.0,1.0012191020880417,1.0012191020880417,0.3003657306264125,2684
clayface| final,,,,,,,,,,1.0,6226535.0,6226535.0,92022.0,4228.0,2026-09-24,0.015458035649040759,0,0,1,1,0,0,1,0.0,0.0,1.0154580356490408,1.0154580356490408,0.30463741069471223,1281
click |  done |  apple,1.0,1.0,79.0,79.0,2026-10-02 02:24:12,148.30515339333334,,,,,,,,,,,1,0,0,1,0,0,0,0.6111111111111112,0.0,0.0,0.6111111111111112,0.18333333333333335,2798
climbing| most| satisfying| asmr| tower| roblox,,,,,,,,,,1.0,322829.0,322829.0,8396.0,476.0,2026-09-16,0.02748204157619049,0,0,1,1,0,0,1,0.0,0.0,1.0274820415761905,1.0274820415761905,0.3082446124728571,828
clone| army| challenge| roblox,,,,,,,,,,1.0,35724.0,35724.0,468.0,34.0,2026-09-19,0.014052177807636323,0,0,1,1,0,0,1,0.0,0.0,1.0140521778076363,1.0140521778076363,0.3042156533422909,1351
clone| defeat| noobs| roblox,,,,,,,,,,1.0,173033.0,173033.0,2360.0,188.0,2026-09-14,0.014725514786196853,0,0,1,1,0,0,1,0.0,0.0,1.0147255147861969,1.0147255147861969,0.30441765443585905,1317
close| yet| far| gdr| finally| champions,,,,,,,,,,1.0,243534.0,243534.0,8240.0,402.0,2026-09-06,0.03548580485681671,0,0,1,1,0,0,1,0.0,0.0,1.0354858048568167,1.0354858048568167,0.310645741457045,617
club |  promised |  plot,1.0,1.0,83.0,319.0,2026-10-06 04:04:00,50.64182006,,,,,,,,,,,1,0,0,1,0,0,0,0.6111111111111112,0.0,0.0,0.6111111111111112,0.18333333333333335,2798
clutchgod| solo| finishes| vasista| qualified| what| comeback,,,,,,,,,,1.0,144870.0,144870.0,7400.0,185.0,2026-10-06,0.052357285842479465,0,0,1,1,0,0,1,0.0,0.0,1.0523572858424795,1.0523572858424795,0.3157071857527438,362
coach |  snake |  inside,1.0,1.0,96.0,150.0,2026-10-04 07:37:03,95.09098672666666,,,,,,,,,,,1,0,0,1,0,0,0,0.6111111111111112,0.0,0.0,0.6111111111111112,0.18333333333333335,2798
coast |  guard |  banks,1.0,1.0,72.0,72.0,2026-09-30 14:12:08,184.50626450444446,,,,,,,,,,,1,0,0,1,0,0,0,0.6111111111111112,0.0,0.0,0.6111111111111112,0.18333333333333335,2798
coastal road mumbai,,,,,,,100.0,1.0,1.0,,,,,,,,0,1,0,1,0,1,0,0.0,1.5,0.0,1.5,0.6000000000000001,174
cochin shipyard share,,,,,,,100.0,1.0,1.0,,,,,,,,0,1,0,1,0,1,0,0.0,1.5,0.0,1.5,0.6000000000000001,174
cockpit |  attack |  then,1.0,1.0,76.0,76.0,2026-10-06 02:58:25,51.73487561555556,,,,,,,,,,,1,0,0,1,0,0,0,0.6111111111111112,0.0,0.0,0.6111111111111112,0.18333333333333335,2798
cockroaches |  march |  delhi,1.0,1.0,120.0,120.0,2026-10-03 05:44:55,120.95987561555555,,,,,,,,,,,1,0,0,1,0,0,0,0.6111111111111112,0.0,0.0,0.6111111111111112,0.18333333333333335,2798
colbys |  term |  report,1.0,1.0,61.0,61.0,2026-10-05 06:12:26,72.50126450444445,,,,,,,,,,,1,0,0,1,0,0,0,0.6111111111111112,0.0,0.0,0.6111111111111112,0.18333333333333335,2798
collecting| billion| minecraft,,,,,,,,,,1.0,1295797.0,1295797.0,13974.0,710.0,2026-10-03,0.011332021913926333,0,0,1,1,0,0,1,0.0,0.0,1.0113320219139263,1.0113320219139263,0.3033996065741779,1526
collector |  painting |  abercrombie,1.0,1.0,76.0,417.0,2026-10-05 05:42:40,72.99737561555555,,,,,,,,,,,1,0,0,1,0,0,0,0.6111111111111112,0.0,0.0,0.6111111111111112,0.18333333333333335,2798
college |  student |  stabbed,1.0,1.0,59.0,181.0,2026-10-01 02:30:10,172.2057089488889,,,,,,,,,,,1,0,0,1,0,0,0,0.6111111111111112,0.0,0.0,0.6111111111111112,0.18333333333333335,2798
coloros 17,,,,,,,100.0,1.0,1.0,,,,,,,,0,1,0,1,0,1,0,0.0,1.5,0.0,1.5,0.6000000000000001,174
coming| back| gas| station| after| years,,,,,,,,,,1.0,5401084.0,5401084.0,283376.0,22173.0,2026-09-06,0.05657179188474017,0,0,1,1,0,0,1,0.0,0.0,1.0565717918847402,1.0565717918847402,0.316971537565422,337
commanders |  conference |  navy,1.0,1.0,94.0,94.0,2026-09-30 09:58:21,188.73598672666668,,,,,,,,,,,1,0,0,1,0,0,0,0.6111111111111112,0.0,0.0,0.6111111111111112,0.18333333333333335,2798
commentary |  india |  china,1.0,1.0,62.0,62.0,2026-10-05 06:12:26,72.50126450444445,,,,,,,,,,,1,0,0,1,0,0,0,0.6111111111111112,0.0,0.0,0.6111111111111112,0.18333333333333335,2798
commentary |  there |  hope,1.0,1.0,53.0,53.0,2026-10-06 06:52:38,47.83126450444445,,,,,,,,,,,1,0,0,1,0,0,0,0.6111111111111112,0.0,0.0,0.6111111111111112,0.18333333333333335,2798
commercial |  will |  price,1.0,1.0,61.0,370.0,2026-10-01 03:26:53,171.26043117111112,,,,,,,,,,,1,0,0,1,0,0,0,0.6111111111111112,0.0,0.0,0.6111111111111112,0.18333333333333335,2798
como vs rb leipzig,,,,,,,100.0,1.0,1.0,,,,,,,,0,1,0,1,0,1,0,0.0,1.5,0.0,1.5,0.6000000000000001,174
competing |  food |  gold,1.0,1.0,99.0,99.0,2026-10-06 06:52:38,47.83126450444445,,,,,,,,,,,1,0,0,1,0,0,0,0.6111111111111112,0.0,0.0,0.6111111111111112,0.18333333333333335,2798
compilation| best| shin| giant| monsters| minecraft| coffin| meme,,,,,,,,,,2.0,147823.5,295647.0,0.0,7.5,2026-09-16,5.073618200083207e-05,0,0,1,1,0,0,0,0.0,0.0,2.000050736182001,2.000050736182001,0.6000152208546002,173
complains |  chest |  pain,1.0,1.0,79.0,77.0,2026-10-02 17:40:09,133.03932006,,,,,,,,,,,1,0,0,1,0,0,0,0.6111111111111112,0.0,0.0,0.6111111111111112,0.18333333333333335,2798
complaint |  amid |  electoral,1.0,1.0,112.0,151.0,2026-10-05 02:40:18,76.03682006,,,,,,,,,,,1,0,0,1,0,0,0,0.6111111111111112,0.0,0.0,0.6111111111111112,0.18333333333333335,2798
complaints |  lakh |  stolen,1.0,1.0,86.0,75.0,2026-10-06 05:32:45,49.162653393333336,,,,,,,,,,,1,0,0,1,0,0,0,0.6111111111111112,0.0,0.0,0.6111111111111112,0.18333333333333335,2798
completing| world| keyboard| escape| roblox,,,,,,,,,,1.0,397677.0,397677.0,10571.0,660.0,2026-09-19,0.028241512584333515,0,0,1,1,0,0,1,0.0,0.0,1.0282415125843336,1.0282415125843336,0.3084724537753001,806
compound |  archery |  asian,1.0,1.0,80.0,361.0,2026-10-01 06:19:37,168.38154228222223,,,,,,,,,,,1,0,0,1,0,0,0,0.6111111111111112,0.0,0.0,0.6111111111111112,0.18333333333333335,2798
comrade| kalyan| sree| vishnu| mahima| nambiar| janakiram| marella,,,,,,,,,,1.0,1683874.0,1683874.0,26042.0,459.0,2026-10-06,0.015738113421788092,0,0,1,1,0,0,1,0.0,0.0,1.015738113421788,1.015738113421788,0.3047214340265364,1268
comrade| kalyan| teaser| sree| vishnu| mahima| nambiar| janakiram,,,,,,,,,,1.0,2793137.0,2793137.0,40077.0,573.0,2026-09-05,0.014553528881683927,0,0,1,1,0,0,1,0.0,0.0,1.0145535288816838,1.0145535288816838,0.3043660586645051,1324
confirm| next| gold| vault| bundle| gun| para| samsung,,,,,,,,,,1.0,344180.0,344180.0,15883.0,1140.0,2026-09-05,0.04945958510081934,0,0,1,1,0,0,1,0.0,0.0,1.0494595851008193,1.0494595851008193,0.3148378755302458,391
confusing| psychological| horror| foghorns| drown,,,,,,,,,,1.0,443276.0,443276.0,15390.0,1162.0,2026-09-27,0.03734016729983126,0,0,1,1,0,0,1,0.0,0.0,1.0373401672998313,1.0373401672998313,0.31120205018994934,574
congress |  abruptly |  replaces,1.0,1.0,66.0,37.0,2026-10-02 22:54:07,127.80654228222221,,,,,,,,,,,1,0,0,1,0,0,0,0.6111111111111112,0.0,0.0,0.6111111111111112,0.18333333333333335,2798
congress |  kharge |  gyanesh,1.0,1.0,102.0,146.0,2026-10-05 09:32:22,69.16904228222222,,,,,,,,,,,1,0,0,1,0,0,0,0.6111111111111112,0.0,0.0,0.6111111111111112,0.18333333333333335,2798
congress |  loses |  even,1.0,1.0,83.0,102.0,2026-10-07 02:58:34,27.732375615555554,,,,,,,,,,,1,0,0,1,0,0,0,0.6111111111111112,0.0,0.0,0.6111111111111112,0.18333333333333335,2798
congress |  punjab |  warring,1.0,1.0,86.0,468.0,2026-10-02 14:37:33,136.08265339333332,,,,,,,,,,,1,0,0,1,0,0,0,0.6111111111111112,0.0,0.0,0.6111111111111112,0.18333333333333335,2798
congress |  video |  akashwani,1.0,1.0,110.0,143.0,2026-10-06 14:36:15,40.104320060000006,,,,,,,,,,,1,0,0,1,0,0,0,0.6111111111111112,0.0,0.0,0.6111111111111112,0.18333333333333335,2798
congress |  whom |  does,1.0,1.0,96.0,135.0,2026-10-06 10:41:29,44.01709783777778,,,,,,,,,,,1,0,0,1,0,0,0,0.6111111111111112,0.0,0.0,0.6111111111111112,0.18333333333333335,2798
constitutional |  questions |  supreme,1.0,1.0,104.0,87.0,2026-10-07 02:20:10,28.372375615555555,,,,,,,,,,,1,0,0,1,0,0,0,0.6111111111111112,0.0,0.0,0.6111111111111112,0.18333333333333335,2798
controversy |  fire |  tender,1.0,1.0,71.0,157.0,2026-10-06 14:02:21,40.669320060000004,,,,,,,,,,,1,0,0,1,0,0,0,0.6111111111111112,0.0,0.0,0.6111111111111112,0.18333333333333335,2798
convenor |  opened |  battlefront,1.0,1.0,69.0,69.0,2026-10-05 14:22:24,64.33515339333334,,,,,,,,,,,1,0,0,1,0,0,0,0.6111111111111112,0.0,0.0,0.6111111111111112,0.18333333333333335,2798
convenor |  written |  complaint,1.0,1.0,76.0,235.0,2026-10-07 02:34:00,28.14182006,,,,,,,,,,,1,0,0,1,0,0,0,0.6111111111111112,0.0,0.0,0.6111111111111112,0.18333333333333335,2798
convierto| hombre| mas| fuerte| gta,,,,,,,,,,1.0,628377.0,628377.0,6393.0,82.0,2026-09-15,0.010304323678301402,0,0,1,1,0,0,0,0.0,0.0,1.0103043236783014,1.0103043236783014,0.3030912971034904,1604
convierto| spiderman| fuerte| gta,,,,,,,,,,1.0,1165459.0,1165459.0,11915.0,83.0,2026-10-02,0.01029465644008069,0,0,1,1,0,0,0,0.0,0.0,1.0102946564400808,1.0102946564400808,0.3030883969320242,1605
convocation |  bengaluru |  chief,1.0,1.0,113.0,112.0,2026-10-07 19:11:49,11.511542282222221,,,,,,,,,,,1,0,0,1,1,0,0,0.6111111111111112,0.0,0.0,0.6111111111111112,0.18333333333333335,2798
cops |  india |  gate,1.0,1.0,76.0,158.0,2026-10-04 08:13:02,94.49126450444444,,,,,,,,,,,1,0,0,1,0,0,0,0.6111111111111112,0.0,0.0,0.6111111111111112,0.18333333333333335,2798
cops| robbers| rivals| roblox,,,,,,,,,,1.0,197092.0,197092.0,2437.0,446.0,2026-10-05,0.014627686562620501,0,0,1,1,0,0,1,0.0,0.0,1.0146276865626205,1.0146276865626205,0.30438830596878613,1321
copyright |  second |  paper,1.0,1.0,78.0,147.0,2026-10-04 07:05:03,95.62432005999999,,,,,,,,,,,1,0,0,1,0,0,0,0.6111111111111112,0.0,0.0,0.6111111111111112,0.18333333333333335,2798
cornell |  look |  into,1.0,1.0,80.0,80.0,2026-10-04 03:21:40,99.34737561555555,,,,,,,,,,,1,0,0,1,0,0,0,0.6111111111111112,0.0,0.0,0.6111111111111112,0.18333333333333335,2798
cosmic| curse| portal| panic| clash| ween| season,,,,,,,,,,1.0,1840391.0,1840391.0,34757.0,876.0,2026-10-01,0.019361646519679785,0,0,1,1,0,0,1,0.0,0.0,1.0193616465196798,1.0193616465196798,0.3058084939559039,1115
cotton |  htbt |  covers,1.0,1.0,75.0,115.0,2026-10-08 03:52:58,2.825708948888889,,,,,,,,,,,1,0,0,1,1,0,0,0.6111111111111112,0.0,0.0,0.6111111111111112,0.18333333333333335,2798
counter |  china |  india,1.0,1.0,71.0,90.0,2026-10-02 21:38:26,129.0679311711111,,,,,,,,,,,1,0,0,1,0,0,0,0.6111111111111112,0.0,0.0,0.6111111111111112,0.18333333333333335,2798
couple |  payment |  tilya,1.0,1.0,74.0,360.0,2026-10-07 03:45:53,26.943764504444445,,,,,,,,,,,1,0,0,1,0,0,0,0.6111111111111112,0.0,0.0,0.6111111111111112,0.18333333333333335,2798
couple |  them |  delhi,1.0,1.0,64.0,315.0,2026-10-03 18:15:16,108.45404228222222,,,,,,,,,,,1,0,0,1,0,0,0,0.6111111111111112,0.0,0.0,0.6111111111111112,0.18333333333333335,2798
courage |  modi |  says,1.0,1.0,70.0,117.0,2026-10-02 01:03:10,149.6557089488889,,,,,,,,,,,1,0,0,1,0,0,0,0.6111111111111112,0.0,0.0,0.6111111111111112,0.18333333333333335,2798
court |  appoints |  single,1.0,1.0,75.0,39.0,2026-10-02 18:26:32,132.26626450444445,,,,,,,,,,,1,0,0,1,0,0,0,0.6111111111111112,0.0,0.0,0.6111111111111112,0.18333333333333335,2798
court |  citizens |  catch,1.0,1.0,66.0,70.0,2026-10-06 05:04:18,49.636820060000005,,,,,,,,,,,1,0,0,1,0,0,0,0.6111111111111112,0.0,0.0,0.6111111111111112,0.18333333333333335,2798
court |  criminal |  case,1.0,1.0,70.0,115.0,2026-10-06 03:01:00,51.691820060000005,,,,,,,,,,,1,0,0,1,0,0,0,0.6111111111111112,0.0,0.0,0.6111111111111112,0.18333333333333335,2798
court |  custody |  suspended,1.0,1.0,49.0,325.0,2026-10-08 02:28:40,4.230708948888889,,,,,,,,,,,1,0,0,1,1,0,0,0.6111111111111112,0.0,0.0,0.6111111111111112,0.18333333333333335,2798
court |  drink |  because,1.0,1.0,100.0,110.0,2026-10-07 02:14:10,28.472375615555556,,,,,,,,,,,1,0,0,1,0,0,0,0.6111111111111112,0.0,0.0,0.6111111111111112,0.18333333333333335,2798
court |  great |  nicobar,1.0,1.0,77.0,125.0,2026-10-05 08:06:20,70.60293117111111,,,,,,,,,,,1,0,0,1,0,0,0,0.6111111111111112,0.0,0.0,0.6111111111111112,0.18333333333333335,2798
court |  heritage |  preparing,1.0,1.0,56.0,187.0,2026-10-07 04:30:32,26.199597837777777,,,,,,,,,,,1,0,0,1,0,0,0,0.6111111111111112,0.0,0.0,0.6111111111111112,0.18333333333333335,2798
court |  jailed |  months,1.0,1.0,108.0,76.0,2026-10-07 04:29:27,26.217653393333332,,,,,,,,,,,1,0,0,1,0,0,0,0.6111111111111112,0.0,0.0,0.6111111111111112,0.18333333333333335,2798
court |  orders |  devaswom,1.0,1.0,84.0,84.0,2026-10-08 06:22:48,0.3284867266666667,,,,,,,,,,,1,0,0,1,1,0,0,0.6111111111111112,0.0,0.0,0.6111111111111112,0.18333333333333335,2798
court |  orders |  probe,1.0,1.0,79.0,79.0,2026-10-05 05:07:47,73.57876450444444,,,,,,,,,,,1,0,0,1,0,0,0,0.6111111111111112,0.0,0.0,0.6111111111111112,0.18333333333333335,2798
court |  police |  over,1.0,1.0,97.0,145.0,2026-09-30 12:26:37,186.26487561555555,,,,,,,,,,,1,0,0,1,0,0,0,0.6111111111111112,0.0,0.0,0.6111111111111112,0.18333333333333335,2798
court |  rape |  cases,1.0,1.0,128.0,141.0,2026-10-05 08:00:30,70.70015339333334,,,,,,,,,,,1,0,0,1,0,0,0,0.6111111111111112,0.0,0.0,0.6111111111111112,0.18333333333333335,2798
court |  sena |  corporator,1.0,1.0,98.0,155.0,2026-10-03 01:58:53,124.72709783777778,,,,,,,,,,,1,0,0,1,0,0,0,0.6111111111111112,0.0,0.0,0.6111111111111112,0.18333333333333335,2798
court |  years |  data,1.0,1.0,69.0,101.0,2026-10-07 03:01:06,27.690153393333333,,,,,,,,,,,1,0,0,1,0,0,0,0.6111111111111112,0.0,0.0,0.6111111111111112,0.18333333333333335,2798
covering |  coastline |  bitou,1.0,1.0,67.0,400.0,2026-10-04 05:25:09,97.28932006,,,,,,,,,,,1,0,0,1,0,0,0,0.6111111111111112,0.0,0.0,0.6111111111111112,0.18333333333333335,2798
crash,,,,,,,,,,1.0,189415.0,189415.0,3873.0,117.0,2026-09-28,0.021064857587836234,0,0,1,1,0,0,1,0.0,0.0,1.0210648575878363,1.0210648575878363,0.30631945727635085,1043
crashed| into| ghost| road| jukai,,,,,,,,,,1.0,77184.0,77184.0,4171.0,407.0,2026-10-04,0.05931281094527363,0,0,1,1,0,0,1,0.0,0.0,1.0593128109452736,1.0593128109452736,0.31779384328358207,328
craziest| fishing| game| ever| played| how| fish,,,,,,,,,,1.0,73236.0,73236.0,2374.0,266.0,2026-09-17,0.0360478453219728,0,0,1,1,0,0,1,0.0,0.0,1.0360478453219728,1.0360478453219728,0.3108143535965918,599
crazy| fan| girls| kidnapped| dash| minecraft,,,,,,,,,,1.0,424277.0,424277.0,9391.0,689.0,2026-09-05,0.023758063717806997,0,0,1,1,0,0,1,0.0,0.0,1.023758063717807,1.023758063717807,0.3071274191153421,954
created| bunker| survive| iphone| duo| minecraft,,,,,,,,,,1.0,1320450.0,1320450.0,14568.0,1155.0,2026-10-04,0.011907304328069976,0,0,1,1,0,0,1,0.0,0.0,1.01190730432807,1.01190730432807,0.303572191298421,1476
created| wishing| well| steal| villagers,,,,,,,,,,1.0,310181.0,310181.0,4680.0,142.0,2026-09-11,0.015545761990579695,0,0,1,1,0,0,1,0.0,0.0,1.0155457619905797,1.0155457619905797,0.3046637285971739,1277
creating |  anarchy |  relaunch,1.0,1.0,65.0,84.0,2026-10-06 05:12:45,49.49598672666667,,,,,,,,,,,1,0,0,1,0,0,0,0.6111111111111112,0.0,0.0,0.6111111111111112,0.18333333333333335,2798
crew |  injured |  indian,1.0,1.0,82.0,135.0,2026-10-07 01:26:23,29.268764504444444,,,,,,,,,,,1,0,0,1,0,0,0,0.6111111111111112,0.0,0.0,0.6111111111111112,0.18333333333333335,2798
cricbuzz live score,,,,,,,100.0,1.0,1.0,,,,,,,,0,1,0,1,0,1,0,0.0,1.5,0.0,1.5,0.6000000000000001,174
cricket live tv,,,,,,,100.0,1.0,1.0,,,,,,,,0,1,0,1,0,1,0,0.0,1.5,0.0,1.5,0.6000000000000001,174
cricket |  kapil |  hardik,1.0,1.0,69.0,435.0,2026-10-08 04:18:45,2.3959867266666666,,,,,,,,,,,1,0,0,1,1,0,0,0.6111111111111112,0.0,0.0,0.6111111111111112,0.18333333333333335,2798
cricket |  only |  batting,1.0,1.0,89.0,89.0,2026-10-01 06:33:17,168.15376450444447,,,,,,,,,,,1,0,0,1,0,0,0,0.6111111111111112,0.0,0.0,0.6111111111111112,0.18333333333333335,2798
cricket |  world |  draw,1.0,1.0,78.0,78.0,2026-10-02 06:09:13,144.55487561555555,,,,,,,,,,,1,0,0,1,0,0,0,0.6111111111111112,0.0,0.0,0.6111111111111112,0.18333333333333335,2798
cricket |  world |  schedule,1.0,1.0,114.0,114.0,2026-10-02 06:09:13,144.55487561555555,,,,,,,,,,,1,0,0,1,0,0,0,0.6111111111111112,0.0,0.0,0.6111111111111112,0.18333333333333335,2798
crime |  elon |  musk,1.0,1.0,76.0,76.0,2026-10-08 06:38:34,0.06570894888888888,,,,,,,,,,,1,0,0,1,1,0,0,0.6111111111111112,0.0,0.0,0.6111111111111112,0.18333333333333335,2798
crip| walk| music| yung| sammy| sambata| one| kind,,,,,,,,,,1.0,1162813.0,1162813.0,42936.0,1170.0,2026-09-09,0.03793043249430476,0,0,1,1,0,0,1,0.0,0.0,1.0379304324943048,1.0379304324943048,0.31137912974829146,561
crops |  damaged |  relief,1.0,1.0,61.0,253.0,2026-10-08 02:28:20,4.236264504444445,,,,,,,,,,,1,0,0,1,1,0,0,0.6111111111111112,0.0,0.0,0.6111111111111112,0.18333333333333335,2798
crore |  customs |  imposes,1.0,1.0,47.0,282.0,2026-10-02 02:20:00,148.37515339333333,,,,,,,,,,,1,0,0,1,0,0,0,0.6111111111111112,0.0,0.0,0.6111111111111112,0.18333333333333335,2798
crore |  drishyam |  ajay,1.0,1.0,67.0,270.0,2026-10-04 02:20:41,100.36376450444443,,,,,,,,,,,1,0,0,1,0,0,0,0.6111111111111112,0.0,0.0,0.6111111111111112,0.18333333333333335,2798
crore |  drought |  losses,1.0,1.0,46.0,250.0,2026-10-05 02:23:10,76.32237561555554,,,,,,,,,,,1,0,0,1,0,0,0,0.6111111111111112,0.0,0.0,0.6111111111111112,0.18333333333333335,2798
crore |  fund |  small,1.0,1.0,41.0,318.0,2026-10-07 02:25:20,28.286264504444443,,,,,,,,,,,1,0,0,1,0,0,0,0.6111111111111112,0.0,0.0,0.6111111111111112,0.18333333333333335,2798
crore |  gold |  smuggling,1.0,1.0,95.0,130.0,2026-10-01 05:53:11,168.8220978377778,,,,,,,,,,,1,0,0,1,0,0,0,0.6111111111111112,0.0,0.0,0.6111111111111112,0.18333333333333335,2798
cross |  examine |  should,1.0,1.0,79.0,138.0,2026-10-02 07:57:47,142.7454311711111,,,,,,,,,,,1,0,0,1,0,0,0,0.6111111111111112,0.0,0.0,0.6111111111111112,0.18333333333333335,2798
cry| out| loud,,,,,,,,,,1.0,342877.0,342877.0,4985.0,127.0,2026-10-06,0.014909136512510317,0,0,1,1,0,0,1,0.0,0.0,1.0149091365125102,1.0149091365125102,0.30447274095375304,1306
csky| gurjit| gill| guru| randhawa,,,,,,,,,,1.0,2750800.0,2750800.0,71036.0,2065.0,2026-10-01,0.02657445106877999,0,0,1,1,0,0,1,0.0,0.0,1.02657445106878,1.02657445106878,0.307972335320634,852
csr| push| region| 999| 400k| shortslive| verticallive| freefire,,,,,,,,,,9.0,1224788.4444444445,11023096.0,7694.333333333333,11.666666666666666,2026-10-03,0.0062916988112958466,0,0,1,1,0,0,0,0.0,0.0,9.006291698811296,9.006291698811296,2.7018875096433885,23
culture |  sikkim |  prayer,1.0,1.0,105.0,151.0,2026-10-07 03:04:33,27.63265339333333,,,,,,,,,,,1,0,0,1,0,0,0,0.6111111111111112,0.0,0.0,0.6111111111111112,0.18333333333333335,2798
custom| room| 1v1| tdm| classic| gameplay| bgmi| live,,,,,,,,,,1.0,345666.0,345666.0,1969.0,2.0,2026-09-25,0.005702036069500616,0,0,1,1,0,0,0,0.0,0.0,1.0057020360695006,1.0057020360695006,0.30171061082085016,2009
cyclone,,,,,,,100.0,1.0,1.0,,,,,,,,0,1,0,1,0,1,0,0.0,1.5,0.0,1.5,0.6000000000000001,174
dada| nandamuri| balakrishna| kajal| agarwal| gopichandu| malineni| thaman,,,,,,,,,,1.0,87077.0,87077.0,1415.0,45.0,2026-09-06,0.01676676964066286,0,0,1,1,0,0,1,0.0,0.0,1.0167667696406628,1.0167667696406628,0.3050300308921988,1223
dada| nandamuri| balakrishna| kajal| gooichandh| malineni,,,,,,,,,,1.0,207614.0,207614.0,3345.0,0.0,2026-09-06,0.016111630236881905,0,0,1,1,0,0,1,0.0,0.0,1.016111630236882,1.016111630236882,0.3048334890710646,1257
dai| vinod| verma| soniya| tanu| durgesh| sahu| kanchan,,,,,,,,,,1.0,154792.0,154792.0,6026.0,319.0,2026-10-07,0.0409904904646235,0,0,1,1,0,0,1,0.0,0.0,1.0409904904646234,1.0409904904646234,0.312297147139387,497
dammar| daak| dakla| aghori| muzik| jahnvi| shrimankar| navratri,,,,,,,,,,1.0,401914.0,401914.0,6065.0,155.0,2026-10-02,0.015475947590778126,0,0,1,1,0,0,1,0.0,0.0,1.0154759475907782,1.0154759475907782,0.30464278427723346,1280
dance| firki| wali| instagram| trending| cover| neelu| maurya,,,,,,,,,,1.0,85127.0,85127.0,336.0,6.0,2026-09-24,0.004017526754143809,0,0,1,1,0,0,0,0.0,0.0,1.0040175267541438,1.0040175267541438,0.30120525802624315,2272
dandalayya| undralayya| coolie| venkatesh| ilaiyaraaja| balu| ganesh| chaturthi,,,,,,,,,,1.0,801756.0,801756.0,4190.0,36.0,2026-09-14,0.005270930307973997,0,0,1,1,0,0,0,0.0,0.0,1.005270930307974,1.005270930307974,0.30158127909239224,2061
dangerous| atv| driving| challenge| roblox,,,,,,,,,,1.0,68201.0,68201.0,1082.0,43.0,2026-09-17,0.01649535930558203,0,0,1,1,0,0,1,0.0,0.0,1.016495359305582,1.016495359305582,0.3049486077916746,1232
darad| uthey| lagal| latest| bhojpuri| 2026| samar| singh,,,,,,,,,,1.0,1022775.0,1022775.0,14353.0,949.0,2026-09-11,0.014961257363545257,0,0,1,1,0,0,1,0.0,0.0,1.0149612573635454,1.0149612573635454,0.3044883772090636,1303
daredevil| first| look| plan| change| scene| raaka| theories,,,,,,,,,,1.0,60674.0,60674.0,2186.0,122.0,2026-09-17,0.03803935787981672,0,0,1,1,0,0,1,0.0,0.0,1.0380393578798168,1.0380393578798168,0.311411807363945,556
darji| music| gurnam| bhullar| mixsingh| jassi| lohka| harry,,,,,,,,,,1.0,1030457.0,1030457.0,6127.0,176.0,2026-09-25,0.006116703559682743,0,0,1,1,0,0,0,0.0,0.0,1.0061167035596827,1.0061167035596827,0.30183501106790483,1966
dark| day| lilyville,,,,,,,,,,1.0,1775467.0,1775467.0,69175.0,1691.0,2026-10-04,0.03991400572356456,0,0,1,1,0,0,1,0.0,0.0,1.0399140057235645,1.0399140057235645,0.31197420171706935,513
dark| earth| godzilla| moeder| kaiju| hunting| series| animal,,,,,,,,,,1.0,197521.0,197521.0,4177.0,611.0,2026-09-13,0.02424046050799662,0,0,1,1,0,0,1,0.0,0.0,1.0242404605079967,1.0242404605079967,0.307272138152399,927
dash| got| billion| diamonds,,,,,,,,,,1.0,154678.0,154678.0,2350.0,214.0,2026-09-30,0.01657637155898059,0,0,1,1,0,0,1,0.0,0.0,1.0165763715589806,1.0165763715589806,0.3049729114676942,1228
dash| went| inside| fan| girl| head,,,,,,,,,,1.0,114824.0,114824.0,1909.0,87.0,2026-10-01,0.017383125478993938,0,0,1,1,0,0,1,0.0,0.0,1.017383125478994,1.017383125478994,0.30521493764369817,1196
dating| two| warewolf| girls| minecraft,,,,,,,,,,1.0,301452.0,301452.0,3852.0,192.0,2026-09-11,0.013415071056088532,0,0,1,1,0,0,1,0.0,0.0,1.0134150710560885,1.0134150710560885,0.30402452131682656,1387
dattguru| songs| gani,,,,,,,,,,1.0,21736.0,21736.0,122.0,5.0,2026-09-30,0.0058428413691571585,0,0,1,1,0,0,0,0.0,0.0,1.0058428413691571,1.0058428413691571,0.3017528524107471,1999
daughter |  parents |  force,1.0,1.0,72.0,89.0,2026-10-06 04:31:29,50.18376450444445,,,,,,,,,,,1,0,0,1,0,0,0,0.6111111111111112,0.0,0.0,0.6111111111111112,0.18333333333333335,2798
david| 100| tommy| vercetti| security| gta| real| life,,,,,,,,,,1.0,457772.0,457772.0,15381.0,782.0,2026-09-09,0.0353079699064163,0,0,1,1,0,0,1,0.0,0.0,1.0353079699064163,1.0353079699064163,0.31059239097192487,621
day| drinker| 2027| teaser| johnny| depp| madelyn| cline,,,,,,,,,,1.0,8061752.0,8061752.0,38433.0,3411.0,2026-09-24,0.005190435031988084,0,0,1,1,0,0,0,0.0,0.0,1.005190435031988,1.005190435031988,0.30155713050959637,2071
day| drinker| teaser,,,,,,,,,,1.0,1335935.0,1335935.0,3181.0,373.0,2026-09-24,0.0026603090719234095,0,0,1,1,0,0,0,0.0,0.0,1.0026603090719235,1.0026603090719235,0.30079809272157704,2531
day| live| shorts,,,,,,,,,,1.0,404533.0,404533.0,496.0,0.0,2026-09-21,0.0012261051632376097,0,0,1,1,0,0,0,0.0,0.0,1.0012261051632376,1.0012261051632376,0.3003678315489713,2682
dcode |  group |  launches,1.0,1.0,67.0,140.0,2026-10-05 09:59:48,68.71182006000001,,,,,,,,,,,1,0,0,1,0,0,0,0.6111111111111112,0.0,0.0,0.6111111111111112,0.18333333333333335,2798
deadliest| egg| monsters| roblox| ever,,,,,,,,,,1.0,53023.0,53023.0,1318.0,72.0,2026-10-03,0.02621503875676593,0,0,1,1,0,0,1,0.0,0.0,1.026215038756766,1.026215038756766,0.30786451162702977,860
dead| person| visited| petrol| bunk| midnight| shift,,,,,,,,,,1.0,161169.0,161169.0,5356.0,1526.0,2026-09-18,0.04270051933064051,0,0,1,1,0,0,1,0.0,0.0,1.0427005193306405,1.0427005193306405,0.31281015579919214,465
dear| crazy| soulmate,,,,,,,,,,1.0,1766021.0,1766021.0,24809.0,409.0,2026-09-10,0.014279558397097204,0,0,1,1,0,0,1,0.0,0.0,1.0142795583970972,1.0142795583970972,0.3042838675191291,1337
death| park| gayi,,,,,,,,,,1.0,321051.0,321051.0,4378.0,370.0,2026-09-05,0.014788927615861654,0,0,1,1,0,0,1,0.0,0.0,1.0147889276158617,1.0147889276158617,0.3044366782847585,1314
death| swap| against| pro| smp| players| minecraft,,,,,,,,,,1.0,760835.0,760835.0,27569.0,1299.0,2026-09-08,0.037942523674646934,0,0,1,1,0,0,1,0.0,0.0,1.037942523674647,1.037942523674647,0.31138275710239405,560
debasilip| biswkarma| nka| aji| janama| pragnyashree| nayak,,,,,,,,,,1.0,36773.0,36773.0,332.0,19.0,2026-09-16,0.009545046637478585,0,0,1,1,0,0,0,0.0,0.0,1.0095450466374787,1.0095450466374787,0.3028635139912436,1678
declines |  nation |  election,1.0,1.0,84.0,158.0,2026-10-02 01:14:16,149.4707089488889,,,,,,,,,,,1,0,0,1,0,0,0,0.6111111111111112,0.0,0.0,0.6111111111111112,0.18333333333333335,2798
deep |  water |  canyon,1.0,1.0,65.0,517.0,2026-10-02 05:30:00,145.20848672666665,,,,,,,,,,,1,0,0,1,0,0,0,0.6111111111111112,0.0,0.0,0.6111111111111112,0.18333333333333335,2798
deepak| raj| yadav| karma| jhumar| geet| 2024,,,,,,,,,,1.0,43676.0,43676.0,338.0,12.0,2026-09-19,0.008013554354794394,0,0,1,1,0,0,0,0.0,0.0,1.0080135543547943,1.0080135543547943,0.3024040663064383,1799
deepfake |  video |  claiming,1.0,1.0,72.0,72.0,2026-09-29 11:47:33,210.9159867266667,,,,,,,,,,,1,0,0,1,0,0,0,0.6111111111111112,0.0,0.0,0.6111111111111112,0.18333333333333335,2798
defeating| verity| balls| roblox,,,,,,,,,,1.0,247183.0,247183.0,4315.0,1011.0,2026-10-07,0.02154678922094157,0,0,1,1,0,0,1,0.0,0.0,1.0215467892209416,1.0215467892209416,0.3064640367662825,1031
defence |  india |  akash,1.0,1.0,77.0,490.0,2026-10-02 04:07:34,146.58237561555558,,,,,,,,,,,1,0,0,1,0,0,0,0.6111111111111112,0.0,0.0,0.6111111111111112,0.18333333333333335,2798
defers |  punjab |  govt,1.0,1.0,82.0,82.0,2026-10-08 06:35:30,0.11682006,,,,,,,,,,,1,0,0,1,1,0,0,0.6111111111111112,0.0,0.0,0.6111111111111112,0.18333333333333335,2798
defiant |  harish |  rawat,1.0,1.0,79.0,117.0,2026-10-05 07:31:21,71.18598672666667,,,,,,,,,,,1,0,0,1,0,0,0,0.6111111111111112,0.0,0.0,0.6111111111111112,0.18333333333333335,2798
deficit |  rainfall |  july,1.0,1.0,72.0,122.0,2026-09-30 19:22:48,179.32848672666668,,,,,,,,,,,1,0,0,1,0,0,0,0.6111111111111112,0.0,0.0,0.6111111111111112,0.18333333333333335,2798
definitions |  poverty |  jammu,1.0,1.0,74.0,96.0,2026-10-02 18:26:41,132.26376450444445,,,,,,,,,,,1,0,0,1,0,0,0,0.6111111111111112,0.0,0.0,0.6111111111111112,0.18333333333333335,2798
degrees |  celsius |  india,2.0,2.0,72.0,68.5,2026-10-04 06:19:38,96.38126450444445,,,,,,,,,,,1,0,0,1,0,0,0,1.2222222222222223,0.0,0.0,1.2222222222222223,0.3666666666666667,223
dehati| lahar| bhojpuri| 2026,,,,,,,,,,1.0,84193.0,84193.0,164.0,8.0,2026-09-28,0.0020429251838038794,0,0,1,1,0,0,0,0.0,0.0,1.002042925183804,1.002042925183804,0.30061287755514116,2617
dekha| hazaro| dafaa,,,,,,,,,,1.0,311553.0,311553.0,988.0,12.0,2026-09-25,0.003209726755961265,0,0,1,1,0,0,0,0.0,0.0,1.0032097267559612,1.0032097267559612,0.3009629180267884,2418
delay |  induction |  fighter,1.0,1.0,65.0,84.0,2026-10-03 11:16:51,115.42765339333333,,,,,,,,,,,1,0,0,1,0,0,0,0.6111111111111112,0.0,0.0,0.6111111111111112,0.18333333333333335,2798
delhi |  alleges |  attacked,1.0,1.0,59.0,59.0,2026-10-08 05:28:09,1.23932006,,,,,,,,,,,1,0,0,1,1,0,0,0.6111111111111112,0.0,0.0,0.6111111111111112,0.18333333333333335,2798
delhi |  arrested |  poster,1.0,1.0,73.0,73.0,2026-10-06 01:08:56,53.55959783777778,,,,,,,,,,,1,0,0,1,0,0,0,0.6111111111111112,0.0,0.0,0.6111111111111112,0.18333333333333335,2798
delhi |  consumer |  court,1.0,1.0,89.0,152.0,2026-10-02 08:20:31,142.3665422822222,,,,,,,,,,,1,0,0,1,0,0,0,0.6111111111111112,0.0,0.0,0.6111111111111112,0.18333333333333335,2798
delhi |  court |  bail,1.0,1.0,88.0,149.0,2026-10-01 02:11:30,172.51682006000001,,,,,,,,,,,1,0,0,1,0,0,0,0.6111111111111112,0.0,0.0,0.6111111111111112,0.18333333333333335,2798
delhi |  customs |  destroys,1.0,1.0,87.0,149.0,2026-10-07 16:57:31,13.749875615555554,,,,,,,,,,,1,0,0,1,1,0,0,0.6111111111111112,0.0,0.0,0.6111111111111112,0.18333333333333335,2798
delhi |  days |  liquor,1.0,1.0,86.0,149.0,2026-10-02 09:49:32,140.8829311711111,,,,,,,,,,,1,0,0,1,0,0,0,0.6111111111111112,0.0,0.0,0.6111111111111112,0.18333333333333335,2798
delhi |  highest |  days,1.0,1.0,68.0,138.0,2026-10-04 05:03:01,97.65820894888888,,,,,,,,,,,1,0,0,1,0,0,0,0.6111111111111112,0.0,0.0,0.6111111111111112,0.18333333333333335,2798
delhi |  massive |  protests,1.0,1.0,70.0,64.0,2026-10-02 05:18:14,145.40459783777777,,,,,,,,,,,1,0,0,1,0,0,0,0.6111111111111112,0.0,0.0,0.6111111111111112,0.18333333333333335,2798
delhi |  metro |  protest,1.0,1.0,100.0,119.0,2026-10-02 10:00:18,140.70348672666665,,,,,,,,,,,1,0,0,1,0,0,0,0.6111111111111112,0.0,0.0,0.6111111111111112,0.18333333333333335,2798
delhi |  metro |  stations,1.0,1.0,84.0,79.0,2026-10-02 04:35:15,146.12098672666667,,,,,,,,,,,1,0,0,1,0,0,0,0.6111111111111112,0.0,0.0,0.6111111111111112,0.18333333333333335,2798
delhi |  police |  accused,1.0,1.0,111.0,139.0,2026-10-05 13:47:48,64.91182006,,,,,,,,,,,1,0,0,1,0,0,0,0.6111111111111112,0.0,0.0,0.6111111111111112,0.18333333333333335,2798
delhi |  police |  bring,1.0,1.0,54.0,54.0,2026-10-06 06:28:04,48.240708948888894,,,,,,,,,,,1,0,0,1,0,0,0,0.6111111111111112,0.0,0.0,0.6111111111111112,0.18333333333333335,2798
delhi |  protests |  live,1.0,1.0,105.0,275.0,2026-10-05 04:07:18,74.58682006,,,,,,,,,,,1,0,0,1,0,0,0,0.6111111111111112,0.0,0.0,0.6111111111111112,0.18333333333333335,2798
delhi |  riots |  rejects,2.0,2.0,79.0,88.5,2026-10-05 05:28:52,73.22737561555554,,,,,,,,,,,1,0,0,1,0,0,0,1.2222222222222223,0.0,0.0,1.2222222222222223,0.3666666666666667,223
delhi |  roads |  cameras,1.0,1.0,87.0,121.0,2026-10-01 09:53:19,164.81987561555556,,,,,,,,,,,1,0,0,1,0,0,0,0.6111111111111112,0.0,0.0,0.6111111111111112,0.18333333333333335,2798
delhi |  scholar |  dies,1.0,1.0,122.0,152.0,2026-10-04 15:36:22,87.10237561555554,,,,,,,,,,,1,0,0,1,0,0,0,0.6111111111111112,0.0,0.0,0.6111111111111112,0.18333333333333335,2798
delhi |  student |  seeks,1.0,1.0,81.0,81.0,2026-10-03 12:25:33,114.28265339333333,,,,,,,,,,,1,0,0,1,0,0,0,0.6111111111111112,0.0,0.0,0.6111111111111112,0.18333333333333335,2798
delhi |  uses |  crime,1.0,1.0,61.0,61.0,2026-10-01 03:23:21,171.31932006000002,,,,,,,,,,,1,0,0,1,0,0,0,0.6111111111111112,0.0,0.0,0.6111111111111112,0.18333333333333335,2798
delhi |  vivek |  bhagat,1.0,1.0,101.0,129.0,2026-10-06 11:58:18,42.73682006000001,,,,,,,,,,,1,0,0,1,0,0,0,0.6111111111111112,0.0,0.0,0.6111111111111112,0.18333333333333335,2798
delhi |  wear |  allegations,1.0,1.0,74.0,45.0,2026-10-06 05:47:15,48.92098672666667,,,,,,,,,,,1,0,0,1,0,0,0,0.6111111111111112,0.0,0.0,0.6111111111111112,0.18333333333333335,2798
delhis |  enabled |  traffic,1.0,1.0,89.0,144.0,2026-10-01 08:59:11,165.7220978377778,,,,,,,,,,,1,0,0,1,0,0,0,0.6111111111111112,0.0,0.0,0.6111111111111112,0.18333333333333335,2798
deliberately |  become |  lonelier,1.0,1.0,86.0,135.0,2026-10-04 14:07:27,88.58432006,,,,,,,,,,,1,0,0,1,0,0,0,0.6111111111111112,0.0,0.0,0.6111111111111112,0.18333333333333335,2798
delimitation |  discontent |  punish,1.0,1.0,63.0,63.0,2026-09-30 14:26:51,184.2609867266667,,,,,,,,,,,1,0,0,1,0,0,0,0.6111111111111112,0.0,0.0,0.6111111111111112,0.18333333333333335,2798
delivery |  worker |  society,1.0,1.0,77.0,450.0,2026-10-02 05:30:41,145.19709783777776,,,,,,,,,,,1,0,0,1,0,0,0,0.6111111111111112,0.0,0.0,0.6111111111111112,0.18333333333333335,2798
demands |  visa |  bond,1.0,1.0,85.0,85.0,2026-10-05 06:12:26,72.50126450444445,,,,,,,,,,,1,0,0,1,0,0,0,0.6111111111111112,0.0,0.0,0.6111111111111112,0.18333333333333335,2798
dentist |  head |  hands,1.0,1.0,71.0,93.0,2026-10-01 04:48:02,169.90793117111113,,,,,,,,,,,1,0,0,1,0,0,0,0.6111111111111112,0.0,0.0,0.6111111111111112,0.18333333333333335,2798
dentist |  minutes |  trying,1.0,1.0,95.0,150.0,2026-10-06 17:36:09,37.10598672666667,,,,,,,,,,,1,0,0,1,0,0,0,0.6111111111111112,0.0,0.0,0.6111111111111112,0.18333333333333335,2798
dentist |  roster |  pilots,1.0,1.0,76.0,85.0,2026-10-01 03:31:41,171.1804311711111,,,,,,,,,,,1,0,0,1,0,0,0,0.6111111111111112,0.0,0.0,0.6111111111111112,0.18333333333333335,2798
department |  liquor |  trade,1.0,1.0,102.0,143.0,2026-10-05 05:15:35,73.44876450444444,,,,,,,,,,,1,0,0,1,0,0,0,0.6111111111111112,0.0,0.0,0.6111111111111112,0.18333333333333335,2798
derailment |  despite |  railway,1.0,1.0,98.0,98.0,2026-10-02 09:39:20,141.0529311711111,,,,,,,,,,,1,0,0,1,0,0,0,0.6111111111111112,0.0,0.0,0.6111111111111112,0.18333333333333335,2798
desert| eagle| only| ranked| challenge| free| fire| max,,,,,,,,,,1.0,166295.0,166295.0,9178.0,469.0,2026-09-06,0.05801136534471872,0,0,1,1,0,0,1,0.0,0.0,1.0580113653447187,1.0580113653447187,0.3174034096034156,331
despite |  close |  ties,1.0,1.0,76.0,127.0,2026-10-02 03:58:51,146.72765339333336,,,,,,,,,,,1,0,0,1,0,0,0,0.6111111111111112,0.0,0.0,0.6111111111111112,0.18333333333333335,2798
destroyed |  form |  applications,1.0,1.0,57.0,336.0,2026-10-07 02:33:00,28.158486726666666,,,,,,,,,,,1,0,0,1,0,0,0,0.6111111111111112,0.0,0.0,0.6111111111111112,0.18333333333333335,2798
destroyed| all| piggybanks| pay| bills,,,,,,,,,,1.0,842732.0,842732.0,25874.0,1031.0,2026-09-08,0.03192592662910629,0,0,1,1,0,0,1,0.0,0.0,1.0319259266291063,1.0319259266291063,0.3095777779887319,710
destroyed| girls| civilization| minecraft| smp,,,,,,,,,,1.0,188749.0,188749.0,7319.0,505.0,2026-09-15,0.041451875241723134,0,0,1,1,0,0,1,0.0,0.0,1.0414518752417232,1.0414518752417232,0.312435562572517,484
destroyed| woodland| mansion| hardcore| minecraft,,,,,,,,,,1.0,132314.0,132314.0,4560.0,414.0,2026-09-09,0.03759239385099083,0,0,1,1,0,0,1,0.0,0.0,1.0375923938509908,1.0375923938509908,0.3112777181552972,570
detained |  delhi |  cops,1.0,1.0,78.0,125.0,2026-10-02 17:53:34,132.8157089488889,,,,,,,,,,,1,0,0,1,0,0,0,0.6111111111111112,0.0,0.0,0.6111111111111112,0.18333333333333335,2798
detained |  internet |  clips,1.0,1.0,106.0,132.0,2026-10-02 09:11:37,141.51487561555555,,,,,,,,,,,1,0,0,1,0,0,0,0.6111111111111112,0.0,0.0,0.6111111111111112,0.18333333333333335,2798
detained |  leader |  video,1.0,1.0,96.0,131.0,2026-10-02 06:53:58,143.8090422822222,,,,,,,,,,,1,0,0,1,0,0,0,0.6111111111111112,0.0,0.0,0.6111111111111112,0.18333333333333335,2798
detained |  prashant |  bhushan,1.0,1.0,110.0,143.0,2026-10-03 17:45:27,108.95098672666666,,,,,,,,,,,1,0,0,1,0,0,0,0.6111111111111112,0.0,0.0,0.6111111111111112,0.18333333333333335,2798
detained |  protest |  jantar,1.0,1.0,54.0,385.0,2026-10-03 20:14:49,106.46154228222221,,,,,,,,,,,1,0,0,1,0,0,0,0.6111111111111112,0.0,0.0,0.6111111111111112,0.18333333333333335,2798
detained |  says |  dipke,1.0,1.0,75.0,94.0,2026-10-01 17:23:17,157.32043117111112,,,,,,,,,,,1,0,0,1,0,0,0,0.6111111111111112,0.0,0.0,0.6111111111111112,0.18333333333333335,2798
devaki| nandana| kannada| thursday| special| sri| raghavendra| swamy,,,,,,,,,,1.0,86651.0,86651.0,220.0,9.0,2026-09-23,0.0026427854265963463,0,0,1,1,0,0,0,0.0,0.0,1.0026427854265962,1.0026427854265962,0.30079283562797887,2534
development |  gains |  must,1.0,1.0,94.0,94.0,2026-10-03 09:17:23,117.41876450444444,,,,,,,,,,,1,0,0,1,0,0,0,0.6111111111111112,0.0,0.0,0.6111111111111112,0.18333333333333335,2798
devendra |  fadnavis |  opposition,1.0,1.0,70.0,75.0,2026-10-05 03:48:00,74.90848672666667,,,,,,,,,,,1,0,0,1,0,0,0,0.6111111111111112,0.0,0.0,0.6111111111111112,0.18333333333333335,2798
devi| geet| gangesh| raja| akhiya| kholi| mai| bhojpuri,,,,,,,,,,1.0,196020.0,196020.0,332.0,89.0,2026-10-05,0.0021477400265279053,0,0,1,1,0,0,0,0.0,0.0,1.002147740026528,1.002147740026528,0.3006443220079584,2603
devi| geet| ravindra| singh| jyoti| durga| mai| bhakti,,,,,,,,,,1.0,77432.0,77432.0,346.0,43.0,2026-10-07,0.005023762785411716,0,0,1,1,0,0,0,0.0,0.0,1.0050237627854117,1.0050237627854117,0.30150712883562353,2100
dgca |  should |  turned,1.0,1.0,71.0,128.0,2026-10-02 01:09:02,149.55793117111114,,,,,,,,,,,1,0,0,1,0,0,0,0.6111111111111112,0.0,0.0,0.6111111111111112,0.18333333333333335,2798
dhana| kukura| maadhia| chheli,,,,,,,,,,1.0,582975.0,582975.0,9470.0,93.0,2026-10-03,0.016403790900124362,0,0,1,1,0,0,1,0.0,0.0,1.0164037909001244,1.0164037909001244,0.30492113727003733,1236
dhan| bani| maiya,,,,,,,,,,1.0,37229.0,37229.0,1329.0,69.0,2026-09-28,0.03755137124284832,0,0,1,1,0,0,1,0.0,0.0,1.0375513712428484,1.0375513712428484,0.3112654113728545,571
dharavi |  tomorrow |  devendra,1.0,1.0,56.0,94.0,2026-10-04 05:40:08,97.03959783777778,,,,,,,,,,,1,0,0,1,0,0,0,0.6111111111111112,0.0,0.0,0.6111111111111112,0.18333333333333335,2798
dharman| story| leaked| jailer| mandaadi| soori| movie| buddie,,,,,,,,,,1.0,30573.0,30573.0,1370.0,25.0,2026-10-05,0.045628495731527816,0,0,1,1,0,0,1,0.0,0.0,1.0456284957315278,1.0456284957315278,0.31368854871945834,427
dharmendra| asha| parekh| lata| mangeshkar| rama| duhai| mere,,,,,,,,,,1.0,692699.0,692699.0,833.0,14.0,2026-09-22,0.001222753317097325,0,0,1,1,0,0,0,0.0,0.0,1.0012227533170974,1.0012227533170974,0.3003668259951292,2683
dharti| vari| bhakta| ghari| anand| zala| non| stop,,,,,,,,,,2.0,132488.5,264977.0,785.5,23.5,2026-09-12,0.006106190348596293,0,0,1,1,0,0,0,0.0,0.0,2.0061061903485964,2.0061061903485964,0.6018318571045789,122
dharti| vari| bhakta| ghari| anand| zala| remix,,,,,,,,,,1.0,16501.0,16501.0,27.0,0.0,2026-09-24,0.0016362644688200714,0,0,1,1,0,0,0,0.0,0.0,1.0016362644688201,1.0016362644688201,0.30049087934064606,2657
dhire| hrudayare| antaryami| odia| movie| babushaan| mohanty| vedvika,,,,,,,,,,1.0,411138.0,411138.0,11030.0,660.0,2026-10-02,0.028433275445227637,0,0,1,1,0,0,1,0.0,0.0,1.0284332754452277,1.0284332754452277,0.3085299826335683,797
dhire| hrudayare| maunamo| glimpse| antaryami| odia| movie| babushaan,,,,,,,,,,1.0,68680.0,68680.0,2059.0,176.0,2026-09-29,0.032542224810716364,0,0,1,1,0,0,1,0.0,0.0,1.0325422248107163,1.0325422248107163,0.3097626674432149,691
dhood| teaser| yashpal| sharma| alka| amin| vivek| pareek,,,,,,,,,,1.0,12350.0,12350.0,972.0,110.0,2026-09-28,0.08761133603238866,0,0,1,1,0,0,1,0.0,0.0,1.0876113360323887,1.0876113360323887,0.3262834008097166,262
dhoomakethu| sudhi| maddison| sajin| gopu| nikhila| vimal| ankit,,,,,,,,,,1.0,2369924.0,2369924.0,13480.0,738.0,2026-09-18,0.005999348502314842,0,0,1,1,0,0,0,0.0,0.0,1.0059993485023149,1.0059993485023149,0.30179980455069444,1976
dhori| nimbu| aashish| yadav| shweta| sargam| bhojpuri| 2026,,,,,,,,,,1.0,1787913.0,1787913.0,41669.0,2489.0,2026-10-05,0.02469806976066509,0,0,1,1,0,0,1,0.0,0.0,1.0246980697606651,1.0246980697606651,0.3074094209281995,909
dhruv jurel,,,,,,,54.0,1.0,0.54,,,,,,,,0,1,0,1,0,0,0,0.0,1.04,0.0,1.04,0.41600000000000004,212
dhruv |  rathee |  join,1.0,1.0,80.0,80.0,2026-10-08 06:29:28,0.21737561555555557,,,,,,,,,,,1,0,0,1,1,0,0,0.6111111111111112,0.0,0.0,0.6111111111111112,0.18333333333333335,2798
dhumuhaar| gaan| mcdonald| bhoomi| anurag| saikia| rahul| sharma,,,,,,,,,,1.0,531847.0,531847.0,38535.0,2927.0,2026-09-11,0.07795851062429608,0,0,1,1,0,0,1,0.0,0.0,1.0779585106242962,1.0779585106242962,0.32338755318728885,277
dia| dhokha,,,,,,,,,,1.0,126319.0,126319.0,5576.0,333.0,2026-10-03,0.046778394382476114,0,0,1,1,0,0,1,0.0,0.0,1.0467783943824762,1.0467783943824762,0.31403351831474285,417
did| michael| reunite| liberty| mafia| his| son| gta,,,,,,,,,,1.0,115490.0,115490.0,14596.0,2862.0,2026-10-04,0.15116460299593037,0,0,1,1,0,0,1,0.0,0.0,1.1511646029959304,1.1511646029959304,0.3453493808987791,232
dilbar| ishfaq| kawa| sarfaraz| perry| amo| mudasir| shahid,,,,,,,,,,1.0,389277.0,389277.0,13815.0,1458.0,2026-09-30,0.039234272767206896,0,0,1,1,0,0,1,0.0,0.0,1.0392342727672068,1.0392342727672068,0.31177028183016203,521
diljit| dosanjh| devil| intense| hizzy| artist| bro,,,,,,,,,,1.0,1060519.0,1060519.0,33056.0,2045.0,2026-09-08,0.033097945439921395,0,0,1,1,0,0,1,0.0,0.0,1.0330979454399214,1.0330979454399214,0.3099293836319764,679
dilwale| dulhania| jayenge| album| shah| rukh| khan| kajol,,,,,,,,,,1.0,363645.0,363645.0,1256.0,9.0,2026-09-20,0.0034786673816496858,0,0,1,1,0,0,0,0.0,0.0,1.0034786673816496,1.0034786673816496,0.3010436002144949,2368
dil| kahani| dogri| pahari| love| 2026| bishan| dass,,,,,,,,,,1.0,210481.0,210481.0,14884.0,904.0,2026-09-05,0.07500914571861593,0,0,1,1,0,0,1,0.0,0.0,1.075009145718616,1.075009145718616,0.3225027437155848,284
dil| kalam| itihaas| hariharan| alka| yagnik| ajay| devgan,,,,,,,,,,1.0,436298.0,436298.0,2537.0,69.0,2026-09-03,0.005972981769341138,0,0,1,1,0,0,0,0.0,0.0,1.0059729817693412,1.0059729817693412,0.30179189453080235,1980
dil| lagane| saza,,,,,,,,,,1.0,240977.0,240977.0,549.0,0.0,2026-09-12,0.002278225722786822,0,0,1,1,0,0,0,0.0,0.0,1.002278225722787,1.002278225722787,0.3006834677168361,2581
dil| laga| liya| maine| tumse| pyaar| karke| lyrical,,,,,,,,,,1.0,98742.0,98742.0,493.0,9.0,2026-09-15,0.005083956168601001,0,0,1,1,0,0,0,0.0,0.0,1.005083956168601,1.005083956168601,0.3015251868505803,2090
dil| walon| basti| hai| dance| version| trending,,,,,,,,,,1.0,84086.0,84086.0,0.0,1.0,2026-09-12,1.1892586161786742e-05,0,0,1,1,0,0,0,0.0,0.0,1.0000118925861619,1.0000118925861619,0.3000035677758485,2785
dil| yeh| kaha| hain,,,,,,,,,,1.0,390910.0,390910.0,1374.0,6.0,2026-09-30,0.003530224348315469,0,0,1,1,0,0,0,0.0,0.0,1.0035302243483155,1.0035302243483155,0.30105906730449467,2356
dil| yeh| kaha| hain| videosong| akshay| suniel| shilpa,,,,,,,,,,1.0,98430.0,98430.0,361.0,6.0,2026-09-29,0.0037285380473432894,0,0,1,1,0,0,0,0.0,0.0,1.0037285380473433,1.0037285380473433,0.30111856141420296,2323
din| roz| aune| harbhajan| mann| avkash| cinemas| 9th,,,,,,,,,,1.0,2159610.0,2159610.0,33865.0,403.0,2026-09-24,0.01586767981255875,0,0,1,1,0,0,1,0.0,0.0,1.0158676798125588,1.0158676798125588,0.30476030394376763,1266
din| roz| aune| teaser| harbhajan| mann| avkash| cinemas,,,,,,,,,,1.0,492482.0,492482.0,9830.0,193.0,2026-09-11,0.02035201286544483,0,0,1,1,0,0,1,0.0,0.0,1.0203520128654449,1.0203520128654449,0.3061056038596334,1070
dipke |  form |  serving,1.0,1.0,110.0,110.0,2026-10-05 11:32:42,67.16348672666668,,,,,,,,,,,1,0,0,1,0,0,0,0.6111111111111112,0.0,0.0,0.6111111111111112,0.18333333333333335,2798
dipke |  hindu |  muslim,1.0,1.0,65.0,411.0,2026-10-03 02:29:13,124.22154228222222,,,,,,,,,,,1,0,0,1,0,0,0,0.6111111111111112,0.0,0.0,0.6111111111111112,0.18333333333333335,2798
dipke |  jantar |  mantar,1.0,1.0,105.0,147.0,2026-10-03 04:27:53,122.24376450444444,,,,,,,,,,,1,0,0,1,0,0,0,0.6111111111111112,0.0,0.0,0.6111111111111112,0.18333333333333335,2798
dipke |  leaders |  booked,1.0,1.0,84.0,105.0,2026-10-03 19:16:09,107.43932006,,,,,,,,,,,1,0,0,1,0,0,0,0.6111111111111112,0.0,0.0,0.6111111111111112,0.18333333333333335,2798
dipke |  mumbai |  protest,1.0,1.0,93.0,142.0,2026-10-02 15:13:36,135.48182006,,,,,,,,,,,1,0,0,1,0,0,0,0.6111111111111112,0.0,0.0,0.6111111111111112,0.18333333333333335,2798
dive |  pilot |  flydubai,1.0,1.0,68.0,98.0,2026-10-07 04:55:19,25.78654228222222,,,,,,,,,,,1,0,0,1,0,0,0,0.6111111111111112,0.0,0.0,0.6111111111111112,0.18333333333333335,2798
divine| hanumankind| tequila| dance| prod| adil| music,,,,,,,,,,1.0,198456.0,198456.0,17662.0,1192.0,2026-10-02,0.09500342645221108,0,0,1,1,0,0,1,0.0,0.0,1.095003426452211,1.095003426452211,0.3285010279356633,251
divorce |  jain |  lakh,1.0,1.0,78.0,469.0,2026-10-04 01:55:07,100.78987561555554,,,,,,,,,,,1,0,0,1,0,0,0,0.6111111111111112,0.0,0.0,0.6111111111111112,0.18333333333333335,2798
diwali| 2026| free| rewards| fire| max,,,,,,,,,,2.0,111634.0,223268.0,6598.5,449.5,2026-10-07,0.0631348872207392,0,0,1,1,0,0,1,0.0,0.0,2.0631348872207393,2.0631348872207393,0.6189404661662218,90
diwali| event| 2026| all| free| rewards| para| samsung,,,,,,,,,,1.0,237546.0,237546.0,12678.0,1456.0,2026-09-20,0.05950005472624249,0,0,1,1,0,0,1,0.0,0.0,1.0595000547262425,1.0595000547262425,0.31785001641787275,327
diwali| free| magic| cube| store| update| para| samsung,,,,,,,,,,1.0,254746.0,254746.0,12500.0,1500.0,2026-10-04,0.05495670196980522,0,0,1,1,0,0,1,0.0,0.0,1.0549567019698052,1.0549567019698052,0.31648701059094153,346
diya| bidya| budhi| namita| agrawal| ganeshpuja| special,,,,,,,,,,1.0,250266.0,250266.0,2240.0,96.0,2026-09-12,0.009334068551061671,0,0,1,1,0,0,0,0.0,0.0,1.0093340685510617,1.0093340685510617,0.30280022056531847,1696
diya| hai| bidya| jay| ganesh| namita| agrawal| puja,,,,,,,,,,1.0,122096.0,122096.0,633.0,19.0,2026-09-13,0.005340060280435067,0,0,1,1,0,0,0,0.0,0.0,1.005340060280435,1.005340060280435,0.3016020180841305,2056
doctor |  bhopal |  attacks,1.0,1.0,67.0,154.0,2026-10-07 10:01:43,20.679875615555556,,,,,,,,,,,1,0,0,1,1,0,0,0.6111111111111112,0.0,0.0,0.6111111111111112,0.18333333333333335,2798
documents |  court |  accused,1.0,1.0,68.0,135.0,2026-10-01 02:26:00,172.27515339333334,,,,,,,,,,,1,0,0,1,0,0,0,0.6111111111111112,0.0,0.0,0.6111111111111112,0.18333333333333335,2798
dominant |  upper |  caste,1.0,1.0,123.0,158.0,2026-10-05 03:00:18,75.70348672666667,,,,,,,,,,,1,0,0,1,0,0,0,0.6111111111111112,0.0,0.0,0.6111111111111112,0.18333333333333335,2798
domination| can| horaa| qualify| pmgo| finals| day,,,,,,,,,,1.0,238812.0,238812.0,8821.0,477.0,2026-09-16,0.03893439190660436,0,0,1,1,0,0,1,0.0,0.0,1.0389343919066043,1.0389343919066043,0.3116803175719813,531
dominican republic vs haiti,,,,,,,100.0,1.0,1.0,,,,,,,,0,1,0,1,0,1,0,0.0,1.5,0.0,1.5,0.6000000000000001,174
dont |  background |  checks,1.0,1.0,84.0,103.0,2026-10-04 04:07:58,98.57570894888889,,,,,,,,,,,1,0,0,1,0,0,0,0.6111111111111112,0.0,0.0,0.6111111111111112,0.18333333333333335,2798
dont| trouble| telugu| fahadh| fassil| ssara| bhairava| rajamouli,,,,,,,,,,1.0,6693913.0,6693913.0,22948.0,538.0,2026-09-22,0.0035085606878966008,0,0,1,1,0,0,0,0.0,0.0,1.0035085606878966,1.0035085606878966,0.301052568206369,2361
don| wake| oni| tiger,,,,,,,,,,1.0,94144.0,94144.0,3256.0,168.0,2026-09-16,0.03636981645139361,0,0,1,1,0,0,1,0.0,0.0,1.0363698164513937,1.0363698164513937,0.3109109449354181,593
doomed| empire| one| last| night| preview| simply| sarath,,,,,,,,,,1.0,422088.0,422088.0,29757.0,3218.0,2026-09-27,0.0781235192661246,0,0,1,1,0,0,1,0.0,0.0,1.0781235192661245,1.0781235192661245,0.32343705577983733,276
doorbin| become| deadly| dinosaur| minecraft,,,,,,,,,,1.0,894599.0,894599.0,9949.0,400.0,2026-09-22,0.01156831161224191,0,0,1,1,0,0,1,0.0,0.0,1.0115683116122418,1.0115683116122418,0.30347049348367255,1501
doraemon| bus| mein| zombie| attack| shinchan| nobita| zombieattack,,,,,,,,,,1.0,49841.0,49841.0,174.0,0.0,2026-09-28,0.0034911017034168655,0,0,1,1,0,0,0,0.0,0.0,1.003491101703417,1.003491101703417,0.30104733051102506,2365
doraemon| shinchan| got| kicked| out| house| indian| theft,,,,,,,,,,1.0,188512.0,188512.0,0.0,38.0,2026-09-24,0.00020157867934136818,0,0,1,1,0,0,0,0.0,0.0,1.0002015786793415,1.0002015786793415,0.30006047360380245,2726
dorothy| ost| jukebox| karthik| subbaraj| ilayaraaja| keerthy| suresh,,,,,,,,,,1.0,274904.0,274904.0,6623.0,893.0,2026-09-05,0.027340453394639582,0,0,1,1,0,0,1,0.0,0.0,1.0273404533946395,1.0273404533946395,0.30820213601839186,832
dorothy| tamil| karthik| subbaraj| keerthy| suresh| ilaiyaraaja,,,,,,,,,,1.0,2998780.0,2998780.0,50666.0,998.0,2026-09-18,0.017228339524740063,0,0,1,1,0,0,1,0.0,0.0,1.0172283395247401,1.0172283395247401,0.305168501857422,1200
dorothy| telugu| karthik| subbaraj| keerthy| suresh| sananth| rishikanth,,,,,,,,,,1.0,1382362.0,1382362.0,7504.0,183.0,2026-09-30,0.005560772069834095,0,0,1,1,0,0,0,0.0,0.0,1.005560772069834,1.005560772069834,0.3016682316209502,2023
doudini| bodo| film| 2026| sangeena| brahma| kanchan| raibel,,,,,,,,,,1.0,17888.0,17888.0,1519.0,113.0,2026-09-12,0.09123434704830054,0,0,1,1,0,0,1,0.0,0.0,1.0912343470483006,1.0912343470483006,0.32737030411449014,257
douglas |  michael |  secret,1.0,1.0,63.0,416.0,2026-10-02 23:20:50,127.36126450444443,,,,,,,,,,,1,0,0,1,0,0,0,0.6111111111111112,0.0,0.0,0.6111111111111112,0.18333333333333335,2798
dreamer,,,,,,,,,,1.0,706499.0,706499.0,9021.0,500.0,2026-09-21,0.013476310652952092,0,0,1,1,0,0,1,0.0,0.0,1.013476310652952,1.013476310652952,0.3040428931958856,1385
drishyam |  belongs |  ajay,1.0,1.0,64.0,63.0,2026-10-06 00:10:06,54.540153393333334,,,,,,,,,,,1,0,0,1,0,0,0,0.6111111111111112,0.0,0.0,0.6111111111111112,0.18333333333333335,2798
drishyam |  office |  ajay,1.0,1.0,80.0,75.0,2026-10-04 05:48:37,96.89820894888888,,,,,,,,,,,1,0,0,1,0,0,0,0.6111111111111112,0.0,0.0,0.6111111111111112,0.18333333333333335,2798
drishyam| ajay| devgn| tabu| jaideep| ahlawat| abhishek| shriya,,,,,,,,,,1.0,353009.0,353009.0,750.0,19.0,2026-10-02,0.0021784147146390034,0,0,1,1,0,0,0,0.0,0.0,1.002178414714639,1.002178414714639,0.3006535244143917,2598
drishyam| conclusion| ajay| devgn| tabu| jaideep| abhishek| pathak,,,,,,,,,,2.0,23710667.0,47421334.0,128186.0,5844.0,2026-09-15,0.005652730056054518,0,0,1,1,0,0,0,0.0,0.0,2.0056527300560547,2.0056527300560547,0.6016958190168163,125
drishyam| conclusion| reaction,,,,,,,,,,1.0,333916.0,333916.0,9346.0,381.0,2026-09-09,0.02913008061907785,0,0,1,1,0,0,1,0.0,0.0,1.029130080619078,1.029130080619078,0.30873902418572335,774
drishyam| conclusion| review| yogi| bolta| hai,,,,,,,,,,1.0,866258.0,866258.0,15927.0,460.0,2026-09-09,0.018916997014746185,0,0,1,1,0,0,1,0.0,0.0,1.0189169970147463,1.0189169970147463,0.30567509910442386,1135
drishyam| final| ajay| devgn| tabu| jaideep| ahlawat| abhishek,,,,,,,,,,2.0,177473.0,354946.0,534.0,14.5,2026-09-30,0.0030906109661751366,0,0,1,1,0,0,0,0.0,0.0,2.0030906109661752,2.0030906109661752,0.6009271832898525,153
drishyam| hindi| ajay| devgn| tabu| jaideep| ahlawat| shriya,,,,,,,,,,1.0,718904.0,718904.0,2090.0,63.0,2026-10-01,0.0029948365845787477,0,0,1,1,0,0,0,0.0,0.0,1.0029948365845787,1.0029948365845787,0.3008984509753736,2460
drishyam| impressive| ramayana| serious| danger,,,,,,,,,,1.0,930817.0,930817.0,20417.0,876.0,2026-09-09,0.022875602830631586,0,0,1,1,0,0,1,0.0,0.0,1.0228756028306316,1.0228756028306316,0.3068626808491895,978
drishyam| reaction| suraj| kumar,,,,,,,,,,1.0,151563.0,151563.0,4529.0,252.0,2026-09-09,0.03154463820325541,0,0,1,1,0,0,1,0.0,0.0,1.0315446382032554,1.0315446382032554,0.3094633914609766,721
drishyam| review| deeksha| sharma,,,,,,,,,,1.0,669226.0,669226.0,10806.0,480.0,2026-09-09,0.016864258113103794,0,0,1,1,0,0,1,0.0,0.0,1.0168642581131038,1.0168642581131038,0.30505927743393113,1218
drive| jcb| uploading| stone| dumper| truck| game| tractor,,,,,,,,,,1.0,338394.0,338394.0,1488.0,45.0,2026-09-18,0.0045302221670597,0,0,1,1,0,0,0,0.0,0.0,1.0045302221670598,1.0045302221670598,0.3013590666501179,2177
drone |  energy |  directed,1.0,1.0,80.0,445.0,2026-10-06 05:32:08,49.17293117111112,,,,,,,,,,,1,0,0,1,0,0,0,0.6111111111111112,0.0,0.0,0.6111111111111112,0.18333333333333335,2798
drone |  push |  could,1.0,1.0,60.0,60.0,2026-10-01 13:54:47,160.79543117111112,,,,,,,,,,,1,0,0,1,0,0,0,0.6111111111111112,0.0,0.0,0.6111111111111112,0.18333333333333335,2798
drug |  free |  punishment,1.0,1.0,96.0,134.0,2026-10-04 02:33:19,100.15320894888889,,,,,,,,,,,1,0,0,1,0,0,0,0.6111111111111112,0.0,0.0,0.6111111111111112,0.18333333333333335,2798
drugs |  seized |  iranian,1.0,1.0,60.0,330.0,2026-10-01 02:28:10,172.23904228222224,,,,,,,,,,,1,0,0,1,0,0,0,0.6111111111111112,0.0,0.0,0.6111111111111112,0.18333333333333335,2798
dulhaniya| bich| ganesh| 2026,,,,,,,,,,1.0,106158.0,106158.0,265.0,4.0,2026-09-18,0.002533958816104297,0,0,1,1,0,0,0,0.0,0.0,1.0025339588161042,1.0025339588161042,0.30076018764483126,2544
duniya| gippy| grewal| shehnaaz| gill| singh| kaur| punjabi,,,,,,,,,,1.0,266993.0,266993.0,2221.0,118.0,2026-10-03,0.008760529302266352,0,0,1,1,0,0,0,0.0,0.0,1.0087605293022663,1.0087605293022663,0.3026281587906799,1737
dupahiya| season| gajraj| rao| renuka| shahane| sparsh| shrivastava,,,,,,,,,,1.0,10741756.0,10741756.0,10007.0,287.0,2026-09-21,0.0009583163125284172,0,0,1,1,0,0,0,0.0,0.0,1.0009583163125284,1.0009583163125284,0.3002874948937585,2703
durgamma| folk| songs| telugu| mahishasura| mardini| durga| devi,,,,,,,,,,1.0,13191.0,13191.0,157.0,1.0,2026-09-10,0.011977863694943523,0,0,1,1,0,0,1,0.0,0.0,1.0119778636949435,1.0119778636949435,0.303593359108483,1469
durga| devi| bhakti| songs| durgamma| folk| telugu,,,,,,,,,,1.0,35253.0,35253.0,144.0,3.0,2026-09-24,0.004169857884435367,0,0,1,1,0,0,0,0.0,0.0,1.0041698578844354,1.0041698578844354,0.3012509573653306,2251
durga| devi| folk| songs| telugu| navaratri| special| 2026,,,,,,,,,,1.0,132910.0,132910.0,518.0,9.0,2026-10-01,0.003965089158076894,0,0,1,1,0,0,0,0.0,0.0,1.003965089158077,1.003965089158077,0.30118952674742305,2282
durga| puja| 2026| shilpi| raj| devi| geet| barbadi,,,,,,,,,,1.0,295885.0,295885.0,2600.0,42.0,2026-09-24,0.008929144769082582,0,0,1,1,0,0,0,0.0,0.0,1.0089291447690827,1.0089291447690827,0.3026787434307248,1724
during |  gandhi |  jayanti,1.0,1.0,56.0,234.0,2026-10-04 02:23:00,100.32515339333332,,,,,,,,,,,1,0,0,1,0,0,0,0.6111111111111112,0.0,0.0,0.6111111111111112,0.18333333333333335,2798
dusu elections,,,,,,,100.0,1.0,1.0,,,,,,,,0,1,0,1,0,1,0,0.0,1.5,0.0,1.5,0.6000000000000001,174
dutt |  sanjay |  india,1.0,1.0,64.0,356.0,2026-10-05 00:41:04,78.02404228222221,,,,,,,,,,,1,0,0,1,0,0,0,0.6111111111111112,0.0,0.0,0.6111111111111112,0.18333333333333335,2798
dyson |  purifiers |  discount,1.0,1.0,68.0,68.0,2026-10-08 06:35:02,0.12459783777777778,,,,,,,,,,,1,0,0,1,1,0,0,0.6111111111111112,0.0,0.0,0.6111111111111112,0.18333333333333335,2798
e,,,,,,,92.0,1.0,0.92,,,,,,,,0,1,0,1,0,1,0,0.0,1.42,0.0,1.42,0.568,182
early |  fossil |  lizzie,1.0,1.0,57.0,483.0,2026-10-03 14:01:28,112.68404228222222,,,,,,,,,,,1,0,0,1,0,0,0,0.6111111111111112,0.0,0.0,0.6111111111111112,0.18333333333333335,2798
earthquake |  magnitude |  hits,1.0,1.0,74.0,96.0,2026-10-06 16:57:29,37.75043117111112,,,,,,,,,,,1,0,0,1,0,0,0,0.6111111111111112,0.0,0.0,0.6111111111111112,0.18333333333333335,2798
earthquake |  magnitude |  strikes,1.0,1.0,83.0,83.0,2026-10-07 06:28:49,24.228208948888888,,,,,,,,,,,1,0,0,1,0,0,0,0.6111111111111112,0.0,0.0,0.6111111111111112,0.18333333333333335,2798
earth| godzilla| forest| titan| hunting| series| animal| revolt,,,,,,,,,,1.0,157401.0,157401.0,3395.0,658.0,2026-09-15,0.02574951874511598,0,0,1,1,0,0,1,0.0,0.0,1.025749518745116,1.025749518745116,0.3077248556235348,877
easiest| way| star| portal| challenge| clash| clans,,,,,,,,,,1.0,168618.0,168618.0,5238.0,228.0,2026-10-06,0.03241646799274099,0,0,1,1,0,0,1,0.0,0.0,1.032416467992741,1.032416467992741,0.3097249403978223,695
easy |  blame |  when,1.0,1.0,82.0,82.0,2026-10-03 14:57:20,111.7529311711111,,,,,,,,,,,1,0,0,1,0,0,0,0.6111111111111112,0.0,0.0,0.6111111111111112,0.18333333333333335,2798
ec online,,,,,,,100.0,1.0,1.0,,,,,,,,0,1,0,1,0,1,0,0.0,1.5,0.0,1.5,0.6000000000000001,174
economic |  times |  india,1.0,1.0,120.0,120.0,2026-10-05 06:12:26,72.50126450444445,,,,,,,,,,,1,0,0,1,0,0,0,0.6111111111111112,0.0,0.0,0.6111111111111112,0.18333333333333335,2798
edge |  space |  mach,1.0,1.0,65.0,95.0,2026-10-06 03:04:17,51.63709783777778,,,,,,,,,,,1,0,0,1,0,0,0,0.6111111111111112,0.0,0.0,0.6111111111111112,0.18333333333333335,2798
edition |  india |  mobile,1.0,1.0,90.0,90.0,2026-10-07 06:28:49,24.228208948888888,,,,,,,,,,,1,0,0,1,0,0,0,0.6111111111111112,0.0,0.0,0.6111111111111112,0.18333333333333335,2798
education |  minister |  reviews,1.0,1.0,80.0,80.0,2026-10-02 03:23:35,147.31543117111113,,,,,,,,,,,1,0,0,1,0,0,0,0.6111111111111112,0.0,0.0,0.6111111111111112,0.18333333333333335,2798
eenadu,,,,,,,88.0,1.0,0.88,,,,,,,,0,1,0,1,0,1,0,0.0,1.38,0.0,1.38,0.5519999999999999,186
egg| roblox,,,,,,,,,,1.0,236936.0,236936.0,3458.0,248.0,2026-09-28,0.015641354627409933,0,0,1,1,0,0,1,0.0,0.0,1.01564135462741,1.01564135462741,0.304692406388223,1272
egg| steal| admin| abuse,,,,,,,,,,1.0,94977.0,94977.0,3240.0,161.0,2026-10-04,0.03580866946734473,0,0,1,1,0,0,1,0.0,0.0,1.0358086694673447,1.0358086694673447,0.3107426008402034,605
eghoriya| mon| nrc| zubeen| garg| arnab| bashistha| paplu,,,,,,,,,,1.0,225030.0,225030.0,9994.0,607.0,2026-09-26,0.04710927431897969,0,0,1,1,0,0,1,0.0,0.0,1.0471092743189796,1.0471092743189796,0.31413278229569386,412
ekadantaya| vakratundaya| ganesh| devotional| songs| telugu,,,,,,,,,,1.0,203750.0,203750.0,490.0,6.0,2026-09-15,0.002434355828220859,0,0,1,1,0,0,0,0.0,0.0,1.002434355828221,1.002434355828221,0.3007303067484663,2561
ekadantaya| vakratundaya| gauri| tanayaya,,,,,,,,,,1.0,12486.0,12486.0,154.0,3.0,2026-09-13,0.012574082972929682,0,0,1,1,0,0,1,0.0,0.0,1.0125740829729297,1.0125740829729297,0.3037722248918789,1425
ekadashi,,,,,,,70.0,1.0,0.7,,,,,,,,0,1,0,1,0,0,0,0.0,1.2,0.0,1.2,0.48,200
ekadashi| vrat| aarti| mata| hindi,,,,,,,,,,2.0,33524.0,67048.0,358.0,24.5,2026-09-21,0.01140973630831643,0,0,1,1,0,0,1,0.0,0.0,2.0114097363083165,2.0114097363083165,0.6034229208924949,106
ekam| shivam| nandagovindam| bhajans| jayachandran| harinarayanan| music,,,,,,,,,,1.0,85782.0,85782.0,3628.0,616.0,2026-09-25,0.0494742486768786,0,0,1,1,0,0,1,0.0,0.0,1.0494742486768787,1.0494742486768787,0.3148422746030636,390
ekana |  stadium |  lucknow,1.0,1.0,119.0,119.0,2026-10-06 06:52:38,47.83126450444445,,,,,,,,,,,1,0,0,1,0,0,0,0.6111111111111112,0.0,0.0,0.6111111111111112,0.18333333333333335,2798
ekdantay| vakratunday| gauritanayay| ganpati| songs| bappa| balaji| jahire,,,,,,,,,,1.0,144375.0,144375.0,390.0,11.0,2026-09-19,0.0027774891774891776,0,0,1,1,0,0,0,0.0,0.0,1.0027774891774892,1.0027774891774892,0.30083324675324674,2509
eken| kerala| kurukshetra| anirban| cinemas| oct| hoichoi| studios,,,,,,,,,,1.0,131985.0,131985.0,2314.0,112.0,2026-10-07,0.01838087661476683,0,0,1,1,0,0,1,0.0,0.0,1.0183808766147668,1.0183808766147668,0.30551426298443,1158
eken| kerela| kurukshetra| teaser| anirban| suhotra| somak| hoichoi,,,,,,,,,,1.0,117096.0,117096.0,2542.0,124.0,2026-09-13,0.022767643642822983,0,0,1,1,0,0,1,0.0,0.0,1.022767643642823,1.022767643642823,0.3068302930928469,983
elderly |  woman |  driver,1.0,1.0,106.0,144.0,2026-10-03 17:30:46,109.19570894888888,,,,,,,,,,,1,0,0,1,0,0,0,0.6111111111111112,0.0,0.0,0.6111111111111112,0.18333333333333335,2798
election |  commission |  india,1.0,1.0,51.0,51.0,2026-10-02 11:35:56,139.10959783777778,,,,,,,,,,,1,0,0,1,0,0,0,0.6111111111111112,0.0,0.0,0.6111111111111112,0.18333333333333335,2798
election |  presidential |  trump,1.0,1.0,85.0,403.0,2026-10-05 04:30:47,74.19543117111111,,,,,,,,,,,1,0,0,1,0,0,0,0.6111111111111112,0.0,0.0,0.6111111111111112,0.18333333333333335,2798
elections |  live |  accused,1.0,1.0,109.0,231.0,2026-10-06 01:13:14,53.487931171111114,,,,,,,,,,,1,0,0,1,0,0,0,0.6111111111111112,0.0,0.0,0.6111111111111112,0.18333333333333335,2798
electric |  passenger |  vehicle,1.0,1.0,67.0,58.0,2026-10-07 09:27:13,21.254875615555555,,,,,,,,,,,1,0,0,1,1,0,0,0.6111111111111112,0.0,0.0,0.6111111111111112,0.18333333333333335,2798
electric |  tractors |  india,1.0,1.0,97.0,97.0,2026-10-05 06:12:26,72.50126450444445,,,,,,,,,,,1,0,0,1,0,0,0,0.6111111111111112,0.0,0.0,0.6111111111111112,0.18333333333333335,2798
elemental| ninja| tower| battle| minecraft,,,,,,,,,,1.0,1303217.0,1303217.0,12644.0,636.0,2026-09-29,0.01019016786920367,0,0,1,1,0,0,0,0.0,0.0,1.0101901678692036,1.0101901678692036,0.3030570503607611,1615
elemental| tunnel| challenge| minecraft,,,,,,,,,,1.0,1013301.0,1013301.0,11821.0,782.0,2026-09-13,0.01243756790923921,0,0,1,1,0,0,1,0.0,0.0,1.0124375679092392,1.0124375679092392,0.30373127037277176,1436
elephant| 000| god| gta| dhanu| dino,,,,,,,,,,1.0,163926.0,163926.0,1208.0,12.0,2026-09-10,0.007442382538462477,0,0,1,1,0,0,0,0.0,0.0,1.0074423825384624,1.0074423825384624,0.30223271476153873,1840
elon |  musk |  alleges,1.0,1.0,76.0,76.0,2026-10-08 06:38:34,0.06570894888888888,,,,,,,,,,,1,0,0,1,1,0,0,0.6111111111111112,0.0,0.0,0.6111111111111112,0.18333333333333335,2798
elon |  musk |  blames,1.0,1.0,68.0,68.0,2026-10-08 06:38:34,0.06570894888888888,,,,,,,,,,,1,0,0,1,1,0,0,0.6111111111111112,0.0,0.0,0.6111111111111112,0.18333333333333335,2798
email,,,,,,,67.0,1.0,0.67,,,,,,,,0,1,0,1,0,0,0,0.0,1.17,0.0,1.17,0.46799999999999997,203
embraer |  mahindra |  choose,1.0,1.0,81.0,81.0,2026-10-02 06:09:13,144.55487561555555,,,,,,,,,,,1,0,0,1,0,0,0,0.6111111111111112,0.0,0.0,0.6111111111111112,0.18333333333333335,2798
emo| idi| promo| roshan| meka| preity| mukhundhan| sailesh,,,,,,,,,,1.0,151442.0,151442.0,1512.0,25.0,2026-09-26,0.010149099985472986,0,0,1,1,0,0,0,0.0,0.0,1.010149099985473,1.010149099985473,0.30304472999564186,1618
emperor| sarat| chandra| nandy| movies| srijit| mukherji| abir,,,,,,,,,,1.0,582411.0,582411.0,4585.0,351.0,2026-10-01,0.008475114652710886,0,0,1,1,0,0,0,0.0,0.0,1.008475114652711,1.008475114652711,0.30254253439581325,1766
empire| gujarati| movie| hindustani,,,,,,,,,,1.0,116310.0,116310.0,0.0,72.0,2026-09-15,0.0006190353366004643,0,0,1,1,0,0,0,0.0,0.0,1.0006190353366005,1.0006190353366005,0.30018571060098015,2714
empire| hindustani| gujarati| movie| 2026,,,,,,,,,,1.0,50239.0,50239.0,1738.0,59.0,2026-09-10,0.03576902406496944,0,0,1,1,0,0,1,0.0,0.0,1.0357690240649695,1.0357690240649695,0.31073070721949086,606
employment |  madhya |  pradesh,1.0,1.0,73.0,117.0,2026-10-07 04:10:32,26.53293117111111,,,,,,,,,,,1,0,0,1,0,0,0,0.6111111111111112,0.0,0.0,0.6111111111111112,0.18333333333333335,2798
endhayya| saami| ranabaali| vijay| deverakonda| rashmika| rahul| sankrityan,,,,,,,,,,1.0,30224726.0,30224726.0,133988.0,2261.0,2026-09-22,0.004507865513818057,0,0,1,1,0,0,0,0.0,0.0,1.004507865513818,1.004507865513818,0.30135235965414536,2184
endless| love| chillout| mashup| arijit| singh| 2307| latest,,,,,,,,,,1.0,700169.0,700169.0,4055.0,70.0,2026-09-28,0.005891434782174018,0,0,1,1,0,0,0,0.0,0.0,1.005891434782174,1.005891434782174,0.30176743043465215,1989
end| choo| charles,,,,,,,,,,1.0,1094480.0,1094480.0,10700.0,504.0,2026-09-13,0.010236824793509246,0,0,1,1,0,0,0,0.0,0.0,1.0102368247935092,1.0102368247935092,0.30307104743805274,1611
end| ghoda| free| fire,,,,,,,,,,1.0,624405.0,624405.0,25096.0,1558.0,2026-09-06,0.04268703806023334,0,0,1,1,0,0,1,0.0,0.0,1.0426870380602333,1.0426870380602333,0.31280611141806997,466
energy |  black |  attacks,1.0,1.0,86.0,86.0,2026-10-07 06:28:49,24.228208948888888,,,,,,,,,,,1,0,0,1,0,0,0,0.6111111111111112,0.0,0.0,0.6111111111111112,0.18333333333333335,2798
energy |  cabinet |  clears,1.0,1.0,53.0,184.0,2026-10-01 02:25:10,172.28904228222223,,,,,,,,,,,1,0,0,1,0,0,0,0.6111111111111112,0.0,0.0,0.6111111111111112,0.18333333333333335,2798
engeyo| paartha| mayakkam| yaaradi| nee| mohini| 60fps| dhanush,,,,,,,,,,1.0,40249.0,40249.0,365.0,6.0,2026-10-04,0.009217620313548162,0,0,1,1,0,0,0,0.0,0.0,1.0092176203135481,1.0092176203135481,0.30276528609406445,1710
enna| vilai| karunaas| nimisha| sam| sajeev| pazhoor,,,,,,,,,,1.0,1481635.0,1481635.0,22919.0,224.0,2026-09-07,0.015619906387200627,0,0,1,1,0,0,1,0.0,0.0,1.0156199063872007,1.0156199063872007,0.3046859719161602,1273
ensure |  court |  police,1.0,1.0,98.0,150.0,2026-10-05 06:28:40,72.23070894888889,,,,,,,,,,,1,0,0,1,0,0,0,0.6111111111111112,0.0,0.0,0.6111111111111112,0.18333333333333335,2798
entering| haunted| house| minecraft,,,,,,,,,,1.0,1326924.0,1326924.0,14210.0,739.0,2026-10-01,0.011265905206326813,0,0,1,1,0,0,1,0.0,0.0,1.0112659052063269,1.0112659052063269,0.30337977156189805,1533
epic| anand| deverakonda| vaishnavi| chaitanya| aditya| haasan| hesham,,,,,,,,,,1.0,487614.0,487614.0,3934.0,76.0,2026-09-04,0.008223717940830247,0,0,1,1,0,0,0,0.0,0.0,1.0082237179408302,1.0082237179408302,0.3024671153822491,1784
epic| anand| deverakonda| vaishnavi| chaitanya| hesham| naga| vamsi,,,,,,,,,,1.0,8784353.0,8784353.0,49564.0,1598.0,2026-09-04,0.005824219495732925,0,0,1,1,0,0,0,0.0,0.0,1.005824219495733,1.005824219495733,0.30174726584871986,2003
epic| battle| prehistoric| elephant| rex| dinosaurs| wild| animals,,,,,,,,,,2.0,458162.0,916324.0,4926.5,80.0,2026-09-18,0.01092735757221245,0,0,1,1,0,0,1,0.0,0.0,2.0109273575722124,2.0109273575722124,0.6032782072716637,109
epic| escape| lightning| mcqueen| flame| cannon| drill| construction,,,,,,,,,,1.0,519862.0,519862.0,10712.0,990.0,2026-09-15,0.02250981991374634,0,0,1,1,0,0,1,0.0,0.0,1.0225098199137463,1.0225098199137463,0.3067529459741239,994
epic| escape| lightning| mcqueen| flame| cannon| ramp| construction,,,,,,,,,,1.0,687561.0,687561.0,11218.0,1000.0,2026-09-10,0.017770059674705227,0,0,1,1,0,0,1,0.0,0.0,1.0177700596747052,1.0177700596747052,0.3053310179024116,1180
epic| escape| lightning| mcqueen| flame| cannon| road| roller,,,,,,,,,,1.0,1040374.0,1040374.0,11510.0,1020.0,2026-09-14,0.012043745806796402,0,0,1,1,0,0,1,0.0,0.0,1.0120437458067963,1.0120437458067963,0.3036131237420389,1468
epic| escape| lightning| mcqueen| giant| fire| truck| road,,,,,,,,,,1.0,417185.0,417185.0,2591.0,94.0,2026-09-20,0.006435993623931829,0,0,1,1,0,0,0,0.0,0.0,1.0064359936239318,1.0064359936239318,0.30193079808717954,1923
epic| escape| lightning| mcqueen| long| construction| drill| garbage,,,,,,,,,,1.0,996044.0,996044.0,32033.0,1041.0,2026-09-12,0.03320536040576521,0,0,1,1,0,0,1,0.0,0.0,1.0332053604057652,1.0332053604057652,0.3099616081217295,672
epic| first| semester| anand| deverakonda| vaishnavi| aditya| haasan,,,,,,,,,,1.0,643346.0,643346.0,5734.0,207.0,2026-09-08,0.009234533206081953,0,0,1,1,0,0,0,0.0,0.0,1.009234533206082,1.009234533206082,0.30277035996182455,1707
epic| movie| anand| deverakonda| vaishnavi| chaitanya| aditya| hasan,,,,,,,,,,1.0,399787.0,399787.0,1024.0,33.0,2026-09-07,0.002643907880946604,0,0,1,1,0,0,0,0.0,0.0,1.0026439078809466,1.0026439078809466,0.300793172364284,2533
epic| review| barbell,,,,,,,,,,1.0,283230.0,283230.0,5129.0,476.0,2026-09-06,0.01978957031387918,0,0,1,1,0,0,1,0.0,0.0,1.019789570313879,1.019789570313879,0.30593687109416373,1095
epikism,,,,,,,,,,1.0,739331.0,739331.0,14237.0,670.0,2026-09-17,0.02016282287635714,0,0,1,1,0,0,1,0.0,0.0,1.020162822876357,1.020162822876357,0.3060488468629071,1076
epl,,,,,,,54.0,1.0,0.54,,,,,,,,0,1,0,1,0,0,0,0.0,1.04,0.0,1.04,0.41600000000000004,212
escape| cookie| eater| granny,,,,,,,,,,1.0,1626370.0,1626370.0,9103.0,473.0,2026-09-04,0.005887959074503342,0,0,1,1,0,0,0,0.0,0.0,1.0058879590745033,1.0058879590745033,0.301766387722351,1990
escape| ice| cream| man,,,,,,,,,,1.0,242403.0,242403.0,5905.0,592.0,2026-09-17,0.026802473566746286,0,0,1,1,0,0,1,0.0,0.0,1.0268024735667463,1.0268024735667463,0.30804074207002385,842
escape| zombie| city| school| bus,,,,,,,,,,1.0,2450299.0,2450299.0,11032.0,506.0,2026-09-17,0.004708813087708888,0,0,1,1,0,0,0,0.0,0.0,1.0047088130877089,1.0047088130877089,0.3014126439263127,2148
escaping| minecraft| underworld,,,,,,,,,,1.0,4118123.0,4118123.0,161553.0,32932.0,2026-09-22,0.04722661270680842,0,0,1,1,0,0,1,0.0,0.0,1.0472266127068084,1.0472266127068084,0.31416798381204253,411
escaping| terminus| deadliest| minecraft| prison,,,,,,,,,,1.0,2517262.0,2517262.0,102389.0,15396.0,2026-10-06,0.04679091806891773,0,0,1,1,0,0,1,0.0,0.0,1.0467909180689177,1.0467909180689177,0.3140372754206753,416
espncricinfo,,,,,,,100.0,1.0,1.0,,,,,,,,0,1,0,1,0,1,0,0.0,1.5,0.0,1.5,0.6000000000000001,174
essential |  improve |  cardiac,1.0,1.0,90.0,90.0,2026-10-08 06:38:34,0.06570894888888888,,,,,,,,,,,1,0,0,1,1,0,0,0.6111111111111112,0.0,0.0,0.6111111111111112,0.18333333333333335,2798
ethanol |  gadkari |  production,1.0,1.0,107.0,148.0,2026-10-01 02:29:10,172.22237561555556,,,,,,,,,,,1,0,0,1,0,0,0,0.6111111111111112,0.0,0.0,0.6111111111111112,0.18333333333333335,2798
ethanungda| title| release| narmada| suraj| kenedy| khuman| nandeswori,,,,,,,,,,1.0,227277.0,227277.0,5822.0,193.0,2026-09-26,0.026465502448553967,0,0,1,1,0,0,1,0.0,0.0,1.026465502448554,1.026465502448554,0.3079396507345662,854
evening |  brief |  meet,1.0,1.0,127.0,89.0,2026-10-01 12:37:54,162.07682006000002,,,,,,,,,,,1,0,0,1,0,0,0,0.6111111111111112,0.0,0.0,0.6111111111111112,0.18333333333333335,2798
evening |  brief |  october,1.0,1.0,94.0,108.0,2026-10-04 12:59:12,89.72182006,,,,,,,,,,,1,0,0,1,0,0,0,0.6111111111111112,0.0,0.0,0.6111111111111112,0.18333333333333335,2798
evening |  brief |  sept,1.0,1.0,116.0,89.0,2026-09-30 12:26:13,186.27154228222224,,,,,,,,,,,1,0,0,1,0,0,0,0.6111111111111112,0.0,0.0,0.6111111111111112,0.18333333333333335,2798
evergreen| songs| 90s| hindi| gana| hit| durga| boss,,,,,,,,,,1.0,177289.0,177289.0,490.0,12.0,2026-09-05,0.0028315349514070245,0,0,1,1,0,0,0,0.0,0.0,1.002831534951407,1.002831534951407,0.3008494604854221,2495
everlasting| retro| hindi| hits| old| classic,,,,,,,,,,1.0,426937.0,426937.0,1228.0,23.0,2026-09-19,0.002930174709617578,0,0,1,1,0,0,0,0.0,0.0,1.0029301747096175,1.0029301747096175,0.30087905241288526,2479
every |  domestic |  trips,1.0,1.0,79.0,79.0,2026-10-01 06:33:17,168.15376450444447,,,,,,,,,,,1,0,0,1,0,0,0,0.6111111111111112,0.0,0.0,0.6111111111111112,0.18333333333333335,2798
everyone| turned| into| zombies| gta5,,,,,,,,,,1.0,108113.0,108113.0,4800.0,62.0,2026-09-11,0.04497146504120689,0,0,1,1,0,0,1,0.0,0.0,1.044971465041207,1.044971465041207,0.3134914395123621,440
everything| about| bgmi| update| top| things| tips| you,,,,,,,,,,1.0,269859.0,269859.0,4871.0,231.0,2026-09-16,0.01890616951815578,0,0,1,1,0,0,1,0.0,0.0,1.0189061695181558,1.0189061695181558,0.30567185085544674,1136
every| click| makes| him| scarier,,,,,,,,,,1.0,375639.0,375639.0,8182.0,625.0,2026-10-03,0.0234453824017208,0,0,1,1,0,0,1,0.0,0.0,1.023445382401721,1.023445382401721,0.30703361472051627,965
every| time| crash| car| upgrades| gta,,,,,,,,,,1.0,320177.0,320177.0,2832.0,124.0,2026-09-25,0.009232393332437996,0,0,1,1,0,0,0,0.0,0.0,1.009232393332438,1.009232393332438,0.3027697179997314,1709
every| time| crash| lamborghini| evolves| gta,,,,,,,,,,1.0,105270.0,105270.0,1275.0,22.0,2026-10-07,0.012320699154554953,0,0,1,1,0,0,1,0.0,0.0,1.012320699154555,1.012320699154555,0.3036962097463665,1448
every| time| crash| monster| truck| jump| higher| gta,,,,,,,,,,1.0,176943.0,176943.0,1927.0,26.0,2026-09-16,0.01103745273901765,0,0,1,1,0,0,1,0.0,0.0,1.0110374527390176,1.0110374527390176,0.30331123582170527,1547
every| time| crash| police| car| gets| more| expensive,,,,,,,,,,1.0,158681.0,158681.0,1903.0,56.0,2026-09-27,0.012345523408599643,0,0,1,1,0,0,1,0.0,0.0,1.0123455234085996,1.0123455234085996,0.3037036570225799,1446
every| time| crash| police| car| jumps| higher| gta,,,,,,,,,,1.0,101613.0,101613.0,890.0,15.0,2026-10-07,0.008906340724119945,0,0,1,1,0,0,0,0.0,0.0,1.0089063407241199,1.0089063407241199,0.30267190221723594,1725
every| time| crash| taxi| upgrades| gta,,,,,,,,,,1.0,149618.0,149618.0,902.0,49.0,2026-09-30,0.006356187089788662,0,0,1,1,0,0,0,0.0,0.0,1.0063561870897886,1.0063561870897886,0.3019068561269366,1933
evolved| baby| superhero| minecraft,,,,,,,,,,1.0,1078052.0,1078052.0,11923.0,621.0,2026-09-07,0.011635802354617402,0,0,1,1,0,0,1,0.0,0.0,1.0116358023546175,1.0116358023546175,0.3034907407063852,1495
evolving| into| scary| verity| minecraft,,,,,,,,,,1.0,750086.0,750086.0,9376.0,520.0,2026-10-07,0.013193153851691673,0,0,1,1,0,0,1,0.0,0.0,1.0131931538516916,1.0131931538516916,0.3039579461555075,1397
evolving| slowest| fastest| entity| minecraft,,,,,,,,,,1.0,1337753.0,1337753.0,14290.0,657.0,2026-09-14,0.011173213590251713,0,0,1,1,0,0,1,0.0,0.0,1.0111732135902518,1.0111732135902518,0.30335196407707554,1539
exclusive |  india |  markets,1.0,1.0,115.0,115.0,2026-10-06 06:52:38,47.83126450444445,,,,,,,,,,,1,0,0,1,0,0,0,0.6111111111111112,0.0,0.0,0.6111111111111112,0.18333333333333335,2798
exclusive| daily| daimond| drop| event| para| samsung| a10,,,,,,,,,,1.0,245431.0,245431.0,13595.0,1197.0,2026-10-06,0.060269485109867946,0,0,1,1,0,0,1,0.0,0.0,1.060269485109868,1.060269485109868,0.3180808455329604,322
exercise |  tarang |  shakti,1.0,1.0,82.0,143.0,2026-10-06 02:46:58,51.92570894888889,,,,,,,,,,,1,0,0,1,0,0,0,0.6111111111111112,0.0,0.0,0.6111111111111112,0.18333333333333335,2798
expert |  explains |  eastern,1.0,1.0,100.0,100.0,2026-10-08 06:38:34,0.06570894888888888,,,,,,,,,,,1,0,0,1,1,0,0,0.6111111111111112,0.0,0.0,0.6111111111111112,0.18333333333333335,2798
expert |  plague |  immediate,1.0,1.0,96.0,92.0,2026-10-05 10:20:22,68.36904228222222,,,,,,,,,,,1,0,0,1,0,0,0,0.6111111111111112,0.0,0.0,0.6111111111111112,0.18333333333333335,2798
explainer |  have |  india,1.0,1.0,76.0,76.0,2026-10-07 06:28:49,24.228208948888888,,,,,,,,,,,1,0,0,1,0,0,0,0.6111111111111112,0.0,0.0,0.6111111111111112,0.18333333333333335,2798
explored| minecraft| dimension| manhunt| smp,,,,,,,,,,1.0,772660.0,772660.0,26208.0,1204.0,2026-09-30,0.035477441565501,0,0,1,1,0,0,1,0.0,0.0,1.035477441565501,1.035477441565501,0.3106432324696503,618
explored| sift| dimension| minecraft,,,,,,,,,,1.0,74794.0,74794.0,3257.0,292.0,2026-10-06,0.047450330240393614,0,0,1,1,0,0,1,0.0,0.0,1.0474503302403937,1.0474503302403937,0.3142350990721181,408
explosions |  heard |  kyiv,1.0,1.0,80.0,60.0,2026-10-07 03:18:04,27.407375615555555,,,,,,,,,,,1,0,0,1,0,0,0,0.6111111111111112,0.0,0.0,0.6111111111111112,0.18333333333333335,2798
extreme| road| nepal| towards| delhi| india| many| cows,,,,,,,,,,1.0,2269345.0,2269345.0,2247.0,0.0,2026-09-22,0.000990153546507913,0,0,1,1,0,0,0,0.0,0.0,1.000990153546508,1.000990153546508,0.3002970460639524,2701
f1 singapore,,,,,,,100.0,1.0,1.0,,,,,,,,0,1,0,1,0,1,0,0.0,1.5,0.0,1.5,0.6000000000000001,174
faced| choo| charles| live| jumpscare| horrorgaming| shorts| shortsfeed,,,,,,,,,,1.0,1231860.0,1231860.0,1350.0,0.0,2026-09-24,0.001095903755296868,0,0,1,1,0,0,0,0.0,0.0,1.001095903755297,1.001095903755297,0.30032877112658907,2692
faces |  backlash |  calling,1.0,1.0,73.0,73.0,2026-10-01 01:36:13,173.10487561555556,,,,,,,,,,,1,0,0,1,0,0,0,0.6111111111111112,0.0,0.0,0.6111111111111112,0.18333333333333335,2798
fact |  check |  video,1.0,1.0,87.0,87.0,2026-09-30 15:00:38,183.69793117111112,,,,,,,,,,,1,0,0,1,0,0,0,0.6111111111111112,0.0,0.0,0.6111111111111112,0.18333333333333335,2798
fair |  policy |  india,1.0,1.0,65.0,65.0,2026-10-08 06:38:34,0.06570894888888888,,,,,,,,,,,1,0,0,1,1,0,0,0.6111111111111112,0.0,0.0,0.6111111111111112,0.18333333333333335,2798
fake| gaming| free| fire| kallu| kaliya| prank| funny,,,,,,,,,,1.0,163967.0,163967.0,10927.0,908.0,2026-09-22,0.07217915800130514,0,0,1,1,0,0,1,0.0,0.0,1.0721791580013051,1.0721791580013051,0.32165374740039154,292
falana| patoh| music| ankush| raja| shivani| singh| 2026,,,,,,,,,,1.0,1461407.0,1461407.0,17417.0,807.0,2026-09-15,0.01247017429094017,0,0,1,1,0,0,1,0.0,0.0,1.01247017429094,1.01247017429094,0.30374105228728204,1431
falana| patoh| teaser| ankush| raja| khushi| tiwari| bhojpuri,,,,,,,,,,1.0,73210.0,73210.0,679.0,23.0,2026-09-14,0.00958885398169649,0,0,1,1,0,0,0,0.0,0.0,1.0095888539816964,1.0095888539816964,0.30287665619450893,1674
false |  karnataka |  orders,1.0,1.0,71.0,159.0,2026-10-01 19:02:21,155.66932006000002,,,,,,,,,,,1,0,0,1,0,0,0,0.6111111111111112,0.0,0.0,0.6111111111111112,0.18333333333333335,2798
fares |  worse |  than,1.0,1.0,64.0,64.0,2026-10-06 11:48:50,42.89459783777778,,,,,,,,,,,1,0,0,1,0,0,0,0.6111111111111112,0.0,0.0,0.6111111111111112,0.18333333333333335,2798
faridabad |  masked |  slashes,1.0,1.0,95.0,102.0,2026-10-06 05:22:35,49.33209783777778,,,,,,,,,,,1,0,0,1,0,0,0,0.6111111111111112,0.0,0.0,0.6111111111111112,0.18333333333333335,2798
farm |  hawaii |  harvested,1.0,1.0,77.0,447.0,2026-10-02 05:32:16,145.1707089488889,,,,,,,,,,,1,0,0,1,0,0,0,0.6111111111111112,0.0,0.0,0.6111111111111112,0.18333333333333335,2798
farming |  mizoram |  woman,1.0,1.0,71.0,402.0,2026-10-05 05:06:54,73.59348672666667,,,,,,,,,,,1,0,0,1,0,0,0,0.6111111111111112,0.0,0.0,0.6111111111111112,0.18333333333333335,2798
fast |  bowler |  returns,1.0,1.0,61.0,61.0,2026-10-07 06:28:49,24.228208948888888,,,,,,,,,,,1,0,0,1,0,0,0,0.6111111111111112,0.0,0.0,0.6111111111111112,0.18333333333333335,2798
fast| furious| gta| edition| promotions,,,,,,,,,,1.0,776968.0,776968.0,11357.0,68.0,2026-09-19,0.014704595298648078,0,0,1,1,0,0,1,0.0,0.0,1.014704595298648,1.014704595298648,0.3044113785895944,1319
fatima |  sana |  shaikh,1.0,1.0,45.0,45.0,2026-10-02 11:05:53,139.61043117111112,,,,,,,,,,,1,0,0,1,0,0,0,0.6111111111111112,0.0,0.0,0.6111111111111112,0.18333333333333335,2798
fat| villager| kicked| bodybuilder| alpha| tikawar| out| village,,,,,,,,,,1.0,625890.0,625890.0,4550.0,256.0,2026-10-04,0.007678665580213776,0,0,1,1,0,0,0,0.0,0.0,1.0076786655802137,1.0076786655802137,0.3023035996740641,1816
feel| baththa,,,,,,,,,,1.0,131443.0,131443.0,3259.0,64.0,2026-10-02,0.025280920246798993,0,0,1,1,0,0,1,0.0,0.0,1.025280920246799,1.025280920246799,0.30758427607403965,888
felt |  blow |  back,1.0,1.0,74.0,93.0,2026-10-04 00:55:13,101.78820894888888,,,,,,,,,,,1,0,0,1,0,0,0,0.6111111111111112,0.0,0.0,0.6111111111111112,0.18333333333333335,2798
ffmic| 2026| fall| grand| finale| rush| watchparty| tag,,,,,,,,,,1.0,441898.0,441898.0,19664.0,190.0,2026-09-26,0.044928920248564146,0,0,1,1,0,0,1,0.0,0.0,1.044928920248564,1.044928920248564,0.3134786760745692,441
ffmic| 2026| fall| watch| party| last| chance| day,,,,,,,,,,1.0,376386.0,376386.0,11900.0,71.0,2026-09-12,0.03180511496176797,0,0,1,1,0,0,1,0.0,0.0,1.031805114961768,1.031805114961768,0.3095415344885304,715
ffmic| 2026| fall| watch| party| last| chance| lan,,,,,,,,,,1.0,389622.0,389622.0,13971.0,66.0,2026-09-13,0.03602722638865362,0,0,1,1,0,0,1,0.0,0.0,1.0360272263886536,1.0360272263886536,0.3108081679165961,600
ffmic| 2026| fall| watch| party| last| chance| s8ul,,,,,,,,,,1.0,357672.0,357672.0,13018.0,155.0,2026-09-11,0.0368298329195464,0,0,1,1,0,0,1,0.0,0.0,1.0368298329195464,1.0368298329195464,0.3110489498758639,588
ffmic| 2026| fall| watch| party| top| kon| karega,,,,,,,,,,1.0,386830.0,386830.0,14500.0,225.0,2026-09-06,0.03806581702556679,0,0,1,1,0,0,1,0.0,0.0,1.0380658170255668,1.0380658170255668,0.31141974510767,555
ffmic| fall| grand| finale| champion| rush| watchparty| tag,,,,,,,,,,1.0,921426.0,921426.0,30447.0,596.0,2026-09-27,0.03369017153846321,0,0,1,1,0,0,1,0.0,0.0,1.0336901715384632,1.0336901715384632,0.31010705146153894,662
ffmic| grandfinals| champion| rush| s8ul| elite| tag| tournament,,,,,,,,,,1.0,350473.0,350473.0,8250.0,70.0,2026-09-27,0.023739346540247036,0,0,1,1,0,0,1,0.0,0.0,1.0237393465402471,1.0237393465402471,0.3071218039620741,956
ffws| sea| 2026| fall| grand| finals,,,,,,,,,,1.0,740810.0,740810.0,14521.0,297.0,2026-09-20,0.02000242977281624,0,0,1,1,0,0,1,0.0,0.0,1.0200024297728163,1.0200024297728163,0.3060007289318449,1089
ffws| sea| final| watchparty| wiith| nonstop| gaming| bru,,,,,,,,,,1.0,382635.0,382635.0,17122.0,151.0,2026-09-20,0.04514223738027102,0,0,1,1,0,0,1,0.0,0.0,1.045142237380271,1.045142237380271,0.3135426712140813,435
fide| chess| olympiad| round| india| azerbaijan| open| kazakhstan,,,,,,,,,,1.0,460157.0,460157.0,4235.0,74.0,2026-09-24,0.009364195263790401,0,0,1,1,0,0,0,0.0,0.0,1.0093641952637904,1.0093641952637904,0.3028092585791371,1692
fide| chess| olympiad| round| india| germany| open| uzbekistan,,,,,,,,,,1.0,547695.0,547695.0,6656.0,151.0,2026-09-25,0.012428450141045655,0,0,1,1,0,0,1,0.0,0.0,1.0124284501410457,1.0124284501410457,0.3037285350423137,1439
fide| chess| olympiad| round| india| indonesia| open| finland,,,,,,,,,,1.0,455909.0,455909.0,4550.0,61.0,2026-09-17,0.010113860441447745,0,0,1,1,0,0,0,0.0,0.0,1.0101138604414477,1.0101138604414477,0.3030341581324343,1620
fide| chess| olympiad| round| india| netherlands| open| poland,,,,,,,,,,1.0,470215.0,470215.0,4629.0,40.0,2026-09-20,0.00992950033495316,0,0,1,1,0,0,0,0.0,0.0,1.009929500334953,1.009929500334953,0.3029788501004859,1639
fide| chess| olympiad| round| india| spain| open| mongolia,,,,,,,,,,1.0,410366.0,410366.0,3316.0,25.0,2026-09-19,0.008141512698420434,0,0,1,1,0,0,0,0.0,0.0,1.0081415126984203,1.0081415126984203,0.3024424538095261,1790
fide| chess| olympiad| round| india| uzbekistan| open| china,,,,,,,,,,1.0,583504.0,583504.0,5344.0,99.0,2026-09-26,0.009328127999122542,0,0,1,1,0,0,0,0.0,0.0,1.0093281279991226,1.0093281279991226,0.3027984383997368,1698
fide| chess| olympiad| round| india| uzbekistan| open| usa,,,,,,,,,,1.0,622062.0,622062.0,5763.0,73.0,2026-09-21,0.009381701502422589,0,0,1,1,0,0,0,0.0,0.0,1.0093817015024227,1.0093817015024227,0.30281451045072677,1689
fightback| begins| bmsd| upper| bracket,,,,,,,,,,1.0,230167.0,230167.0,16740.0,934.0,2026-10-02,0.07678772369627271,0,0,1,1,0,0,1,0.0,0.0,1.0767877236962726,1.0767877236962726,0.32303631710888175,279
fighter |  aircraft |  multi,1.0,1.0,75.0,446.0,2026-10-05 05:29:08,73.2229311711111,,,,,,,,,,,1,0,0,1,0,0,0,0.6111111111111112,0.0,0.0,0.6111111111111112,0.18333333333333335,2798
fighter |  jets |  delay,1.0,1.0,112.0,158.0,2026-10-04 01:06:10,101.60570894888889,,,,,,,,,,,1,0,0,1,0,0,0,0.6111111111111112,0.0,0.0,0.6111111111111112,0.18333333333333335,2798
fighter |  pakistan |  china,1.0,1.0,96.0,131.0,2026-10-03 13:48:30,112.90015339333333,,,,,,,,,,,1,0,0,1,0,0,0,0.6111111111111112,0.0,0.0,0.6111111111111112,0.18333333333333335,2798
fight| goes| upper| bracket| day| vlog| tag,,,,,,,,,,1.0,196454.0,196454.0,15295.0,614.0,2026-10-03,0.08098078939599092,0,0,1,1,0,0,1,0.0,0.0,1.0809807893959908,1.0809807893959908,0.32429423681879727,271
fight| gold| fide| chess| olympiad| round| india| hungary,,,,,,,,,,1.0,670611.0,670611.0,5461.0,83.0,2026-09-27,0.008267087775178159,0,0,1,1,0,0,0,0.0,0.0,1.0082670877751783,1.0082670877751783,0.30248012633255345,1782
film |  shoot |  goes,1.0,1.0,65.0,65.0,2026-10-05 12:30:28,66.20070894888889,,,,,,,,,,,1,0,0,1,0,0,0,0.6111111111111112,0.0,0.0,0.6111111111111112,0.18333333333333335,2798
filmy| babe,,,,,,,,,,1.0,73398.0,73398.0,7721.0,877.0,2026-09-06,0.11714215646202894,0,0,1,1,0,0,1,0.0,0.0,1.117142156462029,1.117142156462029,0.3351426469386087,243
filmy| babe| masoom| sharma| amar| karnawal| pinna| music,,,,,,,,,,1.0,3339081.0,3339081.0,129059.0,9069.0,2026-09-07,0.04136707075988873,0,0,1,1,0,0,1,0.0,0.0,1.0413670707598888,1.0413670707598888,0.31241012122796663,486
film| talk| dharman| update| sigma| baththa| teaser| worth,,,,,,,,,,1.0,40858.0,40858.0,1953.0,27.0,2026-09-16,0.04846052180723481,0,0,1,1,0,0,1,0.0,0.0,1.0484605218072347,1.0484605218072347,0.3145381565421704,402
film| talk| jailer| saravedi| baththa| sigma| mandaadi| boxoffice,,,,,,,,,,1.0,41280.0,41280.0,2306.0,44.0,2026-10-04,0.05692829457364341,0,0,1,1,0,0,1,0.0,0.0,1.0569282945736433,1.0569282945736433,0.317078488372093,336
film| talk| jailer| vettuvam| jackie| sigma| dorothy| teaser,,,,,,,,,,1.0,62594.0,62594.0,3025.0,54.0,2026-09-18,0.04919001821260824,0,0,1,1,0,0,1,0.0,0.0,1.0491900182126082,1.0491900182126082,0.31475700546378244,393
film| talk| jailer| yepdi| iruku| films| mandaadi| sambavam,,,,,,,,,,1.0,67090.0,67090.0,3382.0,71.0,2026-10-05,0.05146817707557013,0,0,1,1,0,0,1,0.0,0.0,1.05146817707557,1.05146817707557,0.315440453122671,373
final |  list |  electors,1.0,1.0,89.0,144.0,2026-10-04 01:05:01,101.62487561555555,,,,,,,,,,,1,0,0,1,0,0,0,0.6111111111111112,0.0,0.0,0.6111111111111112,0.18333333333333335,2798
final |  time |  asian,1.0,1.0,184.0,184.0,2026-10-03 05:44:55,120.95987561555555,,,,,,,,,,,1,0,0,1,0,0,0,0.6111111111111112,0.0,0.0,0.6111111111111112,0.18333333333333335,2798
finale| noob| pro| security| tower| build| battle| minecraft,,,,,,,,,,1.0,441324.0,441324.0,17163.0,1042.0,2026-09-27,0.041250872374944486,0,0,1,1,0,0,1,0.0,0.0,1.0412508723749445,1.0412508723749445,0.31237526171248337,490
finally| beat| seagull| boss| how| fish,,,,,,,,,,1.0,102811.0,102811.0,3934.0,293.0,2026-10-04,0.041114277655114724,0,0,1,1,0,0,1,0.0,0.0,1.0411142776551148,1.0411142776551148,0.3123342832965344,492
finally| became| player| steal| egg| roblox,,,,,,,,,,1.0,568132.0,568132.0,14992.0,2220.0,2026-09-17,0.030295776333668936,0,0,1,1,0,0,1,0.0,0.0,1.0302957763336689,1.0302957763336689,0.30908873290010064,745
finally| became| player| steal| egg| roblox| 100| real,,,,,,,,,,1.0,327456.0,327456.0,9801.0,2871.0,2026-09-24,0.03869832893579595,0,0,1,1,0,0,1,0.0,0.0,1.038698328935796,1.038698328935796,0.3116094986807388,539
finally| bought| 987| 000| secret| hidden| bunker| security,,,,,,,,,,1.0,560332.0,560332.0,17223.0,3529.0,2026-10-06,0.03703518628241828,0,0,1,1,0,0,1,0.0,0.0,1.0370351862824183,1.0370351862824183,0.31111055588472547,581
finally| bought| super| bike| car| sale| expensive,,,,,,,,,,1.0,1343239.0,1343239.0,51189.0,2120.0,2026-10-03,0.039686906053204234,0,0,1,1,0,0,1,0.0,0.0,1.0396869060532041,1.0396869060532041,0.31190607181596125,519
finally| bought| supra| mk4| car| sale| expensive,,,,,,,,,,1.0,1180499.0,1180499.0,37902.0,2326.0,2026-09-13,0.03407711484719597,0,0,1,1,0,0,1,0.0,0.0,1.0340771148471959,1.0340771148471959,0.3102231344541588,652
finally| door| escape| gulli| bulli| aur| granny| secret,,,,,,,,,,1.0,98788.0,98788.0,2259.0,382.0,2026-09-10,0.026734016277280642,0,0,1,1,0,0,1,0.0,0.0,1.0267340162772807,1.0267340162772807,0.3080202048831842,846
finally| escaped| scary| forest| train,,,,,,,,,,1.0,79640.0,79640.0,3403.0,298.0,2026-10-02,0.04647162230035158,0,0,1,1,0,0,1,0.0,0.0,1.0464716223003516,1.0464716223003516,0.31394148669010546,421
finally| found| demon| eggs| steal| egg| roblox,,,,,,,,,,1.0,583718.0,583718.0,18386.0,1257.0,2026-09-22,0.03365152350963993,0,0,1,1,0,0,1,0.0,0.0,1.03365152350964,1.03365152350964,0.310095457052892,663
finally| found| needle| hay| roblox,,,,,,,,,,1.0,329885.0,329885.0,10131.0,471.0,2026-09-21,0.032138472497991726,0,0,1,1,0,0,1,0.0,0.0,1.0321384724979916,1.0321384724979916,0.30964154174939745,702
finally| ironman| cheats| indian| bike| driving,,,,,,,,,,1.0,185580.0,185580.0,4314.0,851.0,2026-10-03,0.02783166289470848,0,0,1,1,0,0,1,0.0,0.0,1.0278316628947084,1.0278316628947084,0.3083494988684125,823
finally| live| face| cam| first| ever| facecam| free,,,,,,,,,,2.0,371685.5,743371.0,19544.0,170.5,2026-10-07,0.053040810039670636,0,0,1,1,0,0,1,0.0,0.0,2.0530408100396706,2.0530408100396706,0.6159122430119012,91
finally| made| onto| top| leaderboard| roblox| steal| egg,,,,,,,,,,1.0,480818.0,480818.0,7252.0,2622.0,2026-09-21,0.020535836844710473,0,0,1,1,0,0,1,0.0,0.0,1.0205358368447104,1.0205358368447104,0.3061607510534131,1060
finally| raft| escape| granny| remake| 2026,,,,,,,,,,1.0,124200.0,124200.0,2558.0,272.0,2026-10-04,0.022785829307568436,0,0,1,1,0,0,1,0.0,0.0,1.0227858293075685,1.0227858293075685,0.30683574879227055,981
finally| sample| papers| coming| check| description,,,,,,,,,,1.0,599556.0,599556.0,27868.0,3943.0,2026-10-03,0.053057595954339544,0,0,1,1,0,0,1,0.0,0.0,1.0530575959543396,1.0530575959543396,0.3159172787863019,358
finally| tag| comeback| rntx| elite| nova| dono| tabahi,,,,,,,,,,1.0,189872.0,189872.0,14196.0,318.0,2026-09-26,0.07644097075924834,0,0,1,1,0,0,1,0.0,0.0,1.0764409707592484,1.0764409707592484,0.3229322912277745,280
finally| update| indian| bike| driving| police,,,,,,,,,,1.0,226272.0,226272.0,9442.0,744.0,2026-09-28,0.0450166171687173,0,0,1,1,0,0,1,0.0,0.0,1.0450166171687174,1.0450166171687174,0.3135049851506152,437
finally| update| indian| theft| auto| simulator,,,,,,,,,,1.0,314713.0,314713.0,7524.0,709.0,2026-09-19,0.026160342915608824,0,0,1,1,0,0,1,0.0,0.0,1.0261603429156088,1.0261603429156088,0.3078481028746826,861
finally| update| spider| fighter| secret| glitch,,,,,,,,,,1.0,158381.0,158381.0,4318.0,912.0,2026-09-29,0.03302163769644086,0,0,1,1,0,0,1,0.0,0.0,1.033021637696441,1.033021637696441,0.3099064913089323,683
finally| update| spider| fighter| zerg| queen| invasion,,,,,,,,,,1.0,229744.0,229744.0,4462.0,503.0,2026-09-06,0.02161101051605265,0,0,1,1,0,0,1,0.0,0.0,1.0216110105160527,1.0216110105160527,0.3064833031548158,1023
final| boss| came| out| volcano| how| fish,,,,,,,,,,1.0,68400.0,68400.0,2784.0,223.0,2026-09-13,0.04396198830409357,0,0,1,1,0,0,1,0.0,0.0,1.0439619883040936,1.0439619883040936,0.31318859649122804,453
final| day| 7t7t| mumbai| monsoon| league| 2026,,,,,,,,,,1.0,320395.0,320395.0,2830.0,0.0,2026-09-12,0.008832846954540488,0,0,1,1,0,0,0,0.0,0.0,1.0088328469545405,1.0088328469545405,0.30264985408636214,1729
final| live| india| pakistan| ind| pak| 2026| cricket,,,,,,,,,,1.0,803817.0,803817.0,5606.0,7.0,2026-10-03,0.006982932682438913,0,0,1,1,0,0,0,0.0,0.0,1.0069829326824389,1.0069829326824389,0.30209487980473165,1872
finance |  minister |  uncertainty,1.0,1.0,90.0,155.0,2026-10-04 01:06:38,101.5979311711111,,,,,,,,,,,1,0,0,1,0,0,0,0.6111111111111112,0.0,0.0,0.6111111111111112,0.18333333333333335,2798
finance |  ministry |  crude,1.0,1.0,78.0,102.0,2026-10-01 05:48:15,168.90432006,,,,,,,,,,,1,0,0,1,0,0,0,0.6111111111111112,0.0,0.0,0.6111111111111112,0.18333333333333335,2798
financer| bintu| pabra| pranjal| dahiya| shiva| choudhary| gunde,,,,,,,,,,1.0,194951.0,194951.0,1423.0,9.0,2026-09-10,0.007345435519694693,0,0,1,1,0,0,0,0.0,0.0,1.0073454355196947,1.0073454355196947,0.3022036306559084,1845
finding| every| anomaly| school,,,,,,,,,,2.0,422806.0,845612.0,7787.5,472.0,2026-09-24,0.019534964026054504,0,0,1,1,0,0,1,0.0,0.0,2.0195349640260547,2.0195349640260547,0.6058604892078164,103
finding| friends| secret| dark| minecraft,,,,,,,,,,1.0,1701366.0,1701366.0,17637.0,1972.0,2026-09-16,0.011525444848433554,0,0,1,1,0,0,1,0.0,0.0,1.0115254448484337,1.0115254448484337,0.3034576334545301,1509
finding| rarest| animal| eggs| roblox,,,,,,,,,,1.0,36925.0,36925.0,1570.0,19.0,2026-09-29,0.04303317535545024,0,0,1,1,0,0,1,0.0,0.0,1.0430331753554503,1.0430331753554503,0.31290995260663507,462
finding| scary| anomalies| high| school,,,,,,,,,,1.0,903795.0,903795.0,16837.0,1325.0,2026-09-17,0.020095264966059782,0,0,1,1,0,0,1,0.0,0.0,1.0200952649660597,1.0200952649660597,0.30602857948981793,1082
find| girlfriend| free| fire| dhokha| mila| gaming| revange,,,,,,,,,,1.0,127590.0,127590.0,10763.0,1114.0,2026-09-12,0.09308723254173525,0,0,1,1,0,0,1,0.0,0.0,1.0930872325417353,1.0930872325417353,0.3279261697625206,254
finland |  hopes |  more,1.0,1.0,107.0,121.0,2026-10-05 09:20:15,69.37098672666667,,,,,,,,,,,1,0,0,1,0,0,0,0.6111111111111112,0.0,0.0,0.6111111111111112,0.18333333333333335,2798
fire |  airport |  workers,1.0,1.0,51.0,431.0,2026-10-06 04:06:54,50.59348672666667,,,,,,,,,,,1,0,0,1,0,0,0,0.6111111111111112,0.0,0.0,0.6111111111111112,0.18333333333333335,2798
fire |  safety |  clearance,1.0,1.0,74.0,154.0,2026-10-01 11:17:15,163.42098672666668,,,,,,,,,,,1,0,0,1,0,0,0,0.6111111111111112,0.0,0.0,0.6111111111111112,0.18333333333333335,2798
firs |  registered |  karnataka,1.0,1.0,101.0,137.0,2026-10-07 02:34:30,28.133486726666664,,,,,,,,,,,1,0,0,1,0,0,0,0.6111111111111112,0.0,0.0,0.6111111111111112,0.18333333333333335,2798
first| day| camping| went| wrong,,,,,,,,,,1.0,5355962.0,5355962.0,102537.0,6064.0,2026-09-11,0.0202766561824001,0,0,1,1,0,0,1,0.0,0.0,1.0202766561824002,1.0202766561824002,0.30608299685472,1075
first| ever| mobile| pack| opening,,,,,,,,,,1.0,464101.0,464101.0,8207.0,699.0,2026-09-24,0.019189788429673713,0,0,1,1,0,0,1,0.0,0.0,1.0191897884296737,1.0191897884296737,0.30575693652890207,1124
first| free| fire| gameplay| freefire,,,,,,,,,,1.0,152407.0,152407.0,1837.0,14.0,2026-09-27,0.012145111445012367,0,0,1,1,0,0,1,0.0,0.0,1.0121451114450124,1.0121451114450124,0.3036435334335037,1459
first| job| titan| chaser| chase| dragon,,,,,,,,,,1.0,97585.0,97585.0,4073.0,217.0,2026-09-16,0.043961674437669726,0,0,1,1,0,0,1,0.0,0.0,1.0439616744376696,1.0439616744376696,0.31318850233130086,454
first| stream| bootcamp| solo| kills| today| bgmi| live,,,,,,,,,,1.0,781019.0,781019.0,34066.0,64.0,2026-09-09,0.04369932101523778,0,0,1,1,0,0,1,0.0,0.0,1.0436993210152379,1.0436993210152379,0.31310979630457136,456
first| time| playing| free| fire| son| tonde| gamer,,,,,,,,,,1.0,2644140.0,2644140.0,185045.0,5438.0,2026-09-08,0.07203968019847663,0,0,1,1,0,0,1,0.0,0.0,1.0720396801984766,1.0720396801984766,0.321611904059543,293
fiscal |  public |  finance,1.0,1.0,60.0,140.0,2026-10-05 03:18:10,75.40570894888889,,,,,,,,,,,1,0,0,1,0,0,0,0.6111111111111112,0.0,0.0,0.6111111111111112,0.18333333333333335,2798
fitbit |  comes |  india,1.0,1.0,48.0,48.0,2026-10-02 06:09:13,144.55487561555555,,,,,,,,,,,1,0,0,1,0,0,0,0.6111111111111112,0.0,0.0,0.6111111111111112,0.18333333333333335,2798
five |  reasons |  india,1.0,1.0,81.0,81.0,2026-10-08 06:38:34,0.06570894888888888,,,,,,,,,,,1,0,0,1,1,0,0,0.6111111111111112,0.0,0.0,0.6111111111111112,0.18333333333333335,2798
five |  workers |  killed,1.0,1.0,95.0,104.0,2026-10-03 05:19:29,121.38376450444444,,,,,,,,,,,1,0,0,1,0,0,0,0.6111111111111112,0.0,0.0,0.6111111111111112,0.18333333333333335,2798
flags |  million |  travis,1.0,1.0,67.0,399.0,2026-09-30 23:50:00,174.87515339333333,,,,,,,,,,,1,0,0,1,0,0,0,0.6111111111111112,0.0,0.0,0.6111111111111112,0.18333333333333335,2798
flash flood risk,,,,,,,100.0,1.0,1.0,,,,,,,,0,1,0,1,0,1,0,0.0,1.5,0.0,1.5,0.6000000000000001,174
flatbed| mcqueen| transportation| truck| speedbumps| cars| train| beamng,,,,,,,,,,6.0,543313.5,3259881.0,8479.333333333334,432.3333333333333,2026-10-05,0.01640243923014368,0,0,1,1,0,0,1,0.0,0.0,6.016402439230144,6.016402439230144,1.8049207317690432,40
flatbed| truck| mcqueen| transportation| pothole| car| 169| beamng,,,,,,,,,,1.0,306939.0,306939.0,10387.0,529.0,2026-09-15,0.03556406973372559,0,0,1,1,0,0,1,0.0,0.0,1.0355640697337256,1.0355640697337256,0.3106692209201177,614
flatbed| truck| mcqueen| transportation| pothole| car| 171| beamng,,,,,,,,,,1.0,260808.0,260808.0,10297.0,522.0,2026-09-17,0.04148262323241619,0,0,1,1,0,0,1,0.0,0.0,1.0414826232324161,1.0414826232324161,0.31244478696972483,483
flatbed| truck| mcqueen| transportation| pothole| car| 173| beamng,,,,,,,,,,1.0,921356.0,921356.0,10829.0,566.0,2026-09-19,0.01236764073821628,0,0,1,1,0,0,1,0.0,0.0,1.0123676407382163,1.0123676407382163,0.3037102922214649,1443
flatbed| truck| mcqueen| transportation| pothole| car| 177| beamng,,,,,,,,,,1.0,170623.0,170623.0,10345.0,521.0,2026-09-23,0.06368426296571975,0,0,1,1,0,0,1,0.0,0.0,1.0636842629657197,1.0636842629657197,0.3191052788897159,309
flatbed| truck| mcqueen| transportation| pothole| car| 183| beamng,,,,,,,,,,1.0,151980.0,151980.0,10326.0,529.0,2026-09-29,0.07142387156204764,0,0,1,1,0,0,1,0.0,0.0,1.0714238715620477,1.0714238715620477,0.3214271614686143,295
flatbed| truck| mcqueen| transportation| pothole| car| 190| beamng,,,,,,,,,,1.0,172163.0,172163.0,10506.0,419.0,2026-10-06,0.06345730499584695,0,0,1,1,0,0,1,0.0,0.0,1.063457304995847,1.063457304995847,0.31903719149875404,310
flatbed| truck| mcqueen| transportation| pothole| car| 191| beamng,,,,,,,,,,1.0,224551.0,224551.0,10418.0,420.0,2026-10-07,0.048265204786440495,0,0,1,1,0,0,1,0.0,0.0,1.0482652047864405,1.0482652047864405,0.31447956143593214,403
flatbed| truck| mcqueen| transportation| pothole| car| beamng| drive,,,,,,,,,,50.0,378981.22,18949061.0,10580.02,736.8,2026-10-07,0.029861163041271545,0,0,1,1,0,0,1,0.0,0.0,50.029861163041275,50.029861163041275,15.008958348912381,1
flight |  indigo |  attendant,1.0,1.0,81.0,81.0,2026-10-03 11:02:54,115.66015339333333,,,,,,,,,,,1,0,0,1,0,0,0,0.6111111111111112,0.0,0.0,0.6111111111111112,0.18333333333333335,2798
flight |  neerja |  machchhar,1.0,1.0,78.0,387.0,2026-10-01 05:11:20,169.51959783777778,,,,,,,,,,,1,0,0,1,0,0,0,0.6111111111111112,0.0,0.0,0.6111111111111112,0.18333333333333335,2798
flight |  pilot |  smit,1.0,1.0,111.0,128.0,2026-10-01 05:03:52,169.64404228222224,,,,,,,,,,,1,0,0,1,0,0,0,0.6111111111111112,0.0,0.0,0.6111111111111112,0.18333333333333335,2798
flood| school| bus,,,,,,,,,,1.0,503097.0,503097.0,5001.0,282.0,2026-09-30,0.010500957071896673,0,0,1,1,0,0,0,0.0,0.0,1.0105009570718966,1.0105009570718966,0.30315028712156894,1588
florida |  across |  states,1.0,1.0,82.0,370.0,2026-10-06 09:00:00,45.70848672666667,,,,,,,,,,,1,0,0,1,0,0,0,0.6111111111111112,0.0,0.0,0.6111111111111112,0.18333333333333335,2798
flydubai |  attacker |  identified,1.0,1.0,80.0,80.0,2026-10-03 01:29:28,125.21737561555555,,,,,,,,,,,1,0,0,1,0,0,0,0.6111111111111112,0.0,0.0,0.6111111111111112,0.18333333333333335,2798
flydubai |  background |  checks,1.0,1.0,65.0,98.0,2026-10-04 02:58:15,99.73765339333333,,,,,,,,,,,1,0,0,1,0,0,0,0.6111111111111112,0.0,0.0,0.6111111111111112,0.18333333333333335,2798
flydubai |  boeing |  design,1.0,1.0,76.0,71.0,2026-10-05 02:14:00,76.47515339333333,,,,,,,,,,,1,0,0,1,0,0,0,0.6111111111111112,0.0,0.0,0.6111111111111112,0.18333333333333335,2798
flydubai |  flight |  aviv,1.0,1.0,72.0,72.0,2026-10-02 05:02:47,145.6620978377778,,,,,,,,,,,1,0,0,1,0,0,0,0.6111111111111112,0.0,0.0,0.6111111111111112,0.18333333333333335,2798
flydubai |  flight |  indian,1.0,1.0,146.0,149.0,2026-10-01 09:34:28,165.13404228222223,,,,,,,,,,,1,0,0,1,0,0,0,0.6111111111111112,0.0,0.0,0.6111111111111112,0.18333333333333335,2798
flydubai |  govt |  deliberate,1.0,1.0,82.0,128.0,2026-10-02 06:20:14,144.37126450444444,,,,,,,,,,,1,0,0,1,0,0,0,0.6111111111111112,0.0,0.0,0.6111111111111112,0.18333333333333335,2798
flydubai |  incident |  every,1.0,1.0,46.0,46.0,2026-10-03 05:09:23,121.55209783777778,,,,,,,,,,,1,0,0,1,0,0,0,0.6111111111111112,0.0,0.0,0.6111111111111112,0.18333333333333335,2798
flydubai |  inside |  cockpit,1.0,1.0,84.0,136.0,2026-10-01 08:23:42,166.31348672666667,,,,,,,,,,,1,0,0,1,0,0,0,0.6111111111111112,0.0,0.0,0.6111111111111112,0.18333333333333335,2798
flydubai |  israel |  news,1.0,1.0,90.0,272.0,2026-09-30 13:53:49,184.81154228222223,,,,,,,,,,,1,0,0,1,0,0,0,0.6111111111111112,0.0,0.0,0.6111111111111112,0.18333333333333335,2798
flydubai |  israel |  orders,1.0,1.0,76.0,45.0,2026-10-04 18:45:24,83.95182005999999,,,,,,,,,,,1,0,0,1,0,0,0,0.6111111111111112,0.0,0.0,0.6111111111111112,0.18333333333333335,2798
flydubai |  passenger |  feared,1.0,1.0,73.0,73.0,2026-10-04 00:30:43,102.19654228222221,,,,,,,,,,,1,0,0,1,0,0,0,0.6111111111111112,0.0,0.0,0.6111111111111112,0.18333333333333335,2798
flydubai |  pilot |  identified,1.0,1.0,79.0,98.0,2026-10-03 00:43:49,125.97820894888888,,,,,,,,,,,1,0,0,1,0,0,0,0.6111111111111112,0.0,0.0,0.6111111111111112,0.18333333333333335,2798
flydubai |  pilot |  incident,1.0,1.0,112.0,242.0,2026-10-01 04:28:11,170.23876450444445,,,,,,,,,,,1,0,0,1,0,0,0,0.6111111111111112,0.0,0.0,0.6111111111111112,0.18333333333333335,2798
flydubai |  pilot |  machchhar,1.0,1.0,82.0,146.0,2026-10-01 15:23:42,159.31348672666667,,,,,,,,,,,1,0,0,1,0,0,0,0.6111111111111112,0.0,0.0,0.6111111111111112,0.18333333333333335,2798
flydubai |  pilot |  passengers,1.0,1.0,72.0,71.0,2026-10-04 03:44:06,98.97348672666666,,,,,,,,,,,1,0,0,1,0,0,0,0.6111111111111112,0.0,0.0,0.6111111111111112,0.18333333333333335,2798
flydubai |  pilot |  planned,1.0,1.0,67.0,60.0,2026-10-05 04:08:44,74.5629311711111,,,,,,,,,,,1,0,0,1,0,0,0,0.6111111111111112,0.0,0.0,0.6111111111111112,0.18333333333333335,2798
flydubai |  pilot |  recounts,1.0,1.0,80.0,80.0,2026-10-03 05:44:55,120.95987561555555,,,,,,,,,,,1,0,0,1,0,0,0,0.6111111111111112,0.0,0.0,0.6111111111111112,0.18333333333333335,2798
flydubai |  pilot |  studied,1.0,1.0,70.0,73.0,2026-10-04 05:44:43,96.96320894888889,,,,,,,,,,,1,0,0,1,0,0,0,0.6111111111111112,0.0,0.0,0.6111111111111112,0.18333333333333335,2798
flydubai |  security |  failure,1.0,1.0,74.0,93.0,2026-10-05 05:08:41,73.56376450444444,,,,,,,,,,,1,0,0,1,0,0,0,0.6111111111111112,0.0,0.0,0.6111111111111112,0.18333333333333335,2798
flydubai |  shouting |  allahu,1.0,1.0,71.0,71.0,2026-10-01 12:29:29,162.2170978377778,,,,,,,,,,,1,0,0,1,0,0,0,0.6111111111111112,0.0,0.0,0.6111111111111112,0.18333333333333335,2798
flydubai |  smit |  machchhar,1.0,1.0,85.0,113.0,2026-09-30 13:33:38,185.1479311711111,,,,,,,,,,,1,0,0,1,0,0,0,0.6111111111111112,0.0,0.0,0.6111111111111112,0.18333333333333335,2798
flydubai |  suspends |  flights,1.0,1.0,76.0,94.0,2026-10-01 04:16:25,170.43487561555557,,,,,,,,,,,1,0,0,1,0,0,0,0.6111111111111112,0.0,0.0,0.6111111111111112,0.18333333333333335,2798
flydubai |  vertical |  roller,1.0,1.0,70.0,80.0,2026-10-04 18:58:13,83.73820894888888,,,,,,,,,,,1,0,0,1,0,0,0,0.6111111111111112,0.0,0.0,0.6111111111111112,0.18333333333333335,2798
fly| karke| lyrical| sabba| jasmeen| akhtar| anjali| arora,,,,,,,,,,1.0,133168.0,133168.0,666.0,24.0,2026-09-26,0.005181424966959029,0,0,1,1,0,0,0,0.0,0.0,1.005181424966959,1.005181424966959,0.3015544274900877,2074
food |  inspections |  surge,1.0,1.0,69.0,97.0,2026-10-03 02:53:11,123.82209783777778,,,,,,,,,,,1,0,0,1,0,0,0,0.6111111111111112,0.0,0.0,0.6111111111111112,0.18333333333333335,2798
food |  video |  utensils,1.0,1.0,77.0,399.0,2026-10-06 03:30:20,51.20293117111112,,,,,,,,,,,1,0,0,1,0,0,0,0.6111111111111112,0.0,0.0,0.6111111111111112,0.18333333333333335,2798
foodera |  technologies |  expands,1.0,1.0,103.0,103.0,2026-10-05 06:12:26,72.50126450444445,,,,,,,,,,,1,0,0,1,0,0,0,0.6111111111111112,0.0,0.0,0.6111111111111112,0.18333333333333335,2798
football |  friendly |  brazil,1.0,1.0,62.0,62.0,2026-10-04 06:19:38,96.38126450444445,,,,,,,,,,,1,0,0,1,0,0,0,0.6111111111111112,0.0,0.0,0.6111111111111112,0.18333333333333335,2798
force |  operations |  safed,1.0,1.0,123.0,136.0,2026-10-06 12:58:47,41.72876450444445,,,,,,,,,,,1,0,0,1,0,0,0,0.6111111111111112,0.0,0.0,0.6111111111111112,0.18333333333333335,2798
force |  shri |  suvendu,1.0,1.0,77.0,77.0,2026-10-03 02:29:54,124.21015339333333,,,,,,,,,,,1,0,0,1,0,0,0,0.6111111111111112,0.0,0.0,0.6111111111111112,0.18333333333333335,2798
forced| become| firefighter| roblox,,,,,,,,,,1.0,39782.0,39782.0,918.0,39.0,2026-09-13,0.024056105776481825,0,0,1,1,0,0,1,0.0,0.0,1.0240561057764819,1.0240561057764819,0.30721683173294456,937
ford |  farley |  workers,1.0,1.0,78.0,470.0,2026-10-02 04:48:14,145.9045978377778,,,,,,,,,,,1,0,0,1,0,0,0,0.6111111111111112,0.0,0.0,0.6111111111111112,0.18333333333333335,2798
ford| karan| aujla| tru| skool| punjabi| 2026| latest,,,,,,,,,,1.0,75813.0,75813.0,829.0,41.0,2026-09-10,0.011475604447786,0,0,1,1,0,0,1,0.0,0.0,1.011475604447786,1.011475604447786,0.3034426813343358,1514
foreign |  visa |  kerala,1.0,1.0,57.0,182.0,2026-10-01 02:32:20,172.1695978377778,,,,,,,,,,,1,0,0,1,0,0,0,0.6111111111111112,0.0,0.0,0.6111111111111112,0.18333333333333335,2798
forest |  girl |  beheads,1.0,1.0,66.0,336.0,2026-10-07 08:06:39,22.59765339333333,,,,,,,,,,,1,0,0,1,1,0,0,0.6111111111111112,0.0,0.0,0.6111111111111112,0.18333333333333335,2798
forest| escape| last| train| acid| pit| mission,,,,,,,,,,1.0,165792.0,165792.0,6434.0,826.0,2026-10-02,0.04378980891719745,0,0,1,1,0,0,1,0.0,0.0,1.0437898089171975,1.0437898089171975,0.31313694267515924,455
form |  cops |  warrant,1.0,1.0,75.0,124.0,2026-10-05 09:40:21,69.03598672666666,,,,,,,,,,,1,0,0,1,0,0,0,0.6111111111111112,0.0,0.0,0.6111111111111112,0.18333333333333335,2798
form |  order |  reached,1.0,1.0,59.0,122.0,2026-10-06 01:42:11,53.00543117111111,,,,,,,,,,,1,0,0,1,0,0,0,0.6111111111111112,0.0,0.0,0.6111111111111112,0.18333333333333335,2798
form |  over |  modified,1.0,1.0,67.0,151.0,2026-10-05 09:19:17,69.38709783777779,,,,,,,,,,,1,0,0,1,0,0,0,0.6111111111111112,0.0,0.0,0.6111111111111112,0.18333333333333335,2798
formally |  joins |  india,1.0,1.0,86.0,86.0,2026-10-04 06:19:38,96.38126450444445,,,,,,,,,,,1,0,0,1,0,0,0,0.6111111111111112,0.0,0.0,0.6111111111111112,0.18333333333333335,2798
former |  aiadmk |  minister,1.0,1.0,61.0,208.0,2026-10-01 02:33:00,172.15848672666667,,,,,,,,,,,1,0,0,1,0,0,0,0.6111111111111112,0.0,0.0,0.6111111111111112,0.18333333333333335,2798
former |  family |  stuck,1.0,1.0,79.0,78.0,2026-10-01 14:18:33,160.39932006,,,,,,,,,,,1,0,0,1,0,0,0,0.6111111111111112,0.0,0.0,0.6111111111111112,0.18333333333333335,2798
former |  member |  commission,1.0,1.0,40.0,354.0,2026-10-07 02:31:00,28.191820059999998,,,,,,,,,,,1,0,0,1,0,0,0,0.6111111111111112,0.0,0.0,0.6111111111111112,0.18333333333333335,2798
former |  sarpanch |  shot,1.0,1.0,73.0,71.0,2026-10-04 03:46:25,98.93487561555555,,,,,,,,,,,1,0,0,1,0,0,0,0.6111111111111112,0.0,0.0,0.6111111111111112,0.18333333333333335,2798
found |  painting |  later,1.0,1.0,70.0,261.0,2026-10-07 05:44:01,24.974875615555554,,,,,,,,,,,1,0,0,1,0,0,0,0.6111111111111112,0.0,0.0,0.6111111111111112,0.18333333333333335,2798
found| dark| secret| steal| egg| update| roblox,,,,,,,,,,1.0,367573.0,367573.0,5498.0,5065.0,2026-09-20,0.028737148811256538,0,0,1,1,0,0,1,0.0,0.0,1.0287371488112564,1.0287371488112564,0.3086211446433769,784
found| duo| roblox| rivals,,,,,,,,,,1.0,495875.0,495875.0,9595.0,4418.0,2026-09-21,0.028259137887572474,0,0,1,1,0,0,1,0.0,0.0,1.0282591378875725,1.0282591378875725,0.30847774136627176,804
found| elytra| started| flying| minecraft,,,,,,,,,,1.0,83117.0,83117.0,3844.0,338.0,2026-09-11,0.0503146167450702,0,0,1,1,0,0,1,0.0,0.0,1.05031461674507,1.05031461674507,0.315094385023521,383
found| franklin| jack| michael| body| parts| indian| bike,,,,,,,,,,1.0,85574.0,85574.0,467.0,14.0,2026-09-10,0.005620866150933695,0,0,1,1,0,0,0,0.0,0.0,1.0056208661509336,1.0056208661509336,0.3016862598452801,2016
found| golden| phoenix| ride| pet| roblox,,,,,,,,,,1.0,428578.0,428578.0,13524.0,614.0,2026-09-24,0.032988160848200325,0,0,1,1,0,0,1,0.0,0.0,1.0329881608482003,1.0329881608482003,0.3098964482544601,685
found| hidden| gaming| room| steal| egg| hide| seek,,,,,,,,,,1.0,783008.0,783008.0,13138.0,5815.0,2026-09-22,0.02420537210347787,0,0,1,1,0,0,1,0.0,0.0,1.0242053721034778,1.0242053721034778,0.3072616116310433,932
found| hidden| secret| steal| egg| roblox,,,,,,,,,,1.0,379884.0,379884.0,7450.0,6992.0,2026-09-13,0.03801686830716745,0,0,1,1,0,0,1,0.0,0.0,1.0380168683071676,1.0380168683071676,0.3114050604921503,557
found| rarest| divine| pet| steal| egg| roblox,,,,,,,,,,1.0,338859.0,338859.0,5760.0,2523.0,2026-10-06,0.02444379520685595,0,0,1,1,0,0,1,0.0,0.0,1.024443795206856,1.024443795206856,0.30733313856205674,917
found| rarest| pet| max| speed| roblox| ride,,,,,,,,,,1.0,365617.0,365617.0,3147.0,162.0,2026-09-22,0.009050454437293671,0,0,1,1,0,0,0,0.0,0.0,1.0090504544372936,1.0090504544372936,0.3027151363311881,1721
found| scary| catnap| worm| minecraft| horror,,,,,,,,,,1.0,174525.0,174525.0,872.0,4.0,2026-09-15,0.005019338203695746,0,0,1,1,0,0,0,0.0,0.0,1.0050193382036958,1.0050193382036958,0.3015058014611087,2101
found| secret| divine| egg| area| steal| update,,,,,,,,,,1.0,522952.0,522952.0,7542.0,3682.0,2026-10-04,0.02146277287399226,0,0,1,1,0,0,1,0.0,0.0,1.0214627728739922,1.0214627728739922,0.30643883186219767,1033
found| secret| girls| island| minecraft,,,,,,,,,,1.0,121674.0,121674.0,2306.0,141.0,2026-09-15,0.020111116590232916,0,0,1,1,0,0,1,0.0,0.0,1.020111116590233,1.020111116590233,0.3060333349770699,1079
found| secret| underwater| city| minecraft,,,,,,,,,,1.0,686060.0,686060.0,7999.0,440.0,2026-10-04,0.012300673410488879,0,0,1,1,0,0,1,0.0,0.0,1.012300673410489,1.012300673410489,0.30369020202314667,1449
found| surprising| trio| roblox| rivals| audition,,,,,,,,,,1.0,432135.0,432135.0,7018.0,1381.0,2026-09-11,0.019436055862172702,0,0,1,1,0,0,1,0.0,0.0,1.0194360558621727,1.0194360558621727,0.3058308167586518,1109
found| villager| secret| base| minecraft,,,,,,,,,,1.0,1143187.0,1143187.0,13113.0,720.0,2026-09-13,0.012100382527093117,0,0,1,1,0,0,1,0.0,0.0,1.0121003825270931,1.0121003825270931,0.3036301147581279,1462
found| way| steal| any| egg| roblox,,,,,,,,,,1.0,714934.0,714934.0,11207.0,4773.0,2026-09-17,0.02235171358475048,0,0,1,1,0,0,1,0.0,0.0,1.0223517135847504,1.0223517135847504,0.3067055140754251,999
found| year| old| minecraft| world,,,,,,,,,,1.0,26419017.0,26419017.0,474295.0,15872.0,2026-09-26,0.018553566924916245,0,0,1,1,0,0,1,0.0,0.0,1.0185535669249162,1.0185535669249162,0.3055660700774748,1154
four| seasons| you,,,,,,,,,,1.0,295839.0,295839.0,3347.0,44.0,2026-09-15,0.011462315651418508,0,0,1,1,0,0,1,0.0,0.0,1.0114623156514184,1.0114623156514184,0.3034386946954255,1515
france |  explained |  students,1.0,1.0,47.0,63.0,2026-10-04 04:46:47,97.92876450444444,,,,,,,,,,,1,0,0,1,0,0,0,0.6111111111111112,0.0,0.0,0.6111111111111112,0.18333333333333335,2798
frankenstein |  monster |  terrorism,1.0,1.0,71.0,103.0,2026-10-08 05:53:53,0.8104311711111111,,,,,,,,,,,1,0,0,1,1,0,0,0.6111111111111112,0.0,0.0,0.6111111111111112,0.18333333333333335,2798
franklin| ask| question| answers| his| tuition| center| gta,,,,,,,,,,1.0,72467.0,72467.0,718.0,76.0,2026-09-30,0.010956711330674652,0,0,1,1,0,0,1,0.0,0.0,1.0109567113306746,1.0109567113306746,0.30328701339920233,1554
franklin| became| harry| potter| gta| telugu,,,,,,,,,,1.0,299560.0,299560.0,1691.0,175.0,2026-09-09,0.006229136066230471,0,0,1,1,0,0,0,0.0,0.0,1.0062291360662305,1.0062291360662305,0.30186874081986914,1949
franklin| became| mafia| boss| attacked| military| base| gta,,,,,,,,,,1.0,97547.0,97547.0,1297.0,57.0,2026-09-19,0.01388048837996043,0,0,1,1,0,0,1,0.0,0.0,1.0138804883799604,1.0138804883799604,0.3041641465139881,1360
franklin| became| mafia| boss| fought| duggan| entire| army,,,,,,,,,,1.0,149731.0,149731.0,1676.0,93.0,2026-09-16,0.011814520707134795,0,0,1,1,0,0,1,0.0,0.0,1.0118145207071347,1.0118145207071347,0.30354435621214043,1485
franklin| became| mafia| gang| fights| duggan| army| gta,,,,,,,,,,1.0,181978.0,181978.0,1720.0,84.0,2026-09-13,0.00991328622141138,0,0,1,1,0,0,0,0.0,0.0,1.0099132862214113,1.0099132862214113,0.3029739858664234,1641
franklin| became| police| officer| one| day| gta| malayalam,,,,,,,,,,1.0,45525.0,45525.0,407.0,37.0,2026-09-30,0.009752883031301483,0,0,1,1,0,0,0,0.0,0.0,1.0097528830313014,1.0097528830313014,0.3029258649093904,1655
franklin| became| prime| minister| los| santos| gta| dhanu,,,,,,,,,,1.0,129771.0,129771.0,1543.0,79.0,2026-10-03,0.012498940441238797,0,0,1,1,0,0,1,0.0,0.0,1.0124989404412388,1.0124989404412388,0.30374968213237163,1430
franklin| became| zombie| saved| his| family| gta| malayalam,,,,,,,,,,1.0,39201.0,39201.0,351.0,17.0,2026-09-28,0.009387515624601413,0,0,1,1,0,0,0,0.0,0.0,1.0093875156246015,1.0093875156246015,0.30281625468738044,1688
franklin| becomes| friends| lava| king| hell| gta,,,,,,,,,,1.0,890044.0,890044.0,11248.0,730.0,2026-09-24,0.013457761638750444,0,0,1,1,0,0,1,0.0,0.0,1.0134577616387503,1.0134577616387503,0.30403732849162507,1386
franklin| become| flash| indian| bike| driving,,,,,,,,,,1.0,134005.0,134005.0,2245.0,306.0,2026-09-14,0.019036603111824184,0,0,1,1,0,0,1,0.0,0.0,1.019036603111824,1.019036603111824,0.3057109809335472,1130
franklin| become| indian| hulkbuster| fight| titan| bike| driving,,,,,,,,,,1.0,134089.0,134089.0,685.0,4.0,2026-10-04,0.005138378241317334,0,0,1,1,0,0,0,0.0,0.0,1.0051383782413172,1.0051383782413172,0.30154151347239516,2083
franklin| become| poor| rich| man| indian| bike| driving,,,,,,,,,,1.0,172186.0,172186.0,2928.0,318.0,2026-09-26,0.018851706875123414,0,0,1,1,0,0,1,0.0,0.0,1.0188517068751235,1.0188517068751235,0.30565551206253705,1140
franklin| become| poor| rich| man| indian| theft| auto,,,,,,,,,,1.0,343829.0,343829.0,4503.0,385.0,2026-09-11,0.01421636918351855,0,0,1,1,0,0,1,0.0,0.0,1.0142163691835187,1.0142163691835187,0.3042649107550556,1341
franklin| become| shinchan| tries| save| gta,,,,,,,,,,1.0,77805.0,77805.0,1467.0,43.0,2026-09-22,0.01940749309170362,0,0,1,1,0,0,1,0.0,0.0,1.0194074930917036,1.0194074930917036,0.30582224792751106,1112
franklin| blue| gang| shinchan| red| two| ganeshas| fight,,,,,,,,,,1.0,156936.0,156936.0,1494.0,58.0,2026-09-20,0.009889381658765357,0,0,1,1,0,0,0,0.0,0.0,1.0098893816587653,1.0098893816587653,0.3029668144976296,1643
franklin| bought| his| millionaire| mansion| gta| shinchan| chop,,,,,,,,,,1.0,518860.0,518860.0,5449.0,355.0,2026-09-26,0.011186061750761284,0,0,1,1,0,0,1,0.0,0.0,1.0111860617507613,1.0111860617507613,0.30335581852522836,1537
franklin| bought| houseboat| escape| huge| tsunami| naddymog,,,,,,,,,,1.0,250357.0,250357.0,5870.0,68.0,2026-09-19,0.023718130509632247,0,0,1,1,0,0,1,0.0,0.0,1.0237181305096323,1.0237181305096323,0.3071154391528897,958
franklin| brings| royal| enfield| his| dealership| telugu,,,,,,,,,,1.0,211361.0,211361.0,3087.0,348.0,2026-09-18,0.016251815614044218,0,0,1,1,0,0,1,0.0,0.0,1.0162518156140443,1.0162518156140443,0.3048755446842133,1246
franklin| brought| biggest| army| destroy| tuggan| gta,,,,,,,,,,1.0,118197.0,118197.0,2807.0,58.0,2026-10-01,0.024239193888169752,0,0,1,1,0,0,1,0.0,0.0,1.0242391938881696,1.0242391938881696,0.30727175816645086,928
franklin| builds| his| ultimate| mafia| army| gta| shinchan,,,,,,,,,,1.0,239941.0,239941.0,3133.0,70.0,2026-09-11,0.013349114990768563,0,0,1,1,0,0,1,0.0,0.0,1.0133491149907685,1.0133491149907685,0.30400473449723053,1393
franklin| builds| secret| bunker| save| shinchan| serbian| dancing,,,,,,,,,,1.0,449659.0,449659.0,6464.0,229.0,2026-09-13,0.014884612561963622,0,0,1,1,0,0,1,0.0,0.0,1.0148846125619637,1.0148846125619637,0.3044653837685891,1308
franklin| built| biggest| workshop| los| santos| dhanu| dino,,,,,,,,,,1.0,86542.0,86542.0,1806.0,60.0,2026-09-22,0.02156178502923436,0,0,1,1,0,0,1,0.0,0.0,1.0215617850292344,1.0215617850292344,0.30646853550877035,1029
franklin| built| flying| house| save| shinchan| gta,,,,,,,,,,1.0,80800.0,80800.0,1084.0,71.0,2026-09-20,0.014294554455445545,0,0,1,1,0,0,1,0.0,0.0,1.0142945544554456,1.0142945544554456,0.30428836633663364,1334
franklin| buried| someone| gta| mods,,,,,,,,,,1.0,222196.0,222196.0,3726.0,261.0,2026-09-23,0.017943617346846928,0,0,1,1,0,0,1,0.0,0.0,1.017943617346847,1.017943617346847,0.3053830852040541,1171
franklin| celebrates| ganesh| chaturthi| indian| bike| driving,,,,,,,,,,1.0,67791.0,67791.0,420.0,13.0,2026-09-13,0.006387278547299789,0,0,1,1,0,0,0,0.0,0.0,1.0063872785472998,1.0063872785472998,0.3019161835641899,1929
franklin| changed| house| school| indian| bike| driving,,,,,,,,,,1.0,119074.0,119074.0,633.0,13.0,2026-09-20,0.0054251977761728,0,0,1,1,0,0,0,0.0,0.0,1.0054251977761728,1.0054251977761728,0.30162755933285185,2042
franklin| change| house| giant| hulk| tractor| indian| bike,,,,,,,,,,1.0,91737.0,91737.0,258.0,1.0,2026-09-21,0.0028232883133304993,0,0,1,1,0,0,0,0.0,0.0,1.0028232883133306,1.0028232883133306,0.30084698649399916,2500
franklin| chased| terrifying| monster| momo| los| santos| tamil,,,,,,,,,,1.0,87743.0,87743.0,1034.0,11.0,2026-10-04,0.011909781976909839,0,0,1,1,0,0,1,0.0,0.0,1.0119097819769098,1.0119097819769098,0.30357293459307294,1475
franklin| chithappu| build| wooden| boat| survive| hours| gta,,,,,,,,,,1.0,54699.0,54699.0,1101.0,199.0,2026-09-19,0.02376643083054535,0,0,1,1,0,0,1,0.0,0.0,1.0237664308305454,1.0237664308305454,0.3071299292491636,952
franklin| chithappu| celebrate| ganesha| chaturthi| friends| gta,,,,,,,,,,1.0,87557.0,87557.0,1280.0,195.0,2026-09-15,0.016846168781479494,0,0,1,1,0,0,1,0.0,0.0,1.0168461687814796,1.0168461687814796,0.30505385063444385,1219
franklin| climbs| ladder| escape| zombies| 100| days| zombie,,,,,,,,,,1.0,278348.0,278348.0,4949.0,837.0,2026-09-21,0.02078692859298432,0,0,1,1,0,0,1,0.0,0.0,1.0207869285929843,1.0207869285929843,0.30623607857789525,1054
franklin| collecting| rare| elemental| cars| gta,,,,,,,,,,1.0,138874.0,138874.0,3427.0,60.0,2026-09-25,0.025109091694629663,0,0,1,1,0,0,1,0.0,0.0,1.0251090916946297,1.0251090916946297,0.3075327275083889,894
franklin| collects| rare| golden| cars| gta| telugu,,,,,,,,,,1.0,333853.0,333853.0,4229.0,133.0,2026-09-27,0.013065630681767125,0,0,1,1,0,0,1,0.0,0.0,1.0130656306817671,1.0130656306817671,0.3039196892045301,1400
franklin| colourfull| hulk| indian| bikes| driving,,,,,,,,,,1.0,192372.0,192372.0,578.0,12.0,2026-09-10,0.003066974403759383,0,0,1,1,0,0,0,0.0,0.0,1.0030669744037595,1.0030669744037595,0.3009200923211278,2447
franklin| completed| his| modern| mansion| all| himself| gta,,,,,,,,,,1.0,280490.0,280490.0,7557.0,1124.0,2026-10-05,0.030949409961139436,0,0,1,1,0,0,1,0.0,0.0,1.0309494099611394,1.0309494099611394,0.3092848229883418,736
franklin| completed| his| modern| mansion| gta,,,,,,,,,,1.0,256904.0,256904.0,5014.0,849.0,2026-09-24,0.022821754429670226,0,0,1,1,0,0,1,0.0,0.0,1.0228217544296703,1.0228217544296703,0.3068465263289011,979
franklin| controls| spider| man| head| fights| colorful| hulks,,,,,,,,,,1.0,251101.0,251101.0,0.0,33.0,2026-10-04,0.00013142122094296718,0,0,1,1,0,0,0,0.0,0.0,1.000131421220943,1.000131421220943,0.30003942636628284,2742
franklin| destroyed| evil| sun| save| shinchan| gta,,,,,,,,,,1.0,125854.0,125854.0,1823.0,38.0,2026-09-23,0.014786975384175314,0,0,1,1,0,0,1,0.0,0.0,1.0147869753841754,1.0147869753841754,0.3044360926152526,1315
franklin| discovers| portal| naruto| leaf| village| gta| malayalam,,,,,,,,,,1.0,58146.0,58146.0,675.0,46.0,2026-09-19,0.012399821139889244,0,0,1,1,0,0,1,0.0,0.0,1.0123998211398892,1.0123998211398892,0.30371994634196675,1440
franklin| enter| ice| female| titan| head| fight| lava,,,,,,,,,,1.0,320668.0,320668.0,0.0,18.0,2026-09-27,5.613282273254581e-05,0,0,1,1,0,0,0,0.0,0.0,1.0000561328227326,1.0000561328227326,0.30001683984681976,2767
franklin| escaped| rising| tsunami| los| santos| gta| mods,,,,,,,,,,1.0,434907.0,434907.0,7260.0,305.0,2026-09-19,0.01739452342684758,0,0,1,1,0,0,1,0.0,0.0,1.0173945234268476,1.0173945234268476,0.3052183570280543,1194
franklin| escaping| rising| flood| los| santos| gta,,,,,,,,,,1.0,266799.0,266799.0,3754.0,246.0,2026-10-01,0.014992559942128718,0,0,1,1,0,0,1,0.0,0.0,1.0149925599421288,1.0149925599421288,0.3044977679826386,1302
franklin| escaping| rising| flood| los| santos| gta| mods,,,,,,,,,,1.0,473756.0,473756.0,6572.0,405.0,2026-09-12,0.014726990265030944,0,0,1,1,0,0,1,0.0,0.0,1.0147269902650309,1.0147269902650309,0.30441809707950923,1316
franklin| fights| hell| monster| lava| king| gta| shinchan,,,,,,,,,,1.0,673286.0,673286.0,9022.0,810.0,2026-09-20,0.01460300674601878,0,0,1,1,0,0,1,0.0,0.0,1.0146030067460188,1.0146030067460188,0.30438090202380563,1322
franklin| fight| longest| car| ever| gta| mods,,,,,,,,,,1.0,377545.0,377545.0,6365.0,391.0,2026-09-17,0.017894555615886848,0,0,1,1,0,0,1,0.0,0.0,1.017894555615887,1.017894555615887,0.3053683666847661,1172
franklin| find| squid| doll| babies| horror| tung| sahur,,,,,,,,,,1.0,97205.0,97205.0,298.0,7.0,2026-09-11,0.0031376986780515407,0,0,1,1,0,0,0,0.0,0.0,1.0031376986780516,1.0031376986780516,0.3009413096034155,2429
franklin| finished| most| impossible| maze| los| santos| gta,,,,,,,,,,1.0,202399.0,202399.0,3515.0,282.0,2026-09-26,0.018759974110544024,0,0,1,1,0,0,1,0.0,0.0,1.018759974110544,1.018759974110544,0.30562799223316317,1146
franklin| found| abandoned| bmw| supercars| gta| shinchan| chop,,,,,,,,,,1.0,392197.0,392197.0,5287.0,315.0,2026-09-10,0.014283638069643572,0,0,1,1,0,0,1,0.0,0.0,1.0142836380696436,1.0142836380696436,0.30428509142089305,1335
franklin| found| biggest| megalodon| save| los| santos| gta,,,,,,,,,,1.0,303681.0,303681.0,2080.0,120.0,2026-09-20,0.007244444005387232,0,0,1,1,0,0,0,0.0,0.0,1.0072444440053872,1.0072444440053872,0.30217333320161616,1856
franklin| found| fastest| supercar| 100| days| zombie| apocalypse,,,,,,,,,,1.0,249924.0,249924.0,6644.0,369.0,2026-09-28,0.028060530401241977,0,0,1,1,0,0,1,0.0,0.0,1.028060530401242,1.028060530401242,0.30841815912037257,813
franklin| found| giant| colourful| spiderman| bike| attacked| zombie,,,,,,,,,,1.0,411087.0,411087.0,1170.0,14.0,2026-09-08,0.0028801689180149212,0,0,1,1,0,0,0,0.0,0.0,1.002880168918015,1.002880168918015,0.30086405067540445,2488
franklin| found| giant| motu| gta,,,,,,,,,,1.0,149589.0,149589.0,519.0,3.0,2026-09-25,0.0034895613982311533,0,0,1,1,0,0,0,0.0,0.0,1.003489561398231,1.003489561398231,0.3010468684194693,2366
franklin| found| giant| rgb| defender| indian| theft| auto,,,,,,,,,,1.0,328005.0,328005.0,1313.0,21.0,2026-09-28,0.004067011173610158,0,0,1,1,0,0,0,0.0,0.0,1.00406701117361,1.00406701117361,0.301220103352083,2262
franklin| found| gold| inside| his| wall| gta,,,,,,,,,,1.0,179422.0,179422.0,2423.0,118.0,2026-09-25,0.014162142881029082,0,0,1,1,0,0,1,0.0,0.0,1.014162142881029,1.014162142881029,0.3042486428643087,1343
franklin| found| his| twin| brother| duggan| boss| army,,,,,,,,,,1.0,180029.0,180029.0,3109.0,124.0,2026-09-23,0.017958217842680903,0,0,1,1,0,0,1,0.0,0.0,1.017958217842681,1.017958217842681,0.30538746535280425,1170
franklin| found| longest| road| spiderhulk| flashhulk| deadpool| hulk,,,,,,,,,,1.0,242423.0,242423.0,612.0,19.0,2026-09-23,0.0026028883398027413,0,0,1,1,0,0,0,0.0,0.0,1.0026028883398028,1.0026028883398028,0.30078086650194086,2539
franklin| found| mystery| secret| door| indian| bike| driving,,,,,,,,,,1.0,118086.0,118086.0,1975.0,262.0,2026-10-05,0.018943820605321546,0,0,1,1,0,0,1,0.0,0.0,1.0189438206053216,1.0189438206053216,0.3056831461815965,1133
franklin| found| secret| compound| inside| his| house| gta,,,,,,,,,,1.0,466378.0,466378.0,5243.0,315.0,2026-09-14,0.011917371745665532,0,0,1,1,0,0,1,0.0,0.0,1.0119173717456655,1.0119173717456655,0.30357521152369965,1474
franklin| found| tung| sahur| gta,,,,,,,,,,1.0,147648.0,147648.0,2040.0,79.0,2026-09-18,0.014351701343736454,0,0,1,1,0,0,1,0.0,0.0,1.0143517013437364,1.0143517013437364,0.3043055104031209,1333
franklin| found| zombie| head| swimming| pool| indian| bike,,,,,,,,,,1.0,112166.0,112166.0,0.0,12.0,2026-10-05,0.00010698429113991763,0,0,1,1,0,0,0,0.0,0.0,1.0001069842911399,1.0001069842911399,0.3000320952873419,2750
franklin| going| flipped| indain| bike| driving| city| gta,,,,,,,,,,1.0,153147.0,153147.0,697.0,16.0,2026-09-12,0.0046556576361273805,0,0,1,1,0,0,0,0.0,0.0,1.0046556576361274,1.0046556576361274,0.30139669729083823,2155
franklin| got| arrested| los| santos| army| gta,,,,,,,,,,1.0,411327.0,411327.0,5653.0,202.0,2026-10-01,0.014234416899449829,0,0,1,1,0,0,1,0.0,0.0,1.01423441689945,1.01423441689945,0.304270325069835,1340
franklin| got| attacked| dangerous| honey| bee| most| sad,,,,,,,,,,1.0,175550.0,175550.0,1141.0,59.0,2026-10-04,0.006835659356308744,0,0,1,1,0,0,0,0.0,0.0,1.0068356593563088,1.0068356593563088,0.30205069780689264,1885
franklin| got| hunted| cursed| gold| train| most| shocking,,,,,,,,,,1.0,63662.0,63662.0,384.0,18.0,2026-09-11,0.006314598975841161,0,0,1,1,0,0,0,0.0,0.0,1.006314598975841,1.006314598975841,0.3018943796927523,1939
franklin| grann| kamla| squid| doll| evil| house| indian,,,,,,,,,,1.0,125772.0,125772.0,494.0,7.0,2026-09-23,0.003983398530674554,0,0,1,1,0,0,0,0.0,0.0,1.0039833985306745,1.0039833985306745,0.30119501955920236,2275
franklin| has| girlfriend| while| shinchan| family| leaves| him,,,,,,,,,,1.0,95194.0,95194.0,2268.0,93.0,2026-09-16,0.024801983318276363,0,0,1,1,0,0,1,0.0,0.0,1.0248019833182764,1.0248019833182764,0.30744059499548293,906
franklin| house| destroyed| giant| gta| shinchan| chop,,,,,,,,,,1.0,490034.0,490034.0,4979.0,296.0,2026-10-05,0.010764559193851855,0,0,1,1,0,0,0,0.0,0.0,1.0107645591938519,1.0107645591938519,0.30322936775815557,1569
franklin| house| got| raided| yellow| gang| gta| telugu,,,,,,,,,,1.0,110902.0,110902.0,1103.0,41.0,2026-09-10,0.010315413608411029,0,0,1,1,0,0,0,0.0,0.0,1.010315413608411,1.010315413608411,0.30309462408252325,1603
franklin| house| turned| into| frooti| indian| theft| auto,,,,,,,,,,1.0,113297.0,113297.0,459.0,0.0,2026-09-13,0.004051298798732535,0,0,1,1,0,0,0,0.0,0.0,1.0040512987987325,1.0040512987987325,0.30121538963961975,2267
franklin| jails| all| cartoon| characters| indian| bike| driving,,,,,,,,,,1.0,78284.0,78284.0,220.0,2.0,2026-09-12,0.002835828521792448,0,0,1,1,0,0,0,0.0,0.0,1.0028358285217924,1.0028358285217924,0.3008507485565377,2493
franklin| kitcat| house| indian| theft| auto| simulator,,,,,,,,,,1.0,251966.0,251966.0,725.0,5.0,2026-09-23,0.0028972162910868926,0,0,1,1,0,0,0,0.0,0.0,1.002897216291087,1.002897216291087,0.30086916488732607,2486
franklin| made| animal| army| fight| gangs| gta| mods,,,,,,,,,,1.0,368765.0,368765.0,5093.0,335.0,2026-09-16,0.01471940124469513,0,0,1,1,0,0,1,0.0,0.0,1.0147194012446952,1.0147194012446952,0.30441582037340853,1318
franklin| mafia| boss| fights| duggan| army| gta| shinchan,,,,,,,,,,1.0,1293311.0,1293311.0,12128.0,627.0,2026-09-11,0.009862283704383554,0,0,1,1,0,0,0,0.0,0.0,1.0098622837043836,1.0098622837043836,0.3029586851113151,1647
franklin| mafia| boss| fights| los| santos| army| gta,,,,,,,,,,1.0,941694.0,941694.0,10320.0,465.0,2026-09-18,0.011452764910894623,0,0,1,1,0,0,1,0.0,0.0,1.0114527649108946,1.0114527649108946,0.30343582947326836,1517
franklin| mafia| boss| trapped| duggan| his| twin| brother,,,,,,,,,,1.0,773565.0,773565.0,9885.0,575.0,2026-09-22,0.013521811353926303,0,0,1,1,0,0,1,0.0,0.0,1.0135218113539264,1.0135218113539264,0.3040565434061779,1383
franklin| mafia| boss| went| inside| duggan| house| gta,,,,,,,,,,1.0,526671.0,526671.0,7167.0,335.0,2026-09-30,0.014244186598464697,0,0,1,1,0,0,1,0.0,0.0,1.0142441865984646,1.0142441865984646,0.30427325597953936,1339
franklin| mafia| found| duggan| secret| brother| gta| shinchan,,,,,,,,,,1.0,567344.0,567344.0,7675.0,502.0,2026-10-04,0.014412772497814377,0,0,1,1,0,0,1,0.0,0.0,1.0144127724978145,1.0144127724978145,0.30432383174934435,1329
franklin| mafia| joins| families| gang| fight| duggan| army,,,,,,,,,,1.0,752787.0,752787.0,9012.0,474.0,2026-09-27,0.012601174037277478,0,0,1,1,0,0,1,0.0,0.0,1.0126011740372776,1.0126011740372776,0.30378035221118327,1423
franklin| mafia| los| santos| gta| shinchan| chop,,,,,,,,,,1.0,627488.0,627488.0,7728.0,428.0,2026-09-06,0.012997858126370544,0,0,1,1,0,0,1,0.0,0.0,1.0129978581263706,1.0129978581263706,0.30389935743791113,1405
franklin| mafia| meets| his| biggest| enemy| duggan| gta,,,,,,,,,,1.0,1128664.0,1128664.0,12264.0,896.0,2026-09-15,0.011659803094632238,0,0,1,1,0,0,1,0.0,0.0,1.0116598030946322,1.0116598030946322,0.30349794092838966,1493
franklin| mafia| trapped| duggan| crime| family| gta| shinchan,,,,,,,,,,1.0,698111.0,698111.0,8646.0,470.0,2026-10-06,0.013058095345869066,0,0,1,1,0,0,1,0.0,0.0,1.013058095345869,1.013058095345869,0.3039174286037607,1401
franklin| opened| abandoned| containers| found| rare| police| cars,,,,,,,,,,1.0,235093.0,235093.0,4373.0,213.0,2026-09-10,0.0195071737567686,0,0,1,1,0,0,1,0.0,0.0,1.0195071737567687,1.0195071737567687,0.3058521521270306,1105
franklin| opened| his| own| car| dealership| gta| telugu,,,,,,,,,,1.0,100870.0,100870.0,1184.0,81.0,2026-10-07,0.012540894220283533,0,0,1,1,0,0,1,0.0,0.0,1.0125408942202836,1.0125408942202836,0.30376226826608504,1428
franklin| opens| every| mystery| container| gta,,,,,,,,,,1.0,380111.0,380111.0,2565.0,25.0,2026-09-13,0.006813799127097085,0,0,1,1,0,0,0,0.0,0.0,1.0068137991270971,1.0068137991270971,0.3020441397381291,1888
franklin| playing| every| superhero| using| magical| watch| gta,,,,,,,,,,1.0,249255.0,249255.0,3224.0,29.0,2026-10-06,0.013050891657138273,0,0,1,1,0,0,1,0.0,0.0,1.0130508916571384,1.0130508916571384,0.3039152674971415,1402
franklin| play| hide| kill| all| colorful| hulks| indian,,,,,,,,,,1.0,590578.0,590578.0,2048.0,25.0,2026-09-30,0.003510120593723437,0,0,1,1,0,0,0,0.0,0.0,1.0035101205937234,1.0035101205937234,0.301053036178117,2360
franklin| play| long| slide| game| red| evil| indian,,,,,,,,,,1.0,138416.0,138416.0,0.0,17.0,2026-09-29,0.00012281817130967517,0,0,1,1,0,0,0,0.0,0.0,1.0001228181713098,1.0001228181713098,0.3000368454513929,2744
franklin| rescues| shinchan| kamala| ghost| school| gta| bangla,,,,,,,,,,1.0,465922.0,465922.0,3412.0,70.0,2026-09-21,0.0074733539090233985,0,0,1,1,0,0,0,0.0,0.0,1.0074733539090235,1.0074733539090235,0.302242006172707,1831
franklin| saved| shinchan| his| friends| scary| teacher| gta,,,,,,,,,,1.0,293312.0,293312.0,2458.0,64.0,2026-09-24,0.008598352607462362,0,0,1,1,0,0,0,0.0,0.0,1.0085983526074624,1.0085983526074624,0.30257950578223874,1750
franklin| saves| his| family| zombie| apocalypse| gta| malayalam,,,,,,,,,,1.0,60005.0,60005.0,486.0,33.0,2026-09-24,0.008649279226731105,0,0,1,1,0,0,0,0.0,0.0,1.0086492792267312,1.0086492792267312,0.30259478376801935,1747
franklin| save| found| dead| pool| baby| indian| bike,,,,,,,,,,1.0,263277.0,263277.0,0.0,7.0,2026-09-10,2.6587966286458747e-05,0,0,1,1,0,0,0,0.0,0.0,1.0000265879662864,1.0000265879662864,0.3000079763898859,2779
franklin| save| four| hulk| verity| monster| indian| bike,,,,,,,,,,1.0,156417.0,156417.0,645.0,12.0,2026-09-27,0.0042003107079153805,0,0,1,1,0,0,0,0.0,0.0,1.0042003107079154,1.0042003107079154,0.3012600932123746,2247
franklin| save| spider| hulk| change| his| house| indian,,,,,,,,,,1.0,105225.0,105225.0,0.0,2.0,2026-10-01,1.900688999762414e-05,0,0,1,1,0,0,0,0.0,0.0,1.0000190068899977,1.0000190068899977,0.3000057020669993,2781
franklin| save| superheroes| cap| hulk| iron| joker| indian,,,,,,,,,,1.0,365963.0,365963.0,1058.0,11.0,2026-10-06,0.002921060325770638,0,0,1,1,0,0,0,0.0,0.0,1.0029210603257706,1.0029210603257706,0.30087631809773113,2482
franklin| saving| his| spider| hulk| team| flash| indian,,,,,,,,,,1.0,242817.0,242817.0,0.0,13.0,2026-09-22,5.353826132437185e-05,0,0,1,1,0,0,0,0.0,0.0,1.0000535382613245,1.0000535382613245,0.3000160614783973,2768
franklin| secured| his| house| save| shinchan| granny| gta,,,,,,,,,,2.0,177053.5,354107.0,1120.5,20.0,2026-09-23,0.006441555800930227,0,0,1,1,0,0,0,0.0,0.0,2.0064415558009303,2.0064415558009303,0.6019324667402791,121
franklin| shinchan| become| biggest| golden| trillionaire| gta,,,,,,,,,,1.0,53781.0,53781.0,1335.0,48.0,2026-10-03,0.025715401349919117,0,0,1,1,0,0,1,0.0,0.0,1.025715401349919,1.025715401349919,0.3077146204049757,878
franklin| shinchan| big| plan| gone| wrong| ganesh| 2026,,,,,,,,,,1.0,55712.0,55712.0,646.0,28.0,2026-09-10,0.012097932222860425,0,0,1,1,0,0,1,0.0,0.0,1.0120979322228605,1.0120979322228605,0.30362937966685816,1463
franklin| shinchan| bring| pink| bikes| green| cars| moon,,,,,,,,,,1.0,76713.0,76713.0,827.0,45.0,2026-10-07,0.011367043395513147,0,0,1,1,0,0,1,0.0,0.0,1.011367043395513,1.011367043395513,0.3034101130186539,1524
franklin| shinchan| built| 000| biggest| river| mansion| gta,,,,,,,,,,1.0,131613.0,131613.0,1363.0,46.0,2026-09-26,0.01070562938311565,0,0,1,1,0,0,0,0.0,0.0,1.0107056293831156,1.0107056293831156,0.30321168881493465,1576
franklin| shinchan| built| secret| bunker| escape| serbian| dancing,,,,,,,,,,1.0,112393.0,112393.0,2686.0,52.0,2026-09-25,0.02436094774585606,0,0,1,1,0,0,1,0.0,0.0,1.024360947745856,1.024360947745856,0.3073082843237568,922
franklin| shinchan| celebrates| vinayagar| chathurthi| world| biggest| ganesh,,,,,,,,,,1.0,299648.0,299648.0,4967.0,126.0,2026-09-13,0.016996609354976506,0,0,1,1,0,0,1,0.0,0.0,1.0169966093549765,1.0169966093549765,0.30509898280649295,1208
franklin| shinchan| celebrating| ganesh| visarjan| gta,,,,,,,,,,1.0,177105.0,177105.0,1674.0,56.0,2026-09-23,0.009768216594675475,0,0,1,1,0,0,0,0.0,0.0,1.0097682165946755,1.0097682165946755,0.30293046497840265,1654
franklin| shinchan| chop| got| lost| time| gta| mods,,,,,,,,,,1.0,102774.0,102774.0,708.0,90.0,2026-10-01,0.007764609726195341,0,0,1,1,0,0,0,0.0,0.0,1.0077646097261954,1.0077646097261954,0.3023293829178586,1812
franklin| shinchan| controls| entire| indian| bike| driving| city,,,,,,,,,,1.0,133712.0,133712.0,984.0,15.0,2026-09-27,0.007471281560368553,0,0,1,1,0,0,0,0.0,0.0,1.0074712815603686,1.0074712815603686,0.30224138446811055,1832
franklin| shinchan| driving| tata| signa| truck| container| start,,,,,,,,,,1.0,124610.0,124610.0,794.0,10.0,2026-09-06,0.0064521306476205765,0,0,1,1,0,0,0,0.0,0.0,1.0064521306476206,1.0064521306476206,0.3019356391942862,1922
franklin| shinchan| escape| evil| serbian| dancing| lady| ganesha,,,,,,,,,,1.0,304935.0,304935.0,0.0,118.0,2026-09-12,0.0003869677144309443,0,0,1,1,0,0,0,0.0,0.0,1.000386967714431,1.000386967714431,0.3001160903143293,2720
franklin| shinchan| escape| serbian| dancing| lady| gta| tamil,,,,,,,,,,1.0,284095.0,284095.0,11428.0,475.0,2026-09-28,0.04189795666942396,0,0,1,1,0,0,1,0.0,0.0,1.041897956669424,1.041897956669424,0.3125693870008272,476
franklin| shinchan| find| pennywise| inside| their| house| gta,,,,,,,,,,1.0,603761.0,603761.0,5926.0,204.0,2026-09-17,0.01015302412709665,0,0,1,1,0,0,0,0.0,0.0,1.0101530241270966,1.0101530241270966,0.30304590723812896,1617
franklin| shinchan| first| experience| biggest| luxurious| cruise| ship,,,,,,,,,,1.0,51767.0,51767.0,964.0,46.0,2026-10-04,0.019510498966523074,0,0,1,1,0,0,1,0.0,0.0,1.0195104989665231,1.0195104989665231,0.3058531496899569,1104
franklin| shinchan| followed| giant| footprints| indian| theft| auto,,,,,,,,,,1.0,209607.0,209607.0,0.0,11.0,2026-10-04,5.247916338671895e-05,0,0,1,1,0,0,0,0.0,0.0,1.0000524791633867,1.0000524791633867,0.300015743749016,2769
franklin| shinchan| found| biggest| giant| tiger| gta| dhanu,,,,,,,,,,1.0,153831.0,153831.0,1146.0,66.0,2026-10-04,0.007878776059441855,0,0,1,1,0,0,0,0.0,0.0,1.0078787760594419,1.0078787760594419,0.3023636328178326,1805
franklin| shinchan| found| chop| puppies| inside| his| secret,,,,,,,,,,1.0,79525.0,79525.0,1640.0,53.0,2026-09-09,0.021288902860735617,0,0,1,1,0,0,1,0.0,0.0,1.0212889028607357,1.0212889028607357,0.3063866708582207,1039
franklin| shinchan| found| chop| secret| marriage| his| puppies,,,,,,,,,,1.0,222560.0,222560.0,0.0,57.0,2026-09-14,0.00025611071171818833,0,0,1,1,0,0,0,0.0,0.0,1.0002561107117183,1.0002561107117183,0.30007683321351547,2723
franklin| shinchan| found| creepy| green| choo| charles| gta,,,,,,,,,,1.0,144990.0,144990.0,1741.0,80.0,2026-10-02,0.012559486861162839,0,0,1,1,0,0,1,0.0,0.0,1.012559486861163,1.012559486861163,0.3037678460583489,1426
franklin| shinchan| found| dinosaur| eggs| rex| attacks| city,,,,,,,,,,1.0,53534.0,53534.0,422.0,27.0,2026-09-12,0.008387193185639033,0,0,1,1,0,0,0,0.0,0.0,1.008387193185639,1.008387193185639,0.3025161579556917,1772
franklin| shinchan| found| hidden| secret| base| inside| house,,,,,,,,,,1.0,46937.0,46937.0,581.0,27.0,2026-10-07,0.012953533459743913,0,0,1,1,0,0,1,0.0,0.0,1.012953533459744,1.012953533459744,0.3038860600379232,1408
franklin| shinchan| found| his| mom| gta,,,,,,,,,,1.0,104850.0,104850.0,3741.0,165.0,2026-09-15,0.03725321888412017,0,0,1,1,0,0,1,0.0,0.0,1.0372532188841201,1.0372532188841201,0.31117596566523603,578
franklin| shinchan| found| scary| granny| feared| gta,,,,,,,,,,1.0,95616.0,95616.0,3104.0,134.0,2026-10-01,0.03386462516733601,0,0,1,1,0,0,1,0.0,0.0,1.033864625167336,1.033864625167336,0.3101593875502008,658
franklin| shinchan| found| street| dogs| secret| drainage| saved,,,,,,,,,,1.0,51723.0,51723.0,309.0,18.0,2026-09-30,0.006322139087059915,0,0,1,1,0,0,0,0.0,0.0,1.0063221390870598,1.0063221390870598,0.3018966417261179,1938
franklin| shinchan| going| ganesha| temple| avengers| gta| special,,,,,,,,,,1.0,304279.0,304279.0,2397.0,77.0,2026-09-25,0.008130695841645332,0,0,1,1,0,0,0,0.0,0.0,1.0081306958416454,1.0081306958416454,0.3024392087524936,1791
franklin| shinchan| got| fear| after| entering| kamla| madam,,,,,,,,,,1.0,157098.0,157098.0,1223.0,80.0,2026-10-06,0.008294185794854168,0,0,1,1,0,0,0,0.0,0.0,1.0082941857948542,1.0082941857948542,0.3024882557384562,1779
franklin| shinchan| his| friends| luxury| bus| picnic| trip,,,,,,,,,,1.0,283460.0,283460.0,2102.0,60.0,2026-09-05,0.007627178437874833,0,0,1,1,0,0,0,0.0,0.0,1.0076271784378747,1.0076271784378747,0.3022881535313624,1819
franklin| shinchan| joined| indian| bike| driving| city| los,,,,,,,,,,1.0,131020.0,131020.0,614.0,11.0,2026-09-30,0.004770264081819569,0,0,1,1,0,0,0,0.0,0.0,1.0047702640818195,1.0047702640818195,0.3014310792245458,2141
franklin| shinchan| open| golden| railway| station| car| showroom,,,,,,,,,,1.0,89387.0,89387.0,379.0,9.0,2026-10-02,0.004340675937216821,0,0,1,1,0,0,0,0.0,0.0,1.0043406759372169,1.0043406759372169,0.30130220278116504,2221
franklin| shinchan| playing| hide| seek| little| ganesha| gta,,,,,,,,,,1.0,128833.0,128833.0,2851.0,84.0,2026-09-12,0.02278143022362283,0,0,1,1,0,0,1,0.0,0.0,1.022781430223623,1.022781430223623,0.30683442906708686,982
franklin| shinchan| playing| spiderman| hide| seek| gta,,,,,,,,,,1.0,116459.0,116459.0,1238.0,20.0,2026-09-06,0.01080208485389708,0,0,1,1,0,0,0,0.0,0.0,1.010802084853897,1.010802084853897,0.3032406254561691,1565
franklin| shinchan| surviving| lava| tsunami| gta,,,,,,,,,,1.0,275953.0,275953.0,7800.0,179.0,2026-10-03,0.028914344109322965,0,0,1,1,0,0,1,0.0,0.0,1.028914344109323,1.028914344109323,0.3086743032327969,778
franklin| shinchan| trapped| haunted| house| kamla| ghost| tamil,,,,,,,,,,1.0,92003.0,92003.0,1665.0,104.0,2026-10-03,0.019227633881503864,0,0,1,1,0,0,1,0.0,0.0,1.0192276338815038,1.0192276338815038,0.3057682901644511,1123
franklin| shinchan| turned| their| house| into| 7up| gta,,,,,,,,,,1.0,72553.0,72553.0,1676.0,99.0,2026-09-13,0.024464873954212783,0,0,1,1,0,0,1,0.0,0.0,1.0244648739542128,1.0244648739542128,0.30733946218626385,916
franklin| shinchan| turned| their| house| into| mirinda| gta,,,,,,,,,,1.0,49835.0,49835.0,1004.0,42.0,2026-09-12,0.0209892645730912,0,0,1,1,0,0,1,0.0,0.0,1.0209892645730911,1.0209892645730911,0.30629677937192734,1045
franklin| shin| chan| found| secret| mystery| containers| gta,,,,,,,,,,1.0,34381.0,34381.0,0.0,5.0,2026-09-26,0.00014542916145545505,0,0,1,1,0,0,0,0.0,0.0,1.0001454291614555,1.0001454291614555,0.30004362874843665,2736
franklin| started| tuition| classes| gta,,,,,,,,,,1.0,50154.0,50154.0,0.0,10.0,2026-09-17,0.00019938589145432068,0,0,1,1,0,0,0,0.0,0.0,1.0001993858914544,1.0001993858914544,0.3000598157674363,2728
franklin| survives| zombie| apocalypse| giant| monster| gta,,,,,,,,,,1.0,125145.0,125145.0,979.0,38.0,2026-09-29,0.008126573175116865,0,0,1,1,0,0,0,0.0,0.0,1.0081265731751168,1.0081265731751168,0.302437971952535,1792
franklin| testing| cars| giant| speed| bumps| gta| mods,,,,,,,,,,1.0,262634.0,262634.0,5264.0,279.0,2026-09-15,0.021105416663493682,0,0,1,1,0,0,1,0.0,0.0,1.0211054166634936,1.0211054166634936,0.3063316249990481,1042
franklin| three| colourful| lady| head| indian| bike| driving,,,,,,,,,,1.0,72035.0,72035.0,272.0,9.0,2026-09-12,0.0039008815159297565,0,0,1,1,0,0,0,0.0,0.0,1.0039008815159298,1.0039008815159298,0.30117026445477896,2291
franklin| touch| anything| becomes| diamond| gold| gta| bangla,,,,,,,,,,1.0,132963.0,132963.0,0.0,18.0,2026-09-17,0.00013537600685905102,0,0,1,1,0,0,0,0.0,0.0,1.000135376006859,1.000135376006859,0.3000406128020577,2739
franklin| trapped| inside| swat| secret| prison| gta| shinchan,,,,,,,,,,1.0,486015.0,486015.0,5776.0,344.0,2026-10-02,0.012592203944322707,0,0,1,1,0,0,1,0.0,0.0,1.0125922039443227,1.0125922039443227,0.3037776611832968,1424
franklin| trapped| zombies| 100| days| zombie| apocalypse| survival,,,,,,,,,,1.0,354848.0,354848.0,5390.0,404.0,2026-09-14,0.016328117954729913,0,0,1,1,0,0,1,0.0,0.0,1.0163281179547299,1.0163281179547299,0.304898435386419,1244
franklin| trevor| surrendered| their| mafia| base| duggan| boss,,,,,,,,,,1.0,63252.0,63252.0,2394.0,79.0,2026-10-07,0.03909757794219946,0,0,1,1,0,0,1,0.0,0.0,1.0390975779421994,1.0390975779421994,0.3117292733826598,525
franklin| tried| join| green| gang| gta,,,,,,,,,,1.0,263634.0,263634.0,4761.0,494.0,2026-09-29,0.019932937329782956,0,0,1,1,0,0,1,0.0,0.0,1.019932937329783,1.019932937329783,0.3059798811989349,1092
franklin| tried| learn| kung| gta| mods,,,,,,,,,,1.0,267157.0,267157.0,5883.0,347.0,2026-09-11,0.023319621046800198,0,0,1,1,0,0,1,0.0,0.0,1.0233196210468003,1.0233196210468003,0.30699588631404007,970
franklin| tried| steal| flying| house| gta| mods,,,,,,,,,,1.0,266795.0,266795.0,5822.0,367.0,2026-09-22,0.023197586161659702,0,0,1,1,0,0,1,0.0,0.0,1.0231975861616598,1.0231975861616598,0.3069592758484979,973
franklin| turned| his| home| into| tiny| city| indian,,,,,,,,,,1.0,193514.0,193514.0,1040.0,31.0,2026-09-14,0.0055344832931984245,0,0,1,1,0,0,0,0.0,0.0,1.0055344832931985,1.0055344832931985,0.3016603449879595,2028
franklin| turned| his| house| into| air| force| base,,,,,,,,,,1.0,107314.0,107314.0,1997.0,44.0,2026-09-30,0.019018953724583933,0,0,1,1,0,0,1,0.0,0.0,1.019018953724584,1.019018953724584,0.3057056861173752,1131
franklin| turns| into| werewolf| shinchan| tries| save| him,,,,,,,,,,1.0,41451.0,41451.0,318.0,22.0,2026-10-07,0.008202455911799474,0,0,1,1,0,0,0,0.0,0.0,1.0082024559117995,1.0082024559117995,0.30246073677353985,1785
franklin| twin| brother| join| mafia| gang| fight| duggan,,,,,,,,,,1.0,135392.0,135392.0,1395.0,44.0,2026-09-28,0.010628397541952257,0,0,1,1,0,0,0,0.0,0.0,1.0106283975419523,1.0106283975419523,0.30318851926258567,1581
franklin| upgraded| his| gym| vip| gta| telugu,,,,,,,,,,1.0,109100.0,109100.0,1552.0,900.0,2026-09-22,0.022474793767186068,0,0,1,1,0,0,1,0.0,0.0,1.022474793767186,1.022474793767186,0.30674243813015584,995
franklin| upgrades| his| house| into| millionaire| mansion| gta,,,,,,,,,,1.0,143587.0,143587.0,1578.0,97.0,2026-10-02,0.011665401463920828,0,0,1,1,0,0,1,0.0,0.0,1.0116654014639208,1.0116654014639208,0.3034996204391762,1492
franklin| upgrade| his| house| mansion,,,,,,,,,,1.0,148464.0,148464.0,5026.0,108.0,2026-10-03,0.03458077379027912,0,0,1,1,0,0,1,0.0,0.0,1.034580773790279,1.034580773790279,0.3103742321370837,638
franklin| writng| hardest| school| test| gta,,,,,,,,,,1.0,43027.0,43027.0,0.0,22.0,2026-10-07,0.0005113068538359634,0,0,1,1,0,0,0,0.0,0.0,1.000511306853836,1.000511306853836,0.3001533920561508,2718
free| bundle| halloween| event| rewards| para| samsung| a10,,,,,,,,,,1.0,307391.0,307391.0,14174.0,1160.0,2026-09-22,0.049884349249002084,0,0,1,1,0,0,1,0.0,0.0,1.049884349249002,1.049884349249002,0.3149653047747006,385
free| fire| custom| challenge| bandhan| babonvlogs,,,,,,,,,,1.0,615990.0,615990.0,6156.0,665.0,2026-10-04,0.011073231708306952,0,0,1,1,0,0,1,0.0,0.0,1.0110732317083069,1.0110732317083069,0.3033219695124921,1545
free| fire| india| coming| soon| shorts| live| freefire,,,,,,,,,,1.0,595184.0,595184.0,8409.0,5.0,2026-10-04,0.014136804752815936,0,0,1,1,0,0,1,0.0,0.0,1.0141368047528159,1.0141368047528159,0.30424104142584474,1344
free| fire| live| 1v1| guild| test| team| code,,,,,,,,,,1.0,1033040.0,1033040.0,8658.0,0.0,2026-09-15,0.0083810888252149,0,0,1,1,0,0,0,0.0,0.0,1.008381088825215,1.008381088825215,0.30251432664756445,1773
free| fire| live| daku| freefirelive| shorts,,,,,,,,,,5.0,860618.4,4303092.0,5438.6,0.0,2026-09-17,0.006319409392130124,0,0,1,1,0,0,0,0.0,0.0,5.00631940939213,5.00631940939213,1.5018958228176391,49
free| fire| live| grand| finals| 2026| champion| rush,,,,,,,,,,1.0,378818.0,378818.0,12644.0,43.0,2026-09-27,0.03349101679434451,0,0,1,1,0,0,1,0.0,0.0,1.0334910167943445,1.0334910167943445,0.31004730503830336,665
free| fire| live| playing| ranked| awm| speed| game,,,,,,,,,,29.0,1496033.0689655172,43384959.0,9826.241379310344,3.5517241379310347,2026-10-07,0.006570572073146363,0,0,1,1,0,0,0,0.0,0.0,29.006570572073148,29.006570572073148,8.701971171621944,3
free| fire| live| pritigaming| rank| push| playing| subs,,,,,,,,,,12.0,817208.75,9806505.0,6162.25,17.25,2026-10-07,0.0075617154123716855,0,0,1,1,0,0,0,0.0,0.0,12.007561715412372,12.007561715412372,3.6022685146237112,17
free| fire| max| mirzapur| movie,,,,,,,,,,1.0,3227823.0,3227823.0,32345.0,985.0,2026-09-03,0.01032584500451233,0,0,1,1,0,0,0,0.0,0.0,1.0103258450045123,1.0103258450045123,0.30309775350135365,1600
free| fire| max| raushanrohi| khushi| kakkar| nachnagin| jaisan,,,,,,,,,,1.0,43251.0,43251.0,140.0,4.0,2026-09-09,0.0033294027883748354,0,0,1,1,0,0,0,0.0,0.0,1.0033294027883748,1.0033294027883748,0.3009988208365124,2386
free| sasuke| bundle| trick| magic| cube| para| samsung,,,,,,,,,,1.0,335724.0,335724.0,16998.0,1779.0,2026-09-11,0.05592987096543589,0,0,1,1,0,0,1,0.0,0.0,1.055929870965436,1.055929870965436,0.31677896128963073,341
french |  moves |  paris,1.0,1.0,77.0,76.0,2026-10-02 05:01:13,145.6882089488889,,,,,,,,,,,1,0,0,1,0,0,0,0.6111111111111112,0.0,0.0,0.6111111111111112,0.18333333333333335,2798
frenklin| city| hounted| blue| train| indian| bike| driving,,,,,,,,,,1.0,25936.0,25936.0,93.0,2.0,2026-09-24,0.003662862430598396,0,0,1,1,0,0,0,0.0,0.0,1.0036628624305983,1.0036628624305983,0.30109885872917946,2330
friday| powerful| kanakadhara| stothram| tamil| lakshmi| kalyanam| deepavadive,,,,,,,,,,1.0,30428.0,30428.0,134.0,0.0,2026-09-24,0.004403838569738399,0,0,1,1,0,0,0,0.0,0.0,1.0044038385697385,1.0044038385697385,0.30132115157092154,2209
friends| became| scary| lunar| moons| minecraft,,,,,,,,,,1.0,604939.0,604939.0,10153.0,307.0,2026-09-24,0.01729099958838825,0,0,1,1,0,0,1,0.0,0.0,1.0172909995883883,1.0172909995883883,0.3051872998765165,1198
fssai |  over |  recalls,1.0,1.0,95.0,148.0,2026-10-04 12:23:17,90.32043117111111,,,,,,,,,,,1,0,0,1,0,0,0,0.6111111111111112,0.0,0.0,0.6111111111111112,0.18333333333333335,2798
fssai |  stop |  kuttu,1.0,1.0,68.0,68.0,2026-10-06 02:02:44,52.66293117111111,,,,,,,,,,,1,0,0,1,0,0,0,0.6111111111111112,0.0,0.0,0.6111111111111112,0.18333333333333335,2798
fuel |  prices |  indigo,1.0,1.0,92.0,110.0,2026-10-05 07:33:39,71.14765339333334,,,,,,,,,,,1,0,0,1,0,0,0,0.6111111111111112,0.0,0.0,0.6111111111111112,0.18333333333333335,2798
funniest| animal| prop| hunt| game| ever,,,,,,,,,,1.0,106564.0,106564.0,4036.0,309.0,2026-09-24,0.04077361960887354,0,0,1,1,0,0,1,0.0,0.0,1.0407736196088735,1.0407736196088735,0.31223208588266205,499
funniest| drawing| challenge| ever,,,,,,,,,,1.0,52941.0,52941.0,740.0,68.0,2026-10-07,0.015262273096465877,0,0,1,1,0,0,1,0.0,0.0,1.0152622730964658,1.0152622730964658,0.3045786819289397,1289
funniest| flight| game| ever| soloviner,,,,,,,,,,1.0,73549.0,73549.0,2696.0,167.0,2026-10-03,0.03892642999904825,0,0,1,1,0,0,1,0.0,0.0,1.0389264299990482,1.0389264299990482,0.3116779289997144,532
funniest| free| fire| memes| 2026| reaction| gamingfreak21,,,,,,,,,,1.0,174971.0,174971.0,8132.0,294.0,2026-09-24,0.04815655165713175,0,0,1,1,0,0,1,0.0,0.0,1.0481565516571318,1.0481565516571318,0.3144469654971395,405
funniest| game| ever,,,,,,,,,,1.0,685507.0,685507.0,18585.0,342.0,2026-09-30,0.027610221339825852,0,0,1,1,0,0,1,0.0,0.0,1.027610221339826,1.027610221339826,0.30828306640194775,826
funniest| mimic| party| friends| gone| wrong,,,,,,,,,,1.0,888673.0,888673.0,32841.0,1588.0,2026-10-07,0.0387420344716223,0,0,1,1,0,0,1,0.0,0.0,1.0387420344716223,1.0387420344716223,0.3116226103414867,537
funniest| party| game| ever| played| mimic,,,,,,,,,,1.0,158223.0,158223.0,6627.0,620.0,2026-09-08,0.04580244338686537,0,0,1,1,0,0,1,0.0,0.0,1.0458024433868653,1.0458024433868653,0.3137407330160596,424
fun| custom| room| annu| road| freefirelive| shortsfeed| femalegamer,,,,,,,,,,1.0,536309.0,536309.0,10088.0,21.0,2026-10-04,0.018849208199004677,0,0,1,1,0,0,1,0.0,0.0,1.0188492081990046,1.0188492081990046,0.30565476245970136,1142
further| mis| adventures| cliff| booth| netflix,,,,,,,,,,1.0,5392956.0,5392956.0,52294.0,3118.0,2026-09-21,0.01027488449748153,0,0,1,1,0,0,0,0.0,0.0,1.0102748844974816,1.0102748844974816,0.3030824653492445,1606
fused| every| divine| eggs| steal| egg| roblox,,,,,,,,,,1.0,405763.0,405763.0,6125.0,1822.0,2026-09-26,0.019585324438157248,0,0,1,1,0,0,1,0.0,0.0,1.0195853244381572,1.0195853244381572,0.30587559733144715,1103
gaadi| gundayan| bintu| pabra| shiva| choudhary| haryanvi| 2026,,,,,,,,,,1.0,876579.0,876579.0,7868.0,326.0,2026-10-05,0.009347702831119614,0,0,1,1,0,0,0,0.0,0.0,1.0093477028311195,1.0093477028311195,0.30280431084933584,1694
gaadi| kaali| sapna| choudhary| shiva| rahul| puhal| haryanvi,,,,,,,,,,1.0,1018248.0,1018248.0,20855.0,1375.0,2026-10-02,0.021831616659202868,0,0,1,1,0,0,1,0.0,0.0,1.021831616659203,1.021831616659203,0.30654948499776086,1017
gaane| prajapati| kon| alor| swapna| niye| champa| chameli,,,,,,,,,,1.0,60363.0,60363.0,215.0,5.0,2026-09-23,0.0036446167354173913,0,0,1,1,0,0,0,0.0,0.0,1.0036446167354174,1.0036446167354174,0.3010933850206252,2336
gajamukhane| ganapathiye| ganapati| bappa| morya,,,,,,,,,,1.0,542434.0,542434.0,1131.0,41.0,2026-09-13,0.0021606315238351576,0,0,1,1,0,0,0,0.0,0.0,1.0021606315238352,1.0021606315238352,0.30064818945715055,2601
gajamukhane| ganapathiye| ganesha| songs| kannada| vinayaka| bhakti,,,,,,,,,,1.0,38537.0,38537.0,186.0,8.0,2026-09-15,0.005034123050574772,0,0,1,1,0,0,0,0.0,0.0,1.0050341230505748,1.0050341230505748,0.3015102369151724,2098
gajamukhane| ganapathiye| ganesh| chaturthi| special| 2026| songs| kannada,,,,,,,,,,1.0,248848.0,248848.0,713.0,11.0,2026-09-13,0.0029094065453610235,0,0,1,1,0,0,0,0.0,0.0,1.002909406545361,1.002909406545361,0.30087282196360826,2483
galgotias |  outscores |  iisc,1.0,1.0,74.0,120.0,2026-10-02 03:01:00,147.69182006,,,,,,,,,,,1,0,0,1,0,0,0,0.6111111111111112,0.0,0.0,0.6111111111111112,0.18333333333333335,2798
gambhir |  india |  cricket,1.0,1.0,75.0,429.0,2026-10-01 03:05:33,171.61598672666668,,,,,,,,,,,1,0,0,1,0,0,0,0.6111111111111112,0.0,0.0,0.6111111111111112,0.18333333333333335,2798
gameplay| aawara| gamer| free| fire| live| freefirelive| freefire,,,,,,,,,,4.0,455424.5,1821698.0,3958.5,3.5,2026-10-06,0.00869957589018597,0,0,1,1,0,0,0,0.0,0.0,4.008699575890186,4.008699575890186,1.2026098727670558,60
games |  india |  october,1.0,1.0,96.0,283.0,2026-10-02 06:09:13,144.55487561555555,,,,,,,,,,,1,0,0,1,0,0,0,0.6111111111111112,0.0,0.0,0.6111111111111112,0.18333333333333335,2798
games |  medal |  manu,1.0,1.0,75.0,403.0,2026-10-01 04:51:59,169.8420978377778,,,,,,,,,,,1,0,0,1,0,0,0,0.6111111111111112,0.0,0.0,0.6111111111111112,0.18333333333333335,2798
game| over| drishyam| conclusion| ajay| devgn| tabu| jaideep,,,,,,,,,,1.0,1011842.0,1011842.0,16089.0,342.0,2026-09-28,0.0162387012992147,0,0,1,1,0,0,1,0.0,0.0,1.0162387012992147,1.0162387012992147,0.3048716103897644,1249
game| success| malayalam| dulquer| salmaan| nahas| hidhayath| wayfarer,,,,,,,,,,1.0,880728.0,880728.0,11375.0,790.0,2026-09-07,0.013812436983949641,0,0,1,1,0,0,1,0.0,0.0,1.0138124369839496,1.0138124369839496,0.3041437310951849,1363
gam| ganapataye| namaha| ganapathi| bhakti| songs| telugu,,,,,,,,,,1.0,255544.0,255544.0,743.0,19.0,2026-09-13,0.0029818739629965878,0,0,1,1,0,0,0,0.0,0.0,1.0029818739629965,1.0029818739629965,0.30089456218889893,2463
ganapathi| 2026| nampally| raja| nalgonda| gaddar| narsanna| ravi,,,,,,,,,,1.0,1473097.0,1473097.0,14460.0,163.0,2026-09-13,0.009926705437591686,0,0,1,1,0,0,0,0.0,0.0,1.0099267054375918,1.0099267054375918,0.3029780116312775,1640
ganapathi| sankashta| stuthi| latha| hamsalekha| lyrical,,,,,,,,,,1.0,179171.0,179171.0,681.0,8.0,2026-09-14,0.0038454883881878206,0,0,1,1,0,0,0,0.0,0.0,1.0038454883881878,1.0038454883881878,0.3011536465164563,2299
gana| dhav| abhijeet| sawant| tanvi| kolte| sanket| sane,,,,,,,,,,1.0,197377.0,197377.0,2205.0,79.0,2026-09-12,0.011571763680672014,0,0,1,1,0,0,1,0.0,0.0,1.011571763680672,1.011571763680672,0.3034715291042016,1500
gandhi |  election |  rahul,1.0,1.0,63.0,452.0,2026-10-08 06:07:01,0.5915422822222223,,,,,,,,,,,1,0,0,1,1,0,0,0.6111111111111112,0.0,0.0,0.6111111111111112,0.18333333333333335,2798
gandhi |  jayanti |  banks,1.0,1.0,86.0,125.0,2026-10-02 08:09:23,142.55209783777778,,,,,,,,,,,1,0,0,1,0,0,0,0.6111111111111112,0.0,0.0,0.6111111111111112,0.18333333333333335,2798
gandhi |  nehru |  ambedkar,1.0,1.0,73.0,92.0,2026-10-04 05:05:22,97.61904228222221,,,,,,,,,,,1,0,0,1,0,0,0,0.6111111111111112,0.0,0.0,0.6111111111111112,0.18333333333333335,2798
gandhi |  police |  rahul,1.0,1.0,77.0,453.0,2026-10-08 05:00:25,1.7015422822222221,,,,,,,,,,,1,0,0,1,1,0,0,0.6111111111111112,0.0,0.0,0.6111111111111112,0.18333333333333335,2798
gandhi |  priyanka |  climbs,1.0,1.0,75.0,75.0,2026-10-06 17:00:47,37.69543117111112,,,,,,,,,,,1,0,0,1,0,0,0,0.6111111111111112,0.0,0.0,0.6111111111111112,0.18333333333333335,2798
gandhi |  sonia |  surprise,1.0,1.0,73.0,62.0,2026-10-01 04:37:53,170.07709783777779,,,,,,,,,,,1,0,0,1,0,0,0,0.6111111111111112,0.0,0.0,0.6111111111111112,0.18333333333333335,2798
ganesh,,,,,,,,,,1.0,146583.0,146583.0,606.0,37.0,2026-09-13,0.004386593261155796,0,0,1,1,0,0,0,0.0,0.0,1.0043865932611558,1.0043865932611558,0.3013159779783467,2212
ganesha| habbada| vishesha| bhakthigeethegalu| audio| jukebox| ganesh| chaturthi,,,,,,,,,,1.0,653377.0,653377.0,1826.0,38.0,2026-09-14,0.0028528705479378674,0,0,1,1,0,0,0,0.0,0.0,1.0028528705479378,1.0028528705479378,0.30085586116438134,2492
ganesha| janma| katha| sri| charana| gajanananka| kahani| ganesh,,,,,,,,,,1.0,103172.0,103172.0,565.0,15.0,2026-09-14,0.005621680300856822,0,0,1,1,0,0,0,0.0,0.0,1.0056216803008569,1.0056216803008569,0.30168650409025705,2015
ganesh| aarti| jai| deva,,,,,,,,,,1.0,2688978.0,2688978.0,8059.0,226.0,2026-09-13,0.0030810962380502928,0,0,1,1,0,0,0,0.0,0.0,1.0030810962380503,1.0030810962380503,0.30092432887141507,2443
ganesh| aarti| jai| deva| ganpati| aart,,,,,,,,,,2.0,252336.0,504672.0,740.0,29.0,2026-09-24,0.0030475239363388497,0,0,1,1,0,0,0,0.0,0.0,2.003047523936339,2.003047523936339,0.6009142571809016,154
ganesh| aarti| sukhkarta| dukh| harta| ganpati| ganapati| bappa,,,,,,,,,,1.0,80549.0,80549.0,68.0,5.0,2026-09-14,0.0009062806490459223,0,0,1,1,0,0,0,0.0,0.0,1.0009062806490459,1.0009062806490459,0.30027188419471373,2705
ganesh| bhajan,,,,,,,,,,1.0,108701.0,108701.0,683.0,13.0,2026-09-15,0.006402884978059079,0,0,1,1,0,0,0,0.0,0.0,1.006402884978059,1.006402884978059,0.30192086549341773,1926
ganesh| bhajan| 2026,,,,,,,,,,5.0,98267.0,491335.0,936.6,13.4,2026-09-22,0.00966753844118575,0,0,1,1,0,0,0,0.0,0.0,5.009667538441186,5.009667538441186,1.502900261532356,47
ganesh| chaturthi| 2026| special| jukebox| super| hit| telugu,,,,,,,,,,1.0,2381500.0,2381500.0,6262.0,124.0,2026-09-14,0.002681503254251522,0,0,1,1,0,0,0,0.0,0.0,1.0026815032542515,1.0026815032542515,0.30080445097627545,2525
ganesh| chaturthi| shrikant,,,,,,,,,,1.0,229494.0,229494.0,1269.0,23.0,2026-09-14,0.005629776813337168,0,0,1,1,0,0,0,0.0,0.0,1.005629776813337,1.005629776813337,0.30168893304400113,2014
ganesh| chaturthi| special| 2026| ganpati| bappa| morya,,,,,,,,,,1.0,58113.0,58113.0,202.0,0.0,2026-09-13,0.0034759864402113126,0,0,1,1,0,0,0,0.0,0.0,1.0034759864402114,1.0034759864402114,0.3010427959320634,2369
ganesh| chaturthi| special| 2026| ganpati| bappa| morya| vakratundaya,,,,,,,,,,1.0,93675.0,93675.0,922.0,45.0,2026-09-13,0.010322925006672005,0,0,1,1,0,0,0,0.0,0.0,1.010322925006672,1.010322925006672,0.3030968775020016,1601
ganesh| chaturthi| special| bhajan,,,,,,,,,,2.0,138102.5,276205.0,3293.5,109.5,2026-09-14,0.0246411180101736,0,0,1,1,0,0,1,0.0,0.0,2.0246411180101735,2.0246411180101735,0.607392335403052,100
ganesh| chaturthi| special| ganesha| bhakti| songs| kannada,,,,,,,,,,1.0,169726.0,169726.0,345.0,8.0,2026-09-13,0.002079822773175589,0,0,1,1,0,0,0,0.0,0.0,1.0020798227731755,1.0020798227731755,0.30062394683195265,2609
ganesh| chaturthi| special| manohar| burman| bhajan,,,,,,,,,,1.0,63452.0,63452.0,597.0,14.0,2026-09-13,0.009629326104772112,0,0,1,1,0,0,0,0.0,0.0,1.0096293261047722,1.0096293261047722,0.30288879783143163,1670
ganesh| manthram,,,,,,,,,,1.0,16641.0,16641.0,166.0,15.0,2026-10-06,0.010876750195300763,0,0,1,1,0,0,1,0.0,0.0,1.0108767501953007,1.0108767501953007,0.3032630250585902,1558
ganesh| mantra| 108| times| gan| ganpataye| namo| namah,,,,,,,,,,6.0,140282.66666666666,841696.0,642.1666666666666,21.5,2026-10-06,0.004730924229175379,0,0,1,1,0,0,0,0.0,0.0,6.004730924229175,6.004730924229175,1.8014192772687525,42
ganesh| mantra| odia| gan| ganpataye| namo| namah| 108,,,,,,,,,,1.0,13495.0,13495.0,216.0,7.0,2026-09-12,0.016524638755094478,0,0,1,1,0,0,1,0.0,0.0,1.0165246387550946,1.0165246387550946,0.30495739162652835,1231
ganesh| songs| vinayaka| chavithi| special| ganapati| bhakthi| patalu,,,,,,,,,,1.0,83927.0,83927.0,323.0,4.0,2026-09-13,0.0038962431637017884,0,0,1,1,0,0,0,0.0,0.0,1.0038962431637017,1.0038962431637017,0.3011688729491105,2292
ganesh| tera| chuha| haye| daiya| bhajan| 2026,,,,,,,,,,1.0,724783.0,724783.0,1804.0,30.0,2026-09-13,0.002530412551067009,0,0,1,1,0,0,0,0.0,0.0,1.002530412551067,1.002530412551067,0.3007591237653201,2546
ganesh| vandana| jai| deva| ganpati| bappa| morya| ganesha,,,,,,,,,,1.0,249299.0,249299.0,859.0,12.0,2026-09-13,0.0034937966056823332,0,0,1,1,0,0,0,0.0,0.0,1.0034937966056823,1.0034937966056823,0.3010481389817047,2362
ganesh| visarjan| bhajan| 2026,,,,,,,,,,1.0,308634.0,308634.0,1553.0,27.0,2026-09-23,0.005119332283546207,0,0,1,1,0,0,0,0.0,0.0,1.005119332283546,1.005119332283546,0.30153579968506383,2085
ganesh| visarjan| dance| jukebox| music| ganpati| songs| deva,,,,,,,,,,1.0,132668.0,132668.0,728.0,16.0,2026-09-19,0.005607983839358398,0,0,1,1,0,0,0,0.0,0.0,1.0056079838393583,1.0056079838393583,0.3016823951518075,2019
ganpati| aaj| padharo| bhajan| gujarati| shri| ramaji| dhun,,,,,,,,,,1.0,51997.0,51997.0,273.0,6.0,2026-09-17,0.005365694174663923,0,0,1,1,0,0,0,0.0,0.0,1.0053656941746638,1.0053656941746638,0.30160970825239913,2053
ganpati| aayo| bapa| riddhi| siddhi| layo,,,,,,,,,,1.0,206409.0,206409.0,483.0,0.0,2026-09-12,0.002340014243564961,0,0,1,1,0,0,0,0.0,0.0,1.002340014243565,1.002340014243565,0.3007020042730695,2575
ganpati| aayo| bapa| riddhi| siddhi| layo| songs| gujarati,,,,,,,,,,1.0,56519.0,56519.0,412.0,6.0,2026-09-13,0.007395743024469647,0,0,1,1,0,0,0,0.0,0.0,1.0073957430244695,1.0073957430244695,0.30221872290734086,1843
ganpati| apne| gaon| chale| agneepath| gane| songs| visarjan,,,,,,,,,,2.0,209469.5,418939.0,901.0,8.0,2026-09-24,0.0043395339178257455,0,0,1,1,0,0,0,0.0,0.0,2.004339533917826,2.004339533917826,0.6013018601753477,137
ganpati| apne| gaon| chale| agneepath| visarjan| songs| bhakti,,,,,,,,,,1.0,293660.0,293660.0,1259.0,15.0,2026-09-22,0.004338350473336512,0,0,1,1,0,0,0,0.0,0.0,1.0043383504733365,1.0043383504733365,0.30130150514200094,2223
ganpati| apne| gaon| chale| ganesh| visarjan,,,,,,,,,,1.0,703215.0,703215.0,1754.0,27.0,2026-09-24,0.0025326535981172187,0,0,1,1,0,0,0,0.0,0.0,1.0025326535981172,1.0025326535981172,0.30075979607943515,2545
ganpati| bappa| moriya| armaan| malik| payal| kritika| zaid,,,,,,,,,,1.0,619568.0,619568.0,16079.0,840.0,2026-09-16,0.02730773700384784,0,0,1,1,0,0,1,0.0,0.0,1.027307737003848,1.027307737003848,0.30819232110115435,833
ganpati| bappa| morya| ganesh| bhajan| bhakti,,,,,,,,,,1.0,389862.0,389862.0,625.0,24.0,2026-09-21,0.001664691608825687,0,0,1,1,0,0,0,0.0,0.0,1.0016646916088257,1.0016646916088257,0.3004994074826477,2654
ganpati| bappa| morya| ganesh| chaturthi| special,,,,,,,,,,1.0,242726.0,242726.0,761.0,37.0,2026-09-13,0.0032876576880927467,0,0,1,1,0,0,0,0.0,0.0,1.0032876576880927,1.0032876576880927,0.3009862973064278,2393
ganpati| bappa| morya| nonstop| dandiya| raas| hemant| chauhan,,,,,,,,,,1.0,157154.0,157154.0,1182.0,13.0,2026-09-15,0.007604006261374193,0,0,1,1,0,0,0,0.0,0.0,1.0076040062613743,1.0076040062613743,0.3022812018784123,1821
ganpati| bappa| morya| nonstop| festive| hits| sukh| karta,,,,,,,,,,1.0,454709.0,454709.0,1623.0,32.0,2026-09-15,0.003639690439379911,0,0,1,1,0,0,0,0.0,0.0,1.0036396904393798,1.0036396904393798,0.30109190713181394,2338
ganpati| bhajan| gujarati,,,,,,,,,,1.0,312774.0,312774.0,1040.0,12.0,2026-09-14,0.0033634509262278835,0,0,1,1,0,0,0,0.0,0.0,1.003363450926228,1.003363450926228,0.3010090352778684,2381
ganpati| bhaktigeete| hey| ganraya| sansari| majhya| tseriesbhaktimarathi,,,,,,,,,,1.0,70945.0,70945.0,516.0,15.0,2026-09-15,0.007484671224187751,0,0,1,1,0,0,0,0.0,0.0,1.0074846712241878,1.0074846712241878,0.30224540136725636,1830
ganpati| gani| songs,,,,,,,,,,1.0,311234.0,311234.0,678.0,26.0,2026-09-24,0.0022619636672085953,0,0,1,1,0,0,0,0.0,0.0,1.0022619636672085,1.0022619636672085,0.30067858910016254,2586
ganpati| lage| najariya,,,,,,,,,,1.0,106079.0,106079.0,454.0,9.0,2026-09-16,0.004364671612666032,0,0,1,1,0,0,0,0.0,0.0,1.004364671612666,1.004364671612666,0.30130940148379975,2217
ganpati| lyrical| ganesh| lyrics| aayo| bapa,,,,,,,,,,1.0,95439.0,95439.0,511.0,7.0,2026-09-15,0.0054275505820471715,0,0,1,1,0,0,0,0.0,0.0,1.0054275505820471,1.0054275505820471,0.3016282651746141,2041
ganpati| raksha| karen,,,,,,,,,,1.0,58791.0,58791.0,163.0,0.0,2026-09-19,0.0027725332108656086,0,0,1,1,0,0,0,0.0,0.0,1.0027725332108657,1.0027725332108657,0.30083175996325967,2511
ganpati| raya| padte| paya| ganesh| devachi| gani,,,,,,,,,,1.0,59080.0,59080.0,309.0,16.0,2026-09-12,0.0055010155721056195,0,0,1,1,0,0,0,0.0,0.0,1.0055010155721056,1.0055010155721056,0.3016503046716317,2030
ganpati| sewa| mangal| mewa| anuradha| paudwal| ganesh| aarti,,,,,,,,,,1.0,16509.0,16509.0,319.0,27.0,2026-09-23,0.02095826518868496,0,0,1,1,0,0,1,0.0,0.0,1.020958265188685,1.020958265188685,0.3062874795566055,1048
ganpati| songs| marathi| sankashti| chaturthi,,,,,,,,,,1.0,195564.0,195564.0,364.0,16.0,2026-09-28,0.0019430979116810865,0,0,1,1,0,0,0,0.0,0.0,1.001943097911681,1.001943097911681,0.3005829293735043,2632
ganpati| thad| sheri| vadavi| saj| karu,,,,,,,,,,1.0,52484.0,52484.0,119.0,0.0,2026-09-13,0.0022673576709092294,0,0,1,1,0,0,0,0.0,0.0,1.0022673576709091,1.0022673576709091,0.3006802073012727,2585
ganpati| thal| bappa| jamva| aavo| ganesh| chaturthi| special,,,,,,,,,,1.0,163787.0,163787.0,725.0,6.0,2026-09-16,0.004463113678130743,0,0,1,1,0,0,0,0.0,0.0,1.0044631136781308,1.0044631136781308,0.3013389341034392,2193
ganpati| thal| ganesh| chaturthi| 2026| special,,,,,,,,,,1.0,157096.0,157096.0,932.0,9.0,2026-09-14,0.005989967917706371,0,0,1,1,0,0,0,0.0,0.0,1.0059899679177065,1.0059899679177065,0.30179699037531194,1977
ganpati| thal| jamva| padharo| dada| ketlik| varche| gujarati,,,,,,,,,,1.0,419245.0,419245.0,2437.0,28.0,2026-09-14,0.0058796169304344715,0,0,1,1,0,0,0,0.0,0.0,1.0058796169304345,1.0058796169304345,0.3017638850791303,1992
ganpati| visrajan| 2026,,,,,,,,,,1.0,41960.0,41960.0,409.0,5.0,2026-09-16,0.00986653956148713,0,0,1,1,0,0,0,0.0,0.0,1.0098665395614872,1.0098665395614872,0.30295996186844615,1646
garividi| lakshmi| anandhi| rag| mayur| gowri| naidu| jammu,,,,,,,,,,1.0,1375852.0,1375852.0,12997.0,566.0,2026-10-05,0.009857891691838948,0,0,1,1,0,0,0,0.0,0.0,1.009857891691839,1.009857891691839,0.3029573675075517,1648
gaurai| maher| vasini| manachi| marathi| gauri| mangalagauri,,,,,,,,,,1.0,62478.0,62478.0,267.0,15.0,2026-09-18,0.004513588783251705,0,0,1,1,0,0,0,0.0,0.0,1.0045135887832517,1.0045135887832517,0.3013540766349755,2181
gaurichi| nonstop| gaani| 2026,,,,,,,,,,1.0,126133.0,126133.0,245.0,7.0,2026-09-17,0.001997891114934236,0,0,1,1,0,0,0,0.0,0.0,1.0019978911149343,1.0019978911149343,0.3005993673344803,2624
gauri| aagaman| songs| marathi| geet| ganpati,,,,,,,,,,1.0,266635.0,266635.0,600.0,49.0,2026-09-17,0.0024340390421362535,0,0,1,1,0,0,0,0.0,0.0,1.0024340390421362,1.0024340390421362,0.30073021171264086,2562
gauri| ganpati| geete| tseriesbhaktimarathi,,,,,,,,,,1.0,178138.0,178138.0,343.0,10.0,2026-09-18,0.001981609763217281,0,0,1,1,0,0,0,0.0,0.0,1.0019816097632173,1.0019816097632173,0.3005944829289652,2628
gauri| ganpati| special| jukebox| nonstop| marathi| devotional| songs,,,,,,,,,,1.0,89155.0,89155.0,235.0,2.0,2026-09-17,0.0026582917391060512,0,0,1,1,0,0,0,0.0,0.0,1.002658291739106,1.002658291739106,0.3007974875217318,2532
gauri| geet| 2026| aala| neyala| maherala| anuradha| paudwal,,,,,,,,,,1.0,52377.0,52377.0,192.0,6.0,2026-09-17,0.0037802852397044503,0,0,1,1,0,0,0,0.0,0.0,1.0037802852397044,1.0037802852397044,0.3011340855719113,2314
gauri| lala| dukalu| yadav| kanchan| joshi| chhattisgarhi| superhits,,,,,,,,,,1.0,130223.0,130223.0,699.0,9.0,2026-09-14,0.005436827595739616,0,0,1,1,0,0,0,0.0,0.0,1.0054368275957397,1.0054368275957397,0.3016310482787219,2040
gause| azam| qawwali| 2026| gaus| pak| kavvali| 2025,,,,,,,,,,1.0,89333.0,89333.0,549.0,11.0,2026-09-22,0.006268680107015325,0,0,1,1,0,0,0,0.0,0.0,1.0062686801070153,1.0062686801070153,0.3018806040321046,1944
geopolitical |  tensions |  high,1.0,1.0,99.0,99.0,2026-10-01 06:33:17,168.15376450444447,,,,,,,,,,,1,0,0,1,0,0,0,0.6111111111111112,0.0,0.0,0.6111111111111112,0.18333333333333335,2798
germany |  aims |  double,1.0,1.0,68.0,68.0,2026-10-04 06:19:38,96.38126450444445,,,,,,,,,,,1,0,0,1,0,0,0,0.6111111111111112,0.0,0.0,0.6111111111111112,0.18333333333333335,2798
germany |  eyes |  doubling,1.0,1.0,91.0,91.0,2026-10-04 06:19:38,96.38126450444445,,,,,,,,,,,1,0,0,1,0,0,0,0.6111111111111112,0.0,0.0,0.6111111111111112,0.18333333333333335,2798
germany |  targets |  doubling,1.0,1.0,103.0,103.0,2026-10-04 06:19:38,96.38126450444445,,,,,,,,,,,1,0,0,1,0,0,0,0.6111111111111112,0.0,0.0,0.6111111111111112,0.18333333333333335,2798
gets |  treated |  capital,1.0,1.0,78.0,302.0,2026-10-06 04:48:33,49.89932006,,,,,,,,,,,1,0,0,1,0,0,0,0.6111111111111112,0.0,0.0,0.6111111111111112,0.18333333333333335,2798
getting |  india |  rich,1.0,1.0,80.0,80.0,2026-10-01 06:33:17,168.15376450444447,,,,,,,,,,,1,0,0,1,0,0,0,0.6111111111111112,0.0,0.0,0.6111111111111112,0.18333333333333335,2798
ghostface| killah,,,,,,,,,,1.0,315019.0,315019.0,26021.0,2692.0,2026-09-21,0.09114688320387024,0,0,1,1,0,0,1,0.0,0.0,1.0911468832038702,1.0911468832038702,0.32734406496116103,258
ghostface| killah| sidhu| moose| wala| mxrci| navkaran| brar,,,,,,,,,,1.0,18991651.0,18991651.0,942533.0,178902.0,2026-09-21,0.05904884204116851,0,0,1,1,0,0,1,0.0,0.0,1.0590488420411686,1.0590488420411686,0.31771465261235055,329
ghost| hunters| back| phasmophobia,,,,,,,,,,1.0,69050.0,69050.0,3378.0,253.0,2026-09-16,0.052585083272990586,0,0,1,1,0,0,1,0.0,0.0,1.0525850832729906,1.0525850832729906,0.31577552498189715,360
ghost| hunting| phasmophobia| gang| hok| later,,,,,,,,,,1.0,1715647.0,1715647.0,30220.0,701.0,2026-09-23,0.018022938285090113,0,0,1,1,0,0,1,0.0,0.0,1.01802293828509,1.01802293828509,0.305406881485527,1164
ghotala| swata| ajya| siddhya| waghmare| khushi| aman| langarya,,,,,,,,,,1.0,10474.0,10474.0,2481.0,121.0,2026-09-26,0.24842467061294635,0,0,1,1,0,0,1,0.0,0.0,1.2484246706129463,1.2484246706129463,0.3745274011838839,221
giant| black| takala| baby| gang| pink| epic| battle,,,,,,,,,,1.0,115904.0,115904.0,302.0,10.0,2026-09-22,0.002691882937603534,0,0,1,1,0,0,0,0.0,0.0,1.0026918829376035,1.0026918829376035,0.300807564881281,2522
giant| blue| takala| baby| gang| epic| battle| indian,,,,,,,,,,1.0,200287.0,200287.0,391.0,4.0,2026-09-20,0.0019721699361416366,0,0,1,1,0,0,0,0.0,0.0,1.0019721699361417,1.0019721699361417,0.3005916509808425,2629
giant| long| mcqueen| huge| wide| wheels| big| small,,,,,,,,,,1.0,373840.0,373840.0,1859.0,75.0,2026-10-03,0.005173336186603894,0,0,1,1,0,0,0,0.0,0.0,1.005173336186604,1.005173336186604,0.30155200085598116,2076
giant| rainy| cloud| destroyed| city,,,,,,,,,,1.0,121585.0,121585.0,952.0,31.0,2026-09-17,0.008084878891310605,0,0,1,1,0,0,0,0.0,0.0,1.0080848788913106,1.0080848788913106,0.30242546366739315,1794
gift |  swiss |  president,1.0,1.0,67.0,66.0,2026-10-05 17:12:40,61.49737561555556,,,,,,,,,,,1,0,0,1,0,0,0,0.6111111111111112,0.0,0.0,0.6111111111111112,0.18333333333333335,2798
gifted| him| his| dream| bundle,,,,,,,,,,1.0,1461555.0,1461555.0,27786.0,8452.0,2026-09-16,0.024794140487357643,0,0,1,1,0,0,1,0.0,0.0,1.0247941404873577,1.0247941404873577,0.3074382421462073,908
gift| noob| friend| most| rarest| pet| steal| egg,,,,,,,,,,1.0,178355.0,178355.0,3813.0,514.0,2026-09-29,0.024260603851868463,0,0,1,1,0,0,1,0.0,0.0,1.0242606038518685,1.0242606038518685,0.30727818115556055,925
gill |  india |  fielding,1.0,1.0,65.0,65.0,2026-10-04 06:19:38,96.38126450444445,,,,,,,,,,,1,0,0,1,0,0,0,0.6111111111111112,0.0,0.0,0.6111111111111112,0.18333333333333335,2798
gill |  shubman |  dhoni,1.0,1.0,67.0,430.0,2026-10-04 01:52:13,100.83820894888889,,,,,,,,,,,1,0,0,1,0,0,0,0.6111111111111112,0.0,0.0,0.6111111111111112,0.18333333333333335,2798
giribala |  singhs |  dowry,1.0,1.0,102.0,159.0,2026-09-30 16:13:47,182.47876450444446,,,,,,,,,,,1,0,0,1,0,0,0,0.6111111111111112,0.0,0.0,0.6111111111111112,0.18333333333333335,2798
girl |  beaten |  dragged,1.0,1.0,76.0,75.0,2026-10-02 04:33:29,146.1504311711111,,,,,,,,,,,1,0,0,1,0,0,0,0.6111111111111112,0.0,0.0,0.6111111111111112,0.18333333333333335,2798
girl |  film |  mode,1.0,1.0,111.0,136.0,2026-10-08 05:01:37,1.6815422822222221,,,,,,,,,,,1,0,0,1,1,0,0,0.6111111111111112,0.0,0.0,0.6111111111111112,0.18333333333333335,2798
girl |  sexually |  assaulted,1.0,1.0,76.0,55.0,2026-10-02 06:18:18,144.40348672666667,,,,,,,,,,,1,0,0,1,0,0,0,0.6111111111111112,0.0,0.0,0.6111111111111112,0.18333333333333335,2798
girlfriend| need| surgery| minecraft,,,,,,,,,,1.0,1240353.0,1240353.0,12902.0,728.0,2026-09-12,0.01098880721859019,0,0,1,1,0,0,1,0.0,0.0,1.0109888072185902,1.0109888072185902,0.30329664216557706,1552
gita| dash| parswa| paribartana| ekadashi| sidharth| bhakti,,,,,,,,,,1.0,112219.0,112219.0,964.0,56.0,2026-09-21,0.009089369892798902,0,0,1,1,0,0,0,0.0,0.0,1.009089369892799,1.009089369892799,0.30272681096783965,1718
gladiators| ajith| kumar| prakash| theater| response| reaction,,,,,,,,,,1.0,160375.0,160375.0,1793.0,23.0,2026-09-06,0.011323460639127045,0,0,1,1,0,0,1,0.0,0.0,1.011323460639127,1.011323460639127,0.3033970381917381,1529
gladiators| ajith| kumar| prakash| vijay| racing,,,,,,,,,,1.0,152993.0,152993.0,0.0,16.0,2026-09-06,0.00010457994810220076,0,0,1,1,0,0,0,0.0,0.0,1.000104579948102,1.000104579948102,0.30003137398443064,2751
gladiators| ajith| kumar| theatre| reaction| celebration,,,,,,,,,,1.0,138348.0,138348.0,884.0,13.0,2026-09-06,0.006483649926272877,0,0,1,1,0,0,0,0.0,0.0,1.0064836499262728,1.0064836499262728,0.30194509497788186,1916
gladiators| ajith| movie| tamil| live| dare| devil| thala,,,,,,,,,,1.0,234868.0,234868.0,2713.0,1.0,2026-09-06,0.011555426878076196,0,0,1,1,0,0,1,0.0,0.0,1.0115554268780762,1.0115554268780762,0.30346662806342284,1504
gladiators| celebration| rohini| theatre| response| thala,,,,,,,,,,1.0,158184.0,158184.0,592.0,56.0,2026-09-06,0.004096495220755576,0,0,1,1,0,0,0,0.0,0.0,1.0040964952207556,1.0040964952207556,0.3012289485662267,2256
gladiators| documentry| experience,,,,,,,,,,1.0,38233.0,38233.0,287.0,17.0,2026-09-06,0.007951246305547563,0,0,1,1,0,0,0,0.0,0.0,1.0079512463055476,1.0079512463055476,0.30238537389166426,1803
gladiators| movie| tamil| ajith| kumar| racing| vijay| prakash,,,,,,,,,,1.0,2866069.0,2866069.0,66669.0,1553.0,2026-09-19,0.0238033348115485,0,0,1,1,0,0,1,0.0,0.0,1.0238033348115485,1.0238033348115485,0.30714100044346454,950
gladiators| racing| ajith| kumar| gladiator| race| begins,,,,,,,,,,1.0,828835.0,828835.0,17277.0,346.0,2026-09-06,0.02126237429645225,0,0,1,1,0,0,1,0.0,0.0,1.0212623742964522,1.0212623742964522,0.30637871228893565,1040
gladiators| response| thala| ajithkumar| racing| documentary| trending| fyp,,,,,,,,,,1.0,943475.0,943475.0,10126.0,149.0,2026-09-06,0.01089059063568192,0,0,1,1,0,0,1,0.0,0.0,1.010890590635682,1.010890590635682,0.30326717719070456,1557
gladiators| teaser| ajith| kumar| director| vijay| prakash| cancept,,,,,,,,,,1.0,767170.0,767170.0,9527.0,29.0,2026-09-06,0.012456170079643364,0,0,1,1,0,0,1,0.0,0.0,1.0124561700796433,1.0124561700796433,0.303736851023893,1433
gladiator| ajith| kumar,,,,,,,,,,1.0,630653.0,630653.0,6951.0,125.0,2026-09-06,0.011220116292160666,0,0,1,1,0,0,1,0.0,0.0,1.0112201162921606,1.0112201162921606,0.3033660348876482,1535
gladiator| casino| theatre| experience| ajith| kumar| shalini| prakesh,,,,,,,,,,1.0,267922.0,267922.0,2481.0,69.0,2026-09-06,0.00951769544867536,0,0,1,1,0,0,0,0.0,0.0,1.0095176954486753,1.0095176954486753,0.3028553086346026,1680
gleiker mendoza,,,,,,,100.0,1.0,1.0,,,,,,,,0,1,0,1,0,1,0,0.0,1.5,0.0,1.5,0.6000000000000001,174
global |  debt |  risks,1.0,1.0,83.0,151.0,2026-10-03 08:15:48,118.44515339333333,,,,,,,,,,,1,0,0,1,0,0,0,0.6111111111111112,0.0,0.0,0.6111111111111112,0.18333333333333335,2798
godzilla| family| devil| community| hunting| series| animal| revolt,,,,,,,,,,1.0,152504.0,152504.0,6621.0,810.0,2026-09-29,0.04872659077794681,0,0,1,1,0,0,1,0.0,0.0,1.0487265907779468,1.0487265907779468,0.314617977233384,398
godzilla| hell| all| kaijus| real| hunting| series| animal,,,,,,,,,,1.0,165404.0,165404.0,5374.0,1062.0,2026-10-03,0.038910788130879545,0,0,1,1,0,0,1,0.0,0.0,1.0389107881308794,1.0389107881308794,0.3116732364392638,533
godzilla| hell| destoroyah| shimo| keizer| ghidorah| lucky| spin,,,,,,,,,,1.0,138318.0,138318.0,3964.0,381.0,2026-10-05,0.031413120490464005,0,0,1,1,0,0,1,0.0,0.0,1.031413120490464,1.031413120490464,0.3094239361471392,725
godzilla| minus| zero| filmed| imax,,,,,,,,,,1.0,9623035.0,9623035.0,171461.0,13041.0,2026-09-08,0.019172953231490895,0,0,1,1,0,0,1,0.0,0.0,1.0191729532314908,1.0191729532314908,0.30575188596944725,1126
godzilla| minus| zero| tamil| breakdown,,,,,,,,,,1.0,193553.0,193553.0,6527.0,265.0,2026-09-09,0.035091163660599424,0,0,1,1,0,0,1,0.0,0.0,1.0350911636605995,1.0350911636605995,0.31052734909817986,628
godzilla| nemesis| shimo| all| kaiju| hunting| series| animal,,,,,,,,,,1.0,181748.0,181748.0,3920.0,636.0,2026-09-17,0.02506767612298347,0,0,1,1,0,0,1,0.0,0.0,1.0250676761229836,1.0250676761229836,0.3075203028368951,897
godzilla| strongest| gold| gta,,,,,,,,,,1.0,262800.0,262800.0,2240.0,18.0,2026-09-24,0.008592085235920852,0,0,1,1,0,0,0,0.0,0.0,1.008592085235921,1.008592085235921,0.3025776255707763,1751
going |  flydubai |  captain,1.0,1.0,121.0,135.0,2026-10-01 04:05:09,170.62265339333334,,,,,,,,,,,1,0,0,1,0,0,0,0.6111111111111112,0.0,0.0,0.6111111111111112,0.18333333333333335,2798
going |  intel |  officer,1.0,1.0,75.0,75.0,2026-10-02 09:44:13,140.97154228222223,,,,,,,,,,,1,0,0,1,0,0,0,0.6111111111111112,0.0,0.0,0.6111111111111112,0.18333333333333335,2798
going| into| scary| entities| secret| dream| minecraft,,,,,,,,,,1.0,560622.0,560622.0,9487.0,1419.0,2026-09-14,0.01945339283866848,0,0,1,1,0,0,1,0.0,0.0,1.0194533928386684,1.0194533928386684,0.30583601785160053,1107
gokula| krishna| gokulamlo| seetha| pawan| kalyan| raasi| spb,,,,,,,,,,1.0,586443.0,586443.0,2137.0,40.0,2026-09-04,0.0037122107348881305,0,0,1,1,0,0,0,0.0,0.0,1.0037122107348881,1.0037122107348881,0.30111366322046645,2324
gola |  crushing |  googoo,1.0,1.0,78.0,130.0,2026-09-30 14:34:56,184.12626450444446,,,,,,,,,,,1,0,0,1,0,0,0,0.6111111111111112,0.0,0.0,0.6111111111111112,0.18333333333333335,2798
gold |  kalkal |  games,1.0,1.0,65.0,409.0,2026-10-06 02:20:09,52.37265339333334,,,,,,,,,,,1,0,0,1,0,0,0,0.6111111111111112,0.0,0.0,0.6111111111111112,0.18333333333333335,2798
gold |  medal |  secured,1.0,1.0,95.0,95.0,2026-10-02 06:09:13,144.55487561555555,,,,,,,,,,,1,0,0,1,0,0,0,0.6111111111111112,0.0,0.0,0.6111111111111112,0.18333333333333335,2798
gold |  medal |  women,1.0,1.0,75.0,428.0,2026-10-02 01:51:26,148.85126450444446,,,,,,,,,,,1,0,0,1,0,0,0,0.6111111111111112,0.0,0.0,0.6111111111111112,0.18333333333333335,2798
gold |  price |  prediction,1.0,1.0,60.0,301.0,2026-10-01 05:55:54,168.77682006,,,,,,,,,,,1,0,0,1,0,0,0,0.6111111111111112,0.0,0.0,0.6111111111111112,0.18333333333333335,2798
golden| bhagyam| telugu| satya| yogi| babu| pawan| basamsetti,,,,,,,,,,1.0,1127376.0,1127376.0,6498.0,123.0,2026-09-29,0.005872929705794695,0,0,1,1,0,0,0,0.0,0.0,1.0058729297057947,1.0058729297057947,0.3017618789117384,1994
golden| bhagyam| title| teaser| satya| yogi| babu| pawan,,,,,,,,,,1.0,561012.0,561012.0,3401.0,131.0,2026-09-29,0.0062957655094721685,0,0,1,1,0,0,0,0.0,0.0,1.0062957655094722,1.0062957655094722,0.30188872965284164,1942
golds |  down |  fewer,1.0,1.0,102.0,102.0,2026-10-05 06:12:26,72.50126450444445,,,,,,,,,,,1,0,0,1,0,0,0,0.6111111111111112,0.0,0.0,0.6111111111111112,0.18333333333333335,2798
golds |  lost |  just,1.0,1.0,117.0,117.0,2026-10-02 06:09:13,144.55487561555555,,,,,,,,,,,1,0,0,1,0,0,0,0.6111111111111112,0.0,0.0,0.6111111111111112,0.18333333333333335,2798
golds |  medal |  changed,1.0,1.0,81.0,409.0,2026-10-04 04:50:41,97.86376450444443,,,,,,,,,,,1,0,0,1,0,0,0,0.6111111111111112,0.0,0.0,0.6111111111111112,0.18333333333333335,2798
golds |  stunning |  late,1.0,1.0,79.0,74.0,2026-10-03 12:10:15,114.53765339333333,,,,,,,,,,,1,0,0,1,0,0,0,0.6111111111111112,0.0,0.0,0.6111111111111112,0.18333333333333335,2798
gold| rush| khalifa| prithviraj| sukumaran| malvika| sharma| jakes,,,,,,,,,,1.0,172682.0,172682.0,2721.0,107.0,2026-09-27,0.01637692405693703,0,0,1,1,0,0,1,0.0,0.0,1.0163769240569371,1.0163769240569371,0.3049130772170811,1240
goli| bng| game| live| driving| class| beamng| play,,,,,,,,,,1.0,232427.0,232427.0,1004.0,0.0,2026-09-17,0.004319635842651671,0,0,1,1,0,0,0,0.0,0.0,1.0043196358426516,1.0043196358426516,0.30129589075279545,2225
gonna |  save |  flydubai,1.0,1.0,81.0,81.0,2026-10-01 03:56:55,170.75987561555556,,,,,,,,,,,1,0,0,1,0,0,0,0.6111111111111112,0.0,0.0,0.6111111111111112,0.18333333333333335,2798
good |  enough |  india,1.0,1.0,79.0,79.0,2026-10-06 06:52:38,47.83126450444445,,,,,,,,,,,1,0,0,1,0,0,0,0.6111111111111112,0.0,0.0,0.6111111111111112,0.18333333333333335,2798
good |  foundation |  indias,1.0,1.0,73.0,73.0,2026-10-03 05:44:55,120.95987561555555,,,,,,,,,,,1,0,0,1,0,0,0,0.6111111111111112,0.0,0.0,0.6111111111111112,0.18333333333333335,2798
good |  ideas |  putin,1.0,1.0,74.0,93.0,2026-10-02 02:02:48,148.66182006000003,,,,,,,,,,,1,0,0,1,0,0,0,0.6111111111111112,0.0,0.0,0.6111111111111112,0.18333333333333335,2798
good| luck| charm| gulab| sidhu| jasmeen| akhtar| jang,,,,,,,,,,1.0,2308156.0,2308156.0,54873.0,3987.0,2026-09-17,0.025500876023977583,0,0,1,1,0,0,1,0.0,0.0,1.0255008760239777,1.0255008760239777,0.30765026280719326,885
good| morning,,,,,,,,,,1.0,62786.0,62786.0,1363.0,35.0,2026-09-22,0.02226611027936164,0,0,1,1,0,0,1,0.0,0.0,1.0222661102793615,1.0222661102793615,0.3066798330838085,1002
google fitbit air fitness tracker,,,,,,,100.0,1.0,1.0,,,,,,,,0,1,0,1,0,1,0,0.0,1.5,0.0,1.5,0.6000000000000001,174
google |  launches |  gemini,1.0,1.0,61.0,60.0,2026-10-01 02:52:04,171.8407089488889,,,,,,,,,,,1,0,0,1,0,0,0,0.6111111111111112,0.0,0.0,0.6111111111111112,0.18333333333333335,2798
gopaal| krishna| ravindra| jain| songs| sachin| zarina| wahab,,,,,,,,,,1.0,12879.0,12879.0,127.0,6.0,2026-10-01,0.01032688873359733,0,0,1,1,0,0,0,0.0,0.0,1.0103268887335974,1.0103268887335974,0.3030980666200792,1599
gora| ruth| gayi| pihar| chali| shiv| gaura| bhajan,,,,,,,,,,3.0,90289.33333333333,270868.0,365.3333333333333,13.666666666666666,2026-09-27,0.004197616551235289,0,0,1,1,0,0,0,0.0,0.0,3.0041976165512354,3.0041976165512354,0.9012592849653706,80
got| admin| powers| break| every| egg| steal| roblox,,,,,,,,,,1.0,271027.0,271027.0,4148.0,2372.0,2026-09-30,0.024056643803015934,0,0,1,1,0,0,1,0.0,0.0,1.0240566438030159,1.0240566438030159,0.3072169931409047,936
got| all| upcoming| bundles,,,,,,,,,,1.0,1042382.0,1042382.0,26022.0,3474.0,2026-10-01,0.02829672807089915,0,0,1,1,0,0,1,0.0,0.0,1.0282967280708992,1.0282967280708992,0.30848901842126975,802
got| every| eternal| egg| steal| roblox,,,,,,,,,,1.0,318418.0,318418.0,5910.0,1805.0,2026-09-10,0.024229157899364986,0,0,1,1,0,0,1,0.0,0.0,1.024229157899365,1.024229157899365,0.30726874736980947,929
got| every| secret| hidden| eggs| roblox| steal| egg,,,,,,,,,,1.0,347858.0,347858.0,6490.0,2515.0,2026-09-17,0.025886999867762134,0,0,1,1,0,0,1,0.0,0.0,1.0258869998677622,1.0258869998677622,0.30776609996032867,871
got| hacked| steal| egg| roblox,,,,,,,,,,1.0,576781.0,576781.0,12444.0,2077.0,2026-10-02,0.025175933326513876,0,0,1,1,0,0,1,0.0,0.0,1.0251759333265138,1.0251759333265138,0.3075527799979541,892
got| naruto| bundle| very| low| diamonds| semma| luck,,,,,,,,,,1.0,67134.0,67134.0,3842.0,267.0,2026-09-16,0.061205946316322576,0,0,1,1,0,0,1,0.0,0.0,1.0612059463163226,1.0612059463163226,0.3183617838948968,318
got| revenge| steal| egg,,,,,,,,,,1.0,52531.0,52531.0,1363.0,47.0,2026-09-29,0.026841293712284175,0,0,1,1,0,0,1,0.0,0.0,1.0268412937122842,1.0268412937122842,0.30805238811368524,840
got| stuck| barrier| prison| minecraft| smp,,,,,,,,,,1.0,758484.0,758484.0,17799.0,1137.0,2026-10-04,0.02496558925435474,0,0,1,1,0,0,1,0.0,0.0,1.0249655892543548,1.0249655892543548,0.3074896767763064,902
got| stuck| cave| roblox,,,,,,,,,,1.0,111647.0,111647.0,1533.0,84.0,2026-10-07,0.014483147778265426,0,0,1,1,0,0,1,0.0,0.0,1.0144831477782654,1.0144831477782654,0.30434494433347964,1325
got| trained| elytra| mace| master| senpaispider| minecraft| smp,,,,,,,,,,1.0,302094.0,302094.0,11581.0,695.0,2026-10-04,0.040636358219627,0,0,1,1,0,0,1,0.0,0.0,1.040636358219627,1.040636358219627,0.31219090746588807,502
government |  panel |  study,1.0,1.0,87.0,151.0,2026-10-05 02:12:20,76.5029311711111,,,,,,,,,,,1,0,0,1,0,0,0,0.6111111111111112,0.0,0.0,0.6111111111111112,0.18333333333333335,2798
govinda,,,,,,,55.0,2.0,0.55,,,,,,,,0,1,0,1,0,0,0,0.0,1.55,0.0,1.55,0.6200000000000001,89
govinda| naamamam,,,,,,,,,,1.0,18529.0,18529.0,174.0,1.0,2026-09-11,0.009444654325651681,0,0,1,1,0,0,0,0.0,0.0,1.0094446543256517,1.0094446543256517,0.3028333962976955,1686
govinda| namalu| easy| lyrics| tirumala| darshan| srinivasa| venkateswara,,,,,,,,,,2.0,198241.0,396482.0,380.5,24.0,2026-10-02,0.002040445720108353,0,0,1,1,0,0,0,0.0,0.0,2.0020404457201084,2.0020404457201084,0.6006121337160325,164
govinda| namalu| length,,,,,,,,,,1.0,177458.0,177458.0,338.0,23.0,2026-09-11,0.002034284168648356,0,0,1,1,0,0,0,0.0,0.0,1.0020342841686483,1.0020342841686483,0.30061028525059447,2618
govinda| namalu| original| hari| saturday| special| venkateswara| songs,,,,,,,,,,1.0,126822.0,126822.0,369.0,41.0,2026-09-25,0.003232877576445727,0,0,1,1,0,0,0,0.0,0.0,1.0032328775764456,1.0032328775764456,0.3009698632729337,2405
govinda| namalu| telugu| lyrics| lord| venkateswara| devotional| songs,,,,,,,,,,1.0,136952.0,136952.0,268.0,6.0,2026-09-18,0.0020007009755242714,0,0,1,1,0,0,0,0.0,0.0,1.0020007009755243,1.0020007009755243,0.30060021029265727,2623
govinda| namalu| telugu| lyrics| venkateswara| swamy| songs,,,,,,,,,,1.0,19911.0,19911.0,62.0,2.0,2026-09-11,0.0032143036512480537,0,0,1,1,0,0,0,0.0,0.0,1.003214303651248,1.003214303651248,0.30096429109537437,2416
govt |  calls |  elon,1.0,1.0,75.0,75.0,2026-10-08 04:19:09,2.38932006,,,,,,,,,,,1,0,0,1,1,0,0,0.6111111111111112,0.0,0.0,0.6111111111111112,0.18333333333333335,2798
govt |  sugar |  prices,1.0,1.0,71.0,149.0,2026-10-05 01:58:17,76.73709783777777,,,,,,,,,,,1,0,0,1,0,0,0,0.6111111111111112,0.0,0.0,0.6111111111111112,0.18333333333333335,2798
grandfather |  dead |  lonavla,1.0,1.0,79.0,388.0,2026-10-07 02:28:23,28.23543117111111,,,,,,,,,,,1,0,0,1,0,0,0,0.6111111111111112,0.0,0.0,0.6111111111111112,0.18333333333333335,2798
grandmaster| live| rank| push| free| fire| telugu| munna,,,,,,,,,,13.0,492612.3076923077,6403960.0,5807.615384615385,4.615384615384615,2026-10-04,0.011798793246678619,0,0,1,1,0,0,1,0.0,0.0,13.011798793246678,13.011798793246678,3.9035396379740033,15
grand| finale| tournament| live| iqoo| total| gaming| esports,,,,,,,,,,2.0,211353.0,422706.0,6391.0,70.0,2026-10-01,0.03056971038972714,0,0,1,1,0,0,1,0.0,0.0,2.0305697103897273,2.0305697103897273,0.6091709131169182,95
granny| family| denger| liveshorts| ytshorts| horror,,,,,,,,,,1.0,425274.0,425274.0,1694.0,0.0,2026-10-04,0.0039833142867892225,0,0,1,1,0,0,0,0.0,0.0,1.0039833142867893,1.0039833142867893,0.3011949942860368,2276
granny| grandpa| army| verity| house| funny| horror| animation,,,,,,,,,,1.0,165414.0,165414.0,1348.0,62.0,2026-09-12,0.008524066886720591,0,0,1,1,0,0,0,0.0,0.0,1.0085240668867206,1.0085240668867206,0.30255722006601615,1760
granny| grandpa| robot| legacy| day| shortslive| shortsfeed,,,,,,,,,,2.0,937879.5,1875759.0,1358.5,0.0,2026-09-18,0.001448480321832389,0,0,1,1,0,0,0,0.0,0.0,2.0014484803218324,2.0014484803218324,0.6004345440965497,166
granny| grandpa| spider| man| rides| quad| bikes| house,,,,,,,,,,1.0,260999.0,260999.0,1550.0,61.0,2026-09-11,0.006172437442289051,0,0,1,1,0,0,0,0.0,0.0,1.0061724374422891,1.0061724374422891,0.3018517312326867,1959
granny| grandpa| spider| man| rides| tractors| house| funny,,,,,,,,,,1.0,249961.0,249961.0,1579.0,47.0,2026-09-15,0.006505014782306039,0,0,1,1,0,0,0,0.0,0.0,1.006505014782306,1.006505014782306,0.3019515044346918,1913
granny| helicopter| escape| kar| liya,,,,,,,,,,1.0,157826.0,157826.0,4882.0,1237.0,2026-10-02,0.03877054477715966,0,0,1,1,0,0,1,0.0,0.0,1.0387705447771596,1.0387705447771596,0.31163116343314784,536
granny| horror| game| live| shortslive| shorts| gaming| gabruislive,,,,,,,,,,5.0,544708.4,2723542.0,2476.2,1.0,2026-09-26,0.004547754358111606,0,0,1,1,0,0,0,0.0,0.0,5.004547754358112,5.004547754358112,1.5013643263074334,50
granny| hot| air| balloon| escape| karliya,,,,,,,,,,1.0,3110767.0,3110767.0,63808.0,4515.0,2026-09-08,0.021963393593927155,0,0,1,1,0,0,1,0.0,0.0,1.0219633935939272,1.0219633935939272,0.3065890180781781,1012
granny| house| update| indian| bike| driving,,,,,,,,,,1.0,167621.0,167621.0,3186.0,419.0,2026-09-22,0.021506851766783398,0,0,1,1,0,0,1,0.0,0.0,1.0215068517667834,1.0215068517667834,0.306452055530035,1032
granny| lava| mode| escape| secret,,,,,,,,,,1.0,147390.0,147390.0,2561.0,284.0,2026-10-06,0.01930253070086166,0,0,1,1,0,0,1,0.0,0.0,1.0193025307008616,1.0193025307008616,0.3057907592102585,1118
granny| live| gameplay| shorts| shortsfeed| horror| shortslive,,,,,,,,,,2.0,1385439.5,2770879.0,3919.5,1.0,2026-09-23,0.0028297879481565236,0,0,1,1,0,0,0,0.0,0.0,2.0028297879481567,2.0028297879481567,0.600848936384447,157
granny| live| gameplay| shorts| shortsfeed| shortslive| horror,,,,,,,,,,4.0,475393.0,1901572.0,2873.25,1.25,2026-09-22,0.006046576201164089,0,0,1,1,0,0,0,0.0,0.0,4.006046576201164,4.006046576201164,1.201813972860349,61
granny| live| horror| gamepaly| vampire| grannygame,,,,,,,,,,1.0,1051788.0,1051788.0,0.0,0.0,2026-10-07,0.0,0,0,1,1,0,0,0,0.0,0.0,1.0,1.0,0.3,2789
granny| live| horror| gameplay| grandpa| shortsfeed,,,,,,,,,,1.0,330303.0,330303.0,1786.0,0.0,2026-09-24,0.005407156459372152,0,0,1,1,0,0,0,0.0,0.0,1.005407156459372,1.005407156459372,0.3016221469378116,2048
granny| live| horror| gameplay| shortslive| shortsfeed| ishowspeed| short,,,,,,,,,,1.0,3488209.0,3488209.0,0.0,1.0,2026-09-21,2.866800699155355e-07,0,0,1,1,0,0,0,0.0,0.0,1.00000028668007,1.00000028668007,0.30000008600402095,2788
granny| live| thriller| horror| gamepaly| sus| guy| grannygame,,,,,,,,,,3.0,890638.0,2671914.0,8407.333333333334,3.0,2026-09-14,0.009443043451248806,0,0,1,1,0,0,0,0.0,0.0,3.009443043451249,3.009443043451249,0.9028329130353746,73
granny| live| thriller| horror| gameplay| sus| guy| grannygame,,,,,,,,,,1.0,406234.0,406234.0,12699.0,1.0,2026-09-27,0.031262769733700284,0,0,1,1,0,0,1,0.0,0.0,1.0312627697337002,1.0312627697337002,0.30937883092011004,731
granny| live| thriller| horror| gameplay| sus| guy| grannyshorts,,,,,,,,,,1.0,689936.0,689936.0,8750.0,0.0,2026-10-04,0.012682335752881427,0,0,1,1,0,0,1,0.0,0.0,1.0126823357528814,1.0126823357528814,0.3038047007258644,1420
granny| pregnant| franklin| doctor| gta| gtav| mods,,,,,,,,,,1.0,79133.0,79133.0,1371.0,42.0,2026-09-17,0.01785601455776983,0,0,1,1,0,0,1,0.0,0.0,1.0178560145577698,1.0178560145577698,0.3053568043673309,1174
granny| reworked| too| much,,,,,,,,,,1.0,963795.0,963795.0,40366.0,2655.0,2026-10-06,0.04463708568730902,0,0,1,1,0,0,1,0.0,0.0,1.044637085687309,1.044637085687309,0.3133911257061927,443
granny| sabse| dangerous| house| door| live,,,,,,,,,,1.0,327397.0,327397.0,798.0,2.0,2026-09-12,0.0024435165868960315,0,0,1,1,0,0,0,0.0,0.0,1.0024435165868961,1.0024435165868961,0.30073305497606884,2557
granny| sabse| dangerous| house| live,,,,,,,,,,2.0,484620.0,969240.0,1035.0,1.0,2026-09-14,0.002137757418183319,0,0,1,1,0,0,0,0.0,0.0,2.002137757418183,2.002137757418183,0.6006413272254549,163
granny| sinchan| kidnap| kar| liya| indian| theft| auto,,,,,,,,,,1.0,475791.0,475791.0,0.0,100.0,2026-09-27,0.00021017631691225768,0,0,1,1,0,0,0,0.0,0.0,1.0002101763169122,1.0002101763169122,0.3000630528950737,2724
granny| spider| kid| verity| house| funny| horror| animation,,,,,,,,,,1.0,330584.0,330584.0,1576.0,59.0,2026-09-20,0.004945792899837862,0,0,1,1,0,0,0,0.0,0.0,1.0049457928998378,1.0049457928998378,0.3014837378699513,2111
granny| spider| man| grandpa| rides| quad| bikes| house,,,,,,,,,,1.0,194909.0,194909.0,1271.0,60.0,2026-09-16,0.00682882781195327,0,0,1,1,0,0,0,0.0,0.0,1.0068288278119533,1.0068288278119533,0.30204864834358597,1886
granny| train| jack| hamla| indian| auto| theft| simulator,,,,,,,,,,1.0,50214.0,50214.0,254.0,5.0,2026-09-30,0.005157924084916557,0,0,1,1,0,0,0,0.0,0.0,1.0051579240849167,1.0051579240849167,0.301547377225475,2078
granny| train| machaya| tabahi| indian| auto| theft| simulator,,,,,,,,,,1.0,143809.0,143809.0,548.0,10.0,2026-09-24,0.0038801465833153696,0,0,1,1,0,0,0,0.0,0.0,1.0038801465833154,1.0038801465833154,0.3011640439749946,2296
granny| update| balloon| escape,,,,,,,,,,1.0,420850.0,420850.0,16461.0,1225.0,2026-09-26,0.042024474278246404,0,0,1,1,0,0,1,0.0,0.0,1.0420244742782465,1.0420244742782465,0.3126073422834739,474
granny| update| vent| escape| spider| mom| hand| canon,,,,,,,,,,1.0,226478.0,226478.0,7036.0,783.0,2026-09-25,0.03452432465846572,0,0,1,1,0,0,1,0.0,0.0,1.0345243246584657,1.0345243246584657,0.3103572973975397,640
great |  indian |  bustard,1.0,1.0,76.0,76.0,2026-10-05 14:22:27,64.33432006,,,,,,,,,,,1,0,0,1,0,0,0,0.6111111111111112,0.0,0.0,0.6111111111111112,0.18333333333333335,2798
great| warriors| masoom| sharma| amar| karnawal| pinna| music,,,,,,,,,,1.0,712182.0,712182.0,32011.0,2949.0,2026-09-28,0.04908857567307233,0,0,1,1,0,0,1,0.0,0.0,1.0490885756730723,1.0490885756730723,0.31472657270192167,395
green| grass| home,,,,,,,,,,1.0,163852.0,163852.0,101.0,0.0,2026-10-02,0.0006164099309132632,0,0,1,1,0,0,0,0.0,0.0,1.0006164099309132,1.0006164099309132,0.30018492297927396,2715
green| hulk| family| red| venom| franklin| indian| bike,,,,,,,,,,1.0,201940.0,201940.0,0.0,6.0,2026-09-16,2.971179558284639e-05,0,0,1,1,0,0,0,0.0,0.0,1.0000297117955828,1.0000297117955828,0.3000089135386748,2777
grew| super| long| tongue| roblox,,,,,,,,,,1.0,264583.0,264583.0,2578.0,176.0,2026-09-15,0.010408832011126943,0,0,1,1,0,0,0,0.0,0.0,1.0104088320111269,1.0104088320111269,0.30312264960333807,1595
grey| hair| treatment,,,,,,,,,,1.0,190576.0,190576.0,1488.0,59.0,2026-09-09,0.0081174964318697,0,0,1,1,0,0,0,0.0,0.0,1.0081174964318698,1.0081174964318698,0.3024352489295609,1793
grind| bmsd| day| godlsaum4y,,,,,,,,,,5.0,364085.8,1820429.0,9473.8,65.6,2026-09-16,0.02620096691494148,0,0,1,1,0,0,1,0.0,0.0,5.026200966914941,5.026200966914941,1.5078602900744824,46
grind| bmsd| day| godlsaum4y| raven| championship| series,,,,,,,,,,1.0,472790.0,472790.0,13189.0,36.0,2026-09-12,0.027972249836079443,0,0,1,1,0,0,1,0.0,0.0,1.0279722498360795,1.0279722498360795,0.3083916749508238,815
grown |  into |  exceptional,1.0,1.0,75.0,75.0,2026-10-08 05:03:57,1.6426533933333334,,,,,,,,,,,1,0,0,1,1,0,0,0.6111111111111112,0.0,0.0,0.6111111111111112,0.18333333333333335,2798
growth |  inflation |  economic,1.0,1.0,86.0,450.0,2026-10-07 05:51:28,24.850708948888887,,,,,,,,,,,1,0,0,1,0,0,0,0.6111111111111112,0.0,0.0,0.6111111111111112,0.18333333333333335,2798
gta5| shinchan| fills| franklin| swimming| pool| chocolate| gta,,,,,,,,,,1.0,44906.0,44906.0,555.0,24.0,2026-09-19,0.012893599964370017,0,0,1,1,0,0,1,0.0,0.0,1.01289359996437,1.01289359996437,0.303868079989311,1412
gta5| shinchan| frooti| here| franklin| start| mango| juice,,,,,,,,,,1.0,59079.0,59079.0,1914.0,81.0,2026-09-09,0.03376834408165338,0,0,1,1,0,0,1,0.0,0.0,1.0337683440816534,1.0337683440816534,0.31013050322449603,661
gta| 1000| jcb| world| biggest| stole| showroom,,,,,,,,,,1.0,299401.0,299401.0,527.0,2.0,2026-09-29,0.0017668611661283697,0,0,1,1,0,0,0,0.0,0.0,1.0017668611661283,1.0017668611661283,0.3005300583498385,2646
gta| chennai| using| chatgpt| making| tamil,,,,,,,,,,1.0,967620.0,967620.0,41515.0,1067.0,2026-09-27,0.04400694487505426,0,0,1,1,0,0,1,0.0,0.0,1.0440069448750542,1.0440069448750542,0.31320208346251627,450
gta| daily| chill| stream| chaos| live| gta5| shorts,,,,,,,,,,10.0,1010830.8,10108308.0,2617.2,0.4,2026-09-28,0.0025895530686243433,0,0,1,1,0,0,0,0.0,0.0,10.002589553068624,10.002589553068624,3.0007768659205873,21
gta| end| spider| man| telugu,,,,,,,,,,1.0,462287.0,462287.0,3357.0,412.0,2026-09-13,0.008152943950403104,0,0,1,1,0,0,0,0.0,0.0,1.0081529439504031,1.0081529439504031,0.30244588318512095,1788
gta| epic| water| ragdolls| spiderman| jump| fails| shorts,,,,,,,,,,1.0,7318606.0,7318606.0,13557.0,0.0,2026-09-19,0.0018524019464909028,0,0,1,1,0,0,0,0.0,0.0,1.001852401946491,1.001852401946491,0.30055572058394725,2643
gta| franklin| biggest| plan| escape| prison| mods,,,,,,,,,,1.0,290379.0,290379.0,5694.0,399.0,2026-09-27,0.020982922318762722,0,0,1,1,0,0,1,0.0,0.0,1.0209829223187628,1.0209829223187628,0.3062948766956288,1046
gta| franklin| found| last| mysterious| foot| print| mods,,,,,,,,,,1.0,329295.0,329295.0,6710.0,390.0,2026-10-02,0.021561214108929683,0,0,1,1,0,0,1,0.0,0.0,1.0215612141089296,1.0215612141089296,0.30646836423267887,1030
gta| franklin| found| secret| treasure| map| mods,,,,,,,,,,1.0,234667.0,234667.0,5427.0,659.0,2026-10-06,0.02593462225195703,0,0,1,1,0,0,1,0.0,0.0,1.025934622251957,1.025934622251957,0.3077803866755871,870
gta| franklin| made| boundary| much| higher| save| his,,,,,,,,,,1.0,352087.0,352087.0,5553.0,487.0,2026-10-07,0.017154850931729942,0,0,1,1,0,0,1,0.0,0.0,1.0171548509317299,1.0171548509317299,0.30514645527951895,1204
gta| franklin| meets| serbian| dancing| lady| vinayagar| chaturthi,,,,,,,,,,1.0,46578.0,46578.0,628.0,11.0,2026-09-14,0.013718923096740951,0,0,1,1,0,0,1,0.0,0.0,1.013718923096741,1.013718923096741,0.30411567692902225,1365
gta| franklin| rescues| spiderman| serbian| dancing| lady| tamil,,,,,,,,,,1.0,61160.0,61160.0,1433.0,28.0,2026-09-16,0.023888162197514714,0,0,1,1,0,0,1,0.0,0.0,1.0238881621975147,1.0238881621975147,0.3071664486592544,945
gta| franklin| saved| his| house| own| hands| mods,,,,,,,,,,1.0,604583.0,604583.0,8390.0,647.0,2026-10-03,0.014947492734661743,0,0,1,1,0,0,1,0.0,0.0,1.0149474927346618,1.0149474927346618,0.3044842478203985,1305
gta| franklin| shinchan| build| world| longest| ktm| duke,,,,,,,,,,1.0,167984.0,167984.0,1857.0,77.0,2026-10-04,0.011513001238213163,0,0,1,1,0,0,1,0.0,0.0,1.0115130012382132,1.0115130012382132,0.30345390037146397,1510
gta| franklin| shinchan| built| giant| ice| cream| fun,,,,,,,,,,1.0,198256.0,198256.0,2355.0,57.0,2026-09-26,0.012166088289887822,0,0,1,1,0,0,1,0.0,0.0,1.0121660882898877,1.0121660882898877,0.3036498264869663,1457
gta| franklin| shinchan| built| secret| bunker| escape| kamla,,,,,,,,,,1.0,216888.0,216888.0,1952.0,37.0,2026-09-25,0.009170631846851832,0,0,1,1,0,0,0,0.0,0.0,1.0091706318468519,1.0091706318468519,0.30275118955405556,1715
gta| franklin| shinchan| built| secret| bunker| escape| scary,,,,,,,,,,1.0,109290.0,109290.0,1105.0,14.0,2026-10-03,0.010238814164150425,0,0,1,1,0,0,0,0.0,0.0,1.0102388141641505,1.0102388141641505,0.30307164424924515,1609
gta| franklin| shinchan| built| secret| bunker| escape| serbian,,,,,,,,,,1.0,214349.0,214349.0,2093.0,95.0,2026-09-19,0.010207652006773999,0,0,1,1,0,0,0,0.0,0.0,1.010207652006774,1.010207652006774,0.3030622956020322,1613
gta| franklin| shinchan| celebrating| vinayaka| chavithi| festival| telugu,,,,,,,,,,1.0,76194.0,76194.0,1092.0,65.0,2026-09-14,0.015184922697325248,0,0,1,1,0,0,1,0.0,0.0,1.0151849226973253,1.0151849226973253,0.3045554768091976,1293
gta| franklin| shinchan| found| monster| mosquito| fun| bommalu,,,,,,,,,,1.0,109645.0,109645.0,954.0,13.0,2026-09-19,0.008819371608372475,0,0,1,1,0,0,0,0.0,0.0,1.0088193716083724,1.0088193716083724,0.30264581148251174,1730
gta| franklin| shinchan| found| secret| stairway| moon| telugu,,,,,,,,,,1.0,203773.0,203773.0,4027.0,21.0,2026-10-05,0.019865242205787812,0,0,1,1,0,0,1,0.0,0.0,1.019865242205788,1.019865242205788,0.30595957266173635,1094
gta| franklin| shinchan| open| all| mystery| containers| telugu,,,,,,,,,,1.0,68937.0,68937.0,510.0,4.0,2026-09-29,0.007456083090357863,0,0,1,1,0,0,0,0.0,0.0,1.0074560830903578,1.0074560830903578,0.30223682492710735,1838
gta| franklin| shinchan| start| luxury| bus| trip| north,,,,,,,,,,1.0,112619.0,112619.0,957.0,36.0,2026-10-01,0.00881733988048198,0,0,1,1,0,0,0,0.0,0.0,1.008817339880482,1.008817339880482,0.30264520196414463,1731
gta| franklin| shinchan| upgrade| their| noob| car| god,,,,,,,,,,1.0,96175.0,96175.0,1950.0,65.0,2026-09-16,0.02095139069404731,0,0,1,1,0,0,1,0.0,0.0,1.0209513906940473,1.0209513906940473,0.3062854172082142,1050
gta| franklin| shinchan| went| into| serpent| portal| fun,,,,,,,,,,1.0,120450.0,120450.0,1319.0,9.0,2026-10-03,0.011025321710253217,0,0,1,1,0,0,1,0.0,0.0,1.0110253217102532,1.0110253217102532,0.3033075965130759,1548
gta| franklin| tried| hide| ghost| mods,,,,,,,,,,1.0,273226.0,273226.0,5174.0,382.0,2026-09-30,0.020334814402728878,0,0,1,1,0,0,1,0.0,0.0,1.0203348144027289,1.0203348144027289,0.3061004443208187,1072
gta| game| here| yaatri,,,,,,,,,,1.0,138620.0,138620.0,1645.0,280.0,2026-09-06,0.013886885009378156,0,0,1,1,0,0,1,0.0,0.0,1.013886885009378,1.013886885009378,0.3041660655028134,1359
gta| live| 100,,,,,,,,,,4.0,702501.5,2810006.0,2327.5,2.75,2026-09-14,0.0033170747678118837,0,0,1,1,0,0,0,0.0,0.0,4.0033170747678115,4.0033170747678115,1.2009951224303435,64
gta| live| 100| cars| monster| train,,,,,,,,,,7.0,560225.2857142857,3921577.0,1922.4285714285713,0.14285714285714285,2026-10-01,0.0034317826731439928,0,0,1,1,0,0,0,0.0,0.0,7.003431782673144,7.003431782673144,2.101029534801943,37
gta| live| 100| cars| train,,,,,,,,,,2.0,297081.0,594162.0,1407.5,0.5,2026-09-11,0.0047394481639687494,0,0,1,1,0,0,0,0.0,0.0,2.004739448163969,2.004739448163969,0.6014218344491906,130
gta| live| 100| who| will| survive| shortsfeed| shortslive,,,,,,,,,,15.0,957377.3333333334,14360660.0,2896.133333333333,0.6666666666666666,2026-10-07,0.003025766225229202,0,0,1,1,0,0,0,0.0,0.0,15.00302576622523,15.00302576622523,4.500907729867569,14
gta| live| crazy| missions| funny| moments| prime| gourav,,,,,,,,,,1.0,539992.0,539992.0,3254.0,1.0,2026-09-10,0.006027867079512289,0,0,1,1,0,0,0,0.0,0.0,1.0060278670795122,1.0060278670795122,0.30180836012385365,1972
gta| live| don| blink| secret| mod| activated| 133,,,,,,,,,,1.0,706029.0,706029.0,1222.0,0.0,2026-09-19,0.001730807091493409,0,0,1,1,0,0,0,0.0,0.0,1.0017308070914934,1.0017308070914934,0.300519242127448,2650
gta| live| don| blink| secret| mod| activated| 135,,,,,,,,,,1.0,419112.0,419112.0,596.0,1.0,2026-09-20,0.001424440245089618,0,0,1,1,0,0,0,0.0,0.0,1.0014244402450896,1.0014244402450896,0.30042733207352684,2672
gta| live| don| blink| secret| mod| activated| 143,,,,,,,,,,1.0,489720.0,489720.0,577.0,0.0,2026-09-24,0.0011782242914318386,0,0,1,1,0,0,0,0.0,0.0,1.0011782242914318,1.0011782242914318,0.3003534672874295,2685
gta| live| don| blink| secret| mod| activated| 144,,,,,,,,,,1.0,4475624.0,4475624.0,4726.0,0.0,2026-09-25,0.0010559421434865842,0,0,1,1,0,0,0,0.0,0.0,1.0010559421434866,1.0010559421434866,0.30031678264304595,2694
gta| live| don| blink| secret| mod| activated| 148,,,,,,,,,,1.0,3334830.0,3334830.0,3666.0,3.0,2026-09-27,0.0011002060075026314,0,0,1,1,0,0,0,0.0,0.0,1.0011002060075027,1.0011002060075027,0.3003300618022508,2691
gta| live| don| blink| secret| mod| activated| 161,,,,,,,,,,1.0,862881.0,862881.0,972.0,0.0,2026-09-30,0.0011264589207550055,0,0,1,1,0,0,0,0.0,0.0,1.001126458920755,1.001126458920755,0.30033793767622646,2689
gta| live| don| blink| secret| mod| activated| 165,,,,,,,,,,1.0,2936835.0,2936835.0,2278.0,1.0,2026-10-01,0.0007760054616619592,0,0,1,1,0,0,0,0.0,0.0,1.000776005461662,1.000776005461662,0.3002328016384986,2710
gta| live| don| blink| secret| mod| activated| 170,,,,,,,,,,1.0,1285704.0,1285704.0,1433.0,1.0,2026-10-03,0.0011153422560713818,0,0,1,1,0,0,0,0.0,0.0,1.0011153422560715,1.0011153422560715,0.30033460267682144,2690
gta| live| don| blink| secret| mod| activated| gta5,,,,,,,,,,8.0,2147655.75,17181246.0,3080.25,0.5,2026-09-16,0.001434471050586203,0,0,1,1,0,0,0,0.0,0.0,8.001434471050587,8.001434471050587,2.4004303413151757,31
gta| live| don| blink| secret| mod| activated| gtalive,,,,,,,,,,23.0,3909228.5217391304,89912256.0,4396.826086956522,0.5652173913043478,2026-10-08,0.001124874455380143,0,0,1,1,0,0,0,0.0,0.0,23.001124874455382,23.001124874455382,6.900337462336615,6
gta| live| don| blink| used| secret| mod| stream,,,,,,,,,,1.0,913618.0,913618.0,1395.0,0.0,2026-09-24,0.0015268963614990072,0,0,1,1,0,0,0,0.0,0.0,1.001526896361499,1.001526896361499,0.30045806890844967,2665
gta| live| funny| epic| gameplay| gta5| gtav| gaming,,,,,,,,,,1.0,605704.0,605704.0,1770.0,0.0,2026-09-29,0.0029222194339149155,0,0,1,1,0,0,0,0.0,0.0,1.002922219433915,1.002922219433915,0.3008766658301745,2481
gta| live| gameplay| challenges,,,,,,,,,,8.0,2222897.875,17783183.0,4234.75,1.125,2026-10-08,0.00190556437506154,0,0,1,1,0,0,0,0.0,0.0,8.001905564375061,8.001905564375061,2.400571669312518,30
gta| live| gta5| gtav| gaming,,,,,,,,,,46.0,2072490.5652173914,95334566.0,3571.086956521739,0.5217391304347826,2026-10-07,0.001723341353439423,0,0,1,1,0,0,0,0.0,0.0,46.00172334135344,46.00172334135344,13.800517002406032,2
gta| live| gta5| shortsfeed| shorts| gaming,,,,,,,,,,9.0,1209481.111111111,10885330.0,3576.777777777778,0.1111111111111111,2026-10-02,0.002957374741969238,0,0,1,1,0,0,0,0.0,0.0,9.00295737474197,9.00295737474197,2.700887212422591,25
gta| live| gta5| shortsfeed| viral| technogamerz,,,,,,,,,,7.0,1720788.4285714286,12045519.0,1330.857142857143,0.0,2026-10-07,0.0007733996351672352,0,0,1,1,0,0,0,0.0,0.0,7.000773399635167,7.000773399635167,2.10023201989055,39
gta| live| gta5| shortslive| gaming,,,,,,,,,,20.0,1678036.3,33560726.0,3758.75,1.95,2026-10-07,0.002241131493996882,0,0,1,1,0,0,0,0.0,0.0,20.002241131493996,20.002241131493996,6.000672339448198,7
gta| live| hr20| gamerz| gta5| gtav| gaming,,,,,,,,,,3.0,1159928.6666666667,3479786.0,1456.6666666666667,0.6666666666666666,2026-09-30,0.0012563991004044502,0,0,1,1,0,0,0,0.0,0.0,3.0012563991004044,3.0012563991004044,0.9003769197301212,84
gta| live| mrrajaplay| gtalive| gtaonline| gta5| gtav| gaming,,,,,,,,,,1.0,991128.0,991128.0,781.0,0.0,2026-09-06,0.00078799105665464,0,0,1,1,0,0,0,0.0,0.0,1.0007879910566546,1.0007879910566546,0.30023639731699636,2709
gta| live| parkour| mrrajaplay| gtalive| gtaonline| gta5| gtav,,,,,,,,,,13.0,7271156.769230769,94525038.0,3853.923076923077,0.46153846153846156,2026-10-03,0.000530092355001222,0,0,1,1,0,0,0,0.0,0.0,13.000530092355001,13.000530092355001,3.9001590277065,16
gta| live| shortsfeed| shortlive| gta5| shorts,,,,,,,,,,2.0,1303901.0,2607802.0,0.0,0.0,2026-09-10,0.0,0,0,1,1,0,0,0,0.0,0.0,2.0,2.0,0.6,175
gta| live| shortsfeed| shortslive| shorts| gta5,,,,,,,,,,29.0,2665196.4827586208,77290698.0,9583.0,1.1724137931034482,2026-10-07,0.0035960472242080152,0,0,1,1,0,0,0,0.0,0.0,29.003596047224207,29.003596047224207,8.701078814167262,4
gta| live| shortslive| shortsfeed| gta5| gtagameplay,,,,,,,,,,8.0,1784700.125,14277601.0,1369.75,0.5,2026-10-02,0.0007677760430481283,0,0,1,1,0,0,0,0.0,0.0,8.000767776043048,8.000767776043048,2.400230332812914,32
gta| live| shortslive| shortsfeed| gta5| gtagameplay| gtaonline,,,,,,,,,,5.0,2007563.6,10037818.0,1179.6,0.0,2026-09-25,0.0005875778979057001,0,0,1,1,0,0,0,0.0,0.0,5.000587577897906,5.000587577897906,1.5001762733693718,54
gta| live| stopping| train| gta5| gtaonline| gta5mods| shortsfeed,,,,,,,,,,7.0,952774.8571428572,6669424.0,5817.571428571428,0.2857142857142857,2026-10-03,0.006106224465561044,0,0,1,1,0,0,0,0.0,0.0,7.006106224465561,7.006106224465561,2.1018318673396683,35
gta| live| stream| gtav| gaming| livestream| livegaming| gtavlive,,,,,,,,,,2.0,2425252.5,4850505.0,4501.0,0.0,2026-09-12,0.0018558892321521162,0,0,1,1,0,0,0,0.0,0.0,2.0018558892321523,2.0018558892321523,0.6005567667696456,165
gta| live| train| 100| luxury| cars,,,,,,,,,,19.0,1036231.2631578947,19688394.0,1995.3157894736842,0.21052631578947367,2026-10-07,0.0019257538222772258,0,0,1,1,0,0,0,0.0,0.0,19.001925753822277,19.001925753822277,5.700577726146683,8
gta| live| white| mountain| lion| hunting| challenge| shorts,,,,,,,,,,1.0,3768260.0,3768260.0,10482.0,0.0,2026-09-06,0.002781655193643751,0,0,1,1,0,0,0,0.0,0.0,1.0027816551936437,1.0027816551936437,0.3008344965580931,2506
gta| trial| live| mega| ramp| fun| gaming,,,,,,,,,,1.0,815403.0,815403.0,2621.0,0.0,2026-09-20,0.003214361487509857,0,0,1,1,0,0,0,0.0,0.0,1.0032143614875098,1.0032143614875098,0.30096430844625294,2415
gta| zombie| apocalypse| begins| franklin| trapped| city| telugu,,,,,,,,,,1.0,83918.0,83918.0,988.0,47.0,2026-09-15,0.01233346838580519,0,0,1,1,0,0,1,0.0,0.0,1.0123334683858052,1.0123334683858052,0.30370004051574157,1447
guarantees |  sooryavanshi |  india,1.0,1.0,86.0,86.0,2026-10-06 06:52:38,47.83126450444445,,,,,,,,,,,1,0,0,1,0,0,0,0.6111111111111112,0.0,0.0,0.6111111111111112,0.18333333333333335,2798
guess| word| challenge,,,,,,,,,,1.0,350842.0,350842.0,22152.0,739.0,2026-10-07,0.06524589416318456,0,0,1,1,0,0,1,0.0,0.0,1.0652458941631846,1.0652458941631846,0.3195737682489554,307
guild| war| masti| live| tls| warrior| stream| freefire,,,,,,,,,,1.0,280165.0,280165.0,5215.0,48.0,2026-09-23,0.018785358627951387,0,0,1,1,0,0,1,0.0,0.0,1.0187853586279514,1.0187853586279514,0.3056356075883854,1145
guitarist,,,,,,,,,,1.0,668729.0,668729.0,10044.0,234.0,2026-09-08,0.015369454592218971,0,0,1,1,0,0,1,0.0,0.0,1.015369454592219,1.015369454592219,0.3046108363776657,1285
gujarat |  captive |  ethiopia,1.0,1.0,78.0,141.0,2026-10-01 14:22:18,160.33682006,,,,,,,,,,,1,0,0,1,0,0,0,0.6111111111111112,0.0,0.0,0.6111111111111112,0.18333333333333335,2798
gujarat |  compulsorily |  officers,1.0,1.0,75.0,129.0,2026-10-01 16:14:19,158.46987561555557,,,,,,,,,,,1,0,0,1,0,0,0,0.6111111111111112,0.0,0.0,0.6111111111111112,0.18333333333333335,2798
gujarat |  hours |  every,1.0,1.0,74.0,133.0,2026-10-07 01:29:22,29.219042282222222,,,,,,,,,,,1,0,0,1,0,0,0,0.6111111111111112,0.0,0.0,0.6111111111111112,0.18333333333333335,2798
gujarat |  modis |  minister,1.0,1.0,82.0,138.0,2026-10-07 02:28:06,28.240153393333333,,,,,,,,,,,1,0,0,1,0,0,0,0.6111111111111112,0.0,0.0,0.6111111111111112,0.18333333333333335,2798
gujarati| ramdevpir| bhajan| 2026,,,,,,,,,,1.0,12761.0,12761.0,159.0,4.0,2026-09-11,0.012773293629025939,0,0,1,1,0,0,1,0.0,0.0,1.012773293629026,1.012773293629026,0.30383198808870776,1418
gumthalagala| paradise| nani| keerthy| suresh| anirudh| ravichander| srikanth,,,,,,,,,,1.0,567960.0,567960.0,10490.0,894.0,2026-09-21,0.020043665046834285,0,0,1,1,0,0,1,0.0,0.0,1.0200436650468343,1.0200436650468343,0.30601309951405026,1086
gunjan| singh| shilpi| raj| rangdari| hamre| rahi| bhojpuri,,,,,,,,,,1.0,743282.0,743282.0,4352.0,651.0,2026-09-09,0.006730958102039334,0,0,1,1,0,0,0,0.0,0.0,1.0067309581020394,1.0067309581020394,0.3020192874306118,1895
gunratan| sadavarte| live,,,,,,,,,,1.0,48650.0,48650.0,178.0,0.0,2026-09-16,0.003658787255909558,0,0,1,1,0,0,0,0.0,0.0,1.0036587872559095,1.0036587872559095,0.3010976361767728,2332
gurgaon| filmy| amor| haryanvi| 2026| real| music,,,,,,,,,,1.0,406394.0,406394.0,6826.0,577.0,2026-09-29,0.018216312248704458,0,0,1,1,0,0,1,0.0,0.0,1.0182163122487045,1.0182163122487045,0.3054648936746113,1160
gurugram,,,,,,,63.0,1.0,0.63,,,,,,,,0,1,0,1,0,0,0,0.0,1.13,0.0,1.13,0.45199999999999996,206
gurugram |  police |  lost,1.0,1.0,95.0,128.0,2026-10-05 07:43:20,70.98626450444445,,,,,,,,,,,1,0,0,1,0,0,0,0.6111111111111112,0.0,0.0,0.6111111111111112,0.18333333333333335,2798
gurugram |  residents |  question,1.0,1.0,73.0,114.0,2026-10-05 10:37:22,68.0857089488889,,,,,,,,,,,1,0,0,1,0,0,0,0.6111111111111112,0.0,0.0,0.6111111111111112,0.18333333333333335,2798
guruvara| banthamma| kannada| sri| guru| raghavendra| swamy| devotional,,,,,,,,,,1.0,144205.0,144205.0,504.0,14.0,2026-09-09,0.003592108456710932,0,0,1,1,0,0,0,0.0,0.0,1.003592108456711,1.003592108456711,0.3010776325370133,2345
guruvara| banthamma| sri| raghavendra| swamy| kannada| devotional| songs,,,,,,,,,,1.0,50343.0,50343.0,204.0,4.0,2026-09-30,0.004131656834117951,0,0,1,1,0,0,0,0.0,0.0,1.0041316568341179,1.0041316568341179,0.30123949705023534,2253
guru| randhawa| eyes,,,,,,,,,,1.0,3839746.0,3839746.0,68671.0,3884.0,2026-09-15,0.01889578112718914,0,0,1,1,0,0,1,0.0,0.0,1.018895781127189,1.018895781127189,0.3056687343381567,1138
guru| randhawa| fosho| bhushan| kumar,,,,,,,,,,1.0,8521655.0,8521655.0,121705.0,10824.0,2026-10-06,0.015552025985562663,0,0,1,1,0,0,1,0.0,0.0,1.0155520259855626,1.0155520259855626,0.30466560779566876,1276
guzarish| audio| satinder| sartaaj| bhushan| kumar,,,,,,,,,,1.0,270558.0,270558.0,3690.0,126.0,2026-09-25,0.014104184684984365,0,0,1,1,0,0,1,0.0,0.0,1.0141041846849843,1.0141041846849843,0.3042312554054953,1347
guzarish| lyrical| satinder| sartaaj| bhushan| kumar,,,,,,,,,,1.0,2222871.0,2222871.0,26779.0,926.0,2026-09-27,0.012463611248695943,0,0,1,1,0,0,1,0.0,0.0,1.012463611248696,1.012463611248696,0.3037390833746088,1432
gyanesh |  done |  india,1.0,1.0,64.0,64.0,2026-10-06 06:52:38,47.83126450444445,,,,,,,,,,,1,0,0,1,0,0,0,0.6111111111111112,0.0,0.0,0.6111111111111112,0.18333333333333335,2798
gyanesh |  kumar |  amid,1.0,1.0,70.0,101.0,2026-10-08 05:46:26,0.9345978377777778,,,,,,,,,,,1,0,0,1,1,0,0,0.6111111111111112,0.0,0.0,0.6111111111111112,0.18333333333333335,2798
gyanesh |  kumar |  india,2.0,2.0,104.5,195.0,2026-10-06 03:17:35,51.415431171111116,,,,,,,,,,,1,0,0,1,0,0,0,1.2222222222222223,0.0,0.0,1.2222222222222223,0.3666666666666667,223
gyanesh |  kumar |  live,1.0,1.0,100.0,255.0,2026-10-07 03:37:57,27.075986726666667,,,,,,,,,,,1,0,0,1,0,0,0,0.6111111111111112,0.0,0.0,0.6111111111111112,0.18333333333333335,2798
gyanesh |  kumar |  news,1.0,1.0,114.0,248.0,2026-10-08 04:30:57,2.1926533933333334,,,,,,,,,,,1,0,0,1,1,0,0,0.6111111111111112,0.0,0.0,0.6111111111111112,0.18333333333333335,2798
gyanesh |  kumar |  proved,1.0,1.0,109.0,133.0,2026-10-05 15:24:07,63.306542282222225,,,,,,,,,,,1,0,0,1,0,0,0,0.6111111111111112,0.0,0.0,0.6111111111111112,0.18333333333333335,2798
gyanesh |  kumar |  refuses,1.0,1.0,78.0,144.0,2026-10-05 08:21:50,70.34459783777778,,,,,,,,,,,1,0,0,1,0,0,0,0.6111111111111112,0.0,0.0,0.6111111111111112,0.18333333333333335,2798
gyangaming| gta| live,,,,,,,,,,3.0,743702.6666666666,2231108.0,8486.333333333334,8.333333333333334,2026-09-19,0.011422127481054258,0,0,1,1,0,0,1,0.0,0.0,3.011422127481054,3.011422127481054,0.9034266382443162,71
gym| skyblock| battle| minecraft,,,,,,,,,,1.0,975323.0,975323.0,9424.0,397.0,2026-09-11,0.010069484673282595,0,0,1,1,0,0,0,0.0,0.0,1.0100694846732825,1.0100694846732825,0.30302084540198476,1625
haal| kya| hai| dilon| poocho,,,,,,,,,,1.0,359753.0,359753.0,507.0,0.0,2026-09-14,0.0014093002699074088,0,0,1,1,0,0,0,0.0,0.0,1.0014093002699074,1.0014093002699074,0.3004227900809722,2674
haan| daan| maange| aditya| gadhvi,,,,,,,,,,1.0,195547.0,195547.0,7267.0,392.0,2026-09-24,0.03916705446772387,0,0,1,1,0,0,1,0.0,0.0,1.0391670544677238,1.0391670544677238,0.31175011634031713,522
haathi| ghoda| palki| jai| kanhaiya| lal,,,,,,,,,,1.0,452565.0,452565.0,3267.0,127.0,2026-09-03,0.007499475213505242,0,0,1,1,0,0,0,0.0,0.0,1.0074994752135051,1.0074994752135051,0.3022498425640515,1829
haaye| jatta| happy| raikoti| latest| punjabi| songs| 2026,,,,,,,,,,1.0,1620411.0,1620411.0,18200.0,1159.0,2026-10-06,0.011946969009714202,0,0,1,1,0,0,1,0.0,0.0,1.0119469690097143,1.0119469690097143,0.30358409070291426,1472
hacked| into| freinds| account| steal| egg| roblox,,,,,,,,,,1.0,412503.0,412503.0,8291.0,1330.0,2026-09-22,0.02332346673842372,0,0,1,1,0,0,1,0.0,0.0,1.0233234667384237,1.0233234667384237,0.3069970400215271,969
hacked| jack| account| steal| egg| roblox,,,,,,,,,,1.0,838272.0,838272.0,26870.0,1447.0,2026-10-05,0.03378020499312872,0,0,1,1,0,0,1,0.0,0.0,1.0337802049931286,1.0337802049931286,0.3101340614979386,660
haiku| aegan| sri| devi| femina| george| yuvraj| chinnasamy,,,,,,,,,,1.0,1490647.0,1490647.0,14718.0,300.0,2026-10-06,0.010074819860101017,0,0,1,1,0,0,0,0.0,0.0,1.010074819860101,1.010074819860101,0.3030224459580303,1623
hair |  girl |  rapunzel,1.0,1.0,102.0,143.0,2026-10-03 06:49:33,119.88265339333333,,,,,,,,,,,1,0,0,1,0,0,0,0.6111111111111112,0.0,0.0,0.6111111111111112,0.18333333333333335,2798
hai| meri| kiran| sonakshi| sinha| zaheer| karan| rawal,,,,,,,,,,1.0,2064242.0,2064242.0,9927.0,478.0,2026-10-06,0.005040591170996424,0,0,1,1,0,0,0,0.0,0.0,1.0050405911709965,1.0050405911709965,0.3015121773512989,2097
halak| gya| gurjas| sidhu| deepak| dhillon| pooja| rajput,,,,,,,,,,1.0,1294812.0,1294812.0,7808.0,241.0,2026-09-26,0.006216346465741745,0,0,1,1,0,0,0,0.0,0.0,1.0062163464657417,1.0062163464657417,0.3018649039397225,1951
handshake |  india |  iyer,1.0,1.0,79.0,392.0,2026-10-03 04:18:33,122.39932006,,,,,,,,,,,1,0,0,1,0,0,0,0.6111111111111112,0.0,0.0,0.6111111111111112,0.18333333333333335,2798
handshake |  toss |  india,1.0,1.0,98.0,98.0,2026-10-03 05:44:55,120.95987561555555,,,,,,,,,,,1,0,0,1,0,0,0,0.6111111111111112,0.0,0.0,0.6111111111111112,0.18333333333333335,2798
handshakes |  delayed |  ceremony,1.0,1.0,86.0,86.0,2026-10-04 06:19:38,96.38126450444445,,,,,,,,,,,1,0,0,1,0,0,0,0.6111111111111112,0.0,0.0,0.6111111111111112,0.18333333333333335,2798
hansraj| raghuwanshi| deva| ganesh| chaturthi| special| bhajan| 2026,,,,,,,,,,1.0,2351337.0,2351337.0,24456.0,1003.0,2026-09-14,0.010827456889420784,0,0,1,1,0,0,0,0.0,0.0,1.0108274568894209,1.0108274568894209,0.30324823706682624,1562
hantu| hamood| habibi| kamla,,,,,,,,,,1.0,102854.0,102854.0,941.0,52.0,2026-09-14,0.009654461664106403,0,0,1,1,0,0,0,0.0,0.0,1.0096544616641063,1.0096544616641063,0.30289633849923187,1667
hanuman ansh box office,,,,,,,96.0,1.0,0.96,,,,,,,,0,1,0,1,0,1,0,0.0,1.46,0.0,1.46,0.584,179
hanuman| ansh| telugu| vishal| chaturvedi| shobhinaw| satyaa| hombale,,,,,,,,,,1.0,2844648.0,2844648.0,39010.0,1124.0,2026-10-05,0.014108599728331941,0,0,1,1,0,0,1,0.0,0.0,1.014108599728332,1.014108599728332,0.30423257991849956,1345
hanuman| bhajan| 2026,,,,,,,,,,2.0,60247.5,120495.0,642.5,32.0,2026-10-01,0.011195485289846051,0,0,1,1,0,0,1,0.0,0.0,2.011195485289846,2.011195485289846,0.6033586455869537,107
hanuman| chalisa| anjaneya| dandakam| songs| telugu,,,,,,,,,,1.0,16194.0,16194.0,69.0,3.0,2026-09-28,0.00444609114486847,0,0,1,1,0,0,0,0.0,0.0,1.0044460911448685,1.0044460911448685,0.30133382734346054,2196
hanuman| devotional| telugu,,,,,,,,,,1.0,142403.0,142403.0,650.0,26.0,2026-09-28,0.0047470910022963,0,0,1,1,0,0,0,0.0,0.0,1.0047470910022962,1.0047470910022962,0.30142412730068885,2143
hanuman| subrahmanya| sahasranamam| telugu,,,,,,,,,,1.0,58457.0,58457.0,225.0,9.0,2026-09-28,0.0040029423336811676,0,0,1,1,0,0,0,0.0,0.0,1.0040029423336811,1.0040029423336811,0.3012008827001043,2273
hanuman| sunderkand,,,,,,,,,,1.0,9563.0,9563.0,339.0,27.0,2026-09-11,0.03827250862699989,0,0,1,1,0,0,1,0.0,0.0,1.038272508627,1.038272508627,0.31148175258809996,552
happy| birthday| you| lakhbir| singh| lakkha| trending| janmashtami,,,,,,,,,,1.0,6139430.0,6139430.0,37043.0,1225.0,2026-09-03,0.006233151937557721,0,0,1,1,0,0,0,0.0,0.0,1.0062331519375578,1.0062331519375578,0.30186994558126734,1948
happy| journey| shekar| chandra| annapurna| aamani| jhansi| vamsi,,,,,,,,,,1.0,835086.0,835086.0,3521.0,65.0,2026-09-12,0.004294168504800703,0,0,1,1,0,0,0,0.0,0.0,1.0042941685048008,1.0042941685048008,0.3012882505514402,2231
hardcore| rank| push| classic| hacker| back| bgmi| live,,,,,,,,,,1.0,762578.0,762578.0,21849.0,39.0,2026-10-06,0.02870263763182258,0,0,1,1,0,0,1,0.0,0.0,1.0287026376318227,1.0287026376318227,0.30861079128954677,786
hare| krishna| rama| mahamantra| positive| energy| devotion| powerful,,,,,,,,,,1.0,70396.0,70396.0,597.0,12.0,2026-09-06,0.008651059719302233,0,0,1,1,0,0,0,0.0,0.0,1.0086510597193021,1.0086510597193021,0.30259531791579064,1746
hare| krishna| rama| mahamantra| powerful| ram| chant| positive,,,,,,,,,,1.0,11194.0,11194.0,178.0,3.0,2026-09-09,0.016169376451670537,0,0,1,1,0,0,1,0.0,0.0,1.0161693764516706,1.0161693764516706,0.30485081293550115,1253
harmanpreet kaur,,,,,,,34.0,1.0,0.34,,,,,,,,0,1,0,1,0,0,0,0.0,0.8400000000000001,0.0,0.8400000000000001,0.3360000000000001,240
harmanpreet |  captain |  kaur,1.0,1.0,64.0,233.0,2026-10-06 05:38:41,49.06376450444445,,,,,,,,,,,1,0,0,1,0,0,0,0.6111111111111112,0.0,0.0,0.6111111111111112,0.18333333333333335,2798
harmanpreet |  kaur |  captain,1.0,1.0,84.0,84.0,2026-10-08 06:38:34,0.06570894888888888,,,,,,,,,,,1,0,0,1,1,0,0,0.6111111111111112,0.0,0.0,0.6111111111111112,0.18333333333333335,2798
harmanpreet |  kaur |  india,1.0,1.0,75.0,75.0,2026-10-08 06:38:34,0.06570894888888888,,,,,,,,,,,1,0,0,1,1,0,0,0.6111111111111112,0.0,0.0,0.6111111111111112,0.18333333333333335,2798
harmanpreet |  kaur |  smriti,1.0,1.0,74.0,74.0,2026-10-07 06:00:56,24.69293117111111,,,,,,,,,,,1,0,0,1,0,0,0,0.6111111111111112,0.0,0.0,0.6111111111111112,0.18333333333333335,2798
harmanpreet |  kaur |  steps,3.0,1.0,66.66666666666667,66.66666666666667,2026-10-07 06:28:49,24.228208948888888,,,,,,,,,,,1,0,0,1,0,0,0,0.8333333333333333,0.0,0.0,0.8333333333333333,0.24999999999999997,2795
harmanpreet |  sister |  taught,1.0,1.0,60.0,60.0,2026-10-07 06:28:49,24.228208948888888,,,,,,,,,,,1,0,0,1,0,0,0,0.6111111111111112,0.0,0.0,0.6111111111111112,0.18333333333333335,2798
harsh| legit| kratos| knight| lobster| fire| bmsd| day,,,,,,,,,,1.0,268665.0,268665.0,10303.0,298.0,2026-09-22,0.039458061154225524,0,0,1,1,0,0,1,0.0,0.0,1.0394580611542255,1.0394580611542255,0.3118374183462676,520
haryane| aale| sumit| goswami| kumkum| khatri| shine| haryanvi,,,,,,,,,,1.0,333527.0,333527.0,11259.0,2290.0,2026-09-25,0.04062339780587479,0,0,1,1,0,0,1,0.0,0.0,1.0406233978058748,1.0406233978058748,0.3121870193417624,504
haryanvi| songs| pranjal| dahiya| renuka| pawar| ajay| hooda,,,,,,,,,,1.0,53522.0,53522.0,168.0,5.0,2026-09-28,0.003232315683270431,0,0,1,1,0,0,0,0.0,0.0,1.0032323156832705,1.0032323156832705,0.30096969470498114,2407
hatah| teaser| kiran| abbavaram| rahman| kushlu| thanuja| youwe,,,,,,,,,,1.0,397218.0,397218.0,3748.0,150.0,2026-09-18,0.009813251161830532,0,0,1,1,0,0,0,0.0,0.0,1.0098132511618305,1.0098132511618305,0.30294397534854917,1651
hatched| rarest| eggs| griffin| pet| roblox,,,,,,,,,,1.0,206432.0,206432.0,4399.0,667.0,2026-10-07,0.024540768873042938,0,0,1,1,0,0,1,0.0,0.0,1.024540768873043,1.024540768873043,0.30736223066191287,913
hate| you| baby| singer| raju| sahis| janani| purulia,,,,,,,,,,1.0,62651.0,62651.0,2377.0,136.0,2026-09-25,0.04011109160268791,0,0,1,1,0,0,1,0.0,0.0,1.0401110916026879,1.0401110916026879,0.31203332748080637,511
hathi| ghoda| palki| jai| kanhaiya| lal| jeetu| sharma,,,,,,,,,,1.0,736311.0,736311.0,2590.0,65.0,2026-09-03,0.003605813304432502,0,0,1,1,0,0,0,0.0,0.0,1.0036058133044325,1.0036058133044325,0.30108174399132975,2343
hathkadiyan,,,,,,,,,,1.0,181005.0,181005.0,5782.0,214.0,2026-09-08,0.03312615673600177,0,0,1,1,0,0,1,0.0,0.0,1.0331261567360017,1.0331261567360017,0.3099378470208005,676
hathkadiyan| amanraj| gill| pragati| gauhar| dhillon| haryanvi| songs,,,,,,,,,,1.0,2694237.0,2694237.0,95192.0,1098.0,2026-09-09,0.0357392463988877,0,0,1,1,0,0,1,0.0,0.0,1.0357392463988877,1.0357392463988877,0.3107217739196663,609
have |  done |  duty,1.0,1.0,72.0,72.0,2026-10-06 05:30:15,49.20432006,,,,,,,,,,,1,0,0,1,0,0,0,0.6111111111111112,0.0,0.0,0.6111111111111112,0.18333333333333335,2798
have |  gaza |  could,1.0,1.0,75.0,342.0,2026-10-03 02:14:24,124.46848672666667,,,,,,,,,,,1,0,0,1,0,0,0,0.6111111111111112,0.0,0.0,0.6111111111111112,0.18333333333333335,2798
hawaii |  rosy |  wolfsnail,1.0,1.0,73.0,92.0,2026-10-02 11:29:36,139.21515339333334,,,,,,,,,,,1,0,0,1,0,0,0,0.6111111111111112,0.0,0.0,0.6111111111111112,0.18333333333333335,2798
hayi| shawa| music| gulab| sidhu| punjabi| 2026,,,,,,,,,,1.0,1273981.0,1273981.0,10391.0,429.0,2026-09-30,0.008493062298417323,0,0,1,1,0,0,0,0.0,0.0,1.0084930622984174,1.0084930622984174,0.3025479186895252,1763
hazaaran| jailaan| gurnam| bhullar| isha| malviya| romantic| punjabi,,,,,,,,,,1.0,378882.0,378882.0,1710.0,35.0,2026-10-01,0.0046056555866998165,0,0,1,1,0,0,0,0.0,0.0,1.0046056555866998,1.0046056555866998,0.30138169667600995,2163
hdfc,,,,,,,100.0,1.0,1.0,,,,,,,,0,1,0,1,0,1,0,0.0,1.5,0.0,1.5,0.6000000000000001,174
head |  india |  brazil,1.0,1.0,49.0,49.0,2026-10-04 06:19:38,96.38126450444445,,,,,,,,,,,1,0,0,1,0,0,0,0.6111111111111112,0.0,0.0,0.6111111111111112,0.18333333333333335,2798
health |  directorate |  lakh,1.0,1.0,73.0,152.0,2026-10-02 10:03:33,140.64932006,,,,,,,,,,,1,0,0,1,0,0,0,0.6111111111111112,0.0,0.0,0.6111111111111112,0.18333333333333335,2798
health |  indian |  pilot,1.0,1.0,99.0,135.0,2026-10-01 16:05:49,158.61154228222225,,,,,,,,,,,1,0,0,1,0,0,0,0.6111111111111112,0.0,0.0,0.6111111111111112,0.18333333333333335,2798
health |  russia |  second,1.0,1.0,82.0,427.0,2026-10-08 01:57:00,4.758486726666667,,,,,,,,,,,1,0,0,1,1,0,0,0.6111111111111112,0.0,0.0,0.6111111111111112,0.18333333333333335,2798
hear |  pleas |  kumar,1.0,1.0,92.0,154.0,2026-10-04 14:59:57,87.70932006,,,,,,,,,,,1,0,0,1,0,0,0,0.6111111111111112,0.0,0.0,0.6111111111111112,0.18333333333333335,2798
hearing |  does |  your,1.0,1.0,75.0,123.0,2026-10-01 02:16:30,172.43348672666667,,,,,,,,,,,1,0,0,1,0,0,0,0.6111111111111112,0.0,0.0,0.6111111111111112,0.18333333333333335,2798
hearing |  supreme |  court,1.0,1.0,110.0,123.0,2026-10-05 12:34:34,66.13237561555556,,,,,,,,,,,1,0,0,1,0,0,0,0.6111111111111112,0.0,0.0,0.6111111111111112,0.18333333333333335,2798
heart |  attack |  year,1.0,1.0,68.0,89.0,2026-10-03 08:27:57,118.24265339333333,,,,,,,,,,,1,0,0,1,0,0,0,0.6111111111111112,0.0,0.0,0.6111111111111112,0.18333333333333335,2798
heartbreak |  volleyball |  india,1.0,1.0,250.0,250.0,2026-10-01 06:33:17,168.15376450444447,,,,,,,,,,,1,0,0,1,0,0,0,0.6111111111111112,0.0,0.0,0.6111111111111112,0.18333333333333335,2798
heartbreaking |  take |  life,1.0,1.0,78.0,78.0,2026-10-01 13:36:49,161.09487561555557,,,,,,,,,,,1,0,0,1,0,0,0,0.6111111111111112,0.0,0.0,0.6111111111111112,0.18333333333333335,2798
heart| touching| ganesh| bhajan| 2026| ganpati| bappa| morya,,,,,,,,,,1.0,624621.0,624621.0,2174.0,23.0,2026-09-16,0.0035173329106770344,0,0,1,1,0,0,0,0.0,0.0,1.003517332910677,1.003517332910677,0.3010551998732031,2358
heat |  extreme |  putting,1.0,1.0,74.0,138.0,2026-10-05 01:32:17,77.1704311711111,,,,,,,,,,,1,0,0,1,0,0,0,0.6111111111111112,0.0,0.0,0.6111111111111112,0.18333333333333335,2798
heavy |  bleeding |  head,1.0,1.0,108.0,111.0,2026-10-01 10:01:08,164.6895978377778,,,,,,,,,,,1,0,0,1,0,0,0,0.6111111111111112,0.0,0.0,0.6111111111111112,0.18333333333333335,2798
heggana| muddu| poornachandra| mysore| avinash| balekkala| daali| pictures,,,,,,,,,,1.0,147538.0,147538.0,3708.0,188.0,2026-09-15,0.026406756225514784,0,0,1,1,0,0,1,0.0,0.0,1.0264067562255148,1.0264067562255148,0.3079220268676544,857
help |  video |  shows,1.0,1.0,77.0,77.0,2026-10-02 04:02:37,146.66487561555556,,,,,,,,,,,1,0,0,1,0,0,0,0.6111111111111112,0.0,0.0,0.6111111111111112,0.18333333333333335,2798
hero motors ipo gmp,,,,,,,100.0,1.0,1.0,,,,,,,,0,1,0,1,0,1,0,0.0,1.5,0.0,1.5,0.6000000000000001,174
hero motors share price,,,,,,,100.0,1.0,1.0,,,,,,,,0,1,0,1,0,1,0,0.0,1.5,0.0,1.5,0.6000000000000001,174
hero |  indian |  captain,1.0,1.0,78.0,71.0,2026-09-30 11:17:44,187.41293117111113,,,,,,,,,,,1,0,0,1,0,0,0,0.6111111111111112,0.0,0.0,0.6111111111111112,0.18333333333333335,2798
hero |  trump |  hails,1.0,1.0,109.0,109.0,2026-10-01 06:33:17,168.15376450444447,,,,,,,,,,,1,0,0,1,0,0,0,0.6111111111111112,0.0,0.0,0.6111111111111112,0.18333333333333335,2798
herobrine| null| died| minecraft,,,,,,,,,,1.0,405867.0,405867.0,3745.0,209.0,2026-09-20,0.00974210763624537,0,0,1,1,0,0,0,0.0,0.0,1.0097421076362454,1.0097421076362454,0.30292263229087363,1657
heropanti| rabba| mohit| chauhan| tiger| shroff| kriti| sanon,,,,,,,,,,1.0,373001.0,373001.0,3355.0,121.0,2026-09-06,0.00931900986860625,0,0,1,1,0,0,0,0.0,0.0,1.0093190098686062,1.0093190098686062,0.30279570296058184,1700
high |  court |  flags,1.0,1.0,64.0,61.0,2026-10-05 16:33:02,62.157931171111116,,,,,,,,,,,1,0,0,1,0,0,0,0.6111111111111112,0.0,0.0,0.6111111111111112,0.18333333333333335,2798
high| jump| power| escape| roblox,,,,,,,,,,1.0,347871.0,347871.0,13305.0,1242.0,2026-09-10,0.04181722535077658,0,0,1,1,0,0,1,0.0,0.0,1.0418172253507765,1.0418172253507765,0.31254516760523293,477
high| voltage| nalgonda| gaddar,,,,,,,,,,1.0,57376.0,57376.0,1782.0,105.0,2026-09-30,0.032888315672058,0,0,1,1,0,0,1,0.0,0.0,1.032888315672058,1.032888315672058,0.3098664947016174,687
himlands| killwish| endgame| finale| ep15| minecraft| smp,,,,,,,,,,1.0,1693579.0,1693579.0,84330.0,13647.0,2026-10-02,0.05785203996979178,0,0,1,1,0,0,1,0.0,0.0,1.0578520399697917,1.0578520399697917,0.3173556119909375,333
hindi |  tamil |  nadu,1.0,1.0,70.0,155.0,2026-10-02 09:01:35,141.68209783777777,,,,,,,,,,,1,0,0,1,0,0,0,0.6111111111111112,0.0,0.0,0.6111111111111112,0.18333333333333335,2798
hindi| best| old| remix| bollywood| non| stop| 2026,,,,,,,,,,2.0,380757.0,761514.0,1131.5,12.0,2026-09-03,0.003003227780447897,0,0,1,1,0,0,0,0.0,0.0,2.003003227780448,2.003003227780448,0.6009009683341343,155
hindi| bmsd| 2026| lower| bracket| survival| day| bgmilive,,,,,,,,,,2.0,1936539.5,3873079.0,28880.0,65.0,2026-10-06,0.014946764576710158,0,0,1,1,0,0,1,0.0,0.0,2.01494676457671,2.01494676457671,0.604484029373013,105
hindi| bmsd| 2026| qualifiers| week| day| bgmilive,,,,,,,,,,7.0,2904235.0,20329645.0,52626.71428571428,91.28571428571429,2026-09-30,0.01815211234628052,0,0,1,1,0,0,1,0.0,0.0,7.0181521123462804,7.0181521123462804,2.105445633703884,33
hindi| bmsd| 2026| upper| bracket| survival| day| bgmilive,,,,,,,,,,3.0,3340638.6666666665,10021916.0,63236.666666666664,198.66666666666666,2026-10-03,0.01898898374322834,0,0,1,1,0,0,1,0.0,0.0,3.0189889837432284,3.0189889837432284,0.9056966951229685,69
hindi| champion| rush| grand| finals| tez| ffmic| 2026,,,,,,,,,,1.0,5987045.0,5987045.0,119004.0,1282.0,2026-09-27,0.02009104658475091,0,0,1,1,0,0,1,0.0,0.0,1.0200910465847508,1.0200910465847508,0.3060273139754252,1083
hindi| gaana| sadabahar| purane| gane| mp3| filmi| gaane,,,,,,,,,,1.0,162058.0,162058.0,412.0,20.0,2026-09-23,0.0026657122758518554,0,0,1,1,0,0,0,0.0,0.0,1.0026657122758518,1.0026657122758518,0.30079971368275554,2528
hindi| gaana| sadabahar| purane| gane| songs| filmi| gaane,,,,,,,,,,1.0,57725.0,57725.0,145.0,7.0,2026-10-05,0.0026331745344304893,0,0,1,1,0,0,0,0.0,0.0,1.0026331745344306,1.0026331745344306,0.3007899523603292,2535
hindi| gana| evergreen| purane| gane| sadabahar| filmi| 90s,,,,,,,,,,4.0,204963.5,819854.0,460.5,12.75,2026-10-05,0.0023089476906863905,0,0,1,1,0,0,0,0.0,0.0,4.002308947690686,4.002308947690686,1.2006926843072059,67
hindi| gana| sadabahar| old| songs| 90s| love| durga,,,,,,,,,,1.0,117881.0,117881.0,284.0,12.0,2026-10-06,0.0025110068628532165,0,0,1,1,0,0,0,0.0,0.0,1.0025110068628533,1.0025110068628533,0.300753302058856,2551
hindi| gana| sadabahar| purane| gane| mp3| filmi| durga,,,,,,,,,,1.0,262653.0,262653.0,602.0,28.0,2026-09-20,0.002398601957716074,0,0,1,1,0,0,0,0.0,0.0,1.002398601957716,1.002398601957716,0.3007195805873148,2567
hindi| live| india| afghanistan| 3rd| t20| afg| ind,,,,,,,,,,1.0,314828.0,314828.0,2173.0,4.0,2026-09-17,0.006914886858856264,0,0,1,1,0,0,0,0.0,0.0,1.0069148868588562,1.0069148868588562,0.30207446605765687,1878
hindi| live| india| west| indies| 1st| odi| ind,,,,,,,,,,1.0,145164.0,145164.0,1220.0,0.0,2026-09-27,0.00840428756440991,0,0,1,1,0,0,0,0.0,0.0,1.00840428756441,1.00840428756441,0.30252128626932295,1771
hindi| live| india| west| indies| 2nd| odi| ind,,,,,,,,,,1.0,146666.0,146666.0,1279.0,0.0,2026-09-30,0.008720494184064473,0,0,1,1,0,0,0,0.0,0.0,1.0087204941840644,1.0087204941840644,0.3026161482552193,1741
hindi| point| rush| grand| finals| tez| ffmic| 2026,,,,,,,,,,1.0,3053274.0,3053274.0,62825.0,664.0,2026-09-26,0.02079374468193814,0,0,1,1,0,0,1,0.0,0.0,1.0207937446819382,1.0207937446819382,0.30623812340458145,1053
hindi| tez| ffmic| 2026| fall| knockout| stage| week,,,,,,,,,,4.0,1285732.75,5142931.0,17054.0,190.5,2026-09-13,0.013412196274847943,0,0,1,1,0,0,1,0.0,0.0,4.013412196274848,4.013412196274848,1.2040236588824542,58
hindu |  temple |  bricks,1.0,1.0,63.0,383.0,2026-10-03 04:21:57,122.34265339333332,,,,,,,,,,,1,0,0,1,0,0,0,0.6111111111111112,0.0,0.0,0.6111111111111112,0.18333333333333335,2798
hindustan copper share price,,,,,,,78.0,1.0,0.78,,,,,,,,0,1,0,1,0,1,0,0.0,1.28,0.0,1.28,0.512,194
hindustan |  times |  late,1.0,1.0,148.0,148.0,2026-10-04 06:19:38,96.38126450444445,,,,,,,,,,,1,0,0,1,0,0,0,0.6111111111111112,0.0,0.0,0.6111111111111112,0.18333333333333335,2798
hired| two| guards| protect| roblox| rivals,,,,,,,,,,1.0,502752.0,502752.0,7349.0,3948.0,2026-09-22,0.0224703233403348,0,0,1,1,0,0,1,0.0,0.0,1.0224703233403347,1.0224703233403347,0.3067410970021004,996
history |  gayle |  score,1.0,1.0,75.0,394.0,2026-10-03 01:13:09,125.48932006,,,,,,,,,,,1,0,0,1,0,0,0,0.6111111111111112,0.0,0.0,0.6111111111111112,0.18333333333333335,2798
history |  historicity |  look,1.0,1.0,82.0,139.0,2026-10-04 04:26:01,98.27487561555554,,,,,,,,,,,1,0,0,1,0,0,0,0.6111111111111112,0.0,0.0,0.6111111111111112,0.18333333333333335,2798
hockey |  back |  preview,1.0,1.0,117.0,117.0,2026-10-03 05:44:55,120.95987561555555,,,,,,,,,,,1,0,0,1,0,0,0,0.6111111111111112,0.0,0.0,0.6111111111111112,0.18333333333333335,2798
hockey |  indian |  mens,1.0,1.0,120.0,120.0,2026-10-04 06:19:38,96.38126450444445,,,,,,,,,,,1,0,0,1,0,0,0,0.6111111111111112,0.0,0.0,0.6111111111111112,0.18333333333333335,2798
hockey |  indian |  womens,1.0,1.0,112.0,112.0,2026-10-04 06:19:38,96.38126450444445,,,,,,,,,,,1,0,0,1,0,0,0,0.6111111111111112,0.0,0.0,0.6111111111111112,0.18333333333333335,2798
hockey |  latest |  news,1.0,1.0,44.0,44.0,2026-10-02 06:09:13,144.55487561555555,,,,,,,,,,,1,0,0,1,0,0,0,0.6111111111111112,0.0,0.0,0.6111111111111112,0.18333333333333335,2798
hockey |  preview |  indian,1.0,1.0,127.0,127.0,2026-10-02 06:09:13,144.55487561555555,,,,,,,,,,,1,0,0,1,0,0,0,0.6111111111111112,0.0,0.0,0.6111111111111112,0.18333333333333335,2798
hoke| rahega| conqueror| what| bgmi| live,,,,,,,,,,2.0,831223.0,1662446.0,23775.0,71.5,2026-10-05,0.028688450632381443,0,0,1,1,0,0,1,0.0,0.0,2.0286884506323815,2.0286884506323815,0.6086065351897144,96
hold |  inquiry |  into,1.0,1.0,89.0,89.0,2026-10-03 07:11:01,119.52487561555554,,,,,,,,,,,1,0,0,1,0,0,0,0.6111111111111112,0.0,0.0,0.6111111111111112,0.18333333333333335,2798
home |  illinois |  built,1.0,1.0,72.0,453.0,2026-10-02 09:33:36,141.14848672666668,,,,,,,,,,,1,0,0,1,0,0,0,0.6111111111111112,0.0,0.0,0.6111111111111112,0.18333333333333335,2798
home |  pubg |  task,1.0,1.0,66.0,417.0,2026-10-06 04:21:53,50.34376450444445,,,,,,,,,,,1,0,0,1,0,0,0,0.6111111111111112,0.0,0.0,0.6111111111111112,0.18333333333333335,2798
home| same| jonny| officially| face| kick,,,,,,,,,,1.0,479989.0,479989.0,51485.0,2026.0,2026-09-21,0.11148380483719418,0,0,1,1,0,0,1,0.0,0.0,1.1114838048371942,1.1114838048371942,0.3334451414511583,245
honey| singh| casa| tupka| pankha| fast| mashup| phenom,,,,,,,,,,1.0,71516.0,71516.0,1360.0,31.0,2026-09-20,0.019450192963812295,0,0,1,1,0,0,1,0.0,0.0,1.0194501929638122,1.0194501929638122,0.30583505788914367,1108
hong kong vs malaysia,,,,,,,100.0,1.0,1.0,,,,,,,,0,1,0,1,0,1,0,0.0,1.5,0.0,1.5,0.6000000000000001,174
hood| ambience| music| navaan| sandhu| punjabi| songs| 2026,,,,,,,,,,1.0,6336367.0,6336367.0,105466.0,3188.0,2026-09-15,0.017147680997644233,0,0,1,1,0,0,1,0.0,0.0,1.0171476809976443,1.0171476809976443,0.3051443042992933,1205
hope |  dhoni |  helped,1.0,1.0,74.0,303.0,2026-10-04 01:13:17,101.48709783777777,,,,,,,,,,,1,0,0,1,0,0,0,0.6111111111111112,0.0,0.0,0.6111111111111112,0.18333333333333335,2798
hope |  inspires |  west,1.0,1.0,55.0,55.0,2026-10-05 06:12:26,72.50126450444445,,,,,,,,,,,1,0,0,1,0,0,0,0.6111111111111112,0.0,0.0,0.6111111111111112,0.18333333333333335,2798
hope| you| regret,,,,,,,,,,1.0,243798.0,243798.0,202.0,3.0,2026-09-29,0.0008408600562760974,0,0,1,1,0,0,0,0.0,0.0,1.0008408600562761,1.0008408600562761,0.3002522580168828,2706
horror| game| granny| shortslive| shorts| live| gaming| ericislive,,,,,,,,,,12.0,1040658.6666666666,12487904.0,3668.3333333333335,1.5,2026-10-07,0.00352645247753346,0,0,1,1,0,0,0,0.0,0.0,12.003526452477534,12.003526452477534,3.6010579357432597,18
horror| granny| game| shortslive| shorts| live| gaming| zoneout,,,,,,,,,,3.0,497190.6666666667,1491572.0,3149.3333333333335,0.3333333333333333,2026-09-16,0.0063349271775013215,0,0,1,1,0,0,0,0.0,0.0,3.0063349271775013,3.0063349271775013,0.9019004781532504,75
horror| jcb| bus| horurr| fire| brigade| franklin| indian,,,,,,,,,,1.0,103510.0,103510.0,299.0,1.0,2026-09-25,0.0028982706984832384,0,0,1,1,0,0,0,0.0,0.0,1.0028982706984833,1.0028982706984833,0.300869481209545,2485
hospital |  captain |  smit,1.0,1.0,67.0,86.0,2026-10-02 21:51:57,128.84265339333334,,,,,,,,,,,1,0,0,1,0,0,0,0.6111111111111112,0.0,0.0,0.6111111111111112,0.18333333333333335,2798
hospital |  dalit |  woman,1.0,1.0,75.0,413.0,2026-10-03 01:47:42,124.91348672666666,,,,,,,,,,,1,0,0,1,0,0,0,0.6111111111111112,0.0,0.0,0.6111111111111112,0.18333333333333335,2798
hotel |  hyderabad |  woman,1.0,1.0,80.0,96.0,2026-09-30 11:45:53,186.94376450444446,,,,,,,,,,,1,0,0,1,0,0,0,0.6111111111111112,0.0,0.0,0.6111111111111112,0.18333333333333335,2798
hotel |  noida |  kolkata,1.0,1.0,66.0,424.0,2026-10-05 03:11:46,75.51237561555556,,,,,,,,,,,1,0,0,1,0,0,0,0.6111111111111112,0.0,0.0,0.6111111111111112,0.18333333333333335,2798
hotstar| specials| hunkkaar| roar| 25th| september| jiohotstar,,,,,,,,,,1.0,396634.0,396634.0,3434.0,241.0,2026-09-10,0.009265468920969962,0,0,1,1,0,0,0,0.0,0.0,1.00926546892097,1.00926546892097,0.302779640676291,1705
hot| air| ballon| escape| granny| chapter,,,,,,,,,,1.0,199861.0,199861.0,3624.0,172.0,2026-09-17,0.01899320027419056,0,0,1,1,0,0,1,0.0,0.0,1.0189932002741906,1.0189932002741906,0.3056979600822572,1132
houthis| attack| saudi| arabia| live| breaking,,,,,,,,,,1.0,189905.0,189905.0,390.0,3.0,2026-09-17,0.00206945578052184,0,0,1,1,0,0,0,0.0,0.0,1.0020694557805219,1.0020694557805219,0.30062083673415657,2611
how| banned| corrupt| admin| using| illegal| items,,,,,,,,,,1.0,202005.0,202005.0,5299.0,336.0,2026-09-06,0.02789534912502166,0,0,1,1,0,0,1,0.0,0.0,1.0278953491250216,1.0278953491250216,0.30836860473750644,819
how| build| wool| factory| minecraft| hardcore,,,,,,,,,,1.0,199460.0,199460.0,8198.0,4185.0,2026-09-22,0.06208262308232227,0,0,1,1,0,0,1,0.0,0.0,1.0620826230823224,1.0620826230823224,0.3186247869246967,313
how| complete| naruto| nine| tails| strikes| mission| september,,,,,,,,,,1.0,91824.0,91824.0,4109.0,192.0,2026-09-15,0.046839606203171284,0,0,1,1,0,0,1,0.0,0.0,1.0468396062031713,1.0468396062031713,0.3140518818609514,413
how| destroyed| entire| minecraft| civilization,,,,,,,,,,1.0,758474.0,758474.0,19929.0,1555.0,2026-09-09,0.028325295263911487,0,0,1,1,0,0,1,0.0,0.0,1.0283252952639115,1.0283252952639115,0.3084975885791734,800
how| escaped| most| secured| prison| proboii,,,,,,,,,,1.0,2057526.0,2057526.0,43450.0,2512.0,2026-10-01,0.022338478347296704,0,0,1,1,0,0,1,0.0,0.0,1.0223384783472966,1.0223384783472966,0.306701543504189,1000
how| exposed| underwater| gang| minecraft| smp,,,,,,,,,,1.0,973315.0,973315.0,41571.0,3370.0,2026-09-06,0.04617312997333854,0,0,1,1,0,0,1,0.0,0.0,1.0461731299733386,1.0461731299733386,0.31385193899200153,422
how| found| lost| weapon| minecraft| smp,,,,,,,,,,1.0,1509176.0,1509176.0,45119.0,3287.0,2026-09-27,0.03207445652462006,0,0,1,1,0,0,1,0.0,0.0,1.03207445652462,1.03207445652462,0.309622336957386,705
how| minecraft| mobs| act| when| you| leave,,,,,,,,,,1.0,139069.0,139069.0,2912.0,148.0,2026-09-16,0.02200346590541386,0,0,1,1,0,0,1,0.0,0.0,1.0220034659054138,1.0220034659054138,0.3066010397716241,1009
how| minecraft| mobs| act| when| you| leave| game,,,,,,,,,,1.0,1784985.0,1784985.0,18876.0,955.0,2026-09-18,0.01110989728204999,0,0,1,1,0,0,1,0.0,0.0,1.01110989728205,1.01110989728205,0.303332969184615,1541
how| obtained| fortune| pickaxe| minecraft| hardcore,,,,,,,,,,1.0,294615.0,294615.0,13898.0,1227.0,2026-09-14,0.05133818712557066,0,0,1,1,0,0,1,0.0,0.0,1.0513381871255707,1.0513381871255707,0.3154014561376712,375
how| pak| loving| karan| johar| became| basher| udta,,,,,,,,,,1.0,111662.0,111662.0,3704.0,365.0,2026-09-24,0.036440328849563865,0,0,1,1,0,0,1,0.0,0.0,1.0364403288495638,1.0364403288495638,0.31093209865486915,592
how| saved| armour| civilization| finale,,,,,,,,,,1.0,136753.0,136753.0,6277.0,258.0,2026-10-01,0.0477868858452831,0,0,1,1,0,0,1,0.0,0.0,1.047786885845283,1.047786885845283,0.3143360657535849,407
how| saved| world| largest| minecraft| server,,,,,,,,,,1.0,8024068.0,8024068.0,282815.0,19881.0,2026-09-20,0.037723508823703886,0,0,1,1,0,0,1,0.0,0.0,1.0377235088237038,1.0377235088237038,0.3113170526471111,564
how| tag| climbed| back| group| bmsd| vlog,,,,,,,,,,1.0,223817.0,223817.0,20423.0,320.0,2026-09-28,0.09267839350898278,0,0,1,1,0,0,1,0.0,0.0,1.0926783935089828,1.0926783935089828,0.3278035180526948,255
how| took| over| titan| only| minecraft| smp,,,,,,,,,,1.0,1412027.0,1412027.0,49897.0,5273.0,2026-09-30,0.0390714908425972,0,0,1,1,0,0,1,0.0,0.0,1.039071490842597,1.039071490842597,0.3117214472527791,527
hrithik| roshan| hombale| films| trailers| ramayana| deeksha| sharma,,,,,,,,,,1.0,770912.0,770912.0,9923.0,542.0,2026-09-11,0.013574830849694906,0,0,1,1,0,0,1,0.0,0.0,1.0135748308496948,1.0135748308496948,0.30407244925490845,1378
https| youtube| com| pawan| z4p6b| 7nzc9arr3iqd,,,,,,,,,,1.0,146949.0,146949.0,769.0,14.0,2026-09-21,0.0053283792336116615,0,0,1,1,0,0,0,0.0,0.0,1.0053283792336116,1.0053283792336116,0.30159851377008345,2058
huge |  fireball |  erupts,1.0,1.0,72.0,91.0,2026-10-05 02:16:27,76.43432005999999,,,,,,,,,,,1,0,0,1,0,0,0,0.6111111111111112,0.0,0.0,0.6111111111111112,0.18333333333333335,2798
hul share price,,,,,,,100.0,1.0,1.0,,,,,,,,0,1,0,1,0,1,0,0.0,1.5,0.0,1.5,0.6000000000000001,174
hulibeera| rural| anjan| chaitra| thotada| vanu| patil| rangayana,,,,,,,,,,1.0,71983.0,71983.0,2786.0,315.0,2026-09-15,0.043079616020449275,0,0,1,1,0,0,1,0.0,0.0,1.0430796160204492,1.0430796160204492,0.31292388480613476,461
humpy |  medicines |  every,1.0,1.0,78.0,469.0,2026-10-06 03:49:46,50.87904228222222,,,,,,,,,,,1,0,0,1,0,0,0,0.6111111111111112,0.0,0.0,0.6111111111111112,0.18333333333333335,2798
hunt| minecraft| strongest| weapon,,,,,,,,,,1.0,212397.0,212397.0,6770.0,250.0,2026-10-01,0.03305131428410006,0,0,1,1,0,0,1,0.0,0.0,1.0330513142841,1.0330513142841,0.30991539428523,681
hyderabad |  decomposed |  body,1.0,1.0,106.0,118.0,2026-10-02 14:10:36,136.53182006,,,,,,,,,,,1,0,0,1,0,0,0,0.6111111111111112,0.0,0.0,0.6111111111111112,0.18333333333333335,2798
hyundai |  records |  monthly,1.0,1.0,69.0,64.0,2026-10-01 05:44:43,168.9632089488889,,,,,,,,,,,1,0,0,1,0,0,0,0.6111111111111112,0.0,0.0,0.6111111111111112,0.18333333333333335,2798
iaf,,,,,,,100.0,1.0,1.0,,,,,,,,0,1,0,1,0,1,0,0.0,1.5,0.0,1.5,0.6000000000000001,174
ibd3d| franklin| find| all| hidden| cars| tsunami| save,,,,,,,,,,1.0,164925.0,164925.0,2879.0,302.0,2026-10-02,0.01928755494921934,0,0,1,1,0,0,1,0.0,0.0,1.0192875549492193,1.0192875549492193,0.30578626648476576,1119
ibd3d| franklin| found| spider| man| secret| base| indian,,,,,,,,,,1.0,118635.0,118635.0,2215.0,323.0,2026-09-21,0.02139334934884309,0,0,1,1,0,0,1,0.0,0.0,1.0213933493488432,1.0213933493488432,0.3064180048046529,1038
iceland |  courts |  india,1.0,1.0,78.0,78.0,2026-10-07 06:28:49,24.228208948888888,,,,,,,,,,,1,0,0,1,0,0,0,0.6111111111111112,0.0,0.0,0.6111111111111112,0.18333333333333335,2798
icici bank share price,,,,,,,100.0,1.0,1.0,,,,,,,,0,1,0,1,0,1,0,0.0,1.5,0.0,1.5,0.6000000000000001,174
icici direct,,,,,,,100.0,1.0,1.0,,,,,,,,0,1,0,1,0,1,0,0.0,1.5,0.0,1.5,0.6000000000000001,174
identified |  been |  features,1.0,1.0,68.0,118.0,2026-10-02 07:12:34,143.4990422822222,,,,,,,,,,,1,0,0,1,0,0,0,0.6111111111111112,0.0,0.0,0.6111111111111112,0.18333333333333335,2798
idiots| trapped| pennywise| carnival| devour,,,,,,,,,,1.0,106784.0,106784.0,5017.0,460.0,2026-09-05,0.05129045549895116,0,0,1,1,0,0,1,0.0,0.0,1.051290455498951,1.051290455498951,0.3153871366496853,376
iga świątek,,,,,,,52.0,1.0,0.52,,,,,,,,0,1,0,1,0,0,0,0.0,1.02,0.0,1.02,0.40800000000000003,214
ilaiyaraajas |  copyright |  rejects,1.0,1.0,87.0,140.0,2026-10-01 09:57:13,164.75487561555556,,,,,,,,,,,1,0,0,1,0,0,0,0.6111111111111112,0.0,0.0,0.6111111111111112,0.18333333333333335,2798
ilaiyaraja| vinayagar| chaturthi| saamy| varuthu| mano| udan| pirappu,,,,,,,,,,1.0,625929.0,625929.0,1765.0,51.0,2026-09-13,0.002901287526221025,0,0,1,1,0,0,0,0.0,0.0,1.002901287526221,1.002901287526221,0.30087038625786633,2484
illegal |  buildings |  encroachments,1.0,1.0,76.0,76.0,2026-10-02 05:49:59,144.8754311711111,,,,,,,,,,,1,0,0,1,0,0,0,0.6111111111111112,0.0,0.0,0.6111111111111112,0.18333333333333335,2798
illegal |  sand |  mining,1.0,1.0,96.0,160.0,2026-10-07 04:52:32,25.83293117111111,,,,,,,,,,,1,0,0,1,0,0,0,0.6111111111111112,0.0,0.0,0.6111111111111112,0.18333333333333335,2798
immortal| telugu| prakash| kayadu| lohar| sam| mariyappan| chinna,,,,,,,,,,1.0,1390433.0,1390433.0,8514.0,84.0,2026-09-14,0.006183685226113017,0,0,1,1,0,0,0,0.0,0.0,1.006183685226113,1.006183685226113,0.3018551055678339,1957
impossible| zoo| missions| live| zoonomaly| granny| shorts| shortsfeed,,,,,,,,,,10.0,667945.5,6679455.0,0.0,0.7,2026-10-05,1.0479896937699258e-06,0,0,1,1,0,0,0,0.0,0.0,10.000001047989693,10.000001047989693,3.000000314396908,22
imposter| impossible| find| minecraft| smp,,,,,,,,,,1.0,378173.0,378173.0,13534.0,830.0,2026-10-07,0.03798261642158483,0,0,1,1,0,0,1,0.0,0.0,1.0379826164215848,1.0379826164215848,0.31139478492647543,559
inappropriate |  turns |  heat,1.0,1.0,119.0,119.0,2026-10-08 06:38:34,0.06570894888888888,,,,,,,,,,,1,0,0,1,1,0,0,0.6111111111111112,0.0,0.0,0.6111111111111112,0.18333333333333335,2798
income |  families |  questions,1.0,1.0,101.0,101.0,2026-10-06 06:52:38,47.83126450444445,,,,,,,,,,,1,0,0,1,0,0,0,0.6111111111111112,0.0,0.0,0.6111111111111112,0.18333333333333335,2798
ind vs wi,,,,,,,100.0,1.0,1.0,,,,,,,,0,1,0,1,0,1,0,0.0,1.5,0.0,1.5,0.6000000000000001,174
india champions,,,,,,,90.0,1.0,0.9,,,,,,,,0,1,0,1,0,1,0,0.0,1.4,0.0,1.4,0.5599999999999999,184
india national cricket team vs west indies cricket team players,,,,,,,98.0,1.0,0.98,,,,,,,,0,1,0,1,0,1,0,0.0,1.48,0.0,1.48,0.592,177
india vs west indies,,,,,,,100.0,1.0,1.0,,,,,,,,0,1,0,1,0,1,0,0.0,1.5,0.0,1.5,0.6000000000000001,174
india |  always |  been,1.0,1.0,106.0,106.0,2026-10-03 05:44:55,120.95987561555555,,,,,,,,,,,1,0,0,1,0,0,0,0.6111111111111112,0.0,0.0,0.6111111111111112,0.18333333333333335,2798
india |  argentina |  benin,1.0,1.0,101.0,101.0,2026-10-06 06:52:38,47.83126450444445,,,,,,,,,,,1,0,0,1,0,0,0,0.6111111111111112,0.0,0.0,0.6111111111111112,0.18333333333333335,2798
india |  asian |  games,9.0,2.0,111.77777777777777,111.77777777777777,2026-10-08 06:38:34,0.06570894888888888,,,,,,,,,,,1,0,0,1,1,0,0,2.0,0.0,0.0,2.0,0.6,175
india |  bags |  silver,1.0,1.0,80.0,80.0,2026-10-01 06:33:17,168.15376450444447,,,,,,,,,,,1,0,0,1,0,0,0,0.6111111111111112,0.0,0.0,0.6111111111111112,0.18333333333333335,2798
india |  bajaj |  finance,1.0,1.0,58.0,58.0,2026-10-05 06:12:26,72.50126450444445,,,,,,,,,,,1,0,0,1,0,0,0,0.6111111111111112,0.0,0.0,0.6111111111111112,0.18333333333333335,2798
india |  bangladesh |  working,1.0,1.0,64.0,129.0,2026-10-06 13:08:21,41.56932006,,,,,,,,,,,1,0,0,1,0,0,0,0.6111111111111112,0.0,0.0,0.6111111111111112,0.18333333333333335,2798
india |  beat |  arch,1.0,1.0,89.0,89.0,2026-10-04 06:19:38,96.38126450444445,,,,,,,,,,,1,0,0,1,0,0,0,0.6111111111111112,0.0,0.0,0.6111111111111112,0.18333333333333335,2798
india |  beat |  pakistan,1.0,1.0,80.0,80.0,2026-10-02 06:09:13,144.55487561555555,,,,,,,,,,,1,0,0,1,0,0,0,0.6111111111111112,0.0,0.0,0.6111111111111112,0.18333333333333335,2798
india |  best |  places,1.0,1.0,72.0,72.0,2026-10-08 06:38:34,0.06570894888888888,,,,,,,,,,,1,0,0,1,1,0,0,0.6111111111111112,0.0,0.0,0.6111111111111112,0.18333333333333335,2798
india |  between |  parents,1.0,1.0,119.0,119.0,2026-10-07 06:28:49,24.228208948888888,,,,,,,,,,,1,0,0,1,0,0,0,0.6111111111111112,0.0,0.0,0.6111111111111112,0.18333333333333335,2798
india |  bloc |  begin,1.0,1.0,54.0,54.0,2026-10-06 06:38:19,48.06987561555556,,,,,,,,,,,1,0,0,1,0,0,0,0.6111111111111112,0.0,0.0,0.6111111111111112,0.18333333333333335,2798
india |  bloc |  hits,1.0,1.0,77.0,47.0,2026-10-06 05:37:18,49.08682006,,,,,,,,,,,1,0,0,1,0,0,0,0.6111111111111112,0.0,0.0,0.6111111111111112,0.18333333333333335,2798
india |  bloc |  infighting,1.0,1.0,58.0,123.0,2026-10-05 01:55:52,76.77737561555556,,,,,,,,,,,1,0,0,1,0,0,0,0.6111111111111112,0.0,0.0,0.6111111111111112,0.18333333333333335,2798
india |  bloc |  march,1.0,1.0,103.0,47.0,2026-10-07 04:48:26,25.901264504444445,,,,,,,,,,,1,0,0,1,0,0,0,0.6111111111111112,0.0,0.0,0.6111111111111112,0.18333333333333335,2798
india |  bloc |  protest,1.0,1.0,65.0,65.0,2026-10-05 06:12:26,72.50126450444445,,,,,,,,,,,1,0,0,1,0,0,0,0.6111111111111112,0.0,0.0,0.6111111111111112,0.18333333333333335,2798
india |  brazil |  football,2.0,1.0,108.0,108.0,2026-10-04 06:19:38,96.38126450444445,,,,,,,,,,,1,0,0,1,0,0,0,0.7222222222222222,0.0,0.0,0.7222222222222222,0.21666666666666665,2797
india |  brazil |  game,1.0,1.0,72.0,72.0,2026-10-04 06:07:09,96.58932005999999,,,,,,,,,,,1,0,0,1,0,0,0,0.6111111111111112,0.0,0.0,0.6111111111111112,0.18333333333333335,2798
india |  bumrah |  hardik,1.0,1.0,77.0,371.0,2026-10-05 02:22:51,76.32765339333332,,,,,,,,,,,1,0,0,1,0,0,0,0.6111111111111112,0.0,0.0,0.6111111111111112,0.18333333333333335,2798
india |  called |  civilian,1.0,1.0,94.0,133.0,2026-10-03 16:12:28,110.50070894888889,,,,,,,,,,,1,0,0,1,0,0,0,0.6111111111111112,0.0,0.0,0.6111111111111112,0.18333333333333335,2798
india |  calls |  compliant,1.0,1.0,107.0,107.0,2026-10-03 05:44:55,120.95987561555555,,,,,,,,,,,1,0,0,1,0,0,0,0.6111111111111112,0.0,0.0,0.6111111111111112,0.18333333333333335,2798
india |  canada |  agree,1.0,1.0,112.0,149.0,2026-10-08 02:24:40,4.297375615555556,,,,,,,,,,,1,0,0,1,1,0,0,0.6111111111111112,0.0,0.0,0.6111111111111112,0.18333333333333335,2798
india |  canada |  coordination,1.0,1.0,81.0,168.0,2026-10-07 15:49:48,14.878486726666665,,,,,,,,,,,1,0,0,1,1,0,0,0.6111111111111112,0.0,0.0,0.6111111111111112,0.18333333333333335,2798
india |  canada |  start,1.0,1.0,130.0,130.0,2026-10-05 06:12:26,72.50126450444445,,,,,,,,,,,1,0,0,1,0,0,0,0.6111111111111112,0.0,0.0,0.6111111111111112,0.18333333333333335,2798
india |  captain |  makes,1.0,1.0,64.0,64.0,2026-10-08 06:38:34,0.06570894888888888,,,,,,,,,,,1,0,0,1,1,0,0,0.6111111111111112,0.0,0.0,0.6111111111111112,0.18333333333333335,2798
india |  central |  bank,1.0,1.0,78.0,78.0,2026-10-07 06:28:49,24.228208948888888,,,,,,,,,,,1,0,0,1,0,0,0,0.6111111111111112,0.0,0.0,0.6111111111111112,0.18333333333333335,2798
india |  china |  women,1.0,1.0,122.0,122.0,2026-10-01 06:33:17,168.15376450444447,,,,,,,,,,,1,0,0,1,0,0,0,0.6111111111111112,0.0,0.0,0.6111111111111112,0.18333333333333335,2798
india |  choice |  dinesh,1.0,1.0,93.0,93.0,2026-10-04 06:19:38,96.38126450444445,,,,,,,,,,,1,0,0,1,0,0,0,0.6111111111111112,0.0,0.0,0.6111111111111112,0.18333333333333335,2798
india |  clash |  pakistan,1.0,1.0,84.0,84.0,2026-10-02 06:09:13,144.55487561555555,,,,,,,,,,,1,0,0,1,0,0,0,0.6111111111111112,0.0,0.0,0.6111111111111112,0.18333333333333335,2798
india |  climbs |  fifth,1.0,1.0,112.0,112.0,2026-10-03 05:44:55,120.95987561555555,,,,,,,,,,,1,0,0,1,0,0,0,0.6111111111111112,0.0,0.0,0.6111111111111112,0.18333333333333335,2798
india |  cockroach |  janata,1.0,1.0,95.0,95.0,2026-10-02 06:09:13,144.55487561555555,,,,,,,,,,,1,0,0,1,0,0,0,0.6111111111111112,0.0,0.0,0.6111111111111112,0.18333333333333335,2798
india |  cockroach |  janta,1.0,1.0,109.0,109.0,2026-10-04 06:19:38,96.38126450444445,,,,,,,,,,,1,0,0,1,0,0,0,0.6111111111111112,0.0,0.0,0.6111111111111112,0.18333333333333335,2798
india |  considers |  delaying,1.0,1.0,69.0,69.0,2026-10-08 06:38:34,0.06570894888888888,,,,,,,,,,,1,0,0,1,1,0,0,0.6111111111111112,0.0,0.0,0.6111111111111112,0.18333333333333335,2798
india |  court |  hear,1.0,1.0,89.0,89.0,2026-10-05 06:12:26,72.50126450444445,,,,,,,,,,,1,0,0,1,0,0,0,0.6111111111111112,0.0,0.0,0.6111111111111112,0.18333333333333335,2798
india |  court |  hears,1.0,1.0,64.0,64.0,2026-10-06 06:52:38,47.83126450444445,,,,,,,,,,,1,0,0,1,0,0,0,0.6111111111111112,0.0,0.0,0.6111111111111112,0.18333333333333335,2798
india |  daal |  says,1.0,1.0,95.0,95.0,2026-10-06 06:52:38,47.83126450444445,,,,,,,,,,,1,0,0,1,0,0,0,0.6111111111111112,0.0,0.0,0.6111111111111112,0.18333333333333335,2798
india |  defeat |  pakistan,1.0,1.0,53.0,53.0,2026-10-04 06:19:38,96.38126450444445,,,,,,,,,,,1,0,0,1,0,0,0,0.6111111111111112,0.0,0.0,0.6111111111111112,0.18333333333333335,2798
india |  economic |  resilience,1.0,1.0,117.0,118.0,2026-10-03 10:04:17,116.63709783777777,,,,,,,,,,,1,0,0,1,0,0,0,0.6111111111111112,0.0,0.0,0.6111111111111112,0.18333333333333335,2798
india |  efta |  partnership,1.0,1.0,62.0,62.0,2026-10-01 06:33:17,168.15376450444447,,,,,,,,,,,1,0,0,1,0,0,0,0.6111111111111112,0.0,0.0,0.6111111111111112,0.18333333333333335,2798
india |  ends |  year,1.0,1.0,73.0,71.0,2026-10-02 02:42:53,147.99376450444444,,,,,,,,,,,1,0,0,1,0,0,0,0.6111111111111112,0.0,0.0,0.6111111111111112,0.18333333333333335,2798
india |  enter |  asian,1.0,1.0,93.0,93.0,2026-10-02 06:09:13,144.55487561555555,,,,,,,,,,,1,0,0,1,0,0,0,0.6111111111111112,0.0,0.0,0.6111111111111112,0.18333333333333335,2798
india |  evening |  brief,2.0,1.0,102.0,98.5,2026-10-03 14:54:35,111.79876450444443,,,,,,,,,,,1,0,0,1,0,0,0,0.7222222222222222,0.0,0.0,0.7222222222222222,0.21666666666666665,2797
india |  experimentation |  west,1.0,1.0,89.0,89.0,2026-10-03 05:44:55,120.95987561555555,,,,,,,,,,,1,0,0,1,0,0,0,0.6111111111111112,0.0,0.0,0.6111111111111112,0.18333333333333335,2798
india |  factory |  growth,1.0,1.0,80.0,80.0,2026-10-01 06:33:17,168.15376450444447,,,,,,,,,,,1,0,0,1,0,0,0,0.6111111111111112,0.0,0.0,0.6111111111111112,0.18333333333333335,2798
india |  fast |  fashion,1.0,1.0,75.0,75.0,2026-10-06 06:52:38,47.83126450444445,,,,,,,,,,,1,0,0,1,0,0,0,0.6111111111111112,0.0,0.0,0.6111111111111112,0.18333333333333335,2798
india |  feel |  have,1.0,1.0,91.0,91.0,2026-10-06 06:52:38,47.83126450444445,,,,,,,,,,,1,0,0,1,0,0,0,0.6111111111111112,0.0,0.0,0.6111111111111112,0.18333333333333335,2798
india |  finance |  boom,1.0,1.0,60.0,60.0,2026-10-05 06:12:26,72.50126450444445,,,,,,,,,,,1,0,0,1,0,0,0,0.6111111111111112,0.0,0.0,0.6111111111111112,0.18333333333333335,2798
india |  forward |  premiums,1.0,1.0,88.0,88.0,2026-10-08 06:38:34,0.06570894888888888,,,,,,,,,,,1,0,0,1,1,0,0,0.6111111111111112,0.0,0.0,0.6111111111111112,0.18333333333333335,2798
india |  friction |  points,1.0,1.0,39.0,253.0,2026-10-03 02:16:30,124.43348672666666,,,,,,,,,,,1,0,0,1,0,0,0,0.6111111111111112,0.0,0.0,0.6111111111111112,0.18333333333333335,2798
india |  games |  asian,1.0,1.0,144.0,341.0,2026-10-04 06:19:38,96.38126450444445,,,,,,,,,,,1,0,0,1,0,0,0,0.6111111111111112,0.0,0.0,0.6111111111111112,0.18333333333333335,2798
india |  geopolitical |  tensions,1.0,1.0,90.0,102.0,2026-10-01 05:19:38,169.38126450444446,,,,,,,,,,,1,0,0,1,0,0,0,0.6111111111111112,0.0,0.0,0.6111111111111112,0.18333333333333335,2798
india |  ghana |  discuss,1.0,1.0,84.0,84.0,2026-10-07 06:28:49,24.228208948888888,,,,,,,,,,,1,0,0,1,0,0,0,0.6111111111111112,0.0,0.0,0.6111111111111112,0.18333333333333335,2798
india |  global |  south,1.0,1.0,78.0,78.0,2026-10-06 06:52:38,47.83126450444445,,,,,,,,,,,1,0,0,1,0,0,0,0.6111111111111112,0.0,0.0,0.6111111111111112,0.18333333333333335,2798
india |  hdfc |  bank,1.0,1.0,53.0,53.0,2026-10-05 06:12:26,72.50126450444445,,,,,,,,,,,1,0,0,1,0,0,0,0.6111111111111112,0.0,0.0,0.6111111111111112,0.18333333333333335,2798
india |  hunt |  sporting,1.0,1.0,80.0,80.0,2026-10-03 15:03:03,111.65765339333333,,,,,,,,,,,1,0,0,1,0,0,0,0.6111111111111112,0.0,0.0,0.6111111111111112,0.18333333333333335,2798
india |  inside |  newsletter,1.0,1.0,89.0,89.0,2026-10-08 06:38:34,0.06570894888888888,,,,,,,,,,,1,0,0,1,1,0,0,0.6111111111111112,0.0,0.0,0.6111111111111112,0.18333333333333335,2798
india |  joins |  economies,1.0,1.0,76.0,74.0,2026-10-08 05:48:38,0.8979311711111111,,,,,,,,,,,1,0,0,1,1,0,0,0.6111111111111112,0.0,0.0,0.6111111111111112,0.18333333333333335,2798
india |  joins |  global,1.0,1.0,81.0,81.0,2026-10-08 06:38:34,0.06570894888888888,,,,,,,,,,,1,0,0,1,1,0,0,0.6111111111111112,0.0,0.0,0.6111111111111112,0.18333333333333335,2798
india |  launching |  into,1.0,1.0,62.0,62.0,2026-10-01 02:30:00,172.20848672666668,,,,,,,,,,,1,0,0,1,0,0,0,0.6111111111111112,0.0,0.0,0.6111111111111112,0.18333333333333335,2798
india |  list |  outcomes,1.0,1.0,87.0,87.0,2026-10-06 06:52:38,47.83126450444445,,,,,,,,,,,1,0,0,1,0,0,0,0.6111111111111112,0.0,0.0,0.6111111111111112,0.18333333333333335,2798
india |  medals |  asian,1.0,1.0,54.0,54.0,2026-10-04 06:19:38,96.38126450444445,,,,,,,,,,,1,0,0,1,0,0,0,0.6111111111111112,0.0,0.0,0.6111111111111112,0.18333333333333335,2798
india |  medals |  wrestling,1.0,1.0,77.0,74.0,2026-10-03 12:49:15,113.88765339333332,,,,,,,,,,,1,0,0,1,0,0,0,0.6111111111111112,0.0,0.0,0.6111111111111112,0.18333333333333335,2798
india |  million |  voter,1.0,1.0,87.0,87.0,2026-10-07 06:28:49,24.228208948888888,,,,,,,,,,,1,0,0,1,0,0,0,0.6111111111111112,0.0,0.0,0.6111111111111112,0.18333333333333335,2798
india |  mobile |  congress,2.0,2.0,83.0,106.0,2026-10-08 06:32:04,0.17404228222222223,,,,,,,,,,,1,0,0,1,1,0,0,1.2222222222222223,0.0,0.0,1.2222222222222223,0.3666666666666667,223
india |  monthly |  ambient,1.0,1.0,102.0,102.0,2026-10-06 06:52:38,47.83126450444445,,,,,,,,,,,1,0,0,1,0,0,0,0.6111111111111112,0.0,0.0,0.6111111111111112,0.18333333333333335,2798
india |  most |  comprehensive,1.0,1.0,118.0,118.0,2026-10-04 06:19:38,96.38126450444445,,,,,,,,,,,1,0,0,1,0,0,0,0.6111111111111112,0.0,0.0,0.6111111111111112,0.18333333333333335,2798
india |  narco |  kingpin,1.0,1.0,78.0,78.0,2026-10-03 05:44:55,120.95987561555555,,,,,,,,,,,1,0,0,1,0,0,0,0.6111111111111112,0.0,0.0,0.6111111111111112,0.18333333333333335,2798
india |  news |  delhi,1.0,1.0,90.0,90.0,2026-10-03 05:44:55,120.95987561555555,,,,,,,,,,,1,0,0,1,0,0,0,0.6111111111111112,0.0,0.0,0.6111111111111112,0.18333333333333335,2798
india |  news |  opposition,1.0,1.0,58.0,58.0,2026-10-08 06:38:34,0.06570894888888888,,,,,,,,,,,1,0,0,1,1,0,0,0.6111111111111112,0.0,0.0,0.6111111111111112,0.18333333333333335,2798
india |  news |  police,1.0,1.0,105.0,105.0,2026-10-05 06:12:26,72.50126450444445,,,,,,,,,,,1,0,0,1,0,0,0,0.6111111111111112,0.0,0.0,0.6111111111111112,0.18333333333333335,2798
india |  news |  protests,1.0,1.0,55.0,55.0,2026-10-08 06:38:34,0.06570894888888888,,,,,,,,,,,1,0,0,1,1,0,0,0.6111111111111112,0.0,0.0,0.6111111111111112,0.18333333333333335,2798
india |  nino |  ruined,1.0,1.0,93.0,93.0,2026-10-07 06:28:49,24.228208948888888,,,,,,,,,,,1,0,0,1,0,0,0,0.6111111111111112,0.0,0.0,0.6111111111111112,0.18333333333333335,2798
india |  nuclear |  punch,1.0,1.0,66.0,66.0,2026-10-05 06:12:26,72.50126450444445,,,,,,,,,,,1,0,0,1,0,0,0,0.6111111111111112,0.0,0.0,0.6111111111111112,0.18333333333333335,2798
india |  opposition |  leaders,2.0,1.0,75.0,75.0,2026-10-07 06:28:49,24.228208948888888,,,,,,,,,,,1,0,0,1,0,0,0,0.7222222222222222,0.0,0.0,0.7222222222222222,0.21666666666666665,2797
india |  pakistan |  asian,1.0,1.0,99.0,99.0,2026-10-03 05:44:55,120.95987561555555,,,,,,,,,,,1,0,0,1,0,0,0,0.6111111111111112,0.0,0.0,0.6111111111111112,0.18333333333333335,2798
india |  pakistan |  cricket,1.0,1.0,79.0,79.0,2026-10-03 05:44:55,120.95987561555555,,,,,,,,,,,1,0,0,1,0,0,0,0.6111111111111112,0.0,0.0,0.6111111111111112,0.18333333333333335,2798
india |  pakistan |  gold,1.0,1.0,59.0,45.0,2026-10-03 05:39:02,121.05793117111111,,,,,,,,,,,1,0,0,1,0,0,0,0.6111111111111112,0.0,0.0,0.6111111111111112,0.18333333333333335,2798
india |  pakistan |  hockey,2.0,1.0,155.5,155.5,2026-10-02 06:09:13,144.55487561555555,,,,,,,,,,,1,0,0,1,0,0,0,0.7222222222222222,0.0,0.0,0.7222222222222222,0.21666666666666665,2797
india |  pakistan |  live,2.0,1.0,101.5,101.5,2026-10-03 05:44:55,120.95987561555555,,,,,,,,,,,1,0,0,1,0,0,0,0.7222222222222222,0.0,0.0,0.7222222222222222,0.21666666666666665,2797
india |  pakistan |  scheduled,1.0,1.0,80.0,80.0,2026-10-02 06:09:13,144.55487561555555,,,,,,,,,,,1,0,0,1,0,0,0,0.6111111111111112,0.0,0.0,0.6111111111111112,0.18333333333333335,2798
india |  plans |  invite,1.0,1.0,95.0,94.0,2026-10-07 19:28:47,11.228764504444444,,,,,,,,,,,1,0,0,1,1,0,0,0.6111111111111112,0.0,0.0,0.6111111111111112,0.18333333333333335,2798
india |  proposes |  part,1.0,1.0,78.0,124.0,2026-10-07 01:06:28,29.600708948888887,,,,,,,,,,,1,0,0,1,0,0,0,0.6111111111111112,0.0,0.0,0.6111111111111112,0.18333333333333335,2798
india |  proud |  captain,1.0,1.0,123.0,123.0,2026-10-01 06:33:17,168.15376450444447,,,,,,,,,,,1,0,0,1,0,0,0,0.6111111111111112,0.0,0.0,0.6111111111111112,0.18333333333333335,2798
india |  proud |  modi,1.0,1.0,74.0,93.0,2026-10-01 01:37:15,173.08765339333334,,,,,,,,,,,1,0,0,1,0,0,0,0.6111111111111112,0.0,0.0,0.6111111111111112,0.18333333333333335,2798
india |  rahul |  gandhi,1.0,1.0,109.0,109.0,2026-10-04 06:19:38,96.38126450444445,,,,,,,,,,,1,0,0,1,0,0,0,0.6111111111111112,0.0,0.0,0.6111111111111112,0.18333333333333335,2798
india |  rate |  hike,1.0,1.0,73.0,73.0,2026-10-05 06:12:26,72.50126450444445,,,,,,,,,,,1,0,0,1,0,0,0,0.6111111111111112,0.0,0.0,0.6111111111111112,0.18333333333333335,2798
india |  ready |  asian,1.0,1.0,53.0,53.0,2026-10-03 05:44:55,120.95987561555555,,,,,,,,,,,1,0,0,1,0,0,0,0.6111111111111112,0.0,0.0,0.6111111111111112,0.18333333333333335,2798
india |  recall |  bhuvneshwar,1.0,1.0,62.0,62.0,2026-10-07 06:28:49,24.228208948888888,,,,,,,,,,,1,0,0,1,0,0,0,0.6111111111111112,0.0,0.0,0.6111111111111112,0.18333333333333335,2798
india |  recruitment |  rajasthan,1.0,1.0,110.0,110.0,2026-10-07 06:28:49,24.228208948888888,,,,,,,,,,,1,0,0,1,0,0,0,0.6111111111111112,0.0,0.0,0.6111111111111112,0.18333333333333335,2798
india |  regulatory |  framework,1.0,1.0,87.0,87.0,2026-10-08 06:38:34,0.06570894888888888,,,,,,,,,,,1,0,0,1,1,0,0,0.6111111111111112,0.0,0.0,0.6111111111111112,0.18333333333333335,2798
india |  report |  card,1.0,1.0,101.0,101.0,2026-10-05 06:12:26,72.50126450444445,,,,,,,,,,,1,0,0,1,0,0,0,0.6111111111111112,0.0,0.0,0.6111111111111112,0.18333333333333335,2798
india |  retain |  asian,1.0,1.0,89.0,89.0,2026-10-04 06:19:38,96.38126450444445,,,,,,,,,,,1,0,0,1,0,0,0,0.6111111111111112,0.0,0.0,0.6111111111111112,0.18333333333333335,2798
india |  rewrites |  voter,1.0,1.0,73.0,73.0,2026-10-06 13:05:48,41.61182006000001,,,,,,,,,,,1,0,0,1,0,0,0,0.6111111111111112,0.0,0.0,0.6111111111111112,0.18333333333333335,2798
india |  russia |  ukraine,1.0,1.0,64.0,154.0,2026-10-08 02:21:00,4.3584867266666665,,,,,,,,,,,1,0,0,1,1,0,0,0.6111111111111112,0.0,0.0,0.6111111111111112,0.18333333333333335,2798
india |  saved |  tigersand,1.0,1.0,75.0,75.0,2026-10-06 06:52:38,47.83126450444445,,,,,,,,,,,1,0,0,1,0,0,0,0.6111111111111112,0.0,0.0,0.6111111111111112,0.18333333333333335,2798
india |  savitha |  only,1.0,1.0,80.0,457.0,2026-10-07 05:10:03,25.540986726666667,,,,,,,,,,,1,0,0,1,0,0,0,0.6111111111111112,0.0,0.0,0.6111111111111112,0.18333333333333335,2798
india |  secures |  narco,1.0,1.0,109.0,109.0,2026-10-03 05:44:55,120.95987561555555,,,,,,,,,,,1,0,0,1,0,0,0,0.6111111111111112,0.0,0.0,0.6111111111111112,0.18333333333333335,2798
india |  seeing |  deluge,1.0,1.0,76.0,76.0,2026-10-08 06:38:34,0.06570894888888888,,,,,,,,,,,1,0,0,1,1,0,0,0.6111111111111112,0.0,0.0,0.6111111111111112,0.18333333333333335,2798
india |  seeks |  update,1.0,1.0,97.0,97.0,2026-10-08 06:38:34,0.06570894888888888,,,,,,,,,,,1,0,0,1,1,0,0,0.6111111111111112,0.0,0.0,0.6111111111111112,0.18333333333333335,2798
india |  sends |  part,1.0,1.0,65.0,102.0,2026-10-07 05:14:17,25.47043117111111,,,,,,,,,,,1,0,0,1,0,0,0,0.6111111111111112,0.0,0.0,0.6111111111111112,0.18333333333333335,2798
india |  senior |  diplomat,1.0,1.0,74.0,151.0,2026-10-07 18:46:31,11.933208948888888,,,,,,,,,,,1,0,0,1,1,0,0,0.6111111111111112,0.0,0.0,0.6111111111111112,0.18333333333333335,2798
india |  september |  goods,1.0,1.0,85.0,85.0,2026-10-01 06:33:17,168.15376450444447,,,,,,,,,,,1,0,0,1,0,0,0,0.6111111111111112,0.0,0.0,0.6111111111111112,0.18333333333333335,2798
india |  signs |  medals,1.0,1.0,101.0,101.0,2026-10-05 06:12:26,72.50126450444445,,,,,,,,,,,1,0,0,1,0,0,0,0.6111111111111112,0.0,0.0,0.6111111111111112,0.18333333333333335,2798
india |  sizes |  stealth,1.0,1.0,91.0,91.0,2026-10-06 06:52:38,47.83126450444445,,,,,,,,,,,1,0,0,1,0,0,0,0.6111111111111112,0.0,0.0,0.6111111111111112,0.18333333333333335,2798
india |  squad |  zealand,1.0,1.0,96.0,96.0,2026-10-07 06:28:49,24.228208948888888,,,,,,,,,,,1,0,0,1,0,0,0,0.6111111111111112,0.0,0.0,0.6111111111111112,0.18333333333333335,2798
india |  squads |  zealand,1.0,1.0,61.0,61.0,2026-10-07 06:28:49,24.228208948888888,,,,,,,,,,,1,0,0,1,0,0,0,0.6111111111111112,0.0,0.0,0.6111111111111112,0.18333333333333335,2798
india |  squash |  match,1.0,1.0,78.0,419.0,2026-10-01 04:26:28,170.26737561555558,,,,,,,,,,,1,0,0,1,0,0,0,0.6111111111111112,0.0,0.0,0.6111111111111112,0.18333333333333335,2798
india |  standardises |  names,1.0,1.0,58.0,58.0,2026-10-03 05:44:55,120.95987561555555,,,,,,,,,,,1,0,0,1,0,0,0,0.6111111111111112,0.0,0.0,0.6111111111111112,0.18333333333333335,2798
india |  steel |  ministry,1.0,1.0,96.0,96.0,2026-10-07 06:28:49,24.228208948888888,,,,,,,,,,,1,0,0,1,0,0,0,0.6111111111111112,0.0,0.0,0.6111111111111112,0.18333333333333335,2798
india |  stocks |  gain,1.0,1.0,74.0,74.0,2026-10-05 06:12:26,72.50126450444445,,,,,,,,,,,1,0,0,1,0,0,0,0.6111111111111112,0.0,0.0,0.6111111111111112,0.18333333333333335,2798
india |  summons |  envoy,1.0,1.0,127.0,127.0,2026-10-04 06:19:38,96.38126450444445,,,,,,,,,,,1,0,0,1,0,0,0,0.6111111111111112,0.0,0.0,0.6111111111111112,0.18333333333333335,2798
india |  summons |  pakistan,2.0,1.0,97.5,97.5,2026-10-04 06:19:38,96.38126450444445,,,,,,,,,,,1,0,0,1,0,0,0,0.7222222222222222,0.0,0.0,0.7222222222222222,0.21666666666666665,2797
india |  switzerland |  sign,1.0,1.0,105.0,154.0,2026-10-05 17:29:44,61.212931171111116,,,,,,,,,,,1,0,0,1,0,0,0,0.6111111111111112,0.0,0.0,0.6111111111111112,0.18333333333333335,2798
india |  talks |  russia,1.0,1.0,65.0,156.0,2026-10-07 15:29:08,15.22293117111111,,,,,,,,,,,1,0,0,1,1,0,0,0.6111111111111112,0.0,0.0,0.6111111111111112,0.18333333333333335,2798
india |  targets |  million,1.0,1.0,77.0,77.0,2026-10-02 06:09:13,144.55487561555555,,,,,,,,,,,1,0,0,1,0,0,0,0.6111111111111112,0.0,0.0,0.6111111111111112,0.18333333333333335,2798
india |  team |  beat,1.0,1.0,142.0,142.0,2026-10-04 06:19:38,96.38126450444445,,,,,,,,,,,1,0,0,1,0,0,0,0.6111111111111112,0.0,0.0,0.6111111111111112,0.18333333333333335,2798
india |  telecom |  boom,1.0,1.0,82.0,82.0,2026-10-08 06:20:20,0.36959783777777777,,,,,,,,,,,1,0,0,1,1,0,0,0.6111111111111112,0.0,0.0,0.6111111111111112,0.18333333333333335,2798
india |  tell |  victim,1.0,1.0,83.0,114.0,2026-10-07 05:01:49,25.678208948888887,,,,,,,,,,,1,0,0,1,0,0,0,0.6111111111111112,0.0,0.0,0.6111111111111112,0.18333333333333335,2798
india |  thapa |  consolation,1.0,1.0,95.0,95.0,2026-10-07 06:28:49,24.228208948888888,,,,,,,,,,,1,0,0,1,0,0,0,0.6111111111111112,0.0,0.0,0.6111111111111112,0.18333333333333335,2798
india |  throws |  month,1.0,1.0,71.0,71.0,2026-10-03 05:44:55,120.95987561555555,,,,,,,,,,,1,0,0,1,0,0,0,0.6111111111111112,0.0,0.0,0.6111111111111112,0.18333333333333335,2798
india |  today |  turkey,1.0,1.0,97.0,97.0,2026-10-03 05:44:55,120.95987561555555,,,,,,,,,,,1,0,0,1,0,0,0,0.6111111111111112,0.0,0.0,0.6111111111111112,0.18333333333333335,2798
india |  tractor |  retail,1.0,1.0,90.0,90.0,2026-10-06 06:52:38,47.83126450444445,,,,,,,,,,,1,0,0,1,0,0,0,0.6111111111111112,0.0,0.0,0.6111111111111112,0.18333333333333335,2798
india |  trade |  deal,3.0,1.0,104.0,104.0,2026-10-06 06:52:38,47.83126450444445,,,,,,,,,,,1,0,0,1,0,0,0,0.8333333333333333,0.0,0.0,0.8333333333333333,0.24999999999999997,2795
india |  trade |  talks,2.0,1.0,74.0,74.0,2026-10-07 06:28:49,24.228208948888888,,,,,,,,,,,1,0,0,1,0,0,0,0.7222222222222222,0.0,0.0,0.7222222222222222,0.21666666666666665,2797
india |  uruguay |  football,2.0,1.0,107.0,107.0,2026-10-07 06:28:49,24.228208948888888,,,,,,,,,,,1,0,0,1,0,0,0,0.7222222222222222,0.0,0.0,0.7222222222222222,0.21666666666666665,2797
india |  wants |  deeper,1.0,1.0,69.0,69.0,2026-10-05 06:12:26,72.50126450444445,,,,,,,,,,,1,0,0,1,0,0,0,0.6111111111111112,0.0,0.0,0.6111111111111112,0.18333333333333335,2798
india |  west |  indies,3.0,1.0,65.0,65.0,2026-10-06 06:52:38,47.83126450444445,,,,,,,,,,,1,0,0,1,0,0,0,0.8333333333333333,0.0,0.0,0.8333333333333333,0.24999999999999997,2795
india |  women |  squads,1.0,1.0,76.0,76.0,2026-10-07 06:28:49,24.228208948888888,,,,,,,,,,,1,0,0,1,0,0,0,0.6111111111111112,0.0,0.0,0.6111111111111112,0.18333333333333335,2798
india |  zealand |  bhuvneshwar,1.0,1.0,77.0,77.0,2026-10-07 06:28:49,24.228208948888888,,,,,,,,,,,1,0,0,1,0,0,0,0.6111111111111112,0.0,0.0,0.6111111111111112,0.18333333333333335,2798
indian |  asian |  games,1.0,1.0,116.0,116.0,2026-10-02 06:09:13,144.55487561555555,,,,,,,,,,,1,0,0,1,0,0,0,0.6111111111111112,0.0,0.0,0.6111111111111112,0.18333333333333335,2798
indian |  authorities |  clamp,1.0,1.0,85.0,85.0,2026-10-03 05:44:55,120.95987561555555,,,,,,,,,,,1,0,0,1,0,0,0,0.6111111111111112,0.0,0.0,0.6111111111111112,0.18333333333333335,2798
indian |  automakers |  stronger,1.0,1.0,79.0,79.0,2026-10-01 06:33:17,168.15376450444447,,,,,,,,,,,1,0,0,1,0,0,0,0.6111111111111112,0.0,0.0,0.6111111111111112,0.18333333333333335,2798
indian |  benchmark |  shares,1.0,1.0,75.0,75.0,2026-10-02 06:09:13,144.55487561555555,,,,,,,,,,,1,0,0,1,0,0,0,0.6111111111111112,0.0,0.0,0.6111111111111112,0.18333333333333335,2798
indian |  calcutta |  court,1.0,1.0,61.0,509.0,2026-10-02 01:45:08,148.95626450444445,,,,,,,,,,,1,0,0,1,0,0,0,0.6111111111111112,0.0,0.0,0.6111111111111112,0.18333333333333335,2798
indian |  compares |  public,1.0,1.0,89.0,89.0,2026-10-02 06:09:13,144.55487561555555,,,,,,,,,,,1,0,0,1,0,0,0,0.6111111111111112,0.0,0.0,0.6111111111111112,0.18333333333333335,2798
indian |  consumer |  firm,1.0,1.0,86.0,86.0,2026-10-05 06:12:26,72.50126450444445,,,,,,,,,,,1,0,0,1,0,0,0,0.6111111111111112,0.0,0.0,0.6111111111111112,0.18333333333333335,2798
indian |  hails |  hero,1.0,1.0,69.0,69.0,2026-10-01 06:33:17,168.15376450444447,,,,,,,,,,,1,0,0,1,0,0,0,0.6111111111111112,0.0,0.0,0.6111111111111112,0.18333333333333335,2798
indian |  hand |  main,1.0,1.0,63.0,59.0,2026-10-07 05:30:03,25.20765339333333,,,,,,,,,,,1,0,0,1,0,0,0,0.6111111111111112,0.0,0.0,0.6111111111111112,0.18333333333333335,2798
indian |  leaders |  cooling,1.0,1.0,79.0,79.0,2026-10-07 06:28:49,24.228208948888888,,,,,,,,,,,1,0,0,1,0,0,0,0.6111111111111112,0.0,0.0,0.6111111111111112,0.18333333333333335,2798
indian |  nationals |  rescued,1.0,1.0,70.0,89.0,2026-10-02 23:46:14,126.9379311711111,,,,,,,,,,,1,0,0,1,0,0,0,0.6111111111111112,0.0,0.0,0.6111111111111112,0.18333333333333335,2798
indian |  navy |  sailor,1.0,1.0,80.0,483.0,2026-10-03 15:54:38,110.7979311711111,,,,,,,,,,,1,0,0,1,0,0,0,0.6111111111111112,0.0,0.0,0.6111111111111112,0.18333333333333335,2798
indian |  opposition |  leader,1.0,1.0,86.0,86.0,2026-10-08 06:38:34,0.06570894888888888,,,,,,,,,,,1,0,0,1,1,0,0,0.6111111111111112,0.0,0.0,0.6111111111111112,0.18333333333333335,2798
indian |  police |  accused,1.0,1.0,81.0,81.0,2026-10-05 06:12:26,72.50126450444445,,,,,,,,,,,1,0,0,1,0,0,0,0.6111111111111112,0.0,0.0,0.6111111111111112,0.18333333333333335,2798
indian |  police |  detain,1.0,1.0,92.0,92.0,2026-10-04 06:19:38,96.38126450444445,,,,,,,,,,,1,0,0,1,0,0,0,0.6111111111111112,0.0,0.0,0.6111111111111112,0.18333333333333335,2798
indian |  refiners |  change,1.0,1.0,123.0,123.0,2026-10-01 06:33:17,168.15376450444447,,,,,,,,,,,1,0,0,1,0,0,0,0.6111111111111112,0.0,0.0,0.6111111111111112,0.18333333333333335,2798
indian |  sailor |  injured,1.0,1.0,85.0,106.0,2026-10-06 08:27:20,46.252931171111115,,,,,,,,,,,1,0,0,1,0,0,0,0.6111111111111112,0.0,0.0,0.6111111111111112,0.18333333333333335,2798
indian |  shares |  trim,1.0,1.0,84.0,84.0,2026-10-07 06:28:49,24.228208948888888,,,,,,,,,,,1,0,0,1,0,0,0,0.6111111111111112,0.0,0.0,0.6111111111111112,0.18333333333333335,2798
indian |  sheikh |  hasina,1.0,1.0,121.0,121.0,2026-10-04 06:19:38,96.38126450444445,,,,,,,,,,,1,0,0,1,0,0,0,0.6111111111111112,0.0,0.0,0.6111111111111112,0.18333333333333335,2798
indian |  students |  american,1.0,1.0,69.0,69.0,2026-10-08 06:38:34,0.06570894888888888,,,,,,,,,,,1,0,0,1,1,0,0,0.6111111111111112,0.0,0.0,0.6111111111111112,0.18333333333333335,2798
indian |  tennis |  enters,1.0,1.0,68.0,68.0,2026-10-05 03:44:02,74.97459783777778,,,,,,,,,,,1,0,0,1,0,0,0,0.6111111111111112,0.0,0.0,0.6111111111111112,0.18333333333333335,2798
indianoil |  petroleum |  minister,1.0,1.0,106.0,119.0,2026-10-07 16:15:46,14.445708948888887,,,,,,,,,,,1,0,0,1,1,0,0,0.6111111111111112,0.0,0.0,0.6111111111111112,0.18333333333333335,2798
indianoil |  stabbed |  petrol,1.0,1.0,80.0,415.0,2026-10-08 01:30:11,5.205431171111111,,,,,,,,,,,1,0,0,1,1,0,0,0.6111111111111112,0.0,0.0,0.6111111111111112,0.18333333333333335,2798
indians |  action |  asian,1.0,1.0,109.0,109.0,2026-10-03 05:44:55,120.95987561555555,,,,,,,,,,,1,0,0,1,0,0,0,0.6111111111111112,0.0,0.0,0.6111111111111112,0.18333333333333335,2798
indian| bike| driving,,,,,,,,,,8.0,1300459.625,10403677.0,3453.25,2.5,2026-10-07,0.0026573297114087643,0,0,1,1,0,0,0,0.0,0.0,8.00265732971141,8.00265732971141,2.400797198913423,29
indian| bike| driving| ramp| challenge,,,,,,,,,,3.0,1205373.3333333333,3616120.0,5342.666666666667,0.0,2026-09-26,0.0044323750318020425,0,0,1,1,0,0,0,0.0,0.0,3.004432375031802,3.004432375031802,0.9013297125095405,79
indian| theft| aura| simulator| indiantheftaurasimulator| indian3d,,,,,,,,,,1.0,54680.0,54680.0,190.0,10.0,2026-10-03,0.0036576444769568397,0,0,1,1,0,0,0,0.0,0.0,1.003657644476957,1.003657644476957,0.30109729334308705,2333
indian| theft| auto| simulator,,,,,,,,,,1.0,43576.0,43576.0,223.0,11.0,2026-09-13,0.0053699284009546535,0,0,1,1,0,0,0,0.0,0.0,1.0053699284009547,1.0053699284009547,0.3016109785202864,2052
indian| theft| auto| simulator| gameplay,,,,,,,,,,9.0,171324.66666666666,1541922.0,740.8888888888889,32.22222222222222,2026-10-07,0.004512549921461656,0,0,1,1,0,0,0,0.0,0.0,9.004512549921461,9.004512549921461,2.7013537649764383,24
indias |  bullet |  train,1.0,1.0,108.0,108.0,2026-10-06 06:52:38,47.83126450444445,,,,,,,,,,,1,0,0,1,0,0,0,0.6111111111111112,0.0,0.0,0.6111111111111112,0.18333333333333335,2798
indias |  central |  bank,2.0,1.0,77.5,77.5,2026-10-08 06:38:34,0.06570894888888888,,,,,,,,,,,1,0,0,1,1,0,0,0.7222222222222222,0.0,0.0,0.7222222222222222,0.21666666666666665,2797
indias |  cockroach |  movement,2.0,1.0,77.5,77.5,2026-10-05 06:12:26,72.50126450444445,,,,,,,,,,,1,0,0,1,0,0,0,0.7222222222222222,0.0,0.0,0.7222222222222222,0.21666666666666665,2797
indias |  first |  bullet,1.0,1.0,85.0,85.0,2026-10-06 06:52:38,47.83126450444445,,,,,,,,,,,1,0,0,1,0,0,0,0.6111111111111112,0.0,0.0,0.6111111111111112,0.18333333333333335,2798
indias |  formidable |  cement,1.0,1.0,74.0,74.0,2026-10-08 06:38:34,0.06570894888888888,,,,,,,,,,,1,0,0,1,1,0,0,0.6111111111111112,0.0,0.0,0.6111111111111112,0.18333333333333335,2798
indias |  million |  mutinies,1.0,1.0,78.0,78.0,2026-10-08 06:38:34,0.06570894888888888,,,,,,,,,,,1,0,0,1,1,0,0,0.6111111111111112,0.0,0.0,0.6111111111111112,0.18333333333333335,2798
indias |  russia |  ukraine,1.0,1.0,88.0,88.0,2026-10-05 06:12:26,72.50126450444445,,,,,,,,,,,1,0,0,1,0,0,0,0.6111111111111112,0.0,0.0,0.6111111111111112,0.18333333333333335,2798
indias |  supreme |  court,1.0,1.0,77.0,77.0,2026-10-08 06:38:34,0.06570894888888888,,,,,,,,,,,1,0,0,1,1,0,0,0.6111111111111112,0.0,0.0,0.6111111111111112,0.18333333333333335,2798
indias |  trade |  caught,1.0,1.0,44.0,44.0,2026-10-08 06:38:34,0.06570894888888888,,,,,,,,,,,1,0,0,1,1,0,0,0.6111111111111112,0.0,0.0,0.6111111111111112,0.18333333333333335,2798
indias |  ujjain |  tense,1.0,1.0,83.0,83.0,2026-10-01 06:33:17,168.15376450444447,,,,,,,,,,,1,0,0,1,0,0,0,0.6111111111111112,0.0,0.0,0.6111111111111112,0.18333333333333335,2798
indias |  winter |  crops,1.0,1.0,77.0,145.0,2026-10-03 08:41:48,118.01182005999999,,,,,,,,,,,1,0,0,1,0,0,0,0.6111111111111112,0.0,0.0,0.6111111111111112,0.18333333333333335,2798
india| alliance| march| live| n18l,,,,,,,,,,1.0,62722.0,62722.0,299.0,1.0,2026-10-07,0.004783010745830809,0,0,1,1,0,0,0,0.0,0.0,1.0047830107458309,1.0047830107458309,0.3014349032237493,2136
india| west| indies| 1st| t20| match| ind| live,,,,,,,,,,1.0,213886.0,213886.0,1290.0,238.0,2026-10-07,0.007143992594185688,0,0,1,1,0,0,0,0.0,0.0,1.0071439925941856,1.0071439925941856,0.30214319777825566,1866
indigo |  flight |  turns,1.0,1.0,79.0,79.0,2026-10-08 02:59:09,3.7226533933333332,,,,,,,,,,,1,0,0,1,1,0,0,0.6111111111111112,0.0,0.0,0.6111111111111112,0.18333333333333335,2798
indira| ekadashi,,,,,,,,,,1.0,32200.0,32200.0,1289.0,87.0,2026-10-05,0.042732919254658386,0,0,1,1,0,0,1,0.0,0.0,1.0427329192546584,1.0427329192546584,0.3128198757763975,464
indira| ekadashi| katha| bhajan,,,,,,,,,,1.0,70616.0,70616.0,565.0,35.0,2026-10-05,0.008496657981194063,0,0,1,1,0,0,0,0.0,0.0,1.008496657981194,1.008496657981194,0.3025489973943582,1762
indira| ekadashi| mahatmya| gita| dash| sidharth| bhakti,,,,,,,,,,1.0,45090.0,45090.0,484.0,24.0,2026-10-05,0.011266356176535817,0,0,1,1,0,0,1,0.0,0.0,1.0112663561765358,1.0112663561765358,0.30337990685296073,1532
indonesia vs south korea,,,,,,,100.0,1.0,1.0,,,,,,,,0,1,0,1,0,1,0,0.0,1.5,0.0,1.5,0.6000000000000001,174
ind| 1st| match| gameplay| vaibhav| abhishek| sharma| shreyas,,,,,,,,,,1.0,290024.0,290024.0,748.0,35.0,2026-09-19,0.002699776570214879,0,0,1,1,0,0,0,0.0,0.0,1.0026997765702148,1.0026997765702148,0.30080993297106445,2519
ind| afg| 2nd| t20| match| gameplay,,,,,,,,,,1.0,169596.0,169596.0,820.0,24.0,2026-09-15,0.004976532465388334,0,0,1,1,0,0,0,0.0,0.0,1.0049765324653883,1.0049765324653883,0.3014929597396165,2106
ind| japan| 1st| t20| match| gameplay| vaibhav| sharma,,,,,,,,,,1.0,582677.0,582677.0,3482.0,99.0,2026-09-21,0.0061457720143407064,0,0,1,1,0,0,0,0.0,0.0,1.0061457720143407,1.0061457720143407,0.3018437316043022,1961
infections |  linked |  over,1.0,1.0,55.0,53.0,2026-10-02 08:40:17,142.03709783777776,,,,,,,,,,,1,0,0,1,0,0,0,0.6111111111111112,0.0,0.0,0.6111111111111112,0.18333333333333335,2798
infinix| play| wildcards| powered| hot| pro| freefire| freefirelive,,,,,,,,,,1.0,309311.0,309311.0,10286.0,23.0,2026-09-11,0.03332891491088257,0,0,1,1,0,0,1,0.0,0.0,1.0333289149108826,1.0333289149108826,0.3099986744732648,669
infosys share price,,,,,,,100.0,1.0,1.0,,,,,,,,0,1,0,1,0,1,0,0.0,1.5,0.0,1.5,0.6000000000000001,174
injured |  against |  university,1.0,1.0,63.0,265.0,2026-10-07 02:33:20,28.15293117111111,,,,,,,,,,,1,0,0,1,0,0,0,0.6111111111111112,0.0,0.0,0.6111111111111112,0.18333333333333335,2798
injured |  purvanchal |  expressway,1.0,1.0,79.0,448.0,2026-10-07 05:04:48,25.628486726666665,,,,,,,,,,,1,0,0,1,0,0,0,0.6111111111111112,0.0,0.0,0.6111111111111112,0.18333333333333335,2798
inside |  india |  newsletter,1.0,1.0,101.0,101.0,2026-10-01 06:33:17,168.15376450444447,,,,,,,,,,,1,0,0,1,0,0,0,0.6111111111111112,0.0,0.0,0.6111111111111112,0.18333333333333335,2798
instagram |  cartoonist |  satish,1.0,1.0,83.0,152.0,2026-09-30 09:09:48,189.54515339333335,,,,,,,,,,,1,0,0,1,0,0,0,0.6111111111111112,0.0,0.0,0.6111111111111112,0.18333333333333335,2798
insta| tharki| ajay| hooda| vijay| varma| haryanvi| 2026,,,,,,,,,,1.0,4142903.0,4142903.0,49969.0,1216782.0,2026-10-06,0.3057640982663606,0,0,1,1,0,0,1,0.0,0.0,1.3057640982663605,1.3057640982663605,0.3917292294799081,219
insurance |  reset |  triggered,1.0,1.0,66.0,66.0,2026-10-07 01:30:00,29.208486726666667,,,,,,,,,,,1,0,0,1,0,0,0,0.6111111111111112,0.0,0.0,0.6111111111111112,0.18333333333333335,2798
inter miami vs,,,,,,,22.0,1.0,0.22,,,,,,,,0,1,0,1,0,0,0,0.0,0.72,0.0,0.72,0.288,2790
interfere |  interim |  bail,1.0,1.0,87.0,134.0,2026-10-07 11:53:42,18.813486726666667,,,,,,,,,,,1,0,0,1,1,0,0,0.6111111111111112,0.0,0.0,0.6111111111111112,0.18333333333333335,2798
internet |  shutdown |  protest,1.0,1.0,88.0,145.0,2026-10-02 09:05:03,141.62432006,,,,,,,,,,,1,0,0,1,0,0,0,0.6111111111111112,0.0,0.0,0.6111111111111112,0.18333333333333335,2798
into |  software |  engineer,1.0,1.0,66.0,440.0,2026-10-02 12:33:40,138.14737561555555,,,,,,,,,,,1,0,0,1,0,0,0,0.6111111111111112,0.0,0.0,0.6111111111111112,0.18333333333333335,2798
investigation |  transfer |  veeramani,1.0,1.0,44.0,342.0,2026-10-01 02:25:30,172.28348672666667,,,,,,,,,,,1,0,0,1,0,0,0,0.6111111111111112,0.0,0.0,0.6111111111111112,0.18333333333333335,2798
iphone |  available |  flipkart,1.0,1.0,56.0,49.0,2026-10-06 06:50:05,47.873764504444445,,,,,,,,,,,1,0,0,1,0,0,0,0.6111111111111112,0.0,0.0,0.6111111111111112,0.18333333333333335,2798
iphone |  available |  lower,1.0,1.0,59.0,59.0,2026-10-07 06:25:03,24.290986726666667,,,,,,,,,,,1,0,0,1,0,0,0,0.6111111111111112,0.0,0.0,0.6111111111111112,0.18333333333333335,2798
iphone |  available |  lowest,1.0,1.0,51.0,49.0,2026-10-08 06:35:02,0.12459783777777778,,,,,,,,,,,1,0,0,1,1,0,0,0.6111111111111112,0.0,0.0,0.6111111111111112,0.18333333333333335,2798
iphone |  available |  price,1.0,1.0,45.0,43.0,2026-10-05 06:10:04,72.54070894888889,,,,,,,,,,,1,0,0,1,0,0,0,0.6111111111111112,0.0,0.0,0.6111111111111112,0.18333333333333335,2798
iphone |  available |  under,1.0,1.0,48.0,41.0,2026-10-05 06:10:04,72.54070894888889,,,,,,,,,,,1,0,0,1,0,0,0,0.6111111111111112,0.0,0.0,0.6111111111111112,0.18333333333333335,2798
iphone |  cheaper |  heres,1.0,1.0,40.0,40.0,2026-10-07 06:25:03,24.290986726666667,,,,,,,,,,,1,0,0,1,0,0,0,0.6111111111111112,0.0,0.0,0.6111111111111112,0.18333333333333335,2798
iphone |  plus |  gets,1.0,1.0,62.0,55.0,2026-10-08 06:35:02,0.12459783777777778,,,,,,,,,,,1,0,0,1,1,0,0,0.6111111111111112,0.0,0.0,0.6111111111111112,0.18333333333333335,2798
iphone |  price |  drops,1.0,1.0,50.0,48.0,2026-10-06 06:50:05,47.873764504444445,,,,,,,,,,,1,0,0,1,0,0,0,0.6111111111111112,0.0,0.0,0.6111111111111112,0.18333333333333335,2798
iqoo 16,,,,,,,100.0,1.0,1.0,,,,,,,,0,1,0,1,0,1,0,0.0,1.5,0.0,1.5,0.6000000000000001,174
iran war,,,,,,,100.0,1.0,1.0,,,,,,,,0,1,0,1,0,1,0,0.0,1.5,0.0,1.5,0.6000000000000001,174
irani| israel| war| latest| update| animated| scenes,,,,,,,,,,1.0,4604879.0,4604879.0,2395.0,0.0,2026-09-16,0.0005201005281572002,0,0,1,1,0,0,0,0.0,0.0,1.0005201005281572,1.0005201005281572,0.30015603015844716,2717
irl| bootcamp,,,,,,,,,,1.0,613821.0,613821.0,63293.0,911.0,2026-09-18,0.10459726858481544,0,0,1,1,0,0,1,0.0,0.0,1.1045972685848153,1.1045972685848153,0.3313791805754446,248
ironman| strongest| gta,,,,,,,,,,1.0,269318.0,269318.0,2662.0,38.0,2026-09-10,0.010025323223846902,0,0,1,1,0,0,0,0.0,0.0,1.010025323223847,1.010025323223847,0.30300759696715407,1627
irumudi| hindi| ravi| teja| priya| bhavani| shankar| shiva,,,,,,,,,,1.0,2231127.0,2231127.0,14870.0,552.0,2026-09-17,0.006912201770674641,0,0,1,1,0,0,0,0.0,0.0,1.0069122017706746,1.0069122017706746,0.3020736605312024,1879
irumudi| kattu| ravi| teja| prakash| ananthu| shiva| nirvana,,,,,,,,,,1.0,651734.0,651734.0,5418.0,70.0,2026-09-16,0.008420613317703234,0,0,1,1,0,0,0,0.0,0.0,1.0084206133177032,1.0084206133177032,0.30252618399531095,1770
irumudi| ravi| teja| priya| bhavani| shankar| shiva| nirvana,,,,,,,,,,1.0,1407733.0,1407733.0,8864.0,256.0,2026-09-16,0.006478501249881903,0,0,1,1,0,0,0,0.0,0.0,1.0064785012498818,1.0064785012498818,0.3019435503749645,1917
iruttarai| premieres| sept| 18th| ahatamil,,,,,,,,,,1.0,204324.0,204324.0,999.0,43.0,2026-09-17,0.005099743544566473,0,0,1,1,0,0,0,0.0,0.0,1.0050997435445665,1.0050997435445665,0.30152992306336995,2087
ishan kishan,,,,,,,100.0,1.0,1.0,,,,,,,,0,1,0,1,0,1,0,0.0,1.5,0.0,1.5,0.6000000000000001,174
ishq| kisi| dosti| akshay| bobby| sukhwinder| kailash| kher,,,,,,,,,,1.0,332894.0,332894.0,1308.0,15.0,2026-09-08,0.003974238045744291,0,0,1,1,0,0,0,0.0,0.0,1.0039742380457444,1.0039742380457444,0.3011922714137233,2280
ishq| mein| pal| bhi| judaai| lagti| hain| saal,,,,,,,,,,1.0,178747.0,178747.0,750.0,4.0,2026-09-17,0.0042182526140298856,0,0,1,1,0,0,0,0.0,0.0,1.00421825261403,1.00421825261403,0.301265475784209,2244
isnt |  over |  qaeda,1.0,1.0,72.0,91.0,2026-10-04 06:30:24,96.20182005999999,,,,,,,,,,,1,0,0,1,0,0,0,0.6111111111111112,0.0,0.0,0.6111111111111112,0.18333333333333335,2798
israel |  officer |  hamas,1.0,1.0,81.0,441.0,2026-10-05 04:23:27,74.31765339333333,,,,,,,,,,,1,0,0,1,0,0,0,0.6111111111111112,0.0,0.0,0.6111111111111112,0.18333333333333335,2798
israel |  pilots |  israeli,1.0,1.0,82.0,435.0,2026-10-03 03:39:54,123.04348672666666,,,,,,,,,,,1,0,0,1,0,0,0,0.6111111111111112,0.0,0.0,0.6111111111111112,0.18333333333333335,2798
israel |  ready |  shoot,2.0,2.0,72.5,80.0,2026-10-06 05:26:14,49.271264504444446,,,,,,,,,,,1,0,0,1,0,0,0,1.2222222222222223,0.0,0.0,1.2222222222222223,0.3666666666666667,223
israeli |  passenger |  controlled,1.0,1.0,69.0,88.0,2026-10-01 03:19:13,171.3882089488889,,,,,,,,,,,1,0,0,1,0,0,0,0.6111111111111112,0.0,0.0,0.6111111111111112,0.18333333333333335,2798
israeli |  repatriation |  flight,1.0,1.0,75.0,98.0,2026-10-03 04:04:33,122.63265339333333,,,,,,,,,,,1,0,0,1,0,0,0,0.6111111111111112,0.0,0.0,0.6111111111111112,0.18333333333333335,2798
israeli |  security |  lapse,1.0,1.0,72.0,72.0,2026-10-02 04:57:26,145.75126450444446,,,,,,,,,,,1,0,0,1,0,0,0,0.6111111111111112,0.0,0.0,0.6111111111111112,0.18333333333333335,2798
itachi| sasuke| 2vs4| gameplay| funwithsrbyt| freefire| funnyvideo| srb,,,,,,,,,,1.0,107097.0,107097.0,8009.0,588.0,2026-10-04,0.08027302352073354,0,0,1,1,0,0,1,0.0,0.0,1.0802730235207336,1.0802730235207336,0.3240819070562201,272
itc share price,,,,,,,100.0,1.0,1.0,,,,,,,,0,1,0,1,0,1,0,0.0,1.5,0.0,1.5,0.6000000000000001,174
iva jovic,,,,,,,100.0,1.0,1.0,,,,,,,,0,1,0,1,0,1,0,0.0,1.5,0.0,1.5,0.6000000000000001,174
iyer |  sooryavanshi |  irony,1.0,1.0,76.0,390.0,2026-10-05 02:55:25,75.78487561555555,,,,,,,,,,,1,0,0,1,0,0,0,0.6111111111111112,0.0,0.0,0.6111111111111112,0.18333333333333335,2798
jaadu| filmy| rawme| hooda| haryanvi| 2026| real| music,,,,,,,,,,1.0,1300142.0,1300142.0,10832.0,580.0,2026-09-08,0.008777502765082584,0,0,1,1,0,0,0,0.0,0.0,1.0087775027650825,1.0087775027650825,0.30263325082952475,1735
jaan| kora| kasake| mani| meraj| vannu| great| chand,,,,,,,,,,1.0,113015.0,113015.0,552.0,7.0,2026-10-02,0.004946246073530063,0,0,1,1,0,0,0,0.0,0.0,1.0049462460735301,1.0049462460735301,0.30148387382205905,2110
jabardasth| mahidhar| review| jailer| rajinikanth| public| talk,,,,,,,,,,1.0,55108.0,55108.0,1223.0,78.0,2026-10-05,0.023608187558975105,0,0,1,1,0,0,1,0.0,0.0,1.023608187558975,1.023608187558975,0.30708245626769254,960
jabardasth| shakalaka| shankar| hilarious| burrakatha| garividilakshmi| launch| event,,,,,,,,,,1.0,177182.0,177182.0,1070.0,74.0,2026-10-05,0.006456637807452224,0,0,1,1,0,0,0,0.0,0.0,1.0064566378074522,1.0064566378074522,0.30193699134223567,1921
jack| aur| shinchan| chips| house| indian| theft| aura,,,,,,,,,,1.0,155997.0,155997.0,0.0,10.0,2026-09-12,6.410379686788848e-05,0,0,1,1,0,0,0,0.0,0.0,1.0000641037968678,1.0000641037968678,0.3000192311390603,2764
jack| aur| shinchan| mila| centre| fresh| house| indian,,,,,,,,,,1.0,120960.0,120960.0,578.0,8.0,2026-09-23,0.00484457671957672,0,0,1,1,0,0,0,0.0,0.0,1.0048445767195766,1.0048445767195766,0.301453373015873,2128
jack| aur| shinchan| mila| dairy| milk| house| indian,,,,,,,,,,1.0,258131.0,258131.0,993.0,7.0,2026-09-28,0.0038740019602449918,0,0,1,1,0,0,0,0.0,0.0,1.003874001960245,1.003874001960245,0.30116220058807347,2297
jack| aur| shinchan| mila| gems| house| indian| theft,,,,,,,,,,1.0,194796.0,194796.0,1135.0,14.0,2026-10-02,0.005898478408180866,0,0,1,1,0,0,0,0.0,0.0,1.0058984784081808,1.0058984784081808,0.3017695435224542,1988
jack| aur| shinchan| mila| jolo| chips| house| indian,,,,,,,,,,1.0,157448.0,157448.0,518.0,5.0,2026-09-27,0.003321731619328286,0,0,1,1,0,0,0,0.0,0.0,1.0033217316193284,1.0033217316193284,0.3009965194857985,2388
jack| aur| shinchan| mila| oreo| house| indian| theft,,,,,,,,,,1.0,402706.0,402706.0,1290.0,10.0,2026-09-29,0.0032281614875368137,0,0,1,1,0,0,0,0.0,0.0,1.003228161487537,1.003228161487537,0.3009684484462611,2410
jack| aur| shinchan| mila| rgb| defender| indian| theft,,,,,,,,,,1.0,127896.0,127896.0,828.0,13.0,2026-10-03,0.0065756552198661415,0,0,1,1,0,0,0,0.0,0.0,1.0065756552198661,1.0065756552198661,0.3019726965659598,1907
jack| bob| final| battle| minecraft,,,,,,,,,,1.0,1999644.0,1999644.0,81909.0,13708.0,2026-09-10,0.04781701142803419,0,0,1,1,0,0,1,0.0,0.0,1.0478170114280343,1.0478170114280343,0.31434510342841027,406
jack| chacha| found| mentos| house| indian| theft| aura,,,,,,,,,,1.0,151719.0,151719.0,0.0,10.0,2026-09-29,6.591132290616205e-05,0,0,1,1,0,0,0,0.0,0.0,1.0000659113229062,1.0000659113229062,0.30001977339687186,2762
jack| dog| puppies| kicked| out| his| house| indian,,,,,,,,,,1.0,186443.0,186443.0,954.0,16.0,2026-10-03,0.0052026624759309815,0,0,1,1,0,0,0,0.0,0.0,1.005202662475931,1.005202662475931,0.30156079874277925,2069
jack| found| green| diamond| house| indian| theft| auto,,,,,,,,,,1.0,31352.0,31352.0,0.0,9.0,2026-09-10,0.00028706302628221485,0,0,1,1,0,0,0,0.0,0.0,1.0002870630262821,1.0002870630262821,0.3000861189078846,2722
jack| found| rgb| diamond| house| indian| theft| aura,,,,,,,,,,1.0,123722.0,123722.0,0.0,5.0,2026-09-06,4.041318439727777e-05,0,0,1,1,0,0,0,0.0,0.0,1.0000404131843972,1.0000404131843972,0.3000121239553191,2773
jack| green| colour| diamond| house| indian| theft| auto,,,,,,,,,,1.0,182641.0,182641.0,470.0,23.0,2026-09-11,0.002699284388499844,0,0,1,1,0,0,0,0.0,0.0,1.0026992843884999,1.0026992843884999,0.30080978531654995,2520
jack| kicked| out| his| house| indian| theft| auto,,,,,,,,,,1.0,50122.0,50122.0,235.0,11.0,2026-09-27,0.004908024420414189,0,0,1,1,0,0,0,0.0,0.0,1.0049080244204143,1.0049080244204143,0.3014724073261243,2118
jack| kitkat| house| indian| theft| auto| simulator,,,,,,,,,,1.0,72032.0,72032.0,305.0,4.0,2026-09-30,0.00428976010661928,0,0,1,1,0,0,0,0.0,0.0,1.0042897601066192,1.0042897601066192,0.30128692803198576,2233
jack| opens| oreo| gems| mystery| container| indian| theft,,,,,,,,,,1.0,127934.0,127934.0,622.0,18.0,2026-10-04,0.0050025794550315,0,0,1,1,0,0,0,0.0,0.0,1.0050025794550315,1.0050025794550315,0.3015007738365094,2104
jack| pink| diamond| house| indian| theft| auto| simulator,,,,,,,,,,1.0,145014.0,145014.0,743.0,9.0,2026-09-10,0.0051857062076765,0,0,1,1,0,0,0,0.0,0.0,1.0051857062076766,1.0051857062076766,0.30155571186230296,2073
jack| riya| found| gems| house| indian| theft| aura,,,,,,,,,,2.0,420274.0,840548.0,373.5,23.0,2026-09-30,0.0009434321418883871,0,0,1,1,0,0,0,0.0,0.0,2.0009434321418884,2.0009434321418884,0.6002830296425665,168
jack| riya| found| oreo| biscuit| house| indian| theft,,,,,,,,,,1.0,159992.0,159992.0,0.0,18.0,2026-09-27,0.00011250562528126406,0,0,1,1,0,0,0,0.0,0.0,1.0001125056252813,1.0001125056252813,0.3000337516875844,2748
jack| riya| found| red| lays| chips| house| indian,,,,,,,,,,1.0,320157.0,320157.0,0.0,8.0,2026-09-28,2.4987740389871218e-05,0,0,1,1,0,0,0,0.0,0.0,1.00002498774039,1.00002498774039,0.300007496322117,2780
jack| riya| swimming| pool| fek| diya| indian| theft,,,,,,,,,,1.0,106468.0,106468.0,0.0,8.0,2026-09-16,7.513994815343577e-05,0,0,1,1,0,0,0,0.0,0.0,1.0000751399481533,1.0000751399481533,0.300022541984446,2760
jack| shinchan| apne| yaaron| saath| franklin| city| mele,,,,,,,,,,1.0,16077.0,16077.0,0.0,6.0,2026-10-04,0.0003732039559619332,0,0,1,1,0,0,0,0.0,0.0,1.0003732039559619,1.0003732039559619,0.30011196118678857,2721
jack| shinchan| doreamon| nobita| found| chocolate| world| indian,,,,,,,,,,1.0,183549.0,183549.0,0.0,3.0,2026-09-15,1.634440939476652e-05,0,0,1,1,0,0,0,0.0,0.0,1.0000163444093948,1.0000163444093948,0.30000490332281843,2782
jack| shinchan| doreamon| nobita| found| jelly| world| indian,,,,,,,,,,1.0,64258.0,64258.0,0.0,0.0,2026-09-19,0.0,0,0,1,1,0,0,0,0.0,0.0,1.0,1.0,0.3,2789
jack| shinchan| found| giant| indian| theft| auto| simulator,,,,,,,,,,1.0,161153.0,161153.0,450.0,6.0,2026-09-09,0.002829609129212612,0,0,1,1,0,0,0,0.0,0.0,1.0028296091292126,1.0028296091292126,0.30084888273876376,2497
jack| shinchan| found| kit| kat| house| indian| theft,,,,,,,,,,1.0,228771.0,228771.0,0.0,20.0,2026-09-17,8.742366820969441e-05,0,0,1,1,0,0,0,0.0,0.0,1.0000874236682098,1.0000874236682098,0.30002622710046295,2755
jack| shinchan| mila| green| diamond| house| indian| theft,,,,,,,,,,1.0,107134.0,107134.0,0.0,5.0,2026-09-11,4.667052476338044e-05,0,0,1,1,0,0,0,0.0,0.0,1.0000466705247635,1.0000466705247635,0.30001400115742904,2771
jack| shinchan| swimming| pool| dhakka| diya| indian| theft,,,,,,,,,,1.0,181084.0,181084.0,864.0,25.0,2026-09-11,0.004909323849705109,0,0,1,1,0,0,0,0.0,0.0,1.004909323849705,1.004909323849705,0.30147279715491154,2117
jadal| zamana| interval| theme| paradise| nani| anirudh| ravichander,,,,,,,,,,1.0,2730262.0,2730262.0,45427.0,496.0,2026-09-29,0.016819997494745925,0,0,1,1,0,0,1,0.0,0.0,1.0168199974947458,1.0168199974947458,0.30504599924842374,1220
jadal| zamana| interval| theme| paradise| telugu,,,,,,,,,,1.0,915378.0,915378.0,15010.0,0.0,2026-09-28,0.016397597495242403,0,0,1,1,0,0,1,0.0,0.0,1.0163975974952424,1.0163975974952424,0.3049192792485727,1237
jadi| sailendra| priyambada| akash| sushant| kajal| dibya,,,,,,,,,,1.0,236217.0,236217.0,7346.0,894.0,2026-09-04,0.034883179449404576,0,0,1,1,0,0,1,0.0,0.0,1.0348831794494047,1.0348831794494047,0.31046495383482137,631
jaga| mecchida| maga| teaser| now| color| rajkumar| bharathi,,,,,,,,,,1.0,303500.0,303500.0,3851.0,298.0,2026-09-27,0.013670510708401976,0,0,1,1,0,0,1,0.0,0.0,1.013670510708402,1.013670510708402,0.3041011532125206,1370
jaguar |  electric |  type,1.0,1.0,61.0,384.0,2026-10-07 00:03:47,30.64543117111111,,,,,,,,,,,1,0,0,1,0,0,0,0.6111111111111112,0.0,0.0,0.6111111111111112,0.18333333333333335,2798
jahale| bhajan| amhi| namito| tav| charna| ganpati,,,,,,,,,,1.0,439459.0,439459.0,1120.0,16.0,2026-09-22,0.0025849965525794215,0,0,1,1,0,0,0,0.0,0.0,1.0025849965525795,1.0025849965525795,0.3007754989657738,2542
jahre |  nrburgring |  editions,1.0,1.0,61.0,58.0,2026-10-01 10:21:59,164.3420978377778,,,,,,,,,,,1,0,0,1,0,0,0,0.6111111111111112,0.0,0.0,0.6111111111111112,0.18333333333333335,2798
jail |  charge |  inmates,1.0,1.0,83.0,168.0,2026-10-07 13:21:42,17.34682006,,,,,,,,,,,1,0,0,1,1,0,0,0.6111111111111112,0.0,0.0,0.6111111111111112,0.18333333333333335,2798
jailer,,,,,,,,,,1.0,43479.0,43479.0,1005.0,86.0,2026-10-07,0.025092573426251753,0,0,1,1,0,0,1,0.0,0.0,1.0250925734262517,1.0250925734262517,0.3075277720278755,896
jailer |  rajinikanth |  hrithik,1.0,1.0,76.0,75.0,2026-10-07 05:53:45,24.81265339333333,,,,,,,,,,,1,0,0,1,0,0,0,0.6111111111111112,0.0,0.0,0.6111111111111112,0.18333333333333335,2798
jailer |  trailer |  review,1.0,1.0,78.0,77.0,2026-10-06 06:25:11,48.288764504444444,,,,,,,,,,,1,0,0,1,0,0,0,0.6111111111111112,0.0,0.0,0.6111111111111112,0.18333333333333335,2798
jailer| breakdown| review| superstar| rajinikanth| nelson| delite| cinemas,,,,,,,,,,1.0,103954.0,103954.0,3066.0,218.0,2026-10-05,0.03159089597321892,0,0,1,1,0,0,1,0.0,0.0,1.031590895973219,1.031590895973219,0.3094772687919657,720
jailer| first| rajinikanth| shiva| rajkumar| mohanlal| nelson,,,,,,,,,,1.0,251703.0,251703.0,1339.0,43.0,2026-09-19,0.005490598046109899,0,0,1,1,0,0,0,0.0,0.0,1.00549059804611,1.00549059804611,0.30164717941383296,2034
jailer| launch| vijay| mass| bismi| rajinikanth,,,,,,,,,,1.0,57332.0,57332.0,426.0,106.0,2026-10-06,0.009279285564780576,0,0,1,1,0,0,0,0.0,0.0,1.0092792855647805,1.0092792855647805,0.30278378566943415,1701
jailer| missed| details| superstar| rajinikanth| delite| cinemas,,,,,,,,,,1.0,94947.0,94947.0,2618.0,69.0,2026-10-06,0.028299998946780834,0,0,1,1,0,0,1,0.0,0.0,1.028299998946781,1.028299998946781,0.3084899996840343,801
jailer| mohanlal| rajnikanth| nelson| n18v,,,,,,,,,,1.0,55475.0,55475.0,618.0,97.0,2026-10-06,0.012888688598467778,0,0,1,1,0,0,1,0.0,0.0,1.0128886885984678,1.0128886885984678,0.30386660657954034,1413
jailer| public| review| rajini| fans,,,,,,,,,,1.0,51260.0,51260.0,518.0,90.0,2026-10-05,0.011861100273117441,0,0,1,1,0,0,1,0.0,0.0,1.0118611002731175,1.0118611002731175,0.3035583300819352,1479
jailer| rajinikanth| hrithik| roshan| suryah| fiction,,,,,,,,,,1.0,296898.0,296898.0,845.0,25.0,2026-10-04,0.0029302992947072733,0,0,1,1,0,0,0,0.0,0.0,1.0029302992947073,1.0029302992947073,0.3008790897884122,2478
jailer| rajinikanth| nelson| anirudh| mohanlal| mammootty| entertainment| kizhi,,,,,,,,,,1.0,36977.0,36977.0,723.0,99.0,2026-09-29,0.0222300348865511,0,0,1,1,0,0,1,0.0,0.0,1.0222300348865512,1.0222300348865512,0.30666901046596534,1004
jailer| reaction,,,,,,,,,,1.0,365492.0,365492.0,9855.0,425.0,2026-10-06,0.028126470620423977,0,0,1,1,0,0,1,0.0,0.0,1.028126470620424,1.028126470620424,0.3084379411861272,810
jailer| reaction| man| fiction| reacts,,,,,,,,,,1.0,59219.0,59219.0,1704.0,200.0,2026-10-05,0.03215184315844577,0,0,1,1,0,0,1,0.0,0.0,1.0321518431584458,1.0321518431584458,0.3096455529475337,701
jailer| reaction| mohanlal| troll| lucy| boy| editz,,,,,,,,,,1.0,149153.0,149153.0,612.0,70.0,2026-10-05,0.00457248597078168,0,0,1,1,0,0,0,0.0,0.0,1.0045724859707816,1.0045724859707816,0.3013717457912345,2169
jailer| reaction| rajinikanth| back| nelson| anirudh| mrs| pandit,,,,,,,,,,1.0,49847.0,49847.0,1353.0,101.0,2026-10-05,0.029169257929263545,0,0,1,1,0,0,1,0.0,0.0,1.0291692579292635,1.0291692579292635,0.30875077737877904,771
jailer| reaction| rajinikanth| nelson| mohanlal| suraj| suriya| entertainment,,,,,,,,,,1.0,231977.0,231977.0,5875.0,732.0,2026-10-05,0.02848127185022653,0,0,1,1,0,0,1,0.0,0.0,1.0284812718502265,1.0284812718502265,0.30854438155506797,796
jailer| reaction| superstar| rajinikanth| anirudh| nelson,,,,,,,,,,1.0,351072.0,351072.0,8245.0,924.0,2026-10-05,0.026117149758454108,0,0,1,1,0,0,1,0.0,0.0,1.026117149758454,1.026117149758454,0.3078351449275362,863
jailer| reaction| superstar| rajinikanth| mrs| earphones| anirudh| nelson,,,,,,,,,,1.0,172845.0,172845.0,4930.0,403.0,2026-10-05,0.030854233561861785,0,0,1,1,0,0,1,0.0,0.0,1.0308542335618618,1.0308542335618618,0.30925627006855855,739
jailer| reaction| superstar| rajinikanth| ramstk| family,,,,,,,,,,1.0,49721.0,49721.0,2084.0,102.0,2026-10-05,0.04396532652199272,0,0,1,1,0,0,1,0.0,0.0,1.0439653265219928,1.0439653265219928,0.31318959795659784,452
jailer| reaction| superstar| rajinikanth| sun| pictures| anirudh| nelson,,,,,,,,,,4.0,99940.5,399762.0,2049.0,108.5,2026-10-06,0.021587844767636744,0,0,1,1,0,0,1,0.0,0.0,4.0215878447676365,4.0215878447676365,1.206476353430291,57
jailer| reaction| super| star| nelson| anirudh| sunpicture,,,,,,,,,,1.0,14796.0,14796.0,741.0,25.0,2026-10-05,0.05177074885104082,0,0,1,1,0,0,1,0.0,0.0,1.0517707488510408,1.0517707488510408,0.31553122465531225,368
jailer| reaction| super| star| rajni| anirudh| malayalam,,,,,,,,,,1.0,839143.0,839143.0,22409.0,1008.0,2026-10-05,0.027905851565227856,0,0,1,1,0,0,1,0.0,0.0,1.027905851565228,1.027905851565228,0.30837175546956835,818
jailer| reaction| tiger| hukum| superstar| rajinikanth| anirudh| nelson,,,,,,,,,,1.0,35224.0,35224.0,1294.0,61.0,2026-10-05,0.038468089938678174,0,0,1,1,0,0,1,0.0,0.0,1.0384680899386782,1.0384680899386782,0.31154042698160345,543
jailer| reaction| troll| mohanlal,,,,,,,,,,1.0,92886.0,92886.0,834.0,44.0,2026-10-07,0.009452447085674913,0,0,1,1,0,0,0,0.0,0.0,1.009452447085675,1.009452447085675,0.30283573412570247,1685
jailer| response| malayalam| superstar| rajinikanth| nelson| anirudh| sun,,,,,,,,,,1.0,704316.0,704316.0,13740.0,2997.0,2026-10-05,0.02376348116470448,0,0,1,1,0,0,1,0.0,0.0,1.0237634811647045,1.0237634811647045,0.30712904434941135,953
jailer| response| mohanlal| rajinikanth| nelson| cinemacafe,,,,,,,,,,1.0,49407.0,49407.0,2132.0,91.0,2026-10-05,0.044993624385208576,0,0,1,1,0,0,1,0.0,0.0,1.0449936243852085,1.0449936243852085,0.31349808731556256,439
jailer| review,,,,,,,,,,1.0,989079.0,989079.0,22877.0,718.0,2026-10-05,0.0238555262016482,0,0,1,1,0,0,1,0.0,0.0,1.0238555262016482,1.0238555262016482,0.30715665786049445,946
jailer| review| bangla,,,,,,,,,,1.0,37659.0,37659.0,878.0,128.0,2026-10-05,0.02671340184285297,0,0,1,1,0,0,1,0.0,0.0,1.026713401842853,1.026713401842853,0.30801402055285587,849
jailer| review| cinema| varun,,,,,,,,,,1.0,48183.0,48183.0,1120.0,114.0,2026-10-06,0.025610692567918144,0,0,1,1,0,0,1,0.0,0.0,1.025610692567918,1.025610692567918,0.3076832077703754,882
jailer| review| deeksha| sharma,,,,,,,,,,1.0,708506.0,708506.0,12724.0,614.0,2026-10-05,0.01882552864760496,0,0,1,1,0,0,1,0.0,0.0,1.018825528647605,1.018825528647605,0.30564765859428145,1143
jailer| review| yogi| bolta| hai,,,,,,,,,,1.0,981530.0,981530.0,21943.0,876.0,2026-10-05,0.023248397909386365,0,0,1,1,0,0,1,0.0,0.0,1.0232483979093863,1.0232483979093863,0.3069745193728159,972
jailer| story| breakdown| review| decode| rajini| mohanlal| hrithik,,,,,,,,,,1.0,64948.0,64948.0,2474.0,63.0,2026-10-06,0.039062018845845904,0,0,1,1,0,0,1,0.0,0.0,1.039062018845846,1.039062018845846,0.31171860565375376,528
jailer| superstar| rajinikanth| anirudh| nelson| reaction,,,,,,,,,,1.0,96720.0,96720.0,1582.0,138.0,2026-10-06,0.017783291976840365,0,0,1,1,0,0,1,0.0,0.0,1.0177832919768404,1.0177832919768404,0.3053349875930521,1179
jailer| superstar| rajinikanth| nelson| anirudh,,,,,,,,,,1.0,59352.0,59352.0,378.0,0.0,2026-10-05,0.006368782854832188,0,0,1,1,0,0,0,0.0,0.0,1.0063687828548322,1.0063687828548322,0.30191063485644964,1930
jailer| superstar| rajinikanth| sun| pictures| anirudhnelson,,,,,,,,,,1.0,18608.0,18608.0,711.0,50.0,2026-10-05,0.04089638865004299,0,0,1,1,0,0,1,0.0,0.0,1.040896388650043,1.040896388650043,0.31226891659501294,498
jailer| superstar| rajinikanth| sun| pictures| anirudh| nelson,,,,,,,,,,1.0,16377096.0,16377096.0,445042.0,25875.0,2026-10-05,0.02875460948632163,0,0,1,1,0,0,1,0.0,0.0,1.0287546094863216,1.0287546094863216,0.30862638284589644,782
jailer| superstar| rajinikanth| sun| pictures| ani| maayakumar| 6449,,,,,,,,,,1.0,209361.0,209361.0,4640.0,327.0,2026-10-05,0.023724571434030214,0,0,1,1,0,0,1,0.0,0.0,1.0237245714340302,1.0237245714340302,0.30711737143020906,957
jailer| thalaivar| dharisanam| reaction,,,,,,,,,,1.0,193036.0,193036.0,6686.0,189.0,2026-10-05,0.035615118423506495,0,0,1,1,0,0,1,0.0,0.0,1.0356151184235065,1.0356151184235065,0.31068453552705194,611
jailer| thoughts| reeload| media,,,,,,,,,,1.0,122606.0,122606.0,2766.0,240.0,2026-10-05,0.024517560315155864,0,0,1,1,0,0,1,0.0,0.0,1.024517560315156,1.024517560315156,0.3073552680945468,914
jailer| will| not| get| hyped,,,,,,,,,,1.0,105572.0,105572.0,1584.0,142.0,2026-10-06,0.0163490319402872,0,0,1,1,0,0,1,0.0,0.0,1.0163490319402873,1.0163490319402873,0.30490470958208615,1242
jaishankar |  gridlocked |  says,1.0,1.0,81.0,135.0,2026-10-06 06:03:17,48.653764504444446,,,,,,,,,,,1,0,0,1,0,0,0,0.6111111111111112,0.0,0.0,0.6111111111111112,0.18333333333333335,2798
jai| ambe| bol| yeh| prem| mol| liya| ayushmann,,,,,,,,,,1.0,26009173.0,26009173.0,112154.0,14944.0,2026-09-29,0.004886660563947958,0,0,1,1,0,0,0,0.0,0.0,1.004886660563948,1.004886660563948,0.30146599816918435,2124
jai| ganesha| audio| kutumba| upendra| natanya| singh| gurukiran,,,,,,,,,,1.0,339605.0,339605.0,1973.0,9.0,2026-09-13,0.005836192046642423,0,0,1,1,0,0,0,0.0,0.0,1.0058361920466423,1.0058361920466423,0.3017508576139927,2001
jai| ganesh| deva| aarti| lyrics| lakhbir| singh| lakkha,,,,,,,,,,1.0,56947.0,56947.0,690.0,48.0,2026-09-13,0.012959418406588583,0,0,1,1,0,0,1,0.0,0.0,1.0129594184065887,1.0129594184065887,0.3038878255219766,1407
jai| ganesh| deva| nonstop| ganpati| songs| sukh| karta,,,,,,,,,,1.0,227948.0,227948.0,1092.0,20.0,2026-09-12,0.004878305578465264,0,0,1,1,0,0,0,0.0,0.0,1.0048783055784654,1.0048783055784654,0.3014634916735396,2125
jai| ganesh| shekhar| jaiswal| chaturthi| special| 2026| ganpati,,,,,,,,,,1.0,418359.0,418359.0,1967.0,88.0,2026-09-14,0.004912049220884456,0,0,1,1,0,0,0,0.0,0.0,1.0049120492208845,1.0049120492208845,0.30147361476626533,2116
jai| ram,,,,,,,,,,1.0,1222937.0,1222937.0,40399.0,0.0,2026-09-14,0.033034408150215425,0,0,1,1,0,0,1,0.0,0.0,1.0330344081502154,1.0330344081502154,0.3099103224450646,682
jalan| jalur| extreme,,,,,,,,,,3.0,7809892.333333333,23429677.0,3019.3333333333335,0.0,2026-09-24,0.000386603707767717,0,0,1,1,0,0,0,0.0,0.0,3.0003866037077676,3.0003866037077676,0.9001159811123303,85
jamils |  zero |  night,1.0,1.0,72.0,72.0,2026-10-05 06:12:26,72.50126450444445,,,,,,,,,,,1,0,0,1,0,0,0,0.6111111111111112,0.0,0.0,0.6111111111111112,0.18333333333333335,2798
janmashtami| bhajan| 2026,,,,,,,,,,1.0,3104269.0,3104269.0,13456.0,595.0,2026-09-03,0.004526347426721073,0,0,1,1,0,0,0,0.0,0.0,1.004526347426721,1.004526347426721,0.3013579042280163,2178
janmashtami| jhanki| dance| famous| radha| krishna| chhalkat| hamri,,,,,,,,,,2.0,41670.5,83341.0,146.5,5.5,2026-09-08,0.0036476644148738316,0,0,1,1,0,0,0,0.0,0.0,2.0036476644148737,2.0036476644148737,0.6010942993244621,147
janmashtami| special| top| krishna| bhajans| nonstop| bhakti| songs,,,,,,,,,,1.0,713607.0,713607.0,1706.0,73.0,2026-09-02,0.002492968818971787,0,0,1,1,0,0,0,0.0,0.0,1.0024929688189719,1.0024929688189719,0.3007478906456916,2553
janmotsava| kannada| ramachari| maaruti| pictures| lightboy| films| film,,,,,,,,,,1.0,56566.0,56566.0,2472.0,307.0,2026-09-14,0.049128451720114555,0,0,1,1,0,0,1,0.0,0.0,1.0491284517201145,1.0491284517201145,0.3147385355160343,394
jantala| game| over| aseema| panda| satyajeet| anurag| das,,,,,,,,,,1.0,105881.0,105881.0,3080.0,273.0,2026-09-27,0.03166762686412104,0,0,1,1,0,0,1,0.0,0.0,1.031667626864121,1.031667626864121,0.3095002880592363,717
jantar |  mantar |  case,1.0,1.0,83.0,153.0,2026-10-06 08:54:30,45.80015339333334,,,,,,,,,,,1,0,0,1,0,0,0,0.6111111111111112,0.0,0.0,0.6111111111111112,0.18333333333333335,2798
jantar |  mantar |  janpath,1.0,1.0,92.0,152.0,2026-10-07 12:52:56,17.826264504444442,,,,,,,,,,,1,0,0,1,1,0,0,0.6111111111111112,0.0,0.0,0.6111111111111112,0.18333333333333335,2798
jantar |  mantar |  protest,3.0,2.0,93.66666666666667,233.66666666666666,2026-10-03 07:53:42,118.81348672666667,,,,,,,,,,,1,0,0,1,0,0,0,1.3333333333333333,0.0,0.0,1.3333333333333333,0.39999999999999997,217
jason| sanjay| speech| sigma| audio| launch| event| sundeep,,,,,,,,,,1.0,321801.0,321801.0,3347.0,86.0,2026-09-18,0.010668083691473923,0,0,1,1,0,0,0,0.0,0.0,1.0106680836914739,1.0106680836914739,0.30320042510744216,1579
javed |  akhtar |  jibe,1.0,1.0,77.0,147.0,2026-10-02 12:24:18,138.30348672666665,,,,,,,,,,,1,0,0,1,0,0,0,0.6111111111111112,0.0,0.0,0.6111111111111112,0.18333333333333335,2798
jawab| geya| deep| bajwa| navkiran| bhatthal| verse| jugnu,,,,,,,,,,1.0,733185.0,733185.0,10608.0,356.0,2026-09-08,0.014953933863895198,0,0,1,1,0,0,1,0.0,0.0,1.014953933863895,1.014953933863895,0.3044861801591685,1304
jcb| ambulance| train| doctor| indian| bikes| driving,,,,,,,,,,1.0,119805.0,119805.0,352.0,2.0,2026-10-04,0.0029548015525228495,0,0,1,1,0,0,0,0.0,0.0,1.002954801552523,1.002954801552523,0.30088644046575685,2470
jcb| bus| tracor| indian| bikes| driving,,,,,,,,,,1.0,84004.0,84004.0,395.0,9.0,2026-10-06,0.004809294795485929,0,0,1,1,0,0,0,0.0,0.0,1.0048092947954859,1.0048092947954859,0.30144278843864575,2132
jcb| police| train| haunted| indian| bikes| driving,,,,,,,,,,1.0,109656.0,109656.0,550.0,8.0,2026-09-26,0.005088640840446487,0,0,1,1,0,0,0,0.0,0.0,1.0050886408404465,1.0050886408404465,0.3015265922521339,2089
jcb| tractor| horror| monster| truck| franklin| indian| bike,,,,,,,,,,1.0,33881.0,33881.0,110.0,1.0,2026-09-07,0.0032761724860541305,0,0,1,1,0,0,0,0.0,0.0,1.0032761724860542,1.0032761724860542,0.30098285174581624,2396
jeeva| shivachi| bail| jodi| mazi| gunvaan,,,,,,,,,,1.0,36344.0,36344.0,157.0,5.0,2026-09-10,0.004457406999779881,0,0,1,1,0,0,0,0.0,0.0,1.0044574069997798,1.0044574069997798,0.3013372220999339,2194
jeffrey archer,,,,,,,100.0,1.0,1.0,,,,,,,,0,1,0,1,0,1,0,0.0,1.5,0.0,1.5,0.6000000000000001,174
jets |  taiwan |  first,1.0,1.0,50.0,418.0,2026-10-02 05:09:55,145.5432089488889,,,,,,,,,,,1,0,0,1,0,0,0,0.6111111111111112,0.0,0.0,0.6111111111111112,0.18333333333333335,2798
jev,,,,,,,100.0,1.0,1.0,,,,,,,,0,1,0,1,0,1,0,0.0,1.5,0.0,1.5,0.6000000000000001,174
jhadu| pocha| meri| maa| bhi| tere| lad| kare,,,,,,,,,,1.0,60090.0,60090.0,1404.0,61.0,2026-09-29,0.024380096521883842,0,0,1,1,0,0,1,0.0,0.0,1.0243800965218839,1.0243800965218839,0.3073140289565652,921
jharkhand |  hemant |  soren,1.0,1.0,92.0,145.0,2026-09-30 15:23:47,183.3120978377778,,,,,,,,,,,1,0,0,1,0,0,0,0.6111111111111112,0.0,0.0,0.6111111111111112,0.18333333333333335,2798
jhoom| zara| paradise| nani| keerthy| suresh| anirudh| ravichander,,,,,,,,,,1.0,557119.0,557119.0,10815.0,520.0,2026-09-21,0.0203457430100212,0,0,1,1,0,0,1,0.0,0.0,1.0203457430100211,1.0203457430100211,0.3061037229030063,1071
jignesh| barot| ambaji| farava| gyata| gujarati| devotional| 2026,,,,,,,,,,1.0,661516.0,661516.0,11137.0,273.0,2026-09-18,0.017248260057201942,0,0,1,1,0,0,1,0.0,0.0,1.017248260057202,1.017248260057202,0.3051744780171606,1199
jignesh| barot| gujju| love| guru| jadav| gadhvi| loksahitya,,,,,,,,,,1.0,180512.0,180512.0,2183.0,33.0,2026-09-19,0.012276192164509838,0,0,1,1,0,0,1,0.0,0.0,1.0122761921645098,1.0122761921645098,0.30368285764935293,1451
jignesh| barot| marvad| farava| gyata| gujarati| 2026,,,,,,,,,,1.0,432561.0,432561.0,10420.0,309.0,2026-09-15,0.024803438127801627,0,0,1,1,0,0,1,0.0,0.0,1.0248034381278017,1.0248034381278017,0.3074410314383405,905
jindal supreme ipo,,,,,,,100.0,1.0,1.0,,,,,,,,0,1,0,1,0,1,0,0.0,1.5,0.0,1.5,0.6000000000000001,174
jio finance share price,,,,,,,100.0,1.0,1.0,,,,,,,,0,1,0,1,0,1,0,0.0,1.5,0.0,1.5,0.6000000000000001,174
jisoo| click,,,,,,,,,,1.0,25654954.0,25654954.0,1744821.0,154773.0,2026-09-04,0.07404394488487487,0,0,1,1,0,0,1,0.0,0.0,1.0740439448848749,1.0740439448848749,0.32221318346546246,288
jitan ram manjhi,,,,,,,100.0,1.0,1.0,,,,,,,,0,1,0,1,0,1,0,0.0,1.5,0.0,1.5,0.6000000000000001,174
jitiya| beta| khatir| vrat| tanyamouar| sherasamrat| geet,,,,,,,,,,1.0,118380.0,118380.0,712.0,41.0,2026-09-29,0.006360871768879879,0,0,1,1,0,0,0,0.0,0.0,1.00636087176888,1.00636087176888,0.30190826153066397,1931
jitiya| geet| amar| viral| treanding,,,,,,,,,,1.0,137605.0,137605.0,447.0,12.0,2026-09-26,0.003335634606300643,0,0,1,1,0,0,0,0.0,0.0,1.0033356346063007,1.0033356346063007,0.3010006903818902,2384
jitiya| puja| geet| vrat| gana| 2026| bhajan,,,,,,,,,,1.0,304725.0,304725.0,1117.0,74.0,2026-10-02,0.003908442037903027,0,0,1,1,0,0,0,0.0,0.0,1.003908442037903,1.003908442037903,0.3011725326113709,2289
jitiya| vrat| aarti,,,,,,,,,,1.0,91622.0,91622.0,563.0,23.0,2026-10-01,0.0063958437929754865,0,0,1,1,0,0,0,0.0,0.0,1.0063958437929754,1.0063958437929754,0.3019187531378926,1927
jitiya| vrat| geet| 2026| viral| trending| katha,,,,,,,,,,2.0,166417.0,332834.0,590.5,12.0,2026-10-02,0.003620423394244578,0,0,1,1,0,0,0,0.0,0.0,2.0036204233942447,2.0036204233942447,0.6010861270182734,148
jitiya| vrat| katha| bhajan| 2026| bhakti,,,,,,,,,,1.0,110567.0,110567.0,549.0,21.0,2026-10-02,0.005155245235920302,0,0,1,1,0,0,0,0.0,0.0,1.0051552452359203,1.0051552452359203,0.3015465735707761,2079
joined| armour| only| civilization| minecraft,,,,,,,,,,1.0,146761.0,146761.0,8422.0,403.0,2026-09-22,0.06013177887858491,0,0,1,1,0,0,1,0.0,0.0,1.060131778878585,1.060131778878585,0.31803953366357546,324
joined| gun| only| minecraft| smp,,,,,,,,,,1.0,1597145.0,1597145.0,18325.0,1038.0,2026-09-22,0.012123507884381192,0,0,1,1,0,0,1,0.0,0.0,1.012123507884381,1.012123507884381,0.3036370523653143,1460
joined| haters| minecraft| smp,,,,,,,,,,1.0,675617.0,675617.0,21483.0,1624.0,2026-09-22,0.034201330043500976,0,0,1,1,0,0,1,0.0,0.0,1.034201330043501,1.034201330043501,0.31026039901305025,647
joined| mace| only| smp| minecraft,,,,,,,,,,1.0,696188.0,696188.0,23365.0,1423.0,2026-09-15,0.035605324998419965,0,0,1,1,0,0,1,0.0,0.0,1.03560532499842,1.03560532499842,0.310681597499526,612
joining| dark| side| only| choice| hellmart| ending,,,,,,,,,,1.0,502311.0,502311.0,20573.0,1694.0,2026-09-12,0.0443291108496529,0,0,1,1,0,0,1,0.0,0.0,1.0443291108496529,1.0443291108496529,0.3132987332548958,445
joins |  india |  bloc,1.0,1.0,75.0,75.0,2026-10-05 06:12:26,72.50126450444445,,,,,,,,,,,1,0,0,1,0,0,0,0.6111111111111112,0.0,0.0,0.6111111111111112,0.18333333333333335,2798
joins |  oppn |  stir,1.0,1.0,43.0,99.0,2026-10-07 02:23:00,28.32515339333333,,,,,,,,,,,1,0,0,1,0,0,0,0.6111111111111112,0.0,0.0,0.6111111111111112,0.18333333333333335,2798
jonathan| lianhna| tin| fiah| music,,,,,,,,,,1.0,51432.0,51432.0,6564.0,392.0,2026-09-11,0.13524653911961423,0,0,1,1,0,0,1,0.0,0.0,1.1352465391196143,1.1352465391196143,0.3405739617358843,234
jonathan| player| india| simp| fire| godlike| comeback,,,,,,,,,,1.0,266529.0,266529.0,10500.0,301.0,2026-09-27,0.040524670861332164,0,0,1,1,0,0,1,0.0,0.0,1.0405246708613323,1.0405246708613323,0.3121574012583997,506
journey| nepal| india| along| most| extreme| road| world,,,,,,,,,,1.0,830283.0,830283.0,2014.0,0.0,2026-09-21,0.002425678955247789,0,0,1,1,0,0,0,0.0,0.0,1.0024256789552477,1.0024256789552477,0.3007277036865743,2566
joy| baba| vishwakarma| bengali| puja| brm| gaan| biswakarma,,,,,,,,,,1.0,62434.0,62434.0,379.0,7.0,2026-09-17,0.00618252875036038,0,0,1,1,0,0,0,0.0,0.0,1.0061825287503603,1.0061825287503603,0.3018547586251081,1958
joy| vishwakarma| puja| bengali| biswakarma| brm| music,,,,,,,,,,1.0,89479.0,89479.0,449.0,12.0,2026-09-18,0.005152046848981325,0,0,1,1,0,0,0,0.0,0.0,1.0051520468489814,1.0051520468489814,0.30154561405469443,2080
judge |  settle |  noida,1.0,1.0,59.0,348.0,2026-10-03 02:03:20,124.6529311711111,,,,,,,,,,,1,0,0,1,0,0,0,0.6111111111111112,0.0,0.0,0.6111111111111112,0.18333333333333335,2798
judges |  decline |  meet,1.0,1.0,70.0,89.0,2026-10-01 23:00:53,151.69376450444446,,,,,,,,,,,1,0,0,1,0,0,0,0.6111111111111112,0.0,0.0,0.6111111111111112,0.18333333333333335,2798
jug| jive| yashoda| maiya| tero| lalna,,,,,,,,,,1.0,109628.0,109628.0,423.0,0.0,2026-09-04,0.003858503302076112,0,0,1,1,0,0,0,0.0,0.0,1.0038585033020762,1.0038585033020762,0.30115755099062286,2298
jug| jiye| babua| dularua| jitiya| geet| 2026| khushboo,,,,,,,,,,1.0,79351.0,79351.0,247.0,1.0,2026-10-01,0.0031253544378772795,0,0,1,1,0,0,0,0.0,0.0,1.0031253544378773,1.0031253544378773,0.3009376063313632,2435
jukebox| babita| yadav| 2026,,,,,,,,,,1.0,83104.0,83104.0,587.0,8.0,2026-09-16,0.007159703504043127,0,0,1,1,0,0,0,0.0,0.0,1.0071597035040432,1.0071597035040432,0.3021479110512129,1864
jukebox| gopal| bharwad| dard| bharya| gito| jigar| studio,,,,,,,,,,1.0,14982.0,14982.0,386.0,1.0,2026-10-07,0.025830997196635962,0,0,1,1,0,0,1,0.0,0.0,1.025830997196636,1.025830997196636,0.3077492991589908,873
jukebox| jitiya| gana| 2026| bhojpuri| geet,,,,,,,,,,1.0,133815.0,133815.0,698.0,31.0,2026-10-01,0.005447819751148974,0,0,1,1,0,0,0,0.0,0.0,1.005447819751149,1.005447819751149,0.30163434592534466,2039
jukebox| savita| yadav| paramparik| teej| vrat| geet| 2026,,,,,,,,,,1.0,57690.0,57690.0,216.0,8.0,2026-09-09,0.0038828219795458484,0,0,1,1,0,0,0,0.0,0.0,1.003882821979546,1.003882821979546,0.3011648465938638,2295
jukebox| top| jhullur| dada,,,,,,,,,,1.0,232935.0,232935.0,920.0,32.0,2026-09-17,0.004086977053684504,0,0,1,1,0,0,0,0.0,0.0,1.0040869770536844,1.0040869770536844,0.3012260931161053,2258
jumangon| asa| music| nikrang| sangma,,,,,,,,,,1.0,235728.0,235728.0,18702.0,565.0,2026-09-21,0.08173403244417295,0,0,1,1,0,0,1,0.0,0.0,1.0817340324441729,1.0817340324441729,0.32452020973325185,270
jumping| 348| 239| steal| rare| eggs| roblox,,,,,,,,,,1.0,193459.0,193459.0,2417.0,145.0,2026-09-13,0.013243116112457936,0,0,1,1,0,0,1,0.0,0.0,1.013243116112458,1.013243116112458,0.3039729348337374,1395
jumping| superhero| cars| across| entire| map| gta,,,,,,,,,,1.0,95805.0,95805.0,1927.0,1152.0,2026-09-26,0.032138197380094984,0,0,1,1,0,0,1,0.0,0.0,1.032138197380095,1.032138197380095,0.30964145921402847,703
kaala| asla| square| simran| choudhary| nikhil| swapnil| music,,,,,,,,,,1.0,2043482.0,2043482.0,46682.0,1325.0,2026-09-10,0.023492744247319036,0,0,1,1,0,0,1,0.0,0.0,1.023492744247319,1.023492744247319,0.30704782327419566,964
kaari| ankhiya,,,,,,,,,,1.0,153410.0,153410.0,8125.0,192.0,2026-09-27,0.054214197249201485,0,0,1,1,0,0,1,0.0,0.0,1.0542141972492014,1.0542141972492014,0.3162642591747604,349
kaat| harry| lather| vaishali| chaudhary| komal| haryanvi| songs,,,,,,,,,,1.0,210205.0,210205.0,2400.0,27.0,2026-09-22,0.011545871886967485,0,0,1,1,0,0,1,0.0,0.0,1.0115458718869674,1.0115458718869674,0.30346376156609023,1506
kabar| khudegi| aaj| sabki| promotions,,,,,,,,,,1.0,588380.0,588380.0,9423.0,61.0,2026-09-26,0.016118834766647404,0,0,1,1,0,0,1,0.0,0.0,1.0161188347666474,1.0161188347666474,0.3048356504299942,1256
kabhi| shaam| dhale| evergreen| romantic| hindi| old| gold,,,,,,,,,,1.0,56793.0,56793.0,183.0,6.0,2026-09-09,0.0033278749141619564,0,0,1,1,0,0,0,0.0,0.0,1.0033278749141619,1.0033278749141619,0.30099836247424855,2387
kachori |  samosa |  indian,1.0,1.0,92.0,92.0,2026-10-02 06:09:13,144.55487561555555,,,,,,,,,,,1,0,0,1,0,0,0,0.6111111111111112,0.0,0.0,0.6111111111111112,0.18333333333333335,2798
kaho| music| emraan| hashmi| mallika| sherawat| amir| jamal,,,,,,,,,,1.0,3076999.0,3076999.0,14853.0,216.0,2026-10-02,0.004897304159019876,0,0,1,1,0,0,0,0.0,0.0,1.00489730415902,1.00489730415902,0.30146919124770594,2121
kah| dena| gause| azam| salam| hamara| most| trending,,,,,,,,,,1.0,8475.0,8475.0,372.0,11.0,2026-09-24,0.04519174041297935,0,0,1,1,0,0,1,0.0,0.0,1.0451917404129794,1.0451917404129794,0.3135575221238938,433
kajare| dhar| mohra,,,,,,,,,,1.0,159553.0,159553.0,483.0,1.0,2026-09-30,0.003033474770139076,0,0,1,1,0,0,0,0.0,0.0,1.003033474770139,1.003033474770139,0.3009100424310417,2453
kakashi| mystery| shop| discount| free| fire| tonde| gamer,,,,,,,,,,1.0,1201649.0,1201649.0,31144.0,2342.0,2026-09-19,0.027866706500816796,0,0,1,1,0,0,1,0.0,0.0,1.027866706500817,1.027866706500817,0.30836001195024504,821
kalabhairava| ashtakam| shiva| devotional| songs| kannada,,,,,,,,,,1.0,40129.0,40129.0,169.0,13.0,2026-10-04,0.004535373420718184,0,0,1,1,0,0,0,0.0,0.0,1.004535373420718,1.004535373420718,0.3013606120262154,2174
kali| ray| ban| surjit| bhullar| sudesh| kumari| gaiphy,,,,,,,,,,1.0,1842494.0,1842494.0,33653.0,692.0,2026-09-18,0.01864049489442028,0,0,1,1,0,0,1,0.0,0.0,1.0186404948944203,1.0186404948944203,0.3055921484683261,1151
kalli| khadi| music| watan| sahi| zeus| million| punjabi,,,,,,,,,,1.0,3061821.0,3061821.0,33147.0,6147.0,2026-10-02,0.012833539256540471,0,0,1,1,0,0,1,0.0,0.0,1.0128335392565404,1.0128335392565404,0.3038500617769621,1414
kallu| bihari| yadav| srishti| bharti| magahi| 2026,,,,,,,,,,1.0,135065.0,135065.0,3764.0,110.0,2026-09-25,0.028682486210343167,0,0,1,1,0,0,1,0.0,0.0,1.0286824862103432,1.0286824862103432,0.30860474586310294,788
kalyan jewellers share price,,,,,,,100.0,1.0,1.0,,,,,,,,0,1,0,1,0,1,0,0.0,1.5,0.0,1.5,0.6000000000000001,174
kalyani| bewafa| punjabi| mashup| shreya| ghoshal| priyadarshan| imran,,,,,,,,,,1.0,1323696.0,1323696.0,8026.0,50.0,2026-09-23,0.006101098741705044,0,0,1,1,0,0,0,0.0,0.0,1.006101098741705,1.006101098741705,0.3018303296225115,1967
kalyani| majboor| aasa| kooda| shreya| ghoshal| zoha| waseem,,,,,,,,,,1.0,465053.0,465053.0,2539.0,17.0,2026-09-17,0.00549614775090151,0,0,1,1,0,0,0,0.0,0.0,1.0054961477509015,1.0054961477509015,0.30164884432527045,2032
kalyan| keys| rajendar| 2026| eatala| emotional,,,,,,,,,,1.0,110049.0,110049.0,2011.0,118.0,2026-09-21,0.01934592772310516,0,0,1,1,0,0,1,0.0,0.0,1.0193459277231052,1.0193459277231052,0.30580377831693156,1116
kamariya| dole| neelkamal| singh| shilpi| raj| bhojpuri| free,,,,,,,,,,1.0,812873.0,812873.0,2045.0,0.0,2026-09-06,0.002515768145823517,0,0,1,1,0,0,0,0.0,0.0,1.0025157681458234,1.0025157681458234,0.300754730443747,2550
kamboj |  replaces |  injured,1.0,1.0,76.0,76.0,2026-10-02 06:09:13,144.55487561555555,,,,,,,,,,,1,0,0,1,0,0,0,0.6111111111111112,0.0,0.0,0.6111111111111112,0.18333333333333335,2798
kamini| jha| jagat| vidit| jagdamb| bhagwati| geet,,,,,,,,,,1.0,105104.0,105104.0,224.0,9.0,2026-09-27,0.0022168518800426244,0,0,1,1,0,0,0,0.0,0.0,1.0022168518800427,1.0022168518800427,0.3006650555640128,2592
kamla| train| horror| jcb| thar| attack| indian| bike,,,,,,,,,,1.0,142020.0,142020.0,320.0,3.0,2026-10-04,0.0022743275594986623,0,0,1,1,0,0,0,0.0,0.0,1.0022743275594987,1.0022743275594987,0.3006822982678496,2582
kanch| keri,,,,,,,,,,1.0,385647.0,385647.0,12962.0,661.0,2026-09-25,0.03532505114781134,0,0,1,1,0,0,1,0.0,0.0,1.0353250511478114,1.0353250511478114,0.3105975153443434,620
kanch| keri| rapperiya| baalam| mandeep| ramana| jagirdar| ismail,,,,,,,,,,1.0,1808351.0,1808351.0,52415.0,2509.0,2026-09-30,0.030372422168041494,0,0,1,1,0,0,1,0.0,0.0,1.0303724221680415,1.0303724221680415,0.3091117266504124,743
kanohar electricals share price,,,,,,,100.0,1.0,1.0,,,,,,,,0,1,0,1,0,1,0,0.0,1.5,0.0,1.5,0.6000000000000001,174
kante| jass| manak| track| latest| punjabi| songs,,,,,,,,,,1.0,502773.0,502773.0,24013.0,2877.0,2026-09-16,0.05348338116804204,0,0,1,1,0,0,1,0.0,0.0,1.053483381168042,1.053483381168042,0.3160450143504126,355
karamtara engineering share price,,,,,,,100.0,1.0,1.0,,,,,,,,0,1,0,1,0,1,0,0.0,1.5,0.0,1.5,0.6000000000000001,174
kargil |  edge |  space,1.0,1.0,88.0,88.0,2026-10-06 06:52:38,47.83126450444445,,,,,,,,,,,1,0,0,1,0,0,0,0.6111111111111112,0.0,0.0,0.6111111111111112,0.18333333333333335,2798
karina| pandey| sovita| aahe| malin| navratri,,,,,,,,,,1.0,97940.0,97940.0,1168.0,36.0,2026-09-19,0.012293240759648764,0,0,1,1,0,0,1,0.0,0.0,1.0122932407596488,1.0122932407596488,0.3036879722278946,1450
karina| pandey| sovita| aavatari| jag| mahtari| devi| geet,,,,,,,,,,1.0,191048.0,191048.0,4029.0,180.0,2026-10-03,0.022031112599974874,0,0,1,1,0,0,1,0.0,0.0,1.0220311125999748,1.0220311125999748,0.30660933377999244,1008
karina| pandey| sovita| dhan| bani| maiya| viral| devi,,,,,,,,,,1.0,1032264.0,1032264.0,19150.0,790.0,2026-09-30,0.01931676392860741,0,0,1,1,0,0,1,0.0,0.0,1.0193167639286074,1.0193167639286074,0.3057950291785822,1117
karina| pandey| sovita| maiya| bari| sukwar| navratri,,,,,,,,,,1.0,57551.0,57551.0,440.0,18.0,2026-09-17,0.00795815885041094,0,0,1,1,0,0,0,0.0,0.0,1.007958158850411,1.007958158850411,0.30238744765512326,1802
kari| thi| mohabbat| may| june| jahar| bhaiya,,,,,,,,,,1.0,505308.0,505308.0,12332.0,0.0,2026-09-26,0.024404917396914357,0,0,1,1,0,0,1,0.0,0.0,1.0244049173969143,1.0244049173969143,0.30732147521907427,918
karma| geet| 2026| ashish| yadav| dariya,,,,,,,,,,1.0,103948.0,103948.0,441.0,2.0,2026-09-22,0.004261746257744257,0,0,1,1,0,0,0,0.0,0.0,1.0042617462577443,1.0042617462577443,0.3012785238773233,2238
karma| geet| kiran| maurya,,,,,,,,,,1.0,163321.0,163321.0,541.0,11.0,2026-09-19,0.0033798470496751794,0,0,1,1,0,0,0,0.0,0.0,1.003379847049675,1.003379847049675,0.3010139541149025,2379
karma| geet| puja| 2026,,,,,,,,,,1.0,68373.0,68373.0,256.0,3.0,2026-09-18,0.0037880449885188596,0,0,1,1,0,0,0,0.0,0.0,1.0037880449885188,1.0037880449885188,0.3011364134965556,2311
karma| geet| tanya| mouar| puja| 2026,,,,,,,,,,1.0,139874.0,139874.0,669.0,21.0,2026-09-21,0.004933011138596165,0,0,1,1,0,0,0,0.0,0.0,1.0049330111385961,1.0049330111385961,0.3014799033415788,2114
karma| kakar| diyal| lugwa| vikash| rangila| lali| patel,,,,,,,,,,1.0,212360.0,212360.0,1775.0,36.0,2026-09-17,0.008527971369372764,0,0,1,1,0,0,0,0.0,0.0,1.0085279713693727,1.0085279713693727,0.3025583914108118,1759
karma| nitish| nirmal| yadav| 2026,,,,,,,,,,1.0,54030.0,54030.0,152.0,11.0,2026-09-22,0.0030168424949102352,0,0,1,1,0,0,0,0.0,0.0,1.0030168424949102,1.0030168424949102,0.30090505274847307,2456
karma| puja| raj| bhai| hunter| hope| khortha| jhumar,,,,,,,,,,1.0,381959.0,381959.0,2400.0,73.0,2026-09-16,0.0064745168984105626,0,0,1,1,0,0,0,0.0,0.0,1.0064745168984106,1.0064745168984106,0.30194235506952316,1918
karma| pujbay| karm| dariya| manita| shree| khortha| jhumar,,,,,,,,,,1.0,377043.0,377043.0,1819.0,20.0,2026-09-09,0.0048774277734900265,0,0,1,1,0,0,0,0.0,0.0,1.00487742777349,1.00487742777349,0.301463228332047,2126
karma| puj| hai| sabhe| bahin| karm| dariya| savitri,,,,,,,,,,1.0,25748.0,25748.0,239.0,3.0,2026-09-18,0.009398788255398478,0,0,1,1,0,0,0,0.0,0.0,1.0093987882553985,1.0093987882553985,0.3028196364766195,1687
karnataka |  counterfeit |  drug,1.0,1.0,77.0,155.0,2026-09-30 10:21:42,188.34682006,,,,,,,,,,,1,0,0,1,0,0,0,0.6111111111111112,0.0,0.0,0.6111111111111112,0.18333333333333335,2798
karnataka |  introduce |  training,1.0,1.0,69.0,67.0,2026-10-06 05:58:49,48.72820894888889,,,,,,,,,,,1,0,0,1,0,0,0,0.6111111111111112,0.0,0.0,0.6111111111111112,0.18333333333333335,2798
karnataka |  threatens |  agitation,1.0,1.0,72.0,103.0,2026-10-05 02:22:30,76.33348672666666,,,,,,,,,,,1,0,0,1,0,0,0,0.6111111111111112,0.0,0.0,0.6111111111111112,0.18333333333333335,2798
karpur| gauram| shiva| mantra| monday| special| morning| meditation,,,,,,,,,,1.0,39864.0,39864.0,109.0,3.0,2026-09-20,0.0028095524784266506,0,0,1,1,0,0,0,0.0,0.0,1.0028095524784266,1.0028095524784266,0.300842865743528,2501
karthiga| maasam| irumudi| kattu| ravi| teja| prakash| haricharan,,,,,,,,,,1.0,125658.0,125658.0,299.0,8.0,2026-09-17,0.0024431393146476946,0,0,1,1,0,0,0,0.0,0.0,1.0024431393146478,1.0024431393146478,0.3007329417943943,2558
karunya lottery results,,,,,,,100.0,1.0,1.0,,,,,,,,0,1,0,1,0,1,0,0.0,1.5,0.0,1.5,0.6000000000000001,174
kar| pyar| zyada| mein| tudi| aadat| ban| jawan,,,,,,,,,,1.0,155825.0,155825.0,4534.0,120.0,2026-09-18,0.02986683779881277,0,0,1,1,0,0,1,0.0,0.0,1.0298668377988127,1.0298668377988127,0.3089600513396438,755
kasoor| alka| yagnik| udit| narayan| songs| aftab| shivdasani,,,,,,,,,,1.0,384175.0,384175.0,726.0,4.0,2026-09-08,0.0019001757011778487,0,0,1,1,0,0,0,0.0,0.0,1.0019001757011778,1.0019001757011778,0.30057005271035336,2638
kathi| ghongada| gautami| patil| chandan| kamble| marathi,,,,,,,,,,1.0,247270.0,247270.0,3319.0,136.0,2026-10-06,0.013972580579932867,0,0,1,1,0,0,1,0.0,0.0,1.013972580579933,1.013972580579933,0.30419177417397986,1355
katseye| hootie| frutti| live| saturday| night,,,,,,,,,,1.0,3198400.0,3198400.0,101523.0,7778.0,2026-09-27,0.03417364932466233,0,0,1,1,0,0,1,0.0,0.0,1.0341736493246623,1.0341736493246623,0.3102520947973987,648
kaun| marvana| masoom| sharma| priyam| shivani| yadav| haryanvi,,,,,,,,,,1.0,4223237.0,4223237.0,69567.0,1871.0,2026-09-25,0.0169154608183249,0,0,1,1,0,0,1,0.0,0.0,1.0169154608183248,1.0169154608183248,0.30507463824549746,1215
kavita| jha| madhu| pandey| vishwakarma| puja| geet| 2026,,,,,,,,,,1.0,63659.0,63659.0,247.0,4.0,2026-09-16,0.003942883174413673,0,0,1,1,0,0,0,0.0,0.0,1.0039428831744137,1.0039428831744137,0.3011828649523241,2284
kawan| roki| rangdari| khesari| lal| yadav| srishti| bharti,,,,,,,,,,1.0,4317151.0,4317151.0,189426.0,35991.0,2026-09-13,0.05221429595582828,0,0,1,1,0,0,1,0.0,0.0,1.0522142959558283,1.0522142959558283,0.31566428878674846,363
kayyum| kaalum| kaatti| music| thanseer| koothuparamba| trending| viral,,,,,,,,,,1.0,225657.0,225657.0,1770.0,234.0,2026-09-25,0.008880734920698227,0,0,1,1,0,0,0,0.0,0.0,1.0088807349206983,1.0088807349206983,0.3026642204762095,1727
kenneth |  bengaluru |  techie,1.0,1.0,74.0,479.0,2026-10-05 18:07:18,60.58682006,,,,,,,,,,,1,0,0,1,0,0,0,0.6111111111111112,0.0,0.0,0.6111111111111112,0.18333333333333335,2798
kerala |  high |  court,1.0,1.0,71.0,69.0,2026-10-01 18:24:41,156.29709783777778,,,,,,,,,,,1,0,0,1,0,0,0,0.6111111111111112,0.0,0.0,0.6111111111111112,0.18333333333333335,2798
keralam |  slams |  alleged,1.0,1.0,75.0,75.0,2026-10-04 07:55:06,94.79015339333333,,,,,,,,,,,1,0,0,1,0,0,0,0.6111111111111112,0.0,0.0,0.6111111111111112,0.18333333333333335,2798
keralams |  better |  healthcare,1.0,1.0,74.0,205.0,2026-10-08 02:29:10,4.222375615555555,,,,,,,,,,,1,0,0,1,1,0,0,0.6111111111111112,0.0,0.0,0.6111111111111112,0.18333333333333335,2798
khale| kanhaiya| layi| makhan| mishri| ghol,,,,,,,,,,1.0,238165.0,238165.0,740.0,0.0,2026-09-07,0.003107089622740537,0,0,1,1,0,0,0,0.0,0.0,1.0031070896227405,1.0031070896227405,0.30093212688682214,2439
kharge |  crore |  writes,1.0,1.0,71.0,100.0,2026-10-03 06:49:46,119.87904228222222,,,,,,,,,,,1,0,0,1,0,0,0,0.6111111111111112,0.0,0.0,0.6111111111111112,0.18333333333333335,2798
kharge |  host |  india,1.0,1.0,80.0,99.0,2026-10-07 05:28:45,25.22932006,,,,,,,,,,,1,0,0,1,0,0,0,0.6111111111111112,0.0,0.0,0.6111111111111112,0.18333333333333335,2798
khatre| bar| latest| bhojpuri| 2026| chand| jee| shilpi,,,,,,,,,,1.0,489979.0,489979.0,12852.0,628.0,2026-09-18,0.02751138314091012,0,0,1,1,0,0,1,0.0,0.0,1.0275113831409102,1.0275113831409102,0.30825341494227304,827
khatu| shyam| bhajan| 2026| viral| hit| viralvideo,,,,,,,,,,1.0,21911.0,21911.0,122.0,5.0,2026-09-19,0.005796175436995117,0,0,1,1,0,0,0,0.0,0.0,1.005796175436995,1.005796175436995,0.3017388526310985,2007
khesari| lal| yadav| akanksha| puri| goldi| bhojpuri| 2026,,,,,,,,,,1.0,486304.0,486304.0,6142.0,16.0,2026-09-30,0.012662861091004804,0,0,1,1,0,0,1,0.0,0.0,1.012662861091005,1.012662861091005,0.30379885832730147,1422
khesari| lal| yadav| bhojpuri| krishna| bhajan| 2026,,,,,,,,,,1.0,164642.0,164642.0,1303.0,20.0,2026-09-03,0.008035616671323235,0,0,1,1,0,0,0,0.0,0.0,1.0080356166713231,1.0080356166713231,0.30241068500139695,1797
khesari| lal| yadav| devi| geet| chunari| sunari| bhakti,,,,,,,,,,1.0,3151032.0,3151032.0,69357.0,6975.0,2026-09-28,0.024224444562924146,0,0,1,1,0,0,1,0.0,0.0,1.024224444562924,1.024224444562924,0.3072673333688772,930
khesari| lal| yadav| devi| geet| maai| bhakti| 2026,,,,,,,,,,1.0,40052.0,40052.0,1167.0,34.0,2026-09-29,0.029986018176370716,0,0,1,1,0,0,1,0.0,0.0,1.0299860181763707,1.0299860181763707,0.3089958054529112,752
khesari| lal| yadav| jaan| hamar| dusman| gauri| subba,,,,,,,,,,1.0,1613253.0,1613253.0,83185.0,8701.0,2026-09-21,0.056956968311851895,0,0,1,1,0,0,1,0.0,0.0,1.0569569683118518,1.0569569683118518,0.31708709049355555,335
khesari| lal| yadav| kaari| ankhiya| shilpi| raj| ritu,,,,,,,,,,1.0,581665.0,581665.0,33729.0,2325.0,2026-09-29,0.06198413175968986,0,0,1,1,0,0,1,0.0,0.0,1.0619841317596899,1.0619841317596899,0.31859523952790697,314
khesari| lal| yadav| khushi| kakkar| fulauna| samita| giri,,,,,,,,,,1.0,2036778.0,2036778.0,111642.0,14862.0,2026-09-05,0.062109861752238094,0,0,1,1,0,0,1,0.0,0.0,1.062109861752238,1.062109861752238,0.31863295852567136,312
khesari| lal| yadav| maai| kareli| jitiya| bhojpuri| geet,,,,,,,,,,1.0,12103.0,12103.0,169.0,6.0,2026-10-02,0.014459224985540775,0,0,1,1,0,0,1,0.0,0.0,1.0144592249855409,1.0144592249855409,0.30433776749566227,1326
khesari| lal| yadav| muskan| jaiswal| photauwa| bhojpuri| devi,,,,,,,,,,1.0,2176336.0,2176336.0,105542.0,13158.0,2026-10-01,0.05454121054837121,0,0,1,1,0,0,1,0.0,0.0,1.0545412105483711,1.0545412105483711,0.31636236316451133,348
khesari| lal| yadav| priya| mai| mor| rusal| badi,,,,,,,,,,1.0,440014.0,440014.0,31307.0,3428.0,2026-10-06,0.0789406700695887,0,0,1,1,0,0,1,0.0,0.0,1.0789406700695887,1.0789406700695887,0.3236822010208766,275
khesari| lal| yadav| raja| payal| utar| bhojpuri| romantic,,,,,,,,,,1.0,160947.0,160947.0,460.0,6.0,2026-09-29,0.002895363069830441,0,0,1,1,0,0,0,0.0,0.0,1.0028953630698305,1.0028953630698305,0.30086860892094913,2487
khesari| lal| yadav| rani| chatterjee| kareja| kaha| jata,,,,,,,,,,1.0,292045.0,292045.0,410.0,5.0,2026-09-05,0.0014210138848465134,0,0,1,1,0,0,0,0.0,0.0,1.0014210138848465,1.0014210138848465,0.30042630416545396,2673
khesari| lal| yadav| shilpi| raj| bhojpuri| 2026,,,,,,,,,,1.0,458670.0,458670.0,2329.0,16.0,2026-09-14,0.005112608193254409,0,0,1,1,0,0,0,0.0,0.0,1.0051126081932544,1.0051126081932544,0.3015337824579763,2086
khesari| lal| yadav| shilpi| raj| jila| chhapra| bhojpuri,,,,,,,,,,1.0,3042517.0,3042517.0,129876.0,21218.0,2026-09-09,0.04966085645536245,0,0,1,1,0,0,1,0.0,0.0,1.0496608564553624,1.0496608564553624,0.3148982569366087,387
khudurukuni| osha| bahi| gita| mansi| patra| debajani| singh,,,,,,,,,,1.0,82076.0,82076.0,392.0,10.0,2026-09-03,0.004897899507773283,0,0,1,1,0,0,0,0.0,0.0,1.0048978995077733,1.0048978995077733,0.30146936985233197,2120
khushi| kakkar| karma| 2026,,,,,,,,,,1.0,52688.0,52688.0,448.0,6.0,2026-09-20,0.008616762830245976,0,0,1,1,0,0,0,0.0,0.0,1.008616762830246,1.008616762830246,0.3025850288490738,1748
khushi| kakkar| mai| pujanwa| devi| geet| 2026,,,,,,,,,,1.0,63399.0,63399.0,993.0,20.0,2026-10-06,0.01597817000268143,0,0,1,1,0,0,1,0.0,0.0,1.0159781700026815,1.0159781700026815,0.30479345100080446,1262
khwaab| chore| shyam| yadav| sanjana| yaduvanshi| haryanvi| 2026,,,,,,,,,,1.0,185774.0,185774.0,6821.0,275.0,2026-10-01,0.03819694898101995,0,0,1,1,0,0,1,0.0,0.0,1.0381969489810199,1.0381969489810199,0.31145908469430594,553
kiara advani,,,,,,,100.0,1.0,1.0,,,,,,,,0,1,0,1,0,1,0,0.0,1.5,0.0,1.5,0.6000000000000001,174
kiara |  blessed |  once,1.0,1.0,81.0,302.0,2026-10-07 05:34:54,25.12682006,,,,,,,,,,,1,0,0,1,0,0,0,0.6111111111111112,0.0,0.0,0.6111111111111112,0.18333333333333335,2798
kicks |  members |  iranian,1.0,1.0,60.0,69.0,2026-10-04 02:11:50,100.51126450444444,,,,,,,,,,,1,0,0,1,0,0,0,0.6111111111111112,0.0,0.0,0.6111111111111112,0.18333333333333335,2798
kidnapped| vampire| girls| minecraft,,,,,,,,,,1.0,1379749.0,1379749.0,16114.0,961.0,2026-09-23,0.012375439300916327,0,0,1,1,0,0,1,0.0,0.0,1.0123754393009163,1.0123754393009163,0.3037126317902749,1441
killed| yessmartypie| himlands| day,,,,,,,,,,1.0,424557.0,424557.0,20412.0,1358.0,2026-09-19,0.05127697812072348,0,0,1,1,0,0,1,0.0,0.0,1.0512769781207234,1.0512769781207234,0.315383093436217,377
killer |  diseases |  have,1.0,1.0,76.0,76.0,2026-10-05 09:56:20,68.76959783777778,,,,,,,,,,,1,0,0,1,0,0,0,0.6111111111111112,0.0,0.0,0.6111111111111112,0.18333333333333335,2798
kingfisher| airlines| revival| promotions,,,,,,,,,,1.0,749294.0,749294.0,12690.0,108.0,2026-10-02,0.017080078046801388,0,0,1,1,0,0,1,0.0,0.0,1.0170800780468015,1.0170800780468015,0.30512402341404044,1207
kings| free| fire| max| india| ffmic| fall| final,,,,,,,,,,1.0,293630.0,293630.0,21742.0,577.0,2026-09-29,0.07601062561727344,0,0,1,1,0,0,1,0.0,0.0,1.0760106256172735,1.0760106256172735,0.322803187685182,281
kiran| maurya| paramparik| karma| puja| geet,,,,,,,,,,1.0,186012.0,186012.0,623.0,9.0,2026-09-17,0.003397630260413307,0,0,1,1,0,0,0,0.0,0.0,1.0033976302604133,1.0033976302604133,0.301019289078124,2375
kishore| kumar| lata| mangeshkar| aap| kasam,,,,,,,,,,1.0,284257.0,284257.0,431.0,10.0,2026-09-18,0.0015514129819142537,0,0,1,1,0,0,0,0.0,0.0,1.0015514129819143,1.0015514129819143,0.30046542389457426,2661
kishori| kuch| aisa| intezam| jaye| radha| naam,,,,,,,,,,1.0,80826.0,80826.0,433.0,10.0,2026-09-20,0.005480909608294361,0,0,1,1,0,0,0,0.0,0.0,1.0054809096082944,1.0054809096082944,0.3016442728824883,2035
kishori| kuch| aisa| intezam| jaye| radha| rani| bhajan,,,,,,,,,,1.0,202729.0,202729.0,978.0,46.0,2026-09-25,0.005051078040142259,0,0,1,1,0,0,0,0.0,0.0,1.0050510780401423,1.0050510780401423,0.3015153234120427,2096
kissayariyathe| khalifa| prithviraj| sukumaran| vysakh| jinu| abhraham| jakes,,,,,,,,,,1.0,146989.0,146989.0,1217.0,61.0,2026-09-26,0.008694528161971304,0,0,1,1,0,0,0,0.0,0.0,1.0086945281619712,1.0086945281619712,0.30260835844859135,1743
kite,,,,,,,100.0,1.0,1.0,,,,,,,,0,1,0,1,0,1,0,0.0,1.5,0.0,1.5,0.6000000000000001,174
koi| jaye| aaye| 90s,,,,,,,,,,1.0,394133.0,394133.0,769.0,7.0,2026-09-06,0.0019688785257768317,0,0,1,1,0,0,0,0.0,0.0,1.0019688785257768,1.0019688785257768,0.300590663557733,2630
korea |  north |  fires,1.0,1.0,72.0,91.0,2026-10-03 00:23:00,126.32515339333332,,,,,,,,,,,1,0,0,1,0,0,0,0.6111111111111112,0.0,0.0,0.6111111111111112,0.18333333333333335,2798
kota news,,,,,,,97.0,1.0,0.97,,,,,,,,0,1,0,1,0,1,0,0.0,1.47,0.0,1.47,0.588,178
koyi| maru| mali| gayu| kajal| maheriya| gujarati| love,,,,,,,,,,1.0,53986.0,53986.0,654.0,14.0,2026-09-28,0.012373578335123921,0,0,1,1,0,0,1,0.0,0.0,1.012373578335124,1.012373578335124,0.3037120735005372,1442
kpsc |  case |  arrests,1.0,1.0,61.0,80.0,2026-10-07 03:59:34,26.71570894888889,,,,,,,,,,,1,0,0,1,0,0,0,0.6111111111111112,0.0,0.0,0.6111111111111112,0.18333333333333335,2798
kremlin |  songs |  sings,1.0,1.0,78.0,371.0,2026-10-03 02:27:04,124.25737561555555,,,,,,,,,,,1,0,0,1,0,0,0,0.6111111111111112,0.0,0.0,0.6111111111111112,0.18333333333333335,2798
krishna| chati| bhajan| 2026,,,,,,,,,,1.0,77178.0,77178.0,339.0,27.0,2026-09-08,0.004742284070590064,0,0,1,1,0,0,0,0.0,0.0,1.00474228407059,1.00474228407059,0.301422685221177,2144
krishna| chati| bhajan| 2026| chathi,,,,,,,,,,2.0,407289.5,814579.0,1483.5,56.0,2026-09-09,0.0037798666550451217,0,0,1,1,0,0,0,0.0,0.0,2.0037798666550453,2.0037798666550453,0.6011339599965135,145
krishna| chhatti| bhajan| nonstop| 2026,,,,,,,,,,1.0,73090.0,73090.0,441.0,19.0,2026-09-08,0.0062936106170474754,0,0,1,1,0,0,0,0.0,0.0,1.0062936106170475,1.0062936106170475,0.30188808318511423,1943
krishna| janam| chhathi| sohar| priti| prakash| bhojpuri| geet,,,,,,,,,,1.0,38396.0,38396.0,217.0,10.0,2026-09-09,0.005912074174393166,0,0,1,1,0,0,0,0.0,0.0,1.0059120741743932,1.0059120741743932,0.30177362225231796,1987
krishna| janam| sohar| geet| viral,,,,,,,,,,1.0,492534.0,492534.0,1857.0,104.0,2026-09-03,0.00398145102673115,0,0,1,1,0,0,0,0.0,0.0,1.003981451026731,1.003981451026731,0.3011944353080193,2277
krishna| jayanthi| 2026| special| kannan| piranthan| powerful| bakthi,,,,,,,,,,1.0,224807.0,224807.0,663.0,16.0,2026-09-03,0.0030203685828288267,0,0,1,1,0,0,0,0.0,0.0,1.0030203685828287,1.0030203685828287,0.3009061105748486,2454
krishna| jeyanthi| special| songs| tamil| devotional| gokulashtami| saregama,,,,,,,,,,1.0,786813.0,786813.0,2258.0,45.0,2026-09-04,0.002926997901661513,0,0,1,1,0,0,0,0.0,0.0,1.0029269979016615,1.0029269979016615,0.3008780993704984,2480
krishna| mantras| heart| hare| peaceful| maha| mantra,,,,,,,,,,1.0,87673.0,87673.0,575.0,11.0,2026-09-29,0.006683927777080744,0,0,1,1,0,0,0,0.0,0.0,1.0066839277770807,1.0066839277770807,0.3020051783331242,1900
krishn| janmashtami| katha| story,,,,,,,,,,1.0,386166.0,386166.0,3316.0,113.0,2026-09-03,0.008879601000605957,0,0,1,1,0,0,0,0.0,0.0,1.008879601000606,1.008879601000606,0.3026638803001818,1728
kumar |  deepak |  arrested,1.0,1.0,79.0,442.0,2026-10-01 17:40:54,157.02682006,,,,,,,,,,,1,0,0,1,0,0,0,0.6111111111111112,0.0,0.0,0.6111111111111112,0.18333333333333335,2798
kumar |  gyanesh |  hear,1.0,1.0,68.0,369.0,2026-10-05 05:04:29,73.63376450444444,,,,,,,,,,,1,0,0,1,0,0,0,0.6111111111111112,0.0,0.0,0.6111111111111112,0.18333333333333335,2798
kumari| bail| shiva| rajkumar| dheekshith| niveditha| ajaneesh| loknath,,,,,,,,,,1.0,1220570.0,1220570.0,8459.0,413.0,2026-09-12,0.007268735099174976,0,0,1,1,0,0,0,0.0,0.0,1.007268735099175,1.007268735099175,0.3021806205297525,1853
kumar| avijit| all| hits| bengali| jukebox,,,,,,,,,,1.0,88107.0,88107.0,237.0,10.0,2026-10-05,0.002803409490732859,0,0,1,1,0,0,0,0.0,0.0,1.0028034094907328,1.0028034094907328,0.3008410228472198,2502
kurbaan| 1990| movie| all| songs| anand| milind| sameer,,,,,,,,,,1.0,61180.0,61180.0,481.0,19.0,2026-09-22,0.008172605426610004,0,0,1,1,0,0,0,0.0,0.0,1.00817260542661,1.00817260542661,0.302451781627983,1787
kushalave| kshemave| yaare| neenu| cheluve| kannada| movie| ravichandran,,,,,,,,,,1.0,71942.0,71942.0,381.0,4.0,2026-10-06,0.005351533179505713,0,0,1,1,0,0,0,0.0,0.0,1.0053515331795058,1.0053515331795058,0.30160545995385174,2055
kuwait |  tanker |  indians,1.0,1.0,71.0,75.0,2026-10-03 02:34:41,124.13043117111111,,,,,,,,,,,1,0,0,1,0,0,0,0.6111111111111112,0.0,0.0,0.6111111111111112,0.18333333333333335,2798
kya| khoob| lagti| female| verssion,,,,,,,,,,1.0,143251.0,143251.0,399.0,0.0,2026-09-21,0.0027853208703604165,0,0,1,1,0,0,0,0.0,0.0,1.0027853208703603,1.0027853208703603,0.30083559626110806,2505
kynan |  chenai |  father,1.0,1.0,76.0,384.0,2026-10-01 04:07:51,170.57765339333335,,,,,,,,,,,1,0,0,1,0,0,0,0.6111111111111112,0.0,0.0,0.6111111111111112,0.18333333333333335,2798
laadi| betuli| garhwali| 2026| pritam| bhartwan| ramesh| rawat,,,,,,,,,,1.0,318330.0,318330.0,10635.0,723.0,2026-09-25,0.03567995476392423,0,0,1,1,0,0,1,0.0,0.0,1.0356799547639242,1.0356799547639242,0.31070398642917724,610
laadli| shri| radhe| jaya| kishori| radha| ashtami| special,,,,,,,,,,1.0,137629.0,137629.0,1974.0,185.0,2026-09-18,0.01568710082904039,0,0,1,1,0,0,1,0.0,0.0,1.0156871008290405,1.0156871008290405,0.3047061302487121,1269
ladakh |  saxena |  flags,1.0,1.0,132.0,132.0,2026-10-08 06:38:34,0.06570894888888888,,,,,,,,,,,1,0,0,1,1,0,0,0.6111111111111112,0.0,0.0,0.6111111111111112,0.18333333333333335,2798
laddu| gopal| bhajan| krishan| chhathi| special,,,,,,,,,,1.0,56270.0,56270.0,224.0,4.0,2026-09-09,0.004051892660387418,0,0,1,1,0,0,0,0.0,0.0,1.0040518926603874,1.0040518926603874,0.3012155677981162,2265
lady gaga,,,,,,,100.0,1.0,1.0,,,,,,,,0,1,0,1,0,1,0,0.0,1.5,0.0,1.5,0.6000000000000001,174
lahanga| lahake,,,,,,,,,,1.0,100199.0,100199.0,10829.0,1078.0,2026-09-26,0.11883352129262767,0,0,1,1,0,0,1,0.0,0.0,1.1188335212926277,1.1188335212926277,0.3356500563877883,241
lake |  minnetonka |  estate,1.0,1.0,78.0,433.0,2026-10-08 05:31:56,1.1762645044444444,,,,,,,,,,,1,0,0,1,1,0,0,0.6111111111111112,0.0,0.0,0.6111111111111112,0.18333333333333335,2798
lake |  thousands |  fish,1.0,1.0,40.0,234.0,2026-10-05 02:23:30,76.31682006,,,,,,,,,,,1,0,0,1,0,0,0,0.6111111111111112,0.0,0.0,0.6111111111111112,0.18333333333333335,2798
lakh |  applications |  crore,1.0,1.0,81.0,73.0,2026-10-05 05:02:19,73.66987561555555,,,,,,,,,,,1,0,0,1,0,0,0,0.6111111111111112,0.0,0.0,0.6111111111111112,0.18333333333333335,2798
lakh |  asian |  games,1.0,1.0,60.0,197.0,2026-10-07 02:31:30,28.183486726666665,,,,,,,,,,,1,0,0,1,0,0,0,0.6111111111111112,0.0,0.0,0.6111111111111112,0.18333333333333335,2798
lakh |  bounty |  considered,1.0,1.0,85.0,139.0,2026-10-03 19:01:21,107.68598672666666,,,,,,,,,,,1,0,0,1,0,0,0,0.6111111111111112,0.0,0.0,0.6111111111111112,0.18333333333333335,2798
lakshmi,,,,,,,,,,1.0,29880.0,29880.0,143.0,5.0,2026-09-10,0.0049531459170013385,0,0,1,1,0,0,0,0.0,0.0,1.0049531459170014,1.0049531459170014,0.3014859437751004,2108
lakshmi| baramma,,,,,,,,,,1.0,481169.0,481169.0,1818.0,95.0,2026-09-10,0.0039757340975831775,0,0,1,1,0,0,0,0.0,0.0,1.0039757340975832,1.0039757340975832,0.30119272022927496,2279
lakshmi| baramma| friday| devi| devotional| songs| kannada,,,,,,,,,,1.0,130692.0,130692.0,332.0,8.0,2026-09-24,0.002601536436813271,0,0,1,1,0,0,0,0.0,0.0,1.0026015364368133,1.0026015364368133,0.300780460931044,2540
lakshmi| devi| 2026| special| songs| telugu,,,,,,,,,,1.0,13934.0,13934.0,103.0,1.0,2026-09-10,0.007463757714941868,0,0,1,1,0,0,0,0.0,0.0,1.007463757714942,1.007463757714942,0.30223912731448255,1835
lakshmi| devi| bhakti| songs| telugu| friday,,,,,,,,,,1.0,25282.0,25282.0,96.0,5.0,2026-09-24,0.0039949371094059015,0,0,1,1,0,0,0,0.0,0.0,1.003994937109406,1.003994937109406,0.30119848113282177,2274
lakshvedhi,,,,,,,,,,1.0,115854.0,115854.0,380.0,142.0,2026-09-30,0.004505670930654099,0,0,1,1,0,0,0,0.0,0.0,1.0045056709306541,1.0045056709306541,0.30135170127919625,2185
lalbaugcha| raja| 2026| live| visarjan| miravnuk| abp| majha,,,,,,,,,,1.0,245323.0,245323.0,809.0,0.0,2026-09-26,0.0032976932452317967,0,0,1,1,0,0,0,0.0,0.0,1.0032976932452318,1.0032976932452318,0.30098930797356954,2391
lalitha| sahasranama| stotram,,,,,,,,,,1.0,35999.0,35999.0,146.0,4.0,2026-09-10,0.004166782410622518,0,0,1,1,0,0,0,0.0,0.0,1.0041667824106226,1.0041667824106226,0.3012500347231868,2252
lanterns| midseason| hbo| max,,,,,,,,,,1.0,2560361.0,2560361.0,54654.0,3586.0,2026-09-17,0.022746792346860462,0,0,1,1,0,0,1,0.0,0.0,1.0227467923468605,1.0227467923468605,0.30682403770405814,985
last |  warning |  houthis,1.0,1.0,77.0,96.0,2026-10-08 03:26:49,3.2615422822222224,,,,,,,,,,,1,0,0,1,1,0,0,0.6111111111111112,0.0,0.0,0.6111111111111112,0.18333333333333335,2798
last| chance| solo| kills| classic| hacker| what| bgmi,,,,,,,,,,1.0,852848.0,852848.0,22801.0,68.0,2026-09-14,0.026814860326810873,0,0,1,1,0,0,1,0.0,0.0,1.0268148603268108,1.0268148603268108,0.3080444580980432,841
last| gaming| bye| free| fire,,,,,,,,,,1.0,185702.0,185702.0,19859.0,4059.0,2026-09-14,0.128797751235851,0,0,1,1,0,0,1,0.0,0.0,1.128797751235851,1.128797751235851,0.33863932537075525,238
lata| mangeshkar| old,,,,,,,,,,1.0,436641.0,436641.0,2129.0,46.0,2026-09-09,0.004981208819144331,0,0,1,1,0,0,0,0.0,0.0,1.0049812088191443,1.0049812088191443,0.3014943626457433,2105
latest| ganesh| bhajan| 2026,,,,,,,,,,1.0,170011.0,170011.0,1124.0,42.0,2026-09-16,0.006858379751898407,0,0,1,1,0,0,0,0.0,0.0,1.0068583797518984,1.0068583797518984,0.3020575139255695,1881
latest| subash| brahamnu| silma| bheda| reha| palla| contact,,,,,,,,,,1.0,110595.0,110595.0,5593.0,372.0,2026-09-15,0.053935530539355306,0,0,1,1,0,0,1,0.0,0.0,1.0539355305393554,1.0539355305393554,0.3161806591618066,352
lathi| aashish| yadav| khushi| kakkar| bhojpuri| gana| 2026,,,,,,,,,,1.0,2996406.0,2996406.0,80856.0,5928.0,2026-09-23,0.028962697311379033,0,0,1,1,0,0,1,0.0,0.0,1.028962697311379,1.028962697311379,0.3086888091934137,777
launched |  india |  crore,1.0,1.0,56.0,50.0,2026-10-05 15:36:14,63.10459783777778,,,,,,,,,,,1,0,0,1,0,0,0,0.6111111111111112,0.0,0.0,0.6111111111111112,0.18333333333333335,2798
law| order| prakash| varma| abhirami| ranjith,,,,,,,,,,1.0,1187504.0,1187504.0,10409.0,1308.0,2026-09-12,0.009866914132499764,0,0,1,1,0,0,0,0.0,0.0,1.0098669141324998,1.0098669141324998,0.30296007423974997,1645
law| order| reaction| mammootty| prakash| varma| ranjith| black,,,,,,,,,,1.0,60191.0,60191.0,893.0,141.0,2026-09-12,0.017178647970626838,0,0,1,1,0,0,1,0.0,0.0,1.0171786479706268,1.0171786479706268,0.30515359439118805,1203
lcc projects share price,,,,,,,100.0,1.0,1.0,,,,,,,,0,1,0,1,0,1,0,0.0,1.5,0.0,1.5,0.6000000000000001,174
leader| board| ban| grandmaster| pushing| funwithsrbyt| freefire| rankpush,,,,,,,,,,1.0,80245.0,80245.0,7281.0,426.0,2026-09-06,0.0960433671879868,0,0,1,1,0,0,1,0.0,0.0,1.0960433671879868,1.0960433671879868,0.328813010156396,250
leaked| biome| update| steal| egg| roblox,,,,,,,,,,1.0,362470.0,362470.0,9957.0,1588.0,2026-10-03,0.03185091179959721,0,0,1,1,0,0,1,0.0,0.0,1.0318509117995973,1.0318509117995973,0.30955527353987916,713
leaked| light| darkness| update| steal| egg| roblox,,,,,,,,,,1.0,373520.0,373520.0,11122.0,1986.0,2026-09-12,0.035093167701863354,0,0,1,1,0,0,1,0.0,0.0,1.0350931677018633,1.0350931677018633,0.31052795031055896,627
leaked| sammy| update| steal| egg| roblox,,,,,,,,,,2.0,315087.5,630175.0,6230.0,5573.0,2026-09-19,0.03745943587098822,0,0,1,1,0,0,1,0.0,0.0,2.0374594358709883,2.0374594358709883,0.6112378307612965,94
least| eligible| bachelor| harsha| chemudu| hyper| aadi| jeevan,,,,,,,,,,1.0,638023.0,638023.0,4518.0,97.0,2026-10-03,0.007233281558815278,0,0,1,1,0,0,0,0.0,0.0,1.0072332815588152,1.0072332815588152,0.30216998446764454,1858
least| eligible| bachelor| harsha| hyper| aadi| babu| degala,,,,,,,,,,1.0,169604.0,169604.0,1368.0,45.0,2026-10-03,0.008331171434635975,0,0,1,1,0,0,0,0.0,0.0,1.008331171434636,1.008331171434636,0.30249935143039075,1778
least| eligible| bachelor| teaser| harsha| chemudu| hyper| aadi,,,,,,,,,,1.0,964311.0,964311.0,4980.0,201.0,2026-09-15,0.005372748003496798,0,0,1,1,0,0,0,0.0,0.0,1.0053727480034969,1.0053727480034969,0.30161182440104906,2051
leave |  court |  bank,1.0,1.0,82.0,419.0,2026-10-07 05:04:55,25.62654228222222,,,,,,,,,,,1,0,0,1,0,0,0,0.6111111111111112,0.0,0.0,0.6111111111111112,0.18333333333333335,2798
left |  back |  others,1.0,1.0,89.0,89.0,2026-10-02 06:09:13,144.55487561555555,,,,,,,,,,,1,0,0,1,0,0,0,0.6111111111111112,0.0,0.0,0.6111111111111112,0.18333333333333335,2798
left |  voters |  election,1.0,1.0,104.0,104.0,2026-10-02 06:09:13,144.55487561555555,,,,,,,,,,,1,0,0,1,0,0,0,0.6111111111111112,0.0,0.0,0.6111111111111112,0.18333333333333335,2798
legacy| crossover| continued| semi| finale| raftaarmusic| krsnaofficial,,,,,,,,,,1.0,471440.0,471440.0,17938.0,1582.0,2026-09-13,0.041405056847106735,0,0,1,1,0,0,1,0.0,0.0,1.0414050568471067,1.0414050568471067,0.312421517054132,485
legacy| crossover| semi| finale| raftaarmusic| krsnaofficial,,,,,,,,,,1.0,1031853.0,1031853.0,21798.0,1442.0,2026-09-10,0.02252258800429906,0,0,1,1,0,0,1,0.0,0.0,1.022522588004299,1.022522588004299,0.3067567764012897,993
legacy| finale| promo| raftaarmusic| krsnaofficial,,,,,,,,,,1.0,478290.0,478290.0,16174.0,1660.0,2026-09-16,0.03728700160990194,0,0,1,1,0,0,1,0.0,0.0,1.0372870016099018,1.0372870016099018,0.3111861004829705,575
legal |  setback |  hemant,1.0,1.0,75.0,72.0,2026-09-30 14:04:57,184.62598672666667,,,,,,,,,,,1,0,0,1,0,0,0,0.6111111111111112,0.0,0.0,0.6111111111111112,0.18333333333333335,2798
legal |  system |  fails,1.0,1.0,87.0,87.0,2026-10-01 06:33:17,168.15376450444447,,,,,,,,,,,1,0,0,1,0,0,0,0.6111111111111112,0.0,0.0,0.6111111111111112,0.18333333333333335,2798
lekhak| negative| kirdar| rajat| dalal| bad| junkie| haryanvi,,,,,,,,,,1.0,327789.0,327789.0,13398.0,1093.0,2026-09-30,0.044208316935589666,0,0,1,1,0,0,1,0.0,0.0,1.0442083169355896,1.0442083169355896,0.3132624950806769,448
less| promotions| why| paradise| still| hyped| nani| srikanth,,,,,,,,,,1.0,234574.0,234574.0,3632.0,112.0,2026-09-22,0.015960848175842163,0,0,1,1,0,0,1,0.0,0.0,1.0159608481758422,1.0159608481758422,0.30478825445275265,1263
lets| explore| update| record| today| bgmi| live,,,,,,,,,,1.0,859759.0,859759.0,24395.0,50.0,2026-09-17,0.028432386284993817,0,0,1,1,0,0,1,0.0,0.0,1.0284323862849938,1.0284323862849938,0.3085297158854981,798
let| wipe| out| gullit| netherlands| epic| boxdraw| football,,,,,,,,,,1.0,75934.0,75934.0,2433.0,194.0,2026-10-01,0.034595833223588904,0,0,1,1,0,0,1,0.0,0.0,1.034595833223589,1.034595833223589,0.31037874996707665,637
lgbtq |  influencer |  sandhu,1.0,1.0,72.0,387.0,2026-10-04 01:31:05,101.1904311711111,,,,,,,,,,,1,0,0,1,0,0,0,0.6111111111111112,0.0,0.0,0.6111111111111112,0.18333333333333335,2798
lia| playz| back| youtube| live| stream| shortsfeed,,,,,,,,,,1.0,1166630.0,1166630.0,5372.0,8.0,2026-10-04,0.004611573506595921,0,0,1,1,0,0,0,0.0,0.0,1.004611573506596,1.004611573506596,0.30138347205197874,2162
library |  central |  vista,1.0,1.0,117.0,139.0,2026-10-04 10:21:05,92.35709783777777,,,,,,,,,,,1,0,0,1,0,0,0,0.6111111111111112,0.0,0.0,0.6111111111111112,0.18333333333333335,2798
lies |  damned |  statistics,1.0,1.0,85.0,85.0,2026-10-01 06:33:17,168.15376450444447,,,,,,,,,,,1,0,0,1,0,0,0,0.6111111111111112,0.0,0.0,0.6111111111111112,0.18333333333333335,2798
life| diamond| minecraft,,,,,,,,,,1.0,1477011.0,1477011.0,16047.0,951.0,2026-09-10,0.011508377391908388,0,0,1,1,0,0,1,0.0,0.0,1.0115083773919085,1.0115083773919085,0.30345251321757255,1512
life| gold| minecraft,,,,,,,,,,1.0,128920.0,128920.0,1896.0,103.0,2026-09-19,0.015505739993794601,0,0,1,1,0,0,1,0.0,0.0,1.0155057399937946,1.0155057399937946,0.30465172199813834,1278
life| golem| minecraft,,,,,,,,,,1.0,998219.0,998219.0,11285.0,510.0,2026-09-24,0.011816044375031932,0,0,1,1,0,0,1,0.0,0.0,1.011816044375032,1.011816044375032,0.30354481331250954,1484
lifted| impossible| lava| cube| roblox| lift,,,,,,,,,,1.0,324220.0,324220.0,3923.0,465.0,2026-09-19,0.013534020109801986,0,0,1,1,0,0,1,0.0,0.0,1.013534020109802,1.013534020109802,0.3040602060329406,1381
lightning |  patna |  lucknow,1.0,1.0,87.0,147.0,2026-10-07 19:22:45,11.329320059999999,,,,,,,,,,,1,0,0,1,1,0,0,0.6111111111111112,0.0,0.0,0.6111111111111112,0.18333333333333335,2798
lilyville| danger| day,,,,,,,,,,1.0,1808251.0,1808251.0,65498.0,1265.0,2026-09-20,0.03692131236205593,0,0,1,1,0,0,1,0.0,0.0,1.036921312362056,1.036921312362056,0.3110763937086168,585
lindsey |  graham |  bill,1.0,1.0,87.0,157.0,2026-10-05 06:05:28,72.61737561555556,,,,,,,,,,,1,0,0,1,0,0,0,0.6111111111111112,0.0,0.0,0.6111111111111112,0.18333333333333335,2798
lingashtakam| hara| namah| shivaya| monday| shiva| bhakti| songs,,,,,,,,,,1.0,21218.0,21218.0,127.0,1.0,2026-09-06,0.006032613818456028,0,0,1,1,0,0,0,0.0,0.0,1.006032613818456,1.006032613818456,0.30180978414553683,1970
liquor |  bottles |  mini,1.0,1.0,91.0,159.0,2026-10-02 15:35:36,135.11515339333332,,,,,,,,,,,1,0,0,1,0,0,0,0.6111111111111112,0.0,0.0,0.6111111111111112,0.18333333333333335,2798
liquor |  schools |  shops,1.0,1.0,102.0,156.0,2026-10-01 11:39:17,163.05376450444444,,,,,,,,,,,1,0,0,1,0,0,0,0.6111111111111112,0.0,0.0,0.6111111111111112,0.18333333333333335,2798
lisa| always| lalisa,,,,,,,,,,1.0,2296493.0,2296493.0,156185.0,6647.0,2026-09-09,0.07090463589481875,0,0,1,1,0,0,1,0.0,0.0,1.0709046358948187,1.0709046358948187,0.3212713907684456,296
lisa| sawadika| dance| performance,,,,,,,,,,1.0,4516507.0,4516507.0,342089.0,17197.0,2026-09-11,0.07954952798700411,0,0,1,1,0,0,1,0.0,0.0,1.0795495279870042,1.0795495279870042,0.32386485839610124,273
lisa| sawadika| music,,,,,,,,,,1.0,136253444.0,136253444.0,2231364.0,223019.0,2026-09-04,0.01801336485850589,0,0,1,1,0,0,1,0.0,0.0,1.018013364858506,1.018013364858506,0.30540400945755175,1167
list |  drops |  hardeep,1.0,1.0,106.0,118.0,2026-10-05 09:55:18,68.78682006,,,,,,,,,,,1,0,0,1,0,0,0,0.6111111111111112,0.0,0.0,0.6111111111111112,0.18333333333333335,2798
little |  room |  giving,1.0,1.0,98.0,98.0,2026-10-07 06:28:49,24.228208948888888,,,,,,,,,,,1,0,0,1,0,0,0,0.6111111111111112,0.0,0.0,0.6111111111111112,0.18333333333333335,2798
live,,,,,,,,,,1.0,26260.0,26260.0,155.0,8.0,2026-09-10,0.006207159177456207,0,0,1,1,0,0,0,0.0,0.0,1.0062071591774562,1.0062071591774562,0.30186214775323683,1953
live |  ball |  pakistan,1.0,1.0,162.0,162.0,2026-10-03 05:44:55,120.95987561555555,,,,,,,,,,,1,0,0,1,0,0,0,0.6111111111111112,0.0,0.0,0.6111111111111112,0.18333333333333335,2798
live |  ganesh |  secures,1.0,1.0,59.0,59.0,2026-09-30 18:27:06,180.25682006000002,,,,,,,,,,,1,0,0,1,0,0,0,0.6111111111111112,0.0,0.0,0.6111111111111112,0.18333333333333335,2798
live |  india |  tempers,1.0,1.0,75.0,71.0,2026-10-03 03:16:44,123.42959783777778,,,,,,,,,,,1,0,0,1,0,0,0,0.6111111111111112,0.0,0.0,0.6111111111111112,0.18333333333333335,2798
live |  israel |  condemns,1.0,1.0,76.0,76.0,2026-09-30 12:17:38,186.4145978377778,,,,,,,,,,,1,0,0,1,0,0,0,0.6111111111111112,0.0,0.0,0.6111111111111112,0.18333333333333335,2798
live |  kharge |  host,1.0,1.0,75.0,71.0,2026-10-08 01:37:32,5.082931171111111,,,,,,,,,,,1,0,0,1,1,0,0,0.6111111111111112,0.0,0.0,0.6111111111111112,0.18333333333333335,2798
live |  leaders |  detained,1.0,1.0,77.0,77.0,2026-10-02 03:56:06,146.77348672666668,,,,,,,,,,,1,0,0,1,0,0,0,0.6111111111111112,0.0,0.0,0.6111111111111112,0.18333333333333335,2798
live |  lovlina |  gold,1.0,1.0,73.0,71.0,2026-10-01 23:32:03,151.17432006,,,,,,,,,,,1,0,0,1,0,0,0,0.6111111111111112,0.0,0.0,0.6111111111111112,0.18333333333333335,2798
live |  updates |  india,1.0,1.0,125.0,125.0,2026-10-06 06:52:38,47.83126450444445,,,,,,,,,,,1,0,0,1,0,0,0,0.6111111111111112,0.0,0.0,0.6111111111111112,0.18333333333333335,2798
live| aigirinandinistotram| bhakthinidhi,,,,,,,,,,1.0,21367.0,21367.0,114.0,7.0,2026-09-14,0.005662938175691487,0,0,1,1,0,0,0,0.0,0.0,1.0056629381756914,1.0056629381756914,0.3016988814527074,2012
live| day| rank| season| road| top| 1with| kusumyt,,,,,,,,,,1.0,704303.0,704303.0,6712.0,0.0,2026-09-24,0.009529989223388229,0,0,1,1,0,0,0,0.0,0.0,1.0095299892233882,1.0095299892233882,0.30285899676701644,1679
live| day| rank| season| road| top| 1with| lakagamingz,,,,,,,,,,3.0,761997.6666666666,2285993.0,6757.666666666667,0.0,2026-10-03,0.00886835611482625,0,0,1,1,0,0,0,0.0,0.0,3.008868356114826,3.008868356114826,0.9026605068344478,74
live| final| match| team| lava| scorp| only,,,,,,,,,,1.0,180488.0,180488.0,3739.0,6.0,2026-10-06,0.020749301892646604,0,0,1,1,0,0,1,0.0,0.0,1.0207493018926466,1.0207493018926466,0.30622479056779395,1056
live| free| fire| max| ranked| push,,,,,,,,,,2.0,678967.0,1357934.0,2098.0,13.0,2026-09-19,0.0031091349064092952,0,0,1,1,0,0,0,0.0,0.0,2.0031091349064094,2.0031091349064094,0.6009327404719228,152
live| free| fire| rank| season| push,,,,,,,,,,16.0,796943.5,12751096.0,9517.9375,10.0,2026-10-04,0.011955599738249952,0,0,1,1,0,0,1,0.0,0.0,16.01195559973825,16.01195559973825,4.803586679921475,11
live| ganesha| namavalidevotional| bhakthinidhi,,,,,,,,,,1.0,13678.0,13678.0,461.0,15.0,2026-09-15,0.03480040941658137,0,0,1,1,0,0,1,0.0,0.0,1.0348004094165815,1.0348004094165815,0.3104401228249744,634
live| ganesha| suprabhatha| bhakthinidhi,,,,,,,,,,1.0,44366.0,44366.0,252.0,8.0,2026-09-13,0.005860343506288599,0,0,1,1,0,0,0,0.0,0.0,1.0058603435062885,1.0058603435062885,0.30175810305188655,1996
live| granny| chapter| main| aaj| hoga| escape| horror,,,,,,,,,,1.0,317469.0,317469.0,1028.0,0.0,2026-09-15,0.0032381114376521802,0,0,1,1,0,0,0,0.0,0.0,1.003238111437652,1.003238111437652,0.3009714334312956,2404
live| gta| gameplay| gta5| gtav| gaming,,,,,,,,,,18.0,1479248.111111111,26626466.0,1930.388888888889,3.9444444444444446,2026-10-01,0.001307646309502733,0,0,1,1,0,0,0,0.0,0.0,18.001307646309503,18.001307646309503,5.400392293892851,10
live| gta| gameplay| raajoo| gaming,,,,,,,,,,11.0,2505698.6363636362,27562685.0,4453.272727272727,1.5454545454545454,2026-09-24,0.0017778746881880342,0,0,1,1,0,0,0,0.0,0.0,11.001777874688187,11.001777874688187,3.300533362406456,20
live| hanuman| bhajan,,,,,,,,,,1.0,84855.0,84855.0,812.0,46.0,2026-09-21,0.010111366448647694,0,0,1,1,0,0,0,0.0,0.0,1.0101113664486476,1.0101113664486476,0.30303340993459427,1621
live| indian| bike| driving| game| short| shortslive| shortfeed,,,,,,,,,,1.0,728377.0,728377.0,3215.0,0.0,2026-09-07,0.004413923009650223,0,0,1,1,0,0,0,0.0,0.0,1.0044139230096503,1.0044139230096503,0.3013241769028951,2206
live| india| afghanistan| 1st| t20| ind| afg| 2026,,,,,,,,,,1.0,124676.0,124676.0,1165.0,2.0,2026-09-13,0.009360261798581924,0,0,1,1,0,0,0,0.0,0.0,1.009360261798582,1.009360261798582,0.3028080785395746,1693
live| kerala| guild| war,,,,,,,,,,1.0,171194.0,171194.0,4831.0,5.0,2026-09-19,0.02824865357430751,0,0,1,1,0,0,1,0.0,0.0,1.0282486535743076,1.0282486535743076,0.3084745960722923,805
live| lalbaugcha| raja| visarjan| 2026,,,,,,,,,,1.0,89806.0,89806.0,429.0,21.0,2026-09-26,0.0050108010600628024,0,0,1,1,0,0,0,0.0,0.0,1.005010801060063,1.005010801060063,0.30150324031801884,2103
live| lava| battle| back,,,,,,,,,,1.0,182420.0,182420.0,5358.0,15.0,2026-09-14,0.029454007236048678,0,0,1,1,0,0,1,0.0,0.0,1.0294540072360487,1.0294540072360487,0.3088362021708146,767
live| lingashtakam| telugu| sumantv,,,,,,,,,,3.0,247068.33333333334,741205.0,962.0,47.333333333333336,2026-10-05,0.004085239576095682,0,0,1,1,0,0,0,0.0,0.0,3.0040852395760957,3.0040852395760957,0.9012255718728287,81
live| m590| players| scorp,,,,,,,,,,1.0,158398.0,158398.0,3787.0,17.0,2026-10-05,0.02401545474059016,0,0,1,1,0,0,1,0.0,0.0,1.0240154547405902,1.0240154547405902,0.30720463642217705,938
live| maa| vaishno| devi| aarti| bhawan| october| 2026,,,,,,,,,,1.0,129152.0,129152.0,5166.0,685.0,2026-10-04,0.045303208622398415,0,0,1,1,0,0,1,0.0,0.0,1.0453032086223983,1.0453032086223983,0.3135909625867195,432
live| panther| hunt| challange| gta| mods| gtav| gtalive,,,,,,,,,,3.0,3322581.3333333335,9967744.0,4283.666666666667,0.0,2026-09-23,0.0012892586326454611,0,0,1,1,0,0,0,0.0,0.0,3.0012892586326454,3.0012892586326454,0.9003867775897936,83
live| playing| panther| gta| don| blink| gta5| gtav,,,,,,,,,,1.0,1322443.0,1322443.0,1445.0,0.0,2026-10-05,0.001092674693729711,0,0,1,1,0,0,0,0.0,0.0,1.0010926746937296,1.0010926746937296,0.3003278024081189,2693
live| raghavendrasuprabhatha| bhakthi| nidhi,,,,,,,,,,3.0,44613.0,133839.0,216.66666666666666,15.666666666666666,2026-10-01,0.00520774960960557,0,0,1,1,0,0,0,0.0,0.0,3.0052077496096055,3.0052077496096055,0.9015623248828816,76
live| raghavendra| bhakthidhama637,,,,,,,,,,2.0,47805.5,95611.0,315.0,29.0,2026-10-08,0.007195824748198429,0,0,1,1,0,0,0,0.0,0.0,2.0071958247481985,2.0071958247481985,0.6021587474244595,118
live| random| horror| game,,,,,,,,,,1.0,480197.0,480197.0,788.0,0.0,2026-09-10,0.001640993175717466,0,0,1,1,0,0,0,0.0,0.0,1.0016409931757175,1.0016409931757175,0.30049229795271526,2656
live| rank| push| challenges,,,,,,,,,,1.0,137490.0,137490.0,3818.0,25.0,2026-09-10,0.02795112371808859,0,0,1,1,0,0,1,0.0,0.0,1.0279511237180885,1.0279511237180885,0.30838533711542654,816
live| rudrashtakam| stotram| shiva,,,,,,,,,,1.0,112005.0,112005.0,745.0,73.0,2026-10-04,0.007303245390830766,0,0,1,1,0,0,0,0.0,0.0,1.0073032453908308,1.0073032453908308,0.3021909736172492,1848
live| rureke| kalan| barnala| kabaddi| tournament| 2026| www,,,,,,,,,,1.0,135606.0,135606.0,974.0,0.0,2026-09-25,0.0071825730424907456,0,0,1,1,0,0,0,0.0,0.0,1.0071825730424908,1.0071825730424908,0.30215477191274726,1861
live| samaon| mansa| kabaddi| tournament| 2026| www| 123live,,,,,,,,,,1.0,121229.0,121229.0,813.0,1.0,2026-09-07,0.006714564996824192,0,0,1,1,0,0,0,0.0,0.0,1.006714564996824,1.006714564996824,0.3020143694990472,1897
live| school| holidays| extended| districts| otv,,,,,,,,,,1.0,368030.0,368030.0,1395.0,0.0,2026-09-25,0.003790451865337065,0,0,1,1,0,0,0,0.0,0.0,1.003790451865337,1.003790451865337,0.30113713555960114,2310
live| serious| gameplay,,,,,,,,,,1.0,174240.0,174240.0,4533.0,13.0,2026-09-12,0.02609044995408632,0,0,1,1,0,0,1,0.0,0.0,1.0260904499540864,1.0260904499540864,0.3078271349862259,865
live| sri| lakshmi| suprabhatha| bhakthi| nidhi,,,,,,,,,,1.0,30180.0,30180.0,127.0,6.0,2026-10-02,0.004406891981444666,0,0,1,1,0,0,0,0.0,0.0,1.0044068919814446,1.0044068919814446,0.30132206759443336,2208
live| suryadeva| stotra| bhakthi| nidhi,,,,,,,,,,1.0,47254.0,47254.0,354.0,23.0,2026-09-19,0.007978160578998604,0,0,1,1,0,0,0,0.0,0.0,1.0079781605789986,1.0079781605789986,0.30239344817369956,1800
live| top| grandmaster| push| free| fire| shorts| shortslive,,,,,,,,,,18.0,1069588.888888889,19252600.0,3748.0,4.944444444444445,2026-10-07,0.003508772841070816,0,0,1,1,0,0,0,0.0,0.0,18.00350877284107,18.00350877284107,5.401052631852321,9
live| ujjain| shahi| masjid,,,,,,,,,,1.0,61082.0,61082.0,228.0,0.0,2026-09-30,0.003732687207360597,0,0,1,1,0,0,0,0.0,0.0,1.0037326872073606,1.0037326872073606,0.3011198061622082,2322
live| vannu| njan| drone| view| custom| ro0m,,,,,,,,,,1.0,155955.0,155955.0,4978.0,4.0,2026-09-06,0.031945112372158635,0,0,1,1,0,0,1,0.0,0.0,1.0319451123721586,1.0319451123721586,0.30958353371164754,707
live| venkateshwara| suprabhatha| bhakthi| nidhi,,,,,,,,,,1.0,106052.0,106052.0,468.0,33.0,2026-09-25,0.004724097612491985,0,0,1,1,0,0,0,0.0,0.0,1.004724097612492,1.004724097612492,0.3014172292837476,2145
live| wwe| 2k25| gameplay| shorts| shortsfeed,,,,,,,,,,3.0,1178185.0,3534555.0,2722.6666666666665,0.6666666666666666,2026-09-13,0.0023114649510334396,0,0,1,1,0,0,0,0.0,0.0,3.0023114649510334,3.0023114649510334,0.90069343948531,82
lojak| mojak| meesaya| murukku,,,,,,,,,,1.0,86531.0,86531.0,2185.0,0.0,2026-09-29,0.025251066091920814,0,0,1,1,0,0,1,0.0,0.0,1.0252510660919207,1.0252510660919207,0.3075753198275762,891
lojak| mojak| music| meesaya| murukku| hiphop| tamizha| ketika,,,,,,,,,,1.0,4050941.0,4050941.0,28291.0,533.0,2026-10-01,0.007115383808354652,0,0,1,1,0,0,0,0.0,0.0,1.0071153838083546,1.0071153838083546,0.3021346151425064,1867
lokesh |  alumni |  calls,1.0,1.0,63.0,224.0,2026-10-04 02:22:20,100.33626450444444,,,,,,,,,,,1,0,0,1,0,0,0,0.6111111111111112,0.0,0.0,0.6111111111111112,0.18333333333333335,2798
lord| ganesha| saved| franklin| shinchan| world| biggest| tsunami,,,,,,,,,,1.0,86154.0,86154.0,923.0,9.0,2026-09-15,0.010817837825289597,0,0,1,1,0,0,0,0.0,0.0,1.0108178378252897,1.0108178378252897,0.3032453513475869,1564
lord| shiva| bhakthi| patalu,,,,,,,,,,1.0,34892.0,34892.0,173.0,11.0,2026-10-04,0.005273415109480683,0,0,1,1,0,0,0,0.0,0.0,1.0052734151094807,1.0052734151094807,0.30158202453284416,2060
lord| shiva| bilvashtakam| telugu,,,,,,,,,,1.0,218679.0,218679.0,952.0,20.0,2026-09-20,0.004444871249639883,0,0,1,1,0,0,0,0.0,0.0,1.0044448712496399,1.0044448712496399,0.301333461374892,2197
lord| shiva| songs| lingashtakam| devotional,,,,,,,,,,1.0,33357.0,33357.0,133.0,3.0,2026-09-27,0.004077105255268759,0,0,1,1,0,0,0,0.0,0.0,1.0040771052552688,1.0040771052552688,0.30122313157658065,2260
lord| shiva| songs| lingashtakam| telugu,,,,,,,,,,1.0,201551.0,201551.0,342.0,13.0,2026-10-04,0.0017613408020798705,0,0,1,1,0,0,0,0.0,0.0,1.0017613408020798,1.0017613408020798,0.30052840224062394,2647
lord| shiva| songs| telugu,,,,,,,,,,1.0,39321.0,39321.0,97.0,2.0,2026-09-13,0.0025177386129549098,0,0,1,1,0,0,0,0.0,0.0,1.002517738612955,1.002517738612955,0.30075532158388646,2549
lord| shiva| songs| telugu| bhakti,,,,,,,,,,1.0,113979.0,113979.0,239.0,11.0,2026-09-06,0.002193386501022118,0,0,1,1,0,0,0,0.0,0.0,1.0021933865010222,1.0021933865010222,0.30065801595030667,2595
lost| girl| spent| 9187361| robux| roblox,,,,,,,,,,1.0,302091.0,302091.0,9820.0,637.0,2026-09-14,0.03461539734715698,0,0,1,1,0,0,1,0.0,0.0,1.034615397347157,1.034615397347157,0.3103846192041471,636
lost| somewhere| zone| map| challenge| freefiretelugu| mbg| army,,,,,,,,,,1.0,143514.0,143514.0,6027.0,39.0,2026-09-16,0.04226765332998871,0,0,1,1,0,0,1,0.0,0.0,1.0422676533299886,1.0422676533299886,0.31268029599899655,472
lovesick| nirvair| pannu| deol| harman| sukhi| badrukhan| juke,,,,,,,,,,1.0,135230.0,135230.0,4889.0,305.0,2026-09-15,0.03840863713673002,0,0,1,1,0,0,1,0.0,0.0,1.03840863713673,1.03840863713673,0.311522591141019,545
love| arjun| das| aishwarya| lekshmi| netflix| india,,,,,,,,,,1.0,6691442.0,6691442.0,6515.0,147.0,2026-09-25,0.0009956000515285047,0,0,1,1,0,0,0,0.0,0.0,1.0009956000515285,1.0009956000515285,0.30029868001545856,2698
love| playing| supermarket| horror| games| hellmart,,,,,,,,,,1.0,795388.0,795388.0,27967.0,1440.0,2026-09-10,0.036971892962931296,0,0,1,1,0,0,1,0.0,0.0,1.0369718929629312,1.0369718929629312,0.3110915678888794,584
lovlina |  gives |  herself,1.0,1.0,79.0,79.0,2026-10-02 04:53:56,145.8095978377778,,,,,,,,,,,1,0,0,1,0,0,0,0.6111111111111112,0.0,0.0,0.6111111111111112,0.18333333333333335,2798
lovlina |  history |  gold,1.0,1.0,74.0,408.0,2026-10-02 04:59:03,145.72432006000003,,,,,,,,,,,1,0,0,1,0,0,0,0.6111111111111112,0.0,0.0,0.6111111111111112,0.18333333333333335,2798
lower |  ahead |  repo,1.0,1.0,76.0,61.0,2026-10-07 03:56:40,26.76404228222222,,,,,,,,,,,1,0,0,1,0,0,0,0.6111111111111112,0.0,0.0,0.6111111111111112,0.18333333333333335,2798
lucknow |  days |  runoff,1.0,1.0,63.0,465.0,2026-10-05 19:39:00,59.05848672666667,,,,,,,,,,,1,0,0,1,0,0,0,0.6111111111111112,0.0,0.0,0.6111111111111112,0.18333333333333335,2798
ludhiana |  killed |  assailants,1.0,1.0,85.0,140.0,2026-10-03 17:45:33,108.94932005999999,,,,,,,,,,,1,0,0,1,0,0,0,0.6111111111111112,0.0,0.0,0.6111111111111112,0.18333333333333335,2798
luffy| became| best| guard| protect| president| rivals| roblox,,,,,,,,,,1.0,257778.0,257778.0,4486.0,1658.0,2026-09-28,0.023834462211670508,0,0,1,1,0,0,1,0.0,0.0,1.0238344622116704,1.0238344622116704,0.3071503386635011,948
lunch |  india |  akhileshs,1.0,1.0,51.0,321.0,2026-10-08 02:26:10,4.272375615555555,,,,,,,,,,,1,0,0,1,1,0,0,0.6111111111111112,0.0,0.0,0.6111111111111112,0.18333333333333335,2798
lust| stories| netflix| india,,,,,,,,,,1.0,4479311.0,4479311.0,14823.0,396.0,2026-09-09,0.0033976207501555484,0,0,1,1,0,0,0,0.0,0.0,1.0033976207501556,1.0033976207501556,0.30101928622504665,2376
lutana| gopal| bharwad| jigar| studio| latest| gujarati| sad,,,,,,,,,,1.0,121140.0,121140.0,2334.0,52.0,2026-09-28,0.01969621925045402,0,0,1,1,0,0,1,0.0,0.0,1.019696219250454,1.019696219250454,0.30590886577513615,1098
maahi,,,,,,,,,,1.0,229960.0,229960.0,1274.0,4.0,2026-09-03,0.005557488258827622,0,0,1,1,0,0,0,0.0,0.0,1.0055574882588276,1.0055574882588276,0.30166724647764825,2024
maai| power| star| pawan| singh| bhojpuri| 2026,,,,,,,,,,1.0,4793392.0,4793392.0,206525.0,17874.0,2026-10-03,0.0468142392693942,0,0,1,1,0,0,1,0.0,0.0,1.0468142392693942,1.0468142392693942,0.31404427178081823,415
maan| panu| met| her| again| music,,,,,,,,,,1.0,921589.0,921589.0,32281.0,1207.0,2026-09-30,0.036337239268263835,0,0,1,1,0,0,1,0.0,0.0,1.036337239268264,1.036337239268264,0.31090117178047916,594
maare| jaoge| armaan| malik| payal| kritika| shiva| chaudhary,,,,,,,,,,1.0,788134.0,788134.0,22039.0,4759.0,2026-09-10,0.03400183217574677,0,0,1,1,0,0,1,0.0,0.0,1.0340018321757467,1.0340018321757467,0.310200549652724,653
maar| goli| jaan,,,,,,,,,,1.0,68033.0,68033.0,5412.0,265.0,2026-09-11,0.08344479884761807,0,0,1,1,0,0,1,0.0,0.0,1.0834447988476181,1.0834447988476181,0.32503343965428544,268
maa| anjani| lala| hanuman| bhajan| shri| ram,,,,,,,,,,1.0,62026.0,62026.0,204.0,4.0,2026-09-23,0.0033534324315609584,0,0,1,1,0,0,0,0.0,0.0,1.003353432431561,1.003353432431561,0.30100602972946827,2382
maa| santoshi| katha| pal| story,,,,,,,,,,1.0,8819.0,8819.0,160.0,12.0,2026-09-10,0.019503345050459236,0,0,1,1,0,0,1,0.0,0.0,1.0195033450504591,1.0195033450504591,0.3058510035151377,1106
maa| sherawaliye| tera| sher| gaya| khiladiyon| khiladi| 1996,,,,,,,,,,1.0,29712.0,29712.0,189.0,5.0,2026-09-28,0.006529348411416263,0,0,1,1,0,0,0,0.0,0.0,1.0065293484114162,1.0065293484114162,0.30195880452342483,1910
machchhar |  captain |  smit,1.0,1.0,97.0,126.0,2026-10-06 14:35:06,40.12348672666667,,,,,,,,,,,1,0,0,1,0,0,0,0.6111111111111112,0.0,0.0,0.6111111111111112,0.18333333333333335,2798
machchhar |  crash |  blows,1.0,1.0,104.0,157.0,2026-10-04 01:56:22,100.76904228222222,,,,,,,,,,,1,0,0,1,0,0,0,0.6111111111111112,0.0,0.0,0.6111111111111112,0.18333333333333335,2798
machchhar |  modi |  could,1.0,1.0,106.0,145.0,2026-10-02 08:59:26,141.7179311711111,,,,,,,,,,,1,0,0,1,0,0,0,0.6111111111111112,0.0,0.0,0.6111111111111112,0.18333333333333335,2798
madeira |  home |  cristiano,1.0,1.0,65.0,365.0,2026-10-02 03:57:12,146.75515339333333,,,,,,,,,,,1,0,0,1,0,0,0,0.6111111111111112,0.0,0.0,0.6111111111111112,0.18333333333333335,2798
made| biggest| ore| mining| factory| roblox,,,,,,,,,,1.0,362617.0,362617.0,13294.0,590.0,2026-09-17,0.0382883317660231,0,0,1,1,0,0,1,0.0,0.0,1.0382883317660232,1.0382883317660232,0.31148649952980695,550
made| biggest| toll| farm| roblox,,,,,,,,,,1.0,443004.0,443004.0,13072.0,751.0,2026-09-13,0.031202878529313506,0,0,1,1,0,0,1,0.0,0.0,1.0312028785293135,1.0312028785293135,0.30936086355879405,732
made| biggest| tower| mars| roblox,,,,,,,,,,1.0,325106.0,325106.0,4676.0,281.0,2026-09-25,0.015247334715446655,0,0,1,1,0,0,1,0.0,0.0,1.0152473347154467,1.0152473347154467,0.304574200414634,1290
made| jack| richest| player| steal| egg| roblox,,,,,,,,,,1.0,894751.0,894751.0,25259.0,1556.0,2026-10-01,0.02996923166333427,0,0,1,1,0,0,1,0.0,0.0,1.0299692316633342,1.0299692316633342,0.30899076949900023,753
made| scanner| find| evil| villager,,,,,,,,,,1.0,516596.0,516596.0,4756.0,216.0,2026-09-05,0.009624542195448667,0,0,1,1,0,0,0,0.0,0.0,1.0096245421954486,1.0096245421954486,0.3028873626586346,1671
made| secret| room| inside| giant| villager| control| him,,,,,,,,,,1.0,393097.0,393097.0,3422.0,314.0,2026-09-23,0.009504015548325223,0,0,1,1,0,0,0,0.0,0.0,1.0095040155483253,1.0095040155483253,0.30285120466449755,1682
madhumallati| glimpse| side| odia| movie| sanjay| mishra| maheswata,,,,,,,,,,1.0,122871.0,122871.0,4364.0,241.0,2026-09-12,0.037478330932441344,0,0,1,1,0,0,1,0.0,0.0,1.0374783309324414,1.0374783309324414,0.3112434992797324,572
madkings| vasista| comeback| consistency| bmsd| lower| bracket| day,,,,,,,,,,1.0,115491.0,115491.0,5604.0,117.0,2026-10-05,0.04953632750603943,0,0,1,1,0,0,1,0.0,0.0,1.0495363275060394,1.0495363275060394,0.3148608982518118,388
madmax| vegeta| best| match| final| blackshoutgaming| blackshout| freefire,,,,,,,,,,1.0,404668.0,404668.0,26364.0,1379.0,2026-09-20,0.0685574347366236,0,0,1,1,0,0,1,0.0,0.0,1.0685574347366236,1.0685574347366236,0.32056723042098706,300
madras regiment,,,,,,,100.0,1.0,1.0,,,,,,,,0,1,0,1,0,1,0,0.0,1.5,0.0,1.5,0.6000000000000001,174
magale,,,,,,,,,,1.0,102469.0,102469.0,2432.0,49.0,2026-10-02,0.024212200763157637,0,0,1,1,0,0,1,0.0,0.0,1.0242122007631576,1.0242122007631576,0.30726366022894724,931
magale| lyrical| bail| shiva| rajkumar| sangeetha| vijay| yesudas,,,,,,,,,,1.0,175699.0,175699.0,3776.0,169.0,2026-10-01,0.022453172755678746,0,0,1,1,0,0,1,0.0,0.0,1.0224531727556787,1.0224531727556787,0.3067359518267036,998
magale| music| baththa| vijay| sethupathi| saiabhyankkar| balaji| tharaneetharan,,,,,,,,,,1.0,7887939.0,7887939.0,85968.0,2920.0,2026-09-09,0.011268849822494825,0,0,1,1,0,0,1,0.0,0.0,1.0112688498224949,1.0112688498224949,0.30338065494674843,1531
mahakavya| shri| ramayan| katha| anjali| arora| dev| sharma,,,,,,,,,,1.0,8669843.0,8669843.0,33787.0,5902.0,2026-09-17,0.004577822228153382,0,0,1,1,0,0,0,0.0,0.0,1.0045778222281534,1.0045778222281534,0.301373346668446,2167
mahalaxmi| chi| aarti| music| studio,,,,,,,,,,1.0,558151.0,558151.0,2935.0,35.0,2026-09-17,0.005321140694901559,0,0,1,1,0,0,0,0.0,0.0,1.0053211406949016,1.0053211406949016,0.3015963422084705,2059
mahanadi |  odisha |  chhattisgarh,1.0,1.0,51.0,100.0,2026-10-02 05:24:08,145.30626450444444,,,,,,,,,,,1,0,0,1,0,0,0,0.6111111111111112,0.0,0.0,0.6111111111111112,0.18333333333333335,2798
maharaja,,,,,,,88.0,1.0,0.88,,,,,,,,0,1,0,1,0,1,0,0.0,1.38,0.0,1.38,0.5519999999999999,186
maharashtra |  focal |  point,1.0,1.0,79.0,77.0,2026-10-07 06:14:58,24.45904228222222,,,,,,,,,,,1,0,0,1,0,0,0,0.6111111111111112,0.0,0.0,0.6111111111111112,0.18333333333333335,2798
maharashtra |  shot |  dead,1.0,1.0,76.0,71.0,2026-10-07 02:31:46,28.17904228222222,,,,,,,,,,,1,0,0,1,0,0,0,0.6111111111111112,0.0,0.0,0.6111111111111112,0.18333333333333335,2798
maharaya| toxic| kannada| rocking| star| yash| kiara| advani,,,,,,,,,,1.0,320794.0,320794.0,5830.0,317.0,2026-09-11,0.019161829710031983,0,0,1,1,0,0,1,0.0,0.0,1.019161829710032,1.019161829710032,0.30574854891300957,1127
maha| ganapathi| sahasranama| stotram| vinayaka| chatruthi,,,,,,,,,,1.0,96065.0,96065.0,397.0,10.0,2026-09-13,0.004236714724405351,0,0,1,1,0,0,0,0.0,0.0,1.0042367147244053,1.0042367147244053,0.30127101441732157,2243
maha| sakthi| teaser| telugu| nayanthara| sundar| hiphop| tamizha,,,,,,,,,,1.0,912544.0,912544.0,6626.0,226.0,2026-09-14,0.00750867903355893,0,0,1,1,0,0,0,0.0,0.0,1.007508679033559,1.007508679033559,0.3022526037100677,1828
mail,,,,,,,100.0,2.0,1.0,,,,,,,,0,1,0,1,0,1,0,0.0,2.0,0.0,2.0,0.8,86
maine| tere| bharose| baba| shyam,,,,,,,,,,1.0,15725.0,15725.0,0.0,18.0,2026-09-09,0.0011446740858505565,0,0,1,1,0,0,0,0.0,0.0,1.0011446740858505,1.0011446740858505,0.3003434022257551,2687
maine| tere| bharose| hanuman,,,,,,,,,,1.0,74645.0,74645.0,234.0,0.0,2026-09-26,0.003134838234309063,0,0,1,1,0,0,0,0.0,0.0,1.003134838234309,1.003134838234309,0.3009404514702927,2431
maine| tere| bharose| hanuman| aaru| pandit| ansh| original,,,,,,,,,,1.0,240874.0,240874.0,481.0,17.0,2026-09-01,0.0020674709599209544,0,0,1,1,0,0,0,0.0,0.0,1.0020674709599209,1.0020674709599209,0.30062024128797626,2612
maine| tere| bharose| hanuman| ansh| neem| karoli| baba,,,,,,,,,,5.0,443218.6,2216093.0,3096.2,120.4,2026-10-05,0.007257366906533255,0,0,1,1,0,0,0,0.0,0.0,5.007257366906534,5.007257366906534,1.5021772100719601,48
maine| tere| bharose| hanuman| ansh| suneel| lodhi| neem,,,,,,,,,,1.0,235243.0,235243.0,2297.0,68.0,2026-09-13,0.010053434108560085,0,0,1,1,0,0,0,0.0,0.0,1.01005343410856,1.01005343410856,0.303016030232568,1626
maine| tere| bharose| hanuman| lyrical| ansh| suneel| lodhi,,,,,,,,,,1.0,3100209.0,3100209.0,38658.0,831.0,2026-09-08,0.012737528340831215,0,0,1,1,0,0,1,0.0,0.0,1.0127375283408313,1.0127375283408313,0.3038212585022494,1419
maine| tere| bharose| hanuman| neem| karoli| baba| bhajan,,,,,,,,,,2.0,183170.5,366341.0,848.5,26.0,2026-10-02,0.004774240393513147,0,0,1,1,0,0,0,0.0,0.0,2.004774240393513,2.004774240393513,0.6014322721180538,129
maine| tere| bharose| hanuman| suneel| lodhi| ansh| neem,,,,,,,,,,6.0,629963.5,3779781.0,5164.166666666667,135.16666666666666,2026-09-22,0.008412127580936568,0,0,1,1,0,0,0,0.0,0.0,6.008412127580937,6.008412127580937,1.8025236382742809,41
maine| tere| bharose| hanuman| suneel| lodhi| neem| karoli,,,,,,,,,,1.0,43973.0,43973.0,360.0,16.0,2026-09-27,0.008550701566870579,0,0,1,1,0,0,0,0.0,0.0,1.0085507015668707,1.0085507015668707,0.3025652104700612,1754
maine| tere| bharose| shri| ganesh| suparhit| chaturthi| bhajan,,,,,,,,,,1.0,214086.0,214086.0,155.0,6.0,2026-09-15,0.0007520342292349803,0,0,1,1,0,0,0,0.0,0.0,1.000752034229235,1.000752034229235,0.30022561026877054,2711
maine| tere| bharose| viral| hanuman| bhajan,,,,,,,,,,7.0,102409.42857142857,716866.0,684.7142857142857,29.714285714285715,2026-10-03,0.00697619917808907,0,0,1,1,0,0,0,0.0,0.0,7.006976199178089,7.006976199178089,2.1020928597534265,34
main| account| pack| opening| can| get| best| del,,,,,,,,,,1.0,68120.0,68120.0,2716.0,163.0,2026-09-18,0.04226365237815619,0,0,1,1,0,0,1,0.0,0.0,1.042263652378156,1.042263652378156,0.3126790957134468,473
main| agar| saamne| raaz| dino| morea| bipasha| basu,,,,,,,,,,1.0,340141.0,340141.0,956.0,7.0,2026-09-07,0.002831178834659744,0,0,1,1,0,0,0,0.0,0.0,1.0028311788346598,1.0028311788346598,0.30084935365039794,2496
main| saiyaan| gayi| romantic| mohabbatein| shah| rukh| khan,,,,,,,,,,1.0,208459.0,208459.0,1098.0,14.0,2026-09-19,0.00533438230059628,0,0,1,1,0,0,0,0.0,0.0,1.0053343823005962,1.0053343823005962,0.30160031469017884,2057
main| tujhse| aise| milun,,,,,,,,,,2.0,296847.5,593695.0,692.5,0.0,2026-09-25,0.0023328476743108835,0,0,1,1,0,0,0,0.0,0.0,2.0023328476743107,2.0023328476743107,0.6006998543022932,161
maithili| chaurchan| geet| priyanka| maithil,,,,,,,,,,1.0,25981.0,25981.0,158.0,11.0,2026-09-12,0.006504753473692314,0,0,1,1,0,0,0,0.0,0.0,1.0065047534736924,1.0065047534736924,0.30195142604210773,1914
maithili| chaurchan| geet| top| bhawna| mishra,,,,,,,,,,1.0,116580.0,116580.0,508.0,10.0,2026-09-14,0.004443300737690856,0,0,1,1,0,0,0,0.0,0.0,1.004443300737691,1.004443300737691,0.3013329902213073,2199
mai| janwa| pooja| yadav| jitiya| geet,,,,,,,,,,1.0,233361.0,233361.0,831.0,19.0,2026-10-01,0.0036424252552911584,0,0,1,1,0,0,0,0.0,0.0,1.0036424252552911,1.0036424252552911,0.30109272757658734,2337
mai| meera| radha,,,,,,,,,,1.0,16020.0,16020.0,51.0,0.0,2026-10-05,0.003183520599250936,0,0,1,1,0,0,0,0.0,0.0,1.003183520599251,1.003183520599251,0.3009550561797753,2424
mai| tujhse| aise| milu| viral,,,,,,,,,,1.0,229755.0,229755.0,1066.0,0.0,2026-09-21,0.004639724924375966,0,0,1,1,0,0,0,0.0,0.0,1.004639724924376,1.004639724924376,0.30139191747731275,2158
majisa| janam| divas| aayo| bhajan| 2026| amrit| rajsthani,,,,,,,,,,1.0,158361.0,158361.0,2379.0,64.0,2026-09-14,0.01542677805772886,0,0,1,1,0,0,1,0.0,0.0,1.0154267780577289,1.0154267780577289,0.30462803341731864,1284
make| biggest| money| ball,,,,,,,,,,1.0,334303.0,334303.0,1488.0,21.0,2026-09-30,0.004513869154629184,0,0,1,1,0,0,0,0.0,0.0,1.0045138691546291,1.0045138691546291,0.3013541607463887,2180
malaysia vs oman,,,,,,,100.0,1.0,1.0,,,,,,,,0,1,0,1,0,1,0,0.0,1.5,0.0,1.5,0.6000000000000001,174
mallepoola| pallaki| film| version| ravi| teja| prakash| dappu,,,,,,,,,,1.0,1582137.0,1582137.0,8201.0,133.0,2026-09-06,0.0052675590040559064,0,0,1,1,0,0,0,0.0,0.0,1.0052675590040558,1.0052675590040558,0.30158026770121676,2062
mallepoola| pallaki| ravi| teja| prakash| dappu| srinu| shiva,,,,,,,,,,1.0,878165.0,878165.0,7496.0,109.0,2026-09-17,0.008660103739046762,0,0,1,1,0,0,0,0.0,0.0,1.0086601037390468,1.0086601037390468,0.302598031121714,1745
mallepula| pallaki| bangaru| vinayaka| chavithi| 2026| ganapathi| patalu,,,,,,,,,,1.0,30686.0,30686.0,222.0,6.0,2026-09-11,0.007430098416215864,0,0,1,1,0,0,0,0.0,0.0,1.007430098416216,1.007430098416216,0.30222902952486475,1841
mallick |  fields |  actor,1.0,1.0,78.0,116.0,2026-10-04 13:48:08,88.90626450444444,,,,,,,,,,,1,0,0,1,0,0,0,0.6111111111111112,0.0,0.0,0.6111111111111112,0.18333333333333335,2798
mamata |  more |  opposition,1.0,1.0,57.0,245.0,2026-10-02 02:18:10,148.4057089488889,,,,,,,,,,,1,0,0,1,0,0,0,0.6111111111111112,0.0,0.0,0.6111111111111112,0.18333333333333335,2798
mamidi| konala| meena| 2026| akki| cheery| madhu| priya,,,,,,,,,,1.0,516041.0,516041.0,7845.0,145.0,2026-09-18,0.01548326586453402,0,0,1,1,0,0,1,0.0,0.0,1.015483265864534,1.015483265864534,0.3046449797593602,1279
mana| manena| sad| version| tarang| serial| title,,,,,,,,,,1.0,175832.0,175832.0,2377.0,41.0,2026-09-05,0.013751763046544428,0,0,1,1,0,0,1,0.0,0.0,1.0137517630465445,1.0137517630465445,0.30412552891396333,1364
mandaadi| telugu| soori| suhas| mahima| nambiar| prakash| mathimaran,,,,,,,,,,1.0,9103326.0,9103326.0,74379.0,536.0,2026-09-06,0.00822940977836013,0,0,1,1,0,0,0,0.0,0.0,1.0082294097783602,1.0082294097783602,0.302468822933508,1783
mandir| mein| dholak| baje| ganpati| nache,,,,,,,,,,1.0,152615.0,152615.0,492.0,17.0,2026-09-11,0.0033351898568292765,0,0,1,1,0,0,0,0.0,0.0,1.0033351898568292,1.0033351898568292,0.30100055695704875,2385
mandu| maaru| dole| devayat| khavad| gujarati| garba| 2026,,,,,,,,,,1.0,355021.0,355021.0,10581.0,454.0,2026-09-30,0.031082668349196246,0,0,1,1,0,0,1,0.0,0.0,1.0310826683491963,1.0310826683491963,0.30932480050475886,734
manemma| irumudi| ravi| teja| baby| nakshatra| priya| prakash,,,,,,,,,,1.0,619602.0,619602.0,5573.0,124.0,2026-09-19,0.009194612025138719,0,0,1,1,0,0,0,0.0,0.0,1.0091946120251387,1.0091946120251387,0.3027583836075416,1711
mane| tera| sahara| dada| pitr| 2026,,,,,,,,,,1.0,5372.0,5372.0,118.0,2.0,2026-09-10,0.022338049143708117,0,0,1,1,0,0,1,0.0,0.0,1.0223380491437082,1.0223380491437082,0.30670141474311247,1001
mangli| goosebumps| burrakatha| performannce| garividi| lakshmi| launch| event,,,,,,,,,,1.0,133708.0,133708.0,415.0,15.0,2026-10-05,0.003215963143566578,0,0,1,1,0,0,0,0.0,0.0,1.0032159631435666,1.0032159631435666,0.30096478894307,2414
manika plastech ipo,,,,,,,100.0,1.0,1.0,,,,,,,,0,1,0,1,0,1,0,0.0,1.5,0.0,1.5,0.6000000000000001,174
manjar| siddharth| menon| onkar| bhojane| tejas| raut| bhagyashree,,,,,,,,,,1.0,5882799.0,5882799.0,36957.0,5169.0,2026-09-08,0.0071608769906977955,0,0,1,1,0,0,0,0.0,0.0,1.007160876990698,1.007160876990698,0.3021482630972094,1863
manju| mohini| ajay| rangeela,,,,,,,,,,1.0,45664.0,45664.0,578.0,66.0,2026-10-06,0.01410301331464611,0,0,1,1,0,0,1,0.0,0.0,1.014103013314646,1.014103013314646,0.3042309039943938,1348
manthothok| kokborok| movie| 2026,,,,,,,,,,1.0,50855.0,50855.0,1457.0,48.0,2026-09-28,0.029593943565037854,0,0,1,1,0,0,1,0.0,0.0,1.0295939435650379,1.0295939435650379,0.30887818306951137,763
manwa| chal| vrindavan| dham| muraliya| baj| rahi| shyam,,,,,,,,,,1.0,69782.0,69782.0,135.0,0.0,2026-09-02,0.0019345963142357629,0,0,1,1,0,0,0,0.0,0.0,1.0019345963142359,1.0019345963142359,0.30058037889427075,2634
many| happy| returns| teaser| ahammed| khabeer| govind| vasantha,,,,,,,,,,1.0,1387298.0,1387298.0,2571.0,231.0,2026-09-05,0.0020197535064564354,0,0,1,1,0,0,0,0.0,0.0,1.0020197535064563,1.0020197535064563,0.30060592605193687,2620
many| youtubers| joined| custom| live,,,,,,,,,,1.0,1360156.0,1360156.0,30219.0,2772.0,2026-09-11,0.02425530600901661,0,0,1,1,0,0,1,0.0,0.0,1.0242553060090167,1.0242553060090167,0.307276591802705,926
map| there| yet,,,,,,,,,,1.0,225245.0,225245.0,11737.0,14.0,2026-10-03,0.0521698594863371,0,0,1,1,0,0,1,0.0,0.0,1.0521698594863371,1.0521698594863371,0.31565095784590114,364
map| update| you| need| see| piche| tai| hain,,,,,,,,,,1.0,263573.0,263573.0,8814.0,1143.0,2026-09-12,0.03777701054356857,0,0,1,1,0,0,1,0.0,0.0,1.0377770105435686,1.0377770105435686,0.31133310316307056,563
marathi |  devendra |  fadnavis,1.0,1.0,79.0,139.0,2026-10-01 04:02:11,170.67209783777778,,,,,,,,,,,1,0,0,1,0,0,0,0.6111111111111112,0.0,0.0,0.6111111111111112,0.18333333333333335,2798
march |  opposition |  india,1.0,1.0,68.0,458.0,2026-10-06 20:17:29,34.417097837777774,,,,,,,,,,,1,0,0,1,0,0,0,0.6111111111111112,0.0,0.0,0.6111111111111112,0.18333333333333335,2798
maritime |  agency |  unknown,1.0,1.0,66.0,83.0,2026-10-03 02:21:12,124.35515339333332,,,,,,,,,,,1,0,0,1,0,0,0,0.6111111111111112,0.0,0.0,0.6111111111111112,0.18333333333333335,2798
maritime |  rajnath |  strong,1.0,1.0,51.0,192.0,2026-10-07 02:32:20,28.169597837777776,,,,,,,,,,,1,0,0,1,0,0,0,0.6111111111111112,0.0,0.0,0.6111111111111112,0.18333333333333335,2798
markaz |  sindoor |  showed,1.0,1.0,61.0,164.0,2026-10-08 05:26:58,1.2590422822222223,,,,,,,,,,,1,0,0,1,1,0,0,0.6111111111111112,0.0,0.0,0.6111111111111112,0.18333333333333335,2798
market |  sensex |  stock,1.0,1.0,87.0,62.0,2026-10-08 05:52:48,0.8284867266666667,,,,,,,,,,,1,0,0,1,1,0,0,0.6111111111111112,0.0,0.0,0.6111111111111112,0.18333333333333335,2798
marriage |  hindu |  swedish,1.0,1.0,66.0,156.0,2026-10-02 03:47:28,146.91737561555556,,,,,,,,,,,1,0,0,1,0,0,0,0.6111111111111112,0.0,0.0,0.6111111111111112,0.18333333333333335,2798
marry |  have |  five,1.0,1.0,87.0,140.0,2026-10-04 04:25:11,98.28876450444444,,,,,,,,,,,1,0,0,1,0,0,0,0.6111111111111112,0.0,0.0,0.6111111111111112,0.18333333333333335,2798
marshal |  ashutosh |  dixit,1.0,1.0,91.0,135.0,2026-10-06 13:35:05,41.123764504444445,,,,,,,,,,,1,0,0,1,0,0,0,0.6111111111111112,0.0,0.0,0.6111111111111112,0.18333333333333335,2798
maruti| mirzapur| movie| dhanda| nyoliwala| guddu| bhaiyya| munna,,,,,,,,,,1.0,178738.0,178738.0,1343.0,5.0,2026-09-11,0.007541765041569224,0,0,1,1,0,0,0,0.0,0.0,1.0075417650415692,1.0075417650415692,0.30226252951247073,1826
marvel| back| visionquest| ultron| avengers| doomsday| gets| huge,,,,,,,,,,1.0,140745.0,140745.0,2885.0,62.0,2026-10-04,0.020938576858858218,0,0,1,1,0,0,1,0.0,0.0,1.0209385768588581,1.0209385768588581,0.3062815730576574,1051
marvel| television| visionquest,,,,,,,,,,1.0,17659444.0,17659444.0,237621.0,8343.0,2026-10-01,0.013928184828469118,0,0,1,1,0,0,1,0.0,0.0,1.0139281848284691,1.0139281848284691,0.3041784554485407,1357
maryland |  home |  such,1.0,1.0,70.0,511.0,2026-10-02 17:46:59,132.92543117111111,,,,,,,,,,,1,0,0,1,0,0,0,0.6111111111111112,0.0,0.0,0.6111111111111112,0.18333333333333335,2798
mas vs hk,,,,,,,100.0,1.0,1.0,,,,,,,,0,1,0,1,0,1,0,0.0,1.5,0.0,1.5,0.6000000000000001,174
mashooqa| shahid| kriti| rashmika| pritam| mahmood| amitabh| raghav,,,,,,,,,,1.0,286730.0,286730.0,870.0,23.0,2026-09-11,0.00311442820772155,0,0,1,1,0,0,0,0.0,0.0,1.0031144282077216,1.0031144282077216,0.30093432846231644,2438
mass |  disenfranchisement |  justice,1.0,1.0,95.0,150.0,2026-10-04 13:29:37,89.21487561555556,,,,,,,,,,,1,0,0,1,0,0,0,0.6111111111111112,0.0,0.0,0.6111111111111112,0.18333333333333335,2798
mass |  protests |  demanding,1.0,1.0,84.0,84.0,2026-10-05 06:12:26,72.50126450444445,,,,,,,,,,,1,0,0,1,0,0,0,0.6111111111111112,0.0,0.0,0.6111111111111112,0.18333333333333335,2798
massive |  protests |  against,1.0,1.0,76.0,76.0,2026-10-02 06:09:13,144.55487561555555,,,,,,,,,,,1,0,0,1,0,0,0,0.6111111111111112,0.0,0.0,0.6111111111111112,0.18333333333333335,2798
masterplan| defeat| titan| lilyville| minecraft,,,,,,,,,,1.0,1583410.0,1583410.0,57655.0,3943.0,2026-10-03,0.03890211631857826,0,0,1,1,0,0,1,0.0,0.0,1.0389021163185783,1.0389021163185783,0.3116706348955735,534
mata| rani| bhajan| navratri| 2026,,,,,,,,,,1.0,93246.0,93246.0,426.0,60.0,2026-09-18,0.005212019818544495,0,0,1,1,0,0,0,0.0,0.0,1.0052120198185446,1.0052120198185446,0.30156360594556336,2068
mausam| kulwant| khang| punjabi| songs| 2026,,,,,,,,,,1.0,69737.0,69737.0,606.0,27.0,2026-09-16,0.00907696058046661,0,0,1,1,0,0,0,0.0,0.0,1.0090769605804666,1.0090769605804666,0.30272308817413995,1719
maut| gaggu| sajjan| dark| soul| digital| punjabi| 2026,,,,,,,,,,1.0,313118.0,313118.0,12283.0,642.0,2026-09-10,0.04127836789964167,0,0,1,1,0,0,1,0.0,0.0,1.0412783678996416,1.0412783678996416,0.3123835103698925,489
max| vegeta| panel| user| blackshoutgaming,,,,,,,,,,1.0,319552.0,319552.0,21875.0,2290.0,2026-09-09,0.07562149509313039,0,0,1,1,0,0,1,0.0,0.0,1.0756214950931304,1.0756214950931304,0.3226864485279391,282
mayawati |  akash |  another,1.0,1.0,104.0,155.0,2026-10-02 10:50:57,139.85932006,,,,,,,,,,,1,0,0,1,0,0,0,0.6111111111111112,0.0,0.0,0.6111111111111112,0.18333333333333335,2798
mazya| ganan| ghungru| harval| ganpati| songs,,,,,,,,,,1.0,259225.0,259225.0,963.0,17.0,2026-09-13,0.0037804995660140803,0,0,1,1,0,0,0,0.0,0.0,1.003780499566014,1.003780499566014,0.3011341498698042,2313
mbg| tcc| grand| finale| telugu| community| championship| freefire,,,,,,,,,,1.0,560766.0,560766.0,7670.0,2.0,2026-09-22,0.013681285955282596,0,0,1,1,0,0,1,0.0,0.0,1.0136812859552826,1.0136812859552826,0.3041043857865848,1368
measles |  outbreak |  spotlights,1.0,1.0,66.0,66.0,2026-10-08 02:30:00,4.208486726666667,,,,,,,,,,,1,0,0,1,1,0,0,0.6111111111111112,0.0,0.0,0.6111111111111112,0.18333333333333335,2798
medal |  neeru |  dhanda,1.0,1.0,75.0,385.0,2026-10-04 02:06:52,100.59404228222222,,,,,,,,,,,1,0,0,1,0,0,0,0.6111111111111112,0.0,0.0,0.6111111111111112,0.18333333333333335,2798
medals |  asian |  games,1.0,1.0,69.0,62.0,2026-10-06 04:15:34,50.44904228222222,,,,,,,,,,,1,0,0,1,0,0,0,0.6111111111111112,0.0,0.0,0.6111111111111112,0.18333333333333335,2798
media |  arunachal |  houses,1.0,1.0,78.0,107.0,2026-10-05 12:07:24,66.58515339333334,,,,,,,,,,,1,0,0,1,0,0,0,0.6111111111111112,0.0,0.0,0.6111111111111112,0.18333333333333335,2798
medical |  vanished |  over,1.0,1.0,89.0,329.0,2026-10-04 02:55:34,99.78237561555555,,,,,,,,,,,1,0,0,1,0,0,0,0.6111111111111112,0.0,0.0,0.6111111111111112,0.18333333333333335,2798
medicine |  shortage |  govt,1.0,1.0,67.0,67.0,2026-10-03 06:36:12,120.10515339333332,,,,,,,,,,,1,0,0,1,0,0,0,0.6111111111111112,0.0,0.0,0.6111111111111112,0.18333333333333335,2798
meera| shivani| devi| pachra| geet| 2026,,,,,,,,,,1.0,134856.0,134856.0,463.0,8.0,2026-09-30,0.0034926143441893574,0,0,1,1,0,0,0,0.0,0.0,1.0034926143441893,1.0034926143441893,0.3010477843032568,2364
meera| shivani| jitiya| geet| 2026,,,,,,,,,,1.0,344888.0,344888.0,1095.0,25.0,2026-09-28,0.003247431050080026,0,0,1,1,0,0,0,0.0,0.0,1.00324743105008,1.00324743105008,0.300974229315024,2403
meera| shivani| karma| pooja| geet| 2026,,,,,,,,,,1.0,55403.0,55403.0,233.0,3.0,2026-09-21,0.004259697128314351,0,0,1,1,0,0,0,0.0,0.0,1.0042596971283144,1.0042596971283144,0.30127790913849434,2239
meesaya| murukku| hiphop| tamizha| khushbu| sundar| acs| arun,,,,,,,,,,1.0,11146882.0,11146882.0,152614.0,2637.0,2026-09-12,0.01392775127609676,0,0,1,1,0,0,1,0.0,0.0,1.0139277512760967,1.0139277512760967,0.304178325382829,1358
meet |  aravind |  srinivas,1.0,1.0,67.0,419.0,2026-10-06 02:00:00,52.70848672666667,,,,,,,,,,,1,0,0,1,0,0,0,0.6111111111111112,0.0,0.0,0.6111111111111112,0.18333333333333335,2798
meet |  indore |  november,1.0,1.0,61.0,134.0,2026-10-01 05:44:09,168.97265339333333,,,,,,,,,,,1,0,0,1,0,0,0,0.6111111111111112,0.0,0.0,0.6111111111111112,0.18333333333333335,2798
mehak| chandigarh,,,,,,,,,,1.0,36676.0,36676.0,1037.0,0.0,2026-09-16,0.02827462100556222,0,0,1,1,0,0,1,0.0,0.0,1.0282746210055622,1.0282746210055622,0.30848238630166863,803
mehak| chandigarh| pardeep| sran| jasmeen| akhtar| gungun| bakshi,,,,,,,,,,1.0,1423456.0,1423456.0,10276.0,586.0,2026-10-06,0.007630724096845986,0,0,1,1,0,0,0,0.0,0.0,1.007630724096846,1.007630724096846,0.30228921722905383,1818
mehbooba| ajnabee| akshay| kumar| bipasha| basu| adnan| sami,,,,,,,,,,1.0,728989.0,728989.0,2408.0,12.0,2026-09-06,0.0033196660031907205,0,0,1,1,0,0,0,0.0,0.0,1.0033196660031907,1.0033196660031907,0.3009958998009572,2389
menstrual |  makeover |  hygiene,1.0,1.0,50.0,50.0,2026-10-02 11:12:29,139.5004311711111,,,,,,,,,,,1,0,0,1,0,0,0,0.6111111111111112,0.0,0.0,0.6111111111111112,0.18333333333333335,2798
mera| humsafar| hamari| bhabhi| number| romantic| dangal| originals,,,,,,,,,,1.0,202401.0,202401.0,930.0,16.0,2026-10-05,0.004673889951136605,0,0,1,1,0,0,0,0.0,0.0,1.0046738899511367,1.0046738899511367,0.301402166985341,2153
mera| takla| boss| dimaag| kharab| kar| rah| hai,,,,,,,,,,1.0,450909.0,450909.0,11747.0,1272.0,2026-09-27,0.028872788079191147,0,0,1,1,0,0,1,0.0,0.0,1.0288727880791912,1.0288727880791912,0.3086618364237574,779
mere |  eyewash |  court,1.0,1.0,68.0,68.0,2026-10-07 05:48:52,24.89404228222222,,,,,,,,,,,1,0,0,1,0,0,0,0.6111111111111112,0.0,0.0,0.6111111111111112,0.18333333333333335,2798
merely |  beginning |  congress,1.0,1.0,76.0,95.0,2026-10-07 03:13:09,27.48932006,,,,,,,,,,,1,0,0,1,0,0,0,0.6111111111111112,0.0,0.0,0.6111111111111112,0.18333333333333335,2798
mere| dil| mein| reh| gaya| hindi| romantic| 2026,,,,,,,,,,1.0,391967.0,391967.0,744.0,16.0,2026-09-01,0.0019389387371896104,0,0,1,1,0,0,0,0.0,0.0,1.0019389387371895,1.0019389387371895,0.30058168162115684,2633
mere| girdhar| sahara| hai| krishan| bhajan,,,,,,,,,,4.0,259269.75,1037079.0,956.25,26.5,2026-09-16,0.003790453764853015,0,0,1,1,0,0,0,0.0,0.0,4.003790453764853,4.003790453764853,1.2011371361294558,63
mere| sar| gagar| bhari| utaro| banwari,,,,,,,,,,1.0,61996.0,61996.0,262.0,7.0,2026-09-25,0.004338989612233047,0,0,1,1,0,0,0,0.0,0.0,1.004338989612233,1.004338989612233,0.30130169688366987,2222
mere| tan| mein| bhi| shiv| man,,,,,,,,,,1.0,34499.0,34499.0,215.0,8.0,2026-09-03,0.006463955476970347,0,0,1,1,0,0,0,0.0,0.0,1.0064639554769703,1.0064639554769703,0.3019391866430911,1919
meri| kismat| mein| nahi| shayad,,,,,,,,,,1.0,491626.0,491626.0,1728.0,18.0,2026-10-03,0.0035514801902259033,0,0,1,1,0,0,0,0.0,0.0,1.0035514801902259,1.0035514801902259,0.30106544405706775,2352
meri| tarah| tum| bhi| kabhi| pyar| karke| dekho,,,,,,,,,,1.0,192028.0,192028.0,964.0,7.0,2026-10-03,0.005056554252504843,0,0,1,1,0,0,0,0.0,0.0,1.005056554252505,1.005056554252505,0.3015169662757515,2095
mero| mann| praak| kripa| record,,,,,,,,,,1.0,909371.0,909371.0,29003.0,1092.0,2026-09-16,0.03309430364504696,0,0,1,1,0,0,1,0.0,0.0,1.033094303645047,1.033094303645047,0.3099282910935141,680
messed |  wrong |  generation,1.0,1.0,56.0,56.0,2026-10-02 13:54:45,136.79598672666665,,,,,,,,,,,1,0,0,1,0,0,0,0.6111111111111112,0.0,0.0,0.6111111111111112,0.18333333333333335,2798
meta |  acted |  pieces,1.0,1.0,93.0,129.0,2026-10-07 15:16:42,15.430153393333333,,,,,,,,,,,1,0,0,1,1,0,0,0.6111111111111112,0.0,0.0,0.6111111111111112,0.18333333333333335,2798
meta |  says |  muse,1.0,1.0,99.0,98.0,2026-10-03 05:43:03,120.99098672666666,,,,,,,,,,,1,0,0,1,0,0,0,0.6111111111111112,0.0,0.0,0.6111111111111112,0.18333333333333335,2798
meta |  wants |  make,1.0,1.0,82.0,82.0,2026-10-07 05:54:19,24.803208948888887,,,,,,,,,,,1,0,0,1,0,0,0,0.6111111111111112,0.0,0.0,0.6111111111111112,0.18333333333333335,2798
mhara| kirtan| ras| barsao| manish| tiwari| gajanan| ganesh,,,,,,,,,,5.0,112255.2,561276.0,457.0,7.8,2026-09-22,0.004140565425922363,0,0,1,1,0,0,0,0.0,0.0,5.004140565425923,5.004140565425923,1.5012421696277767,51
mhr| reyan| melvin| nallom| vaari,,,,,,,,,,1.0,38507.0,38507.0,1522.0,196.0,2026-09-29,0.04461526475705716,0,0,1,1,0,0,1,0.0,0.0,1.0446152647570572,1.0446152647570572,0.31338457942711717,444
michael| almost| killed| tommy| vercetti| gta| real| life,,,,,,,,,,1.0,512745.0,512745.0,15732.0,926.0,2026-09-17,0.03248788384089557,0,0,1,1,0,0,1,0.0,0.0,1.0324878838408955,1.0324878838408955,0.30974636515226867,693
michael| buying| world| most| powerful| security| ever| gta,,,,,,,,,,1.0,350631.0,350631.0,16448.0,5021.0,2026-10-01,0.06122961175708936,0,0,1,1,0,0,1,0.0,0.0,1.0612296117570894,1.0612296117570894,0.31836888352712683,317
michael| finally| meets| his| real| brother| after| years,,,,,,,,,,1.0,501252.0,501252.0,14672.0,1209.0,2026-09-27,0.03168266660282652,0,0,1,1,0,0,1,0.0,0.0,1.0316826666028265,1.0316826666028265,0.30950479998084796,716
michael| gang| tommy| vercetti| security| biggest| war| begins,,,,,,,,,,1.0,407717.0,407717.0,15660.0,896.0,2026-09-13,0.040606597223073845,0,0,1,1,0,0,1,0.0,0.0,1.0406065972230738,1.0406065972230738,0.31218197916692214,505
michael| gifting| 100| 000| luxury| mansion| gta| real,,,,,,,,,,1.0,523087.0,523087.0,15955.0,2453.0,2026-09-25,0.03519108675994624,0,0,1,1,0,0,1,0.0,0.0,1.0351910867599463,1.0351910867599463,0.31055732602798386,623
michael| kidnapped| ken| tommy| island| gta| real| life,,,,,,,,,,1.0,490149.0,490149.0,17558.0,1129.0,2026-09-11,0.038125141538593366,0,0,1,1,0,0,1,0.0,0.0,1.0381251415385933,1.0381251415385933,0.31143754246157795,554
michael| most| brutal| revenge| ever| gta| real| life,,,,,,,,,,1.0,524326.0,524326.0,15577.0,1022.0,2026-09-19,0.03165778542357236,0,0,1,1,0,0,1,0.0,0.0,1.0316577854235724,1.0316577854235724,0.3094973356270717,718
middle |  east |  supply,1.0,1.0,72.0,457.0,2026-10-08 02:06:25,4.601542282222222,,,,,,,,,,,1,0,0,1,1,0,0,0.6111111111111112,0.0,0.0,0.6111111111111112,0.18333333333333335,2798
might |  house |  panel,1.0,1.0,78.0,124.0,2026-10-02 06:18:31,144.39987561555554,,,,,,,,,,,1,0,0,1,0,0,0,0.6111111111111112,0.0,0.0,0.6111111111111112,0.18333333333333335,2798
mika |  singh |  questions,1.0,1.0,82.0,82.0,2026-10-06 03:40:55,51.02654228222222,,,,,,,,,,,1,0,0,1,0,0,0,0.6111111111111112,0.0,0.0,0.6111111111111112,0.18333333333333335,2798
milan |  pradhan |  nandigram,1.0,1.0,90.0,130.0,2026-09-30 11:59:47,186.71209783777778,,,,,,,,,,,1,0,0,1,0,0,0,0.6111111111111112,0.0,0.0,0.6111111111111112,0.18333333333333335,2798
milba| jahiya| pyaar| jaiba| latest| bhojpuri| 2026| khushi,,,,,,,,,,1.0,781472.0,781472.0,7254.0,735.0,2026-09-23,0.010223015028049629,0,0,1,1,0,0,0,0.0,0.0,1.0102230150280496,1.0102230150280496,0.30306690450841484,1612
milind |  deora |  captain,1.0,1.0,80.0,140.0,2026-10-02 13:30:35,137.19876450444443,,,,,,,,,,,1,0,0,1,0,0,0,0.6111111111111112,0.0,0.0,0.6111111111111112,0.18333333333333335,2798
military |  attacks |  iran,1.0,1.0,65.0,439.0,2026-10-08 02:23:10,4.322375615555556,,,,,,,,,,,1,0,0,1,1,0,0,0.6111111111111112,0.0,0.0,0.6111111111111112,0.18333333333333335,2798
military |  drills |  watch,1.0,1.0,80.0,417.0,2026-10-03 04:46:23,121.9354311711111,,,,,,,,,,,1,0,0,1,0,0,0,0.6111111111111112,0.0,0.0,0.6111111111111112,0.18333333333333335,2798
military |  four |  nations,1.0,1.0,86.0,472.0,2026-10-06 06:06:38,48.597931171111114,,,,,,,,,,,1,0,0,1,0,0,0,0.6111111111111112,0.0,0.0,0.6111111111111112,0.18333333333333335,2798
million |  alice |  medical,1.0,1.0,81.0,346.0,2026-09-30 14:30:00,184.20848672666668,,,,,,,,,,,1,0,0,1,0,0,0,0.6111111111111112,0.0,0.0,0.6111111111111112,0.18333333333333335,2798
million |  diesel |  emergency,1.0,1.0,72.0,436.0,2026-10-03 03:41:00,123.02515339333333,,,,,,,,,,,1,0,0,1,0,0,0,0.6111111111111112,0.0,0.0,0.6111111111111112,0.18333333333333335,2798
million |  more |  than,1.0,1.0,80.0,319.0,2026-10-01 05:00:00,169.70848672666668,,,,,,,,,,,1,0,0,1,0,0,0,0.6111111111111112,0.0,0.0,0.6111111111111112,0.18333333333333335,2798
million |  tons |  waste,1.0,1.0,76.0,503.0,2026-10-01 22:20:00,152.37515339333333,,,,,,,,,,,1,0,0,1,0,0,0,0.6111111111111112,0.0,0.0,0.6111111111111112,0.18333333333333335,2798
million |  voted |  trump,1.0,1.0,79.0,75.0,2026-10-05 05:10:01,73.54154228222222,,,,,,,,,,,1,0,0,1,0,0,0,0.6111111111111112,0.0,0.0,0.6111111111111112,0.18333333333333335,2798
milne| tum| koshish| karna| dil| kya| kasoor| divya,,,,,,,,,,1.0,649752.0,649752.0,2469.0,22.0,2026-09-25,0.0038337704231768428,0,0,1,1,0,0,0,0.0,0.0,1.0038337704231768,1.0038337704231768,0.30115013112695305,2300
milti| hai| zindagi| mein| mohabbat| evergreen| hit| 90s,,,,,,,,,,1.0,496785.0,496785.0,1016.0,9.0,2026-08-31,0.0020632668055597493,0,0,1,1,0,0,0,0.0,0.0,1.0020632668055598,1.0020632668055598,0.3006189800416679,2614
milti| hai| zindagi| mein| mohabbat| lata| mangeshkar| mala,,,,,,,,,,1.0,230048.0,230048.0,457.0,7.0,2026-09-24,0.002016970371400751,0,0,1,1,0,0,0,0.0,0.0,1.0020169703714008,1.0020169703714008,0.30060509111142025,2621
mimicked| every| animal| sound| mimic| party,,,,,,,,,,1.0,81377.0,81377.0,3666.0,529.0,2026-09-09,0.05155019231478182,0,0,1,1,0,0,1,0.0,0.0,1.0515501923147819,1.0515501923147819,0.31546505769443456,371
mimic| party| harshit| anky| bhaiya,,,,,,,,,,1.0,2049060.0,2049060.0,46535.0,2638.0,2026-09-21,0.02399783315276273,0,0,1,1,0,0,1,0.0,0.0,1.0239978331527628,1.0239978331527628,0.3071993499458288,940
mimic| party| only| malayalam| challenge,,,,,,,,,,1.0,57007.0,57007.0,2429.0,348.0,2026-09-13,0.048713315908572634,0,0,1,1,0,0,1,0.0,0.0,1.0487133159085726,1.0487133159085726,0.3146139947725718,399
mimic| party| ruchika| harshit,,,,,,,,,,1.0,4508507.0,4508507.0,86263.0,3956.0,2026-10-01,0.020010837290482194,0,0,1,1,0,0,1,0.0,0.0,1.0200108372904821,1.0200108372904821,0.3060032511871446,1088
minecraft| 1v4| manhunt| can| use| creative,,,,,,,,,,1.0,182002.0,182002.0,6720.0,252.0,2026-09-28,0.038307271348666495,0,0,1,1,0,0,1,0.0,0.0,1.0383072713486665,1.0383072713486665,0.31149218140459994,548
minecraft| all| drops| cars,,,,,,,,,,1.0,441302.0,441302.0,4837.0,356.0,2026-09-28,0.01176745176772369,0,0,1,1,0,0,1,0.0,0.0,1.0117674517677238,1.0117674517677238,0.3035302355303171,1486
minecraft| biggest| war| levels,,,,,,,,,,1.0,3236126.0,3236126.0,68527.0,4717.0,2026-10-04,0.022633234923485675,0,0,1,1,0,0,1,0.0,0.0,1.0226332349234857,1.0226332349234857,0.3067899704770457,989
minecraft| broke| every| bone| mods,,,,,,,,,,1.0,160353.0,160353.0,2979.0,126.0,2026-10-04,0.019363529213672334,0,0,1,1,0,0,1,0.0,0.0,1.0193635292136722,1.0193635292136722,0.30580905876410164,1114
minecraft| can| make| giant| sword| any| block,,,,,,,,,,1.0,1109244.0,1109244.0,13939.0,687.0,2026-09-30,0.013185557009999604,0,0,1,1,0,0,1,0.0,0.0,1.0131855570099997,1.0131855570099997,0.30395566710299987,1398
minecraft| challenge| first| build| house| wins,,,,,,,,,,1.0,170656.0,170656.0,4756.0,600.0,2026-09-27,0.03138477404837802,0,0,1,1,0,0,1,0.0,0.0,1.031384774048378,1.031384774048378,0.30941543221451334,727
minecraft| death| items,,,,,,,,,,1.0,318940.0,318940.0,6362.0,152.0,2026-09-26,0.02042390418260488,0,0,1,1,0,0,1,0.0,0.0,1.0204239041826049,1.0204239041826049,0.30612717125478145,1066
minecraft| every| craft| gun,,,,,,,,,,1.0,217181.0,217181.0,7259.0,272.0,2026-09-06,0.03467614570335342,0,0,1,1,0,0,1,0.0,0.0,1.0346761457033535,1.0346761457033535,0.31040284371100607,635
minecraft| every| drop| real| car,,,,,,,,,,1.0,458722.0,458722.0,8367.0,638.0,2026-10-07,0.019630625956461648,0,0,1,1,0,0,1,0.0,0.0,1.0196306259564616,1.0196306259564616,0.30588918778693847,1100
minecraft| found| biggest| secret| 000| emerald| mods,,,,,,,,,,1.0,111577.0,111577.0,2250.0,108.0,2026-09-20,0.02113338770535146,0,0,1,1,0,0,1,0.0,0.0,1.0211333877053514,1.0211333877053514,0.3063400163116054,1041
minecraft| live| september| 2026,,,,,,,,,,1.0,3349673.0,3349673.0,140546.0,4283.0,2026-09-26,0.043236757737247784,0,0,1,1,0,0,1,0.0,0.0,1.0432367577372479,1.0432367577372479,0.3129710273211744,460
minecraft| our| drops| random| superheros,,,,,,,,,,1.0,1416556.0,1416556.0,15626.0,953.0,2026-09-21,0.011703737797870328,0,0,1,1,0,0,1,0.0,0.0,1.0117037377978704,1.0117037377978704,0.3035111213393611,1488
minecraft| rainbow| tsunami| doomsday| bunker| mods,,,,,,,,,,1.0,147511.0,147511.0,2846.0,150.0,2026-09-27,0.02031034973662981,0,0,1,1,0,0,1,0.0,0.0,1.0203103497366297,1.0203103497366297,0.3060931049209889,1074
minecraft| rains| avaritia| items,,,,,,,,,,1.0,189263.0,189263.0,2481.0,106.0,2026-09-25,0.013668810068528978,0,0,1,1,0,0,1,0.0,0.0,1.013668810068529,1.013668810068529,0.30410064302055867,1371
minecraft| survive| sea| island| mods,,,,,,,,,,1.0,103734.0,103734.0,2351.0,79.0,2026-09-06,0.02342529932326913,0,0,1,1,0,0,1,0.0,0.0,1.023425299323269,1.023425299323269,0.3070275897969807,967
minecraft| trapped,,,,,,,,,,1.0,3105196.0,3105196.0,74313.0,4895.0,2026-09-05,0.02550821268609131,0,0,1,1,0,0,1,0.0,0.0,1.0255082126860913,1.0255082126860913,0.3076524638058274,884
minecraft| upgrade| more| realistic| one| block,,,,,,,,,,1.0,133230.0,133230.0,2140.0,334.0,2026-09-14,0.018569391278240636,0,0,1,1,0,0,1,0.0,0.0,1.0185693912782405,1.0185693912782405,0.30557081738347214,1153
minecraft| villagers| split| village| half,,,,,,,,,,1.0,4917018.0,4917018.0,63844.0,7112.0,2026-10-02,0.014430697630149005,0,0,1,1,0,0,1,0.0,0.0,1.014430697630149,1.014430697630149,0.30432920928904467,1328
minecraft| your| age,,,,,,,,,,1.0,474792.0,474792.0,11359.0,776.0,2026-09-25,0.02555856038012435,0,0,1,1,0,0,1,0.0,0.0,1.0255585603801243,1.0255585603801243,0.3076675681140373,883
minecraft| you| can| equip| any| enchantments,,,,,,,,,,1.0,419870.0,419870.0,4354.0,176.0,2026-09-16,0.010789053754733609,0,0,1,1,0,0,0,0.0,0.0,1.0107890537547337,1.0107890537547337,0.3032367161264201,1566
minecraft| you| can| mine| trillion| blocks,,,,,,,,,,1.0,3387092.0,3387092.0,55922.0,5734.0,2026-09-07,0.018203225657879976,0,0,1,1,0,0,1,0.0,0.0,1.01820322565788,1.01820322565788,0.30546096769736397,1161
minecraft| you| have| custom| fire,,,,,,,,,,1.0,1218149.0,1218149.0,43459.0,2427.0,2026-09-21,0.037668626744347365,0,0,1,1,0,0,1,0.0,0.0,1.0376686267443473,1.0376686267443473,0.3113005880233042,566
minimum |  temperature |  degrees,1.0,1.0,62.0,134.0,2026-10-02 04:17:28,146.41737561555556,,,,,,,,,,,1,0,0,1,0,0,0,0.6111111111111112,0.0,0.0,0.6111111111111112,0.18333333333333335,2798
missile |  ukraine |  ballistic,1.0,1.0,80.0,388.0,2026-10-02 01:59:05,148.72376450444446,,,,,,,,,,,1,0,0,1,0,0,0,0.6111111111111112,0.0,0.0,0.6111111111111112,0.18333333333333335,2798
misti| paan| ariyoshi| tithi| manchu| dada| 2026,,,,,,,,,,1.0,270598.0,270598.0,6430.0,557.0,2026-09-18,0.02582058995262345,0,0,1,1,0,0,1,0.0,0.0,1.0258205899526234,1.0258205899526234,0.307746176985787,874
mithu| marshal| 2026,,,,,,,,,,1.0,241992.0,241992.0,1281.0,48.0,2026-09-13,0.005491917088168204,0,0,1,1,0,0,0,0.0,0.0,1.0054919170881682,1.0054919170881682,0.30164757512645046,2033
mix| roblox| games,,,,,,,,,,1.0,452118.0,452118.0,5117.0,185.0,2026-09-08,0.011727027015071287,0,0,1,1,0,0,1,0.0,0.0,1.0117270270150713,1.0117270270150713,0.3035181081045214,1487
mizoram |  cracks |  down,1.0,1.0,73.0,73.0,2026-10-06 09:29:57,45.20932006,,,,,,,,,,,1,0,0,1,0,0,0,0.6111111111111112,0.0,0.0,0.6111111111111112,0.18333333333333335,2798
mizoram |  probe |  burmese,1.0,1.0,74.0,148.0,2026-10-08 03:11:27,3.517653393333333,,,,,,,,,,,1,0,0,1,1,0,0,0.6111111111111112,0.0,0.0,0.6111111111111112,0.18333333333333335,2798
mizoram |  rewards |  lalremsiami,1.0,1.0,79.0,77.0,2026-10-02 17:26:32,133.26626450444445,,,,,,,,,,,1,0,0,1,0,0,0,0.6111111111111112,0.0,0.0,0.6111111111111112,0.18333333333333335,2798
mlas |  party |  dare,1.0,1.0,78.0,139.0,2026-10-06 14:21:22,40.35237561555556,,,,,,,,,,,1,0,0,1,0,0,0,0.6111111111111112,0.0,0.0,0.6111111111111112,0.18333333333333335,2798
mobile| live| update| anniversary,,,,,,,,,,1.0,2118733.0,2118733.0,58450.0,2170.0,2026-09-24,0.028611439006236274,0,0,1,1,0,0,1,0.0,0.0,1.0286114390062362,1.0286114390062362,0.30858343170187086,789
moderate |  quality |  warm,1.0,1.0,67.0,106.0,2026-10-01 04:59:56,169.70959783777778,,,,,,,,,,,1,0,0,1,0,0,0,0.6111111111111112,0.0,0.0,0.6111111111111112,0.18333333333333335,2798
modi |  address |  today,1.0,1.0,86.0,104.0,2026-10-07 02:18:25,28.40154228222222,,,,,,,,,,,1,0,0,1,0,0,0,0.6111111111111112,0.0,0.0,0.6111111111111112,0.18333333333333335,2798
modi |  global |  trump,1.0,1.0,70.0,127.0,2026-09-30 13:57:16,184.75404228222223,,,,,,,,,,,1,0,0,1,0,0,0,0.6111111111111112,0.0,0.0,0.6111111111111112,0.18333333333333335,2798
modi |  goals |  gives,1.0,1.0,46.0,389.0,2026-10-07 20:32:13,10.171542282222221,,,,,,,,,,,1,0,0,1,1,0,0,0.6111111111111112,0.0,0.0,0.6111111111111112,0.18333333333333335,2798
modi |  hails |  digital,1.0,1.0,85.0,85.0,2026-10-08 05:53:26,0.8179311711111111,,,,,,,,,,,1,0,0,1,1,0,0,0.6111111111111112,0.0,0.0,0.6111111111111112,0.18333333333333335,2798
modi |  machchhar |  praises,1.0,1.0,80.0,148.0,2026-10-07 05:54:41,24.797097837777777,,,,,,,,,,,1,0,0,1,0,0,0,0.6111111111111112,0.0,0.0,0.6111111111111112,0.18333333333333335,2798
modi |  pays |  tribute,1.0,1.0,63.0,82.0,2026-10-02 04:29:11,146.2220978377778,,,,,,,,,,,1,0,0,1,0,0,0,0.6111111111111112,0.0,0.0,0.6111111111111112,0.18333333333333335,2798
modi |  proud |  hero,1.0,1.0,78.0,96.0,2026-10-01 05:07:15,169.58765339333334,,,,,,,,,,,1,0,0,1,0,0,0,0.6111111111111112,0.0,0.0,0.6111111111111112,0.18333333333333335,2798
modi |  recited |  hanuman,1.0,1.0,91.0,151.0,2026-10-02 06:59:09,143.72265339333333,,,,,,,,,,,1,0,0,1,0,0,0,0.6111111111111112,0.0,0.0,0.6111111111111112,0.18333333333333335,2798
modi |  speaks |  injured,1.0,1.0,81.0,81.0,2026-10-02 17:23:01,133.32487561555556,,,,,,,,,,,1,0,0,1,0,0,0,0.6111111111111112,0.0,0.0,0.6111111111111112,0.18333333333333335,2798
modi |  swiss |  president,2.0,1.0,107.0,107.0,2026-10-07 06:28:49,24.228208948888888,,,,,,,,,,,1,0,0,1,0,0,0,0.7222222222222222,0.0,0.0,0.7222222222222222,0.21666666666666665,2797
modi |  years |  vishnu,1.0,1.0,98.0,127.0,2026-10-07 09:55:00,20.79182006,,,,,,,,,,,1,0,0,1,1,0,0,0.6111111111111112,0.0,0.0,0.6111111111111112,0.18333333333333335,2798
modified |  form |  been,1.0,1.0,105.0,149.0,2026-10-06 01:21:50,53.34459783777778,,,,,,,,,,,1,0,0,1,0,0,0,0.6111111111111112,0.0,0.0,0.6111111111111112,0.18333333333333335,2798
modified| mahindra| thar| games| indian| green| gadi| wala,,,,,,,,,,1.0,233776.0,233776.0,5890.0,22.0,2026-09-10,0.025289165697077544,0,0,1,1,0,0,1,0.0,0.0,1.0252891656970775,1.0252891656970775,0.30758674970912325,887
modiji| trump| wwe| 2k25| live| shortdlive| wwe2k25,,,,,,,,,,6.0,2612811.1666666665,15676867.0,905.8333333333334,0.6666666666666666,2026-10-06,0.0003469443224848434,0,0,1,1,0,0,0,0.0,0.0,6.000346944322485,6.000346944322485,1.8001040832967452,45
modis |  india |  takes,1.0,1.0,76.0,76.0,2026-10-02 06:09:13,144.55487561555555,,,,,,,,,,,1,0,0,1,0,0,0,0.6111111111111112,0.0,0.0,0.6111111111111112,0.18333333333333335,2798
modis |  leadership |  reflects,2.0,1.0,61.0,105.0,2026-10-07 02:31:04,28.190708948888886,,,,,,,,,,,1,0,0,1,0,0,0,0.7222222222222222,0.0,0.0,0.7222222222222222,0.21666666666666665,2797
mohali| surjit| bhullar| sargi| maan| latest| punjabi| songs,,,,,,,,,,1.0,632065.0,632065.0,7177.0,181.0,2026-10-01,0.011641207787173787,0,0,1,1,0,0,1,0.0,0.0,1.0116412077871737,1.0116412077871737,0.3034923623361521,1494
mohammad |  deepak |  bail,1.0,1.0,70.0,136.0,2026-10-02 15:45:37,134.9482089488889,,,,,,,,,,,1,0,0,1,0,0,0,0.6111111111111112,0.0,0.0,0.6111111111111112,0.18333333333333335,2798
mohammed siraj,,,,,,,89.0,1.0,0.89,,,,,,,,0,1,0,1,0,1,0,0.0,1.3900000000000001,0.0,1.3900000000000001,0.556,185
mohe| mor| banaiyo| radha| apne| vrindavan| peaceful| krishna,,,,,,,,,,1.0,47356.0,47356.0,126.0,0.0,2026-09-30,0.0026606976940619985,0,0,1,1,0,0,0,0.0,0.0,1.002660697694062,1.002660697694062,0.3007982093082186,2530
mohobbat| tose| kar| baithi| anil| rawat| kajal| hathrasi,,,,,,,,,,1.0,462562.0,462562.0,11411.0,172.0,2026-09-07,0.025040967481116044,0,0,1,1,0,0,1,0.0,0.0,1.025040967481116,1.025040967481116,0.3075122902443348,898
mohra| power| star| pawan| singh| ishani| ghosh| bhojpuri,,,,,,,,,,1.0,977994.0,977994.0,40602.0,4865.0,2026-09-14,0.0464900602662184,0,0,1,1,0,0,1,0.0,0.0,1.0464900602662184,1.0464900602662184,0.3139470180798655,420
mom and son,,,,,,,68.0,1.0,0.68,,,,,,,,0,1,0,1,0,0,0,0.0,1.1800000000000002,0.0,1.1800000000000002,0.4720000000000001,202
mona |  bhujel |  joins,1.0,1.0,79.0,79.0,2026-10-06 15:19:24,39.38515339333333,,,,,,,,,,,1,0,0,1,0,0,0,0.6111111111111112,0.0,0.0,0.6111111111111112,0.18333333333333335,2798
monday| shiva| devotional| songs| kannada| lingashtakam| bilwashtakam,,,,,,,,,,1.0,53869.0,53869.0,243.0,11.0,2026-09-27,0.004715142289628544,0,0,1,1,0,0,0,0.0,0.0,1.0047151422896285,1.0047151422896285,0.30141454268688855,2147
money |  changes |  bulk,1.0,1.0,79.0,323.0,2026-09-30 17:25:00,181.29182006000002,,,,,,,,,,,1,0,0,1,0,0,0,0.6111111111111112,0.0,0.0,0.6111111111111112,0.18333333333333335,2798
money |  laundering |  case,1.0,1.0,77.0,96.0,2026-10-01 04:18:31,170.39987561555557,,,,,,,,,,,1,0,0,1,0,0,0,0.6111111111111112,0.0,0.0,0.6111111111111112,0.18333333333333335,2798
moneyview,,,,,,,100.0,1.0,1.0,,,,,,,,0,1,0,1,0,1,0,0.0,1.5,0.0,1.5,0.6000000000000001,174
money| printing| business| gta| real| life| mega,,,,,,,,,,1.0,556277.0,556277.0,17064.0,1115.0,2026-09-22,0.032679762060987605,0,0,1,1,0,0,1,0.0,0.0,1.0326797620609875,1.0326797620609875,0.30980392861829625,689
monk |  mathematician |  problem,1.0,1.0,60.0,60.0,2026-10-02 03:00:00,147.70848672666668,,,,,,,,,,,1,0,0,1,0,0,0,0.6111111111111112,0.0,0.0,0.6111111111111112,0.18333333333333335,2798
monsoon |  below |  normal,1.0,1.0,68.0,132.0,2026-09-30 15:12:48,183.49515339333334,,,,,,,,,,,1,0,0,1,0,0,0,0.6111111111111112,0.0,0.0,0.6111111111111112,0.18333333333333335,2798
monsoon |  limp |  left,1.0,1.0,63.0,120.0,2026-10-01 07:45:50,166.9445978377778,,,,,,,,,,,1,0,0,1,0,0,0,0.6111111111111112,0.0,0.0,0.6111111111111112,0.18333333333333335,2798
monsoon |  moves |  exit,1.0,1.0,70.0,70.0,2026-10-03 14:00:00,112.70848672666666,,,,,,,,,,,1,0,0,1,0,0,0,0.6111111111111112,0.0,0.0,0.6111111111111112,0.18333333333333335,2798
monsoon |  withdrawal |  advances,1.0,1.0,69.0,69.0,2026-10-02 14:00:00,136.70848672666665,,,,,,,,,,,1,0,0,1,0,0,0,0.6111111111111112,0.0,0.0,0.6111111111111112,0.18333333333333335,2798
months |  rains |  fall,1.0,1.0,84.0,84.0,2026-10-05 02:48:19,75.90320894888889,,,,,,,,,,,1,0,0,1,0,0,0,0.6111111111111112,0.0,0.0,0.6111111111111112,0.18333333333333335,2798
mookuthi| amman| maha| sakthi| teaser| tamil| nayanthara| sundar,,,,,,,,,,1.0,4973218.0,4973218.0,57748.0,3669.0,2026-09-14,0.01234954912493279,0,0,1,1,0,0,1,0.0,0.0,1.0123495491249328,1.0123495491249328,0.3037048647374798,1445
moonride,,,,,,,,,,1.0,315155.0,315155.0,9564.0,302.0,2026-09-09,0.03130523075946756,0,0,1,1,0,0,1,0.0,0.0,1.0313052307594677,1.0313052307594677,0.3093915692278403,730
moosa |  actionable |  intelligence,1.0,1.0,79.0,136.0,2026-09-30 09:20:40,189.36404228222224,,,,,,,,,,,1,0,0,1,0,0,0,0.6111111111111112,0.0,0.0,0.6111111111111112,0.18333333333333335,2798
moosa |  bullet |  commander,1.0,1.0,86.0,120.0,2026-10-04 11:18:10,91.40570894888889,,,,,,,,,,,1,0,0,1,0,0,0,0.6111111111111112,0.0,0.0,0.6111111111111112,0.18333333333333335,2798
more |  cheetah |  cubs,1.0,1.0,61.0,56.0,2026-10-05 19:17:44,59.41293117111111,,,,,,,,,,,1,0,0,1,0,0,0,0.6111111111111112,0.0,0.0,0.6111111111111112,0.18333333333333335,2798
more |  reserve |  bank,1.0,1.0,74.0,114.0,2026-10-08 00:54:36,5.798486726666667,,,,,,,,,,,1,0,0,1,1,0,0,0.6111111111111112,0.0,0.0,0.6111111111111112,0.18333333333333335,2798
more |  skeletons |  tumbling,1.0,1.0,86.0,105.0,2026-10-06 04:19:37,50.38154228222223,,,,,,,,,,,1,0,0,1,0,0,0,0.6111111111111112,0.0,0.0,0.6111111111111112,0.18333333333333335,2798
morea |  case |  bollywood,1.0,1.0,76.0,107.0,2026-10-02 08:04:33,142.63265339333333,,,,,,,,,,,1,0,0,1,0,0,0,0.6111111111111112,0.0,0.0,0.6111111111111112,0.18333333333333335,2798
more| hearts| superhero| minecraft,,,,,,,,,,1.0,157003.0,157003.0,2269.0,106.0,2026-09-27,0.0151270994821755,0,0,1,1,0,0,1,0.0,0.0,1.0151270994821755,1.0151270994821755,0.3045381298446526,1297
morkel |  shares |  young,1.0,1.0,65.0,65.0,2026-10-06 06:52:38,47.83126450444445,,,,,,,,,,,1,0,0,1,0,0,0,0.6111111111111112,0.0,0.0,0.6111111111111112,0.18333333333333335,2798
morning |  brief |  october,6.0,1.0,99.83333333333333,95.83333333333333,2026-10-08 03:33:09,3.155986726666667,,,,,,,,,,,1,0,0,1,1,0,0,1.1666666666666665,0.0,0.0,1.1666666666666665,0.3499999999999999,229
morya| bedardi| jasraj| joshi| arun| nalawada| omkar| kulkarni,,,,,,,,,,1.0,66891.0,66891.0,267.0,4.0,2026-09-22,0.0040513671495417914,0,0,1,1,0,0,0,0.0,0.0,1.0040513671495417,1.0040513671495417,0.30121541014486247,2266
mor| gaon| aaja| kishan| sen| ganesh| ganpati| 2026,,,,,,,,,,1.0,144444.0,144444.0,2337.0,88.0,2026-09-14,0.016788513195425216,0,0,1,1,0,0,1,0.0,0.0,1.0167885131954253,1.0167885131954253,0.30503655395862755,1222
most| crazy| driver| loaded| overload| passenger| world| euro,,,,,,,,,,1.0,1289731.0,1289731.0,2132.0,0.0,2026-09-30,0.0016530578857141527,0,0,1,1,0,0,0,0.0,0.0,1.0016530578857141,1.0016530578857141,0.30049591736571424,2655
most| dangerous| desert| ever,,,,,,,,,,1.0,55416.0,55416.0,1444.0,55.0,2026-10-01,0.027049949473076366,0,0,1,1,0,0,1,0.0,0.0,1.0270499494730763,1.0270499494730763,0.30811498484192285,836
most| difficult| brain| puzzle| game,,,,,,,,,,1.0,2150499.0,2150499.0,55568.0,5712.0,2026-09-08,0.02849571192546474,0,0,1,1,0,0,1,0.0,0.0,1.0284957119254647,1.0284957119254647,0.3085487135776394,794
most| embarrassing| reaction,,,,,,,,,,1.0,186967.0,186967.0,4002.0,602.0,2026-09-19,0.02462466638497703,0,0,1,1,0,0,1,0.0,0.0,1.024624666384977,1.024624666384977,0.3073873999154931,912
mother |  year |  about,1.0,1.0,59.0,395.0,2026-10-01 18:52:16,155.83737561555557,,,,,,,,,,,1,0,0,1,0,0,0,0.6111111111111112,0.0,0.0,0.6111111111111112,0.18333333333333335,2798
motion| poster| khesari| lal| yadav| srishti| bharti| kangana,,,,,,,,,,1.0,432514.0,432514.0,30683.0,1392.0,2026-09-11,0.07415944917389958,0,0,1,1,0,0,1,0.0,0.0,1.0741594491738995,1.0741594491738995,0.32224783475216984,287
motu| patlu| city| army| charpai| cheat| code| gta5,,,,,,,,,,1.0,1442558.0,1442558.0,0.0,1.0,2026-10-05,6.932130285229432e-07,0,0,1,1,0,0,0,0.0,0.0,1.0000006932130285,1.0000006932130285,0.3000002079639085,2787
motu| patlu| city| charpai| cheat| code| gta5| kamla,,,,,,,,,,1.0,662365.0,662365.0,1673.0,0.0,2026-09-15,0.002525797709721981,0,0,1,1,0,0,0,0.0,0.0,1.002525797709722,1.002525797709722,0.30075773931291655,2547
motu| patlu| city| electric| charpai| cheat| code| gta5,,,,,,,,,,1.0,1869597.0,1869597.0,0.0,0.0,2026-10-01,0.0,0,0,1,1,0,0,0,0.0,0.0,1.0,1.0,0.3,2789
motu| patlu| city| magical| charpai| cheat| code| gta5,,,,,,,,,,1.0,1474922.0,1474922.0,0.0,0.0,2026-09-26,0.0,0,0,1,1,0,0,0,0.0,0.0,1.0,1.0,0.3,2789
motu| patlu| city| ranger| charpai| cheat| code| gta5,,,,,,,,,,1.0,1603242.0,1603242.0,0.0,0.0,2026-09-27,0.0,0,0,1,1,0,0,0,0.0,0.0,1.0,1.0,0.3,2789
mount |  scaled |  rohit,1.0,1.0,81.0,78.0,2026-09-30 16:45:05,181.95709783777778,,,,,,,,,,,1,0,0,1,0,0,0,0.6111111111111112,0.0,0.0,0.6111111111111112,0.18333333333333335,2798
movie roles,,,,,,,99.0,1.0,0.99,,,,,,,,0,1,0,1,0,1,0,0.0,1.49,0.0,1.49,0.596,176
movie| giving| tough| competition| adipurush| mahakavya| sri| ramayana,,,,,,,,,,1.0,373440.0,373440.0,6154.0,564.0,2026-09-22,0.017989502999143103,0,0,1,1,0,0,1,0.0,0.0,1.017989502999143,1.017989502999143,0.3053968508997429,1168
mozhiye| baththa,,,,,,,,,,1.0,148208.0,148208.0,4163.0,196.0,2026-09-27,0.02941136780740581,0,0,1,1,0,0,1,0.0,0.0,1.0294113678074057,1.0294113678074057,0.3088234103422217,768
mozhiye| lyric| baththa| vijay| sethupathi| saiabhyankkar| sid| sriram,,,,,,,,,,1.0,3460540.0,3460540.0,10994.0,334.0,2026-09-28,0.0032734775497465715,0,0,1,1,0,0,0,0.0,0.0,1.0032734775497465,1.0032734775497465,0.30098204326492395,2398
mp cm,,,,,,,100.0,1.0,1.0,,,,,,,,0,1,0,1,0,1,0,0.0,1.5,0.0,1.5,0.6000000000000001,174
mrbeast |  pandya |  celebration,1.0,1.0,80.0,406.0,2026-10-06 04:45:59,49.94209783777778,,,,,,,,,,,1,0,0,1,0,0,0,0.6111111111111112,0.0,0.0,0.6111111111111112,0.18333333333333335,2798
mrbeast| trapped| survival| island| roblox,,,,,,,,,,1.0,39916.0,39916.0,536.0,34.0,2026-09-21,0.014279987974746968,0,0,1,1,0,0,1,0.0,0.0,1.014279987974747,1.014279987974747,0.3042839963924241,1336
mrfa |  projects |  chief,1.0,1.0,68.0,133.0,2026-10-08 01:03:54,5.643486726666667,,,,,,,,,,,1,0,0,1,1,0,0,0.6111111111111112,0.0,0.0,0.6111111111111112,0.18333333333333335,2798
much |  heat |  generated,1.0,1.0,79.0,156.0,2026-09-30 10:52:47,187.82876450444445,,,,,,,,,,,1,0,0,1,0,0,0,0.6111111111111112,0.0,0.0,0.6111111111111112,0.18333333333333335,2798
mujhe| tumse| mohabbat| hai| tumsa| nahin| dekha| love,,,,,,,,,,1.0,137327.0,137327.0,472.0,0.0,2026-09-12,0.003437051708695304,0,0,1,1,0,0,0,0.0,0.0,1.0034370517086952,1.0034370517086952,0.3010311155126086,2371
mukesh |  akash |  deep,1.0,1.0,78.0,78.0,2026-10-05 06:12:26,72.50126450444445,,,,,,,,,,,1,0,0,1,0,0,0,0.6111111111111112,0.0,0.0,0.6111111111111112,0.18333333333333335,2798
mulaqat| barbaad| mashup| version| ishq| jubin| nautiyal| arijit,,,,,,,,,,1.0,1915662.0,1915662.0,5387.0,26.0,2026-09-07,0.002825655047706746,0,0,1,1,0,0,0,0.0,0.0,1.0028256550477068,1.0028256550477068,0.30084769651431204,2499
mulaqat| barbaad| mashup| version| vol| 2307| jubin| arijit,,,,,,,,,,1.0,491333.0,491333.0,2454.0,32.0,2026-09-15,0.005059704925172948,0,0,1,1,0,0,0,0.0,0.0,1.005059704925173,1.005059704925173,0.3015179114775519,2094
mulich| navt| kanha| mazhya| manat,,,,,,,,,,1.0,192413.0,192413.0,396.0,0.0,2026-09-01,0.002058072999225624,0,0,1,1,0,0,0,0.0,0.0,1.0020580729992257,1.0020580729992257,0.3006174218997677,2615
mumbai |  airport |  airlines,1.0,1.0,93.0,144.0,2026-10-07 17:26:33,13.265986726666666,,,,,,,,,,,1,0,0,1,1,0,0,0.6111111111111112,0.0,0.0,0.6111111111111112,0.18333333333333335,2798
mumbai |  airport |  international,1.0,1.0,102.0,152.0,2026-10-07 09:56:43,20.763208948888888,,,,,,,,,,,1,0,0,1,1,0,0,0.6111111111111112,0.0,0.0,0.6111111111111112,0.18333333333333335,2798
mumbai |  airport |  redevelop,1.0,1.0,79.0,73.0,2026-10-04 05:04:28,97.63404228222221,,,,,,,,,,,1,0,0,1,0,0,0,0.6111111111111112,0.0,0.0,0.6111111111111112,0.18333333333333335,2798
mumbai |  airport |  upgrade,1.0,1.0,66.0,66.0,2026-10-07 13:35:59,17.108764504444444,,,,,,,,,,,1,0,0,1,1,0,0,0.6111111111111112,0.0,0.0,0.6111111111111112,0.18333333333333335,2798
mumbai |  content |  creator,1.0,1.0,82.0,79.0,2026-10-02 10:59:00,139.72515339333333,,,,,,,,,,,1,0,0,1,0,0,0,0.6111111111111112,0.0,0.0,0.6111111111111112,0.18333333333333335,2798
mumbai |  police |  against,1.0,1.0,97.0,141.0,2026-10-03 12:10:12,114.53848672666666,,,,,,,,,,,1,0,0,1,0,0,0,0.6111111111111112,0.0,0.0,0.6111111111111112,0.18333333333333335,2798
mumbai |  police |  psychotropic,1.0,1.0,77.0,65.0,2026-10-07 03:58:15,26.737653393333332,,,,,,,,,,,1,0,0,1,0,0,0,0.6111111111111112,0.0,0.0,0.6111111111111112,0.18333333333333335,2798
mumbai |  police |  shivaji,1.0,1.0,80.0,121.0,2026-10-03 12:23:52,114.31070894888889,,,,,,,,,,,1,0,0,1,0,0,0,0.6111111111111112,0.0,0.0,0.6111111111111112,0.18333333333333335,2798
mumbai |  protest |  gyanesh,1.0,1.0,96.0,90.0,2026-10-01 09:30:57,165.19265339333333,,,,,,,,,,,1,0,0,1,0,0,0,0.6111111111111112,0.0,0.0,0.6111111111111112,0.18333333333333335,2798
mumbai |  protester |  calls,1.0,1.0,56.0,56.0,2026-10-02 14:43:21,135.98598672666665,,,,,,,,,,,1,0,0,1,0,0,0,0.6111111111111112,0.0,0.0,0.6111111111111112,0.18333333333333335,2798
mumbai |  protesters |  bring,1.0,1.0,48.0,48.0,2026-10-02 12:56:32,137.76626450444445,,,,,,,,,,,1,0,0,1,0,0,0,0.6111111111111112,0.0,0.0,0.6111111111111112,0.18333333333333335,2798
mumbai |  retired |  teacher,1.0,1.0,90.0,125.0,2026-10-04 06:35:34,96.11570894888888,,,,,,,,,,,1,0,0,1,0,0,0,0.6111111111111112,0.0,0.0,0.6111111111111112,0.18333333333333335,2798
mumbai |  spends |  birthday,1.0,1.0,79.0,77.0,2026-10-06 06:29:03,48.224320060000004,,,,,,,,,,,1,0,0,1,0,0,0,0.6111111111111112,0.0,0.0,0.6111111111111112,0.18333333333333335,2798
mumbai |  were |  granted,1.0,1.0,97.0,155.0,2026-10-03 03:35:36,123.11515339333333,,,,,,,,,,,1,0,0,1,0,0,0,0.6111111111111112,0.0,0.0,0.6111111111111112,0.18333333333333335,2798
munda| haryane| mankirt| aulakh| hammy| muzic| legacy| punjabi,,,,,,,,,,1.0,1631561.0,1631561.0,36292.0,1475.0,2026-09-06,0.023147770754510556,0,0,1,1,0,0,1,0.0,0.0,1.0231477707545105,1.0231477707545105,0.3069443312263531,975
munda| kaale| rang| jigar| latest| punjabi| songs| 2026,,,,,,,,,,1.0,1107896.0,1107896.0,10726.0,815.0,2026-09-11,0.010417042754915624,0,0,1,1,0,0,0,0.0,0.0,1.0104170427549157,1.0104170427549157,0.3031251128264747,1594
mundhe |  good |  governance,1.0,1.0,93.0,146.0,2026-10-06 09:05:43,45.61320894888889,,,,,,,,,,,1,0,0,1,0,0,0,0.6111111111111112,0.0,0.0,0.6111111111111112,0.18333333333333335,2798
mundhe |  hero |  dont,1.0,1.0,97.0,52.0,2026-10-03 07:50:03,118.87432005999999,,,,,,,,,,,1,0,0,1,0,0,0,0.6111111111111112,0.0,0.0,0.6111111111111112,0.18333333333333335,2798
mundina| adhyaaya| seetharam| coming| soon,,,,,,,,,,1.0,24116.0,24116.0,802.0,105.0,2026-09-11,0.03760988555315973,0,0,1,1,0,0,1,0.0,0.0,1.0376098855531597,1.0376098855531597,0.3112829656659479,569
murder |  maharashtra |  stabbed,1.0,1.0,108.0,120.0,2026-10-08 05:08:03,1.57432006,,,,,,,,,,,1,0,0,1,1,0,0,0.6111111111111112,0.0,0.0,0.6111111111111112,0.18333333333333335,2798
murder |  punjab |  given,1.0,1.0,71.0,81.0,2026-10-04 04:51:07,97.85654228222222,,,,,,,,,,,1,0,0,1,0,0,0,0.6111111111111112,0.0,0.0,0.6111111111111112,0.18333333333333335,2798
musk |  fair |  policy,1.0,1.0,59.0,143.0,2026-10-08 05:09:36,1.5484867266666666,,,,,,,,,,,1,0,0,1,1,0,0,0.6111111111111112,0.0,0.0,0.6111111111111112,0.18333333333333335,2798
musk |  says |  certain,1.0,1.0,66.0,66.0,2026-10-08 06:38:34,0.06570894888888888,,,,,,,,,,,1,0,0,1,1,0,0,0.6111111111111112,0.0,0.0,0.6111111111111112,0.18333333333333335,2798
musk |  starlink |  india,2.0,2.0,69.5,101.5,2026-10-08 04:22:47,2.3287645044444445,,,,,,,,,,,1,0,0,1,1,0,0,1.2222222222222223,0.0,0.0,1.2222222222222223,0.3666666666666667,223
mysaa| pre| teaser| rashmika| rawindra| pulle| jakes| bejoy,,,,,,,,,,1.0,265586.0,265586.0,2017.0,47.0,2026-09-19,0.007771493979351321,0,0,1,1,0,0,0,0.0,0.0,1.0077714939793514,1.0077714939793514,0.3023314481938054,1811
mysaa| teaser| telugu| rashmika| rawindra| pulle| jakes| bejoy,,,,,,,,,,1.0,2053348.0,2053348.0,28527.0,1114.0,2026-09-20,0.014435448837703107,0,0,1,1,0,0,1,0.0,0.0,1.0144354488377032,1.0144354488377032,0.30433063465131094,1327
naa| pushde| neha| kakkar| akanksha| chaudhary| yogesh| rawat,,,,,,,,,,1.0,5166709.0,5166709.0,354054.0,32910.0,2026-09-05,0.07489564440342973,0,0,1,1,0,0,1,0.0,0.0,1.0748956444034297,1.0748956444034297,0.3224686933210289,285
nachaib| hathiyar,,,,,,,,,,1.0,460088.0,460088.0,2603.0,0.0,2026-08-13,0.005657613326146302,0,0,1,1,0,0,0,0.0,0.0,1.0056576133261463,1.0056576133261463,0.3016972839978439,2013
nachaib| hathiyar| edm| remix| bhojpuri| tweater| king,,,,,,,,,,1.0,444246.0,444246.0,800.0,39.0,2026-09-07,0.001888593256889201,0,0,1,1,0,0,0,0.0,0.0,1.0018885932568893,1.0018885932568893,0.30056657797706676,2640
nach| bindani| gulshan| music| jaat| nia,,,,,,,,,,1.0,185750.0,185750.0,4016.0,104.0,2026-09-24,0.02218034993270525,0,0,1,1,0,0,1,0.0,0.0,1.0221803499327053,1.0221803499327053,0.3066541049798116,1005
nach| bindani| gulshan| music| jaat| nia| renuka| panwar,,,,,,,,,,2.0,1968706.0,3937412.0,39576.0,5103.5,2026-10-01,0.022694856418378366,0,0,1,1,0,0,1,0.0,0.0,2.0226948564183784,2.0226948564183784,0.6068084569255136,101
nach| nagin| jaisan| popular| magahi| released| 2026| growth,,,,,,,,,,1.0,84242.0,84242.0,198.0,7.0,2026-09-15,0.0024334654922722634,0,0,1,1,0,0,0,0.0,0.0,1.0024334654922722,1.0024334654922722,0.30073003964768164,2563
naga |  manipur |  group,1.0,1.0,65.0,427.0,2026-09-30 18:07:59,180.57543117111112,,,,,,,,,,,1,0,0,1,0,0,0,0.6111111111111112,0.0,0.0,0.6111111111111112,0.18333333333333335,2798
nagaon |  assam |  battle,1.0,1.0,77.0,88.0,2026-10-06 03:45:47,50.94543117111112,,,,,,,,,,,1,0,0,1,0,0,0,0.6111111111111112,0.0,0.0,0.6111111111111112,0.18333333333333335,2798
nagaon |  congress |  seat,1.0,1.0,73.0,132.0,2026-10-04 14:48:09,87.90598672666667,,,,,,,,,,,1,0,0,1,0,0,0,0.6111111111111112,0.0,0.0,0.6111111111111112,0.18333333333333335,2798
naggnee| gurinder| gill| manu| sach| music,,,,,,,,,,1.0,705471.0,705471.0,25419.0,1144.0,2026-09-28,0.03765285887017326,0,0,1,1,0,0,1,0.0,0.0,1.0376528588701732,1.0376528588701732,0.31129585766105194,567
nagina| ban| jaate| nathni| mein| jadate| lyrical| instagram,,,,,,,,,,1.0,274967.0,274967.0,1935.0,62.0,2026-09-26,0.007262689704582732,0,0,1,1,0,0,0,0.0,0.0,1.0072626897045827,1.0072626897045827,0.3021788069113748,1854
najar| shyam| milakar| dekho| khatu| bhajan| 2026,,,,,,,,,,1.0,50014.0,50014.0,375.0,53.0,2026-09-26,0.008557603870916143,0,0,1,1,0,0,0,0.0,0.0,1.008557603870916,1.008557603870916,0.3025672811612748,1753
namah| shivaya| lingashtakam| shiva| songs,,,,,,,,,,1.0,106412.0,106412.0,214.0,6.0,2026-09-20,0.0020674360034582564,0,0,1,1,0,0,0,0.0,0.0,1.0020674360034583,1.0020674360034583,0.30062023080103745,2613
namah| shivaya| monday| special| shiva| devotional| songs| lord,,,,,,,,,,1.0,50540.0,50540.0,181.0,6.0,2026-09-27,0.00370003957261575,0,0,1,1,0,0,0,0.0,0.0,1.0037000395726157,1.0037000395726157,0.3011100118717847,2326
namah| shivaya| shiva| folk| devotional| songs,,,,,,,,,,1.0,32598.0,32598.0,124.0,4.0,2026-10-04,0.0039266212651082886,0,0,1,1,0,0,0,0.0,0.0,1.0039266212651083,1.0039266212651083,0.30117798637953247,2287
naman |  dhir |  world,1.0,1.0,80.0,347.0,2026-10-08 01:12:05,5.507097837777778,,,,,,,,,,,1,0,0,1,1,0,0,0.6111111111111112,0.0,0.0,0.6111111111111112,0.18333333333333335,2798
name |  aadhaar |  uidai,1.0,1.0,80.0,431.0,2026-10-06 05:38:49,49.06154228222223,,,,,,,,,,,1,0,0,1,0,0,0,0.6111111111111112,0.0,0.0,0.6111111111111112,0.18333333333333335,2798
name| 123456789,,,,,,,,,,1.0,637588.0,637588.0,22039.0,2561.0,2026-09-15,0.03858290933957352,0,0,1,1,0,0,1,0.0,0.0,1.0385829093395735,1.0385829093395735,0.31157487280187207,541
namo| venkatesaya| perumal| devotional| songs| tamil,,,,,,,,,,1.0,41177.0,41177.0,126.0,4.0,2026-09-28,0.003157102265828011,0,0,1,1,0,0,0,0.0,0.0,1.003157102265828,1.003157102265828,0.30094713067974843,2427
nana |  patekar |  army,1.0,1.0,63.0,67.0,2026-10-08 06:10:09,0.53932006,,,,,,,,,,,1,0,0,1,1,0,0,0.6111111111111112,0.0,0.0,0.6111111111111112,0.18333333333333335,2798
nana |  patekar |  funeral,1.0,1.0,72.0,87.0,2026-10-08 04:51:05,1.8570978377777778,,,,,,,,,,,1,0,0,1,1,0,0,0.6111111111111112,0.0,0.0,0.6111111111111112,0.18333333333333335,2798
nanadiya| jethaniya| priyaamarnathvlog| amarnathsdk| bhojpuri,,,,,,,,,,1.0,783356.0,783356.0,16335.0,1101.0,2026-09-23,0.02225807934068291,0,0,1,1,0,0,1,0.0,0.0,1.0222580793406828,1.0222580793406828,0.3066774238022048,1003
nanaua| hmar| emaw| music,,,,,,,,,,1.0,140818.0,140818.0,11923.0,499.0,2026-10-02,0.08821315456830803,0,0,1,1,0,0,1,0.0,0.0,1.088213154568308,1.088213154568308,0.3264639463704924,261
nand| ghar| anand| bhayo| audio| version| kumar| vishu,,,,,,,,,,1.0,4594.0,4594.0,70.0,2.0,2026-09-09,0.01567261645624728,0,0,1,1,0,0,1,0.0,0.0,1.0156726164562473,1.0156726164562473,0.30470178493687416,1270
nand| ghar| anand| bhayo| krishna| janmashtami| bhajan,,,,,,,,,,1.0,742843.0,742843.0,5291.0,131.0,2026-08-31,0.007298985115293541,0,0,1,1,0,0,0,0.0,0.0,1.0072989851152936,1.0072989851152936,0.3021896955345881,1849
nani| gives| clarity| about| paradise| movie| theparadise| press,,,,,,,,,,1.0,36733.0,36733.0,314.0,5.0,2026-09-11,0.008684289331119158,0,0,1,1,0,0,0,0.0,0.0,1.0086842893311192,1.0086842893311192,0.30260528679933574,1744
naomi |  family |  osaka,1.0,1.0,70.0,439.0,2026-10-05 14:05:00,64.62515339333333,,,,,,,,,,,1,0,0,1,0,0,0,0.6111111111111112,0.0,0.0,0.6111111111111112,0.18333333333333335,2798
nara |  lokesh |  defends,1.0,1.0,58.0,58.0,2026-10-01 13:54:44,160.79626450444445,,,,,,,,,,,1,0,0,1,0,0,0,0.6111111111111112,0.0,0.0,0.6111111111111112,0.18333333333333335,2798
narak| lyrical| ishqnama| jai| randhhawa| shehnaaz| gill| praak,,,,,,,,,,1.0,549931.0,549931.0,3188.0,43.0,2026-09-04,0.0058752825354453555,0,0,1,1,0,0,0,0.0,0.0,1.0058752825354453,1.0058752825354453,0.3017625847606336,1993
narayanamma| lyric| aadarsha| kutumbam| venkatesh| srinidhi| nivetha| dimple,,,,,,,,,,1.0,8079710.0,8079710.0,42259.0,1324.0,2026-09-27,0.005394129244737744,0,0,1,1,0,0,0,0.0,0.0,1.0053941292447377,1.0053941292447377,0.3016182387734213,2050
narender| kaushik| chetawani| bhajan| 2026,,,,,,,,,,1.0,89016.0,89016.0,355.0,7.0,2026-09-07,0.004066684640963422,0,0,1,1,0,0,0,0.0,0.0,1.0040666846409634,1.0040666846409634,0.301220005392289,2263
narender| kaushik| nonstop| pittar| hit,,,,,,,,,,1.0,38289.0,38289.0,316.0,8.0,2026-09-09,0.008461960354148711,0,0,1,1,0,0,0,0.0,0.0,1.0084619603541487,1.0084619603541487,0.3025385881062446,1767
naruto| bundle| spinning| total| loss| srbytofficial03| funwithsrbyt| freefire,,,,,,,,,,1.0,76934.0,76934.0,4987.0,147.0,2026-09-18,0.06673252398159461,0,0,1,1,0,0,1,0.0,0.0,1.0667325239815946,1.0667325239815946,0.32001975719447834,305
naruto| chapter| back,,,,,,,,,,1.0,330041.0,330041.0,10841.0,892.0,2026-09-17,0.03555012862038353,0,0,1,1,0,0,1,0.0,0.0,1.0355501286203834,1.0355501286203834,0.310665038586115,615
naruto| chapter| live| tls| warrior| stream| freefire| max,,,,,,,,,,1.0,280010.0,280010.0,6017.0,27.0,2026-09-16,0.021584943394878753,0,0,1,1,0,0,1,0.0,0.0,1.0215849433948787,1.0215849433948787,0.3064754830184636,1026
naruto| chapter| return| details| free| fire| max,,,,,,,,,,1.0,53535.0,53535.0,5838.0,510.0,2026-09-15,0.11857663210983468,0,0,1,1,0,0,1,0.0,0.0,1.1185766321098347,1.1185766321098347,0.3355729896329504,242
naruto| chap| event| confirm| rewards| para| samsung| a10,,,,,,,,,,1.0,374983.0,374983.0,15615.0,1314.0,2026-09-15,0.045146046620780145,0,0,1,1,0,0,1,0.0,0.0,1.04514604662078,1.04514604662078,0.313543813986234,434
naruto| collaboration| return| ochindhi| hidden| leaf| gaadi| fireeeee,,,,,,,,,,1.0,92460.0,92460.0,5976.0,262.0,2026-09-16,0.06746701276227558,0,0,1,1,0,0,1,0.0,0.0,1.0674670127622756,1.0674670127622756,0.3202401038286827,303
naruto| diamonds| instagamer,,,,,,,,,,1.0,81238.0,81238.0,11663.0,1620.0,2026-09-16,0.16350722568256235,0,0,1,1,0,0,1,0.0,0.0,1.1635072256825623,1.1635072256825623,0.34905216770476866,230
naruto| mirzapur| update| mein| random| player| noob| bana,,,,,,,,,,1.0,312916.0,312916.0,11463.0,518.0,2026-09-17,0.03828823070728247,0,0,1,1,0,0,1,0.0,0.0,1.0382882307072825,1.0382882307072825,0.31148646921218476,551
naruto| once| more| free| fire| good| bad| tonde,,,,,,,,,,1.0,1065227.0,1065227.0,32284.0,2069.0,2026-09-17,0.0322494641987107,0,0,1,1,0,0,1,0.0,0.0,1.0322494641987108,1.0322494641987108,0.3096748392596132,697
nasa |  launch |  three,1.0,1.0,66.0,66.0,2026-10-01 05:53:29,168.8170978377778,,,,,,,,,,,1,0,0,1,0,0,0,0.6111111111111112,0.0,0.0,0.6111111111111112,0.18333333333333335,2798
nashik |  onion |  wholesale,1.0,1.0,75.0,155.0,2026-10-04 04:54:02,97.80793117111111,,,,,,,,,,,1,0,0,1,0,0,0,0.6111111111111112,0.0,0.0,0.6111111111111112,0.18333333333333335,2798
nassr,,,,,,,32.0,1.0,0.32,,,,,,,,0,1,0,1,0,0,0,0.0,0.8200000000000001,0.0,0.8200000000000001,0.32800000000000007,253
nas| kyu| dukhei| anjali| raghav| karan| chaudhary| braj,,,,,,,,,,2.0,58728.5,117457.0,158.0,4.5,2026-09-25,0.0027669700400997812,0,0,1,1,0,0,0,0.0,0.0,2.0027669700400996,2.0027669700400996,0.6008300910120299,158
nas| kyu| dukhe| anjali| raghav| karan| chaudhary| brajbhasha,,,,,,,,,,1.0,397772.0,397772.0,935.0,19.0,2026-09-20,0.0023983588588437597,0,0,1,1,0,0,0,0.0,0.0,1.0023983588588437,1.0023983588588437,0.3007195076576531,2568
nathan |  mcsweeney |  evolving,1.0,1.0,65.0,65.0,2026-10-08 06:38:34,0.06570894888888888,,,,,,,,,,,1,0,0,1,1,0,0,0.6111111111111112,0.0,0.0,0.6111111111111112,0.18333333333333335,2798
natia| gaan| parada,,,,,,,,,,1.0,88896.0,88896.0,3508.0,77.0,2026-10-08,0.04032802375809935,0,0,1,1,0,0,1,0.0,0.0,1.0403280237580994,1.0403280237580994,0.3120984071274298,509
nation |  dream |  reforming,1.0,1.0,60.0,126.0,2026-10-08 02:24:10,4.305708948888889,,,,,,,,,,,1,0,0,1,1,0,0,0.6111111111111112,0.0,0.0,0.6111111111111112,0.18333333333333335,2798
nations |  release |  million,1.0,1.0,70.0,79.0,2026-10-02 18:22:56,132.32626450444445,,,,,,,,,,,1,0,0,1,0,0,0,0.6111111111111112,0.0,0.0,0.6111111111111112,0.18333333333333335,2798
navasachi| gauri| mazi| nikita| dutta| bhushan| pradhan| abhay,,,,,,,,,,1.0,387267.0,387267.0,1138.0,24.0,2026-09-17,0.003000513857364557,0,0,1,1,0,0,0,0.0,0.0,1.0030005138573646,1.0030005138573646,0.30090015415720933,2459
navrang| nejavala| hitesh| prajapati| ramdevpir| 2026,,,,,,,,,,1.0,73958.0,73958.0,1628.0,52.0,2026-09-18,0.02271559533789448,0,0,1,1,0,0,1,0.0,0.0,1.0227155953378946,1.0227155953378946,0.30681467860136835,986
navratri| bhakti| 2026| barbadi| hoi| durga| puja| devi,,,,,,,,,,2.0,54146.5,108293.0,0.0,7.5,2026-09-24,0.00013851310795711633,0,0,1,1,0,0,0,0.0,0.0,2.000138513107957,2.000138513107957,0.6000415539323871,171
navy |  naval |  staff,1.0,1.0,135.0,148.0,2026-10-06 13:45:50,40.94459783777778,,,,,,,,,,,1,0,0,1,0,0,0,0.6111111111111112,0.0,0.0,0.6111111111111112,0.18333333333333335,2798
navy |  personnel |  pakistan,1.0,1.0,65.0,455.0,2026-10-06 18:23:10,36.32237561555556,,,,,,,,,,,1,0,0,1,0,0,0,0.6111111111111112,0.0,0.0,0.6111111111111112,0.18333333333333335,2798
nayyi| navelli| teaser| yami| addinath| balaji| mohan| aanand,,,,,,,,,,1.0,15283793.0,15283793.0,40100.0,1357.0,2026-09-10,0.0027124811229777843,0,0,1,1,0,0,0,0.0,0.0,1.0027124811229777,1.0027124811229777,0.3008137443368933,2517
nayyi| navelli| yami| addinath| balaji| mohan| aanand| rai,,,,,,,,,,1.0,55811142.0,55811142.0,82807.0,2844.0,2026-09-30,0.0015346577212127285,0,0,1,1,0,0,0,0.0,0.0,1.0015346577212128,1.0015346577212128,0.3004603973163638,2663
nazm,,,,,,,,,,1.0,197032.0,197032.0,719.0,3.0,2026-09-08,0.003664379390149823,0,0,1,1,0,0,0,0.0,0.0,1.0036643793901499,1.0036643793901499,0.30109931381704497,2329
nederlands| epic| pack| opening,,,,,,,,,,1.0,60182.0,60182.0,2024.0,141.0,2026-10-01,0.03597421155827324,0,0,1,1,0,0,1,0.0,0.0,1.0359742115582733,1.0359742115582733,0.31079226346748196,601
need| superchat| emi| promotions,,,,,,,,,,1.0,648343.0,648343.0,10743.0,74.0,2026-09-11,0.01668407000615415,0,0,1,1,0,0,1,0.0,0.0,1.0166840700061541,1.0166840700061541,0.30500522100184624,1224
neelkamal| singh| akanksha| puri| latest| hit,,,,,,,,,,1.0,2398830.0,2398830.0,34035.0,1471.0,2026-09-30,0.014801382340557688,0,0,1,1,0,0,1,0.0,0.0,1.0148013823405577,1.0148013823405577,0.3044404147021673,1311
neelkamal| singh| astha| bhojpuri| sad| 2026| gmj,,,,,,,,,,1.0,776802.0,776802.0,977.0,16.0,2026-09-15,0.0012783180269875722,0,0,1,1,0,0,0,0.0,0.0,1.0012783180269875,1.0012783180269875,0.3003834954080962,2680
neelkamal| singh| kahe| pyar| kailu| bhojpuri| sad,,,,,,,,,,1.0,449221.0,449221.0,17863.0,816.0,2026-09-20,0.041580869994946805,0,0,1,1,0,0,1,0.0,0.0,1.0415808699949467,1.0415808699949467,0.312474260998484,481
neelkamal| singh| location| shrishti| uttrakhandi| bhojpuri,,,,,,,,,,1.0,820849.0,820849.0,17343.0,856.0,2026-09-07,0.022170947397146125,0,0,1,1,0,0,1,0.0,0.0,1.022170947397146,1.022170947397146,0.30665128421914384,1006
neelkamal| singh| mai| has| dihatu,,,,,,,,,,1.0,50108.0,50108.0,4255.0,296.0,2026-10-08,0.09082382054761715,0,0,1,1,0,0,1,0.0,0.0,1.090823820547617,1.090823820547617,0.32724714616428513,259
neha |  bora |  protests,1.0,1.0,80.0,153.0,2026-10-02 01:48:27,148.90098672666667,,,,,,,,,,,1,0,0,1,0,0,0,0.6111111111111112,0.0,0.0,0.6111111111111112,0.18333333333333335,2798
nenjai| kasakki| pizhindhuvittu| yaaradi| nee| mohini| 60fps| dhanush,,,,,,,,,,1.0,53697.0,53697.0,616.0,4.0,2026-10-06,0.011546268879080768,0,0,1,1,0,0,1,0.0,0.0,1.0115462688790808,1.0115462688790808,0.30346388066372426,1505
nepal |  seeks |  china,1.0,1.0,60.0,60.0,2026-10-07 06:02:41,24.663764504444444,,,,,,,,,,,1,0,0,1,0,0,0,0.6111111111111112,0.0,0.0,0.6111111111111112,0.18333333333333335,2798
nestle india share price,,,,,,,100.0,1.0,1.0,,,,,,,,0,1,0,1,0,1,0,0.0,1.5,0.0,1.5,0.6000000000000001,174
nestle |  dairy |  whitener,1.0,1.0,88.0,83.0,2026-10-03 10:28:17,116.23709783777777,,,,,,,,,,,1,0,0,1,0,0,0,0.6111111111111112,0.0,0.0,0.6111111111111112,0.18333333333333335,2798
netanyahu |  blame |  game,1.0,1.0,75.0,70.0,2026-10-05 03:27:55,75.24320894888888,,,,,,,,,,,1,0,0,1,0,0,0,0.6111111111111112,0.0,0.0,0.6111111111111112,0.18333333333333335,2798
netanyahu |  govt |  rejects,1.0,1.0,81.0,100.0,2026-10-07 02:44:47,27.962097837777776,,,,,,,,,,,1,0,0,1,0,0,0,0.6111111111111112,0.0,0.0,0.6111111111111112,0.18333333333333335,2798
netanyahu |  indian |  pilot,1.0,1.0,91.0,133.0,2026-09-30 20:09:18,178.55348672666668,,,,,,,,,,,1,0,0,1,0,0,0,0.6111111111111112,0.0,0.0,0.6111111111111112,0.18333333333333335,2798
netanyahu |  invites |  modi,1.0,1.0,110.0,125.0,2026-10-03 20:39:50,106.04459783777777,,,,,,,,,,,1,0,0,1,0,0,0,0.6111111111111112,0.0,0.0,0.6111111111111112,0.18333333333333335,2798
netanyahu |  president |  plotted,1.0,1.0,71.0,71.0,2026-10-02 05:39:31,145.04987561555555,,,,,,,,,,,1,0,0,1,0,0,0,0.6111111111111112,0.0,0.0,0.6111111111111112,0.18333333333333335,2798
neumann |  wework |  billion,1.0,1.0,83.0,371.0,2026-10-06 04:45:30,49.95015339333334,,,,,,,,,,,1,0,0,1,0,0,0,0.6111111111111112,0.0,0.0,0.6111111111111112,0.18333333333333335,2798
never| going| stranger| house| again| guest| horror,,,,,,,,,,1.0,2457437.0,2457437.0,42613.0,2900.0,2026-09-26,0.018520515480152697,0,0,1,1,0,0,1,0.0,0.0,1.0185205154801527,1.0185205154801527,0.3055561546440458,1155
next |  indias |  phase,1.0,1.0,54.0,54.0,2026-10-05 06:12:26,72.50126450444445,,,,,,,,,,,1,0,0,1,0,0,0,0.6111111111111112,0.0,0.0,0.6111111111111112,0.18333333333333335,2798
next |  punjab |  bhagwant,1.0,1.0,73.0,73.0,2026-10-07 04:00:11,26.705431171111112,,,,,,,,,,,1,0,0,1,0,0,0,0.6111111111111112,0.0,0.0,0.6111111111111112,0.18333333333333335,2798
next |  punjab |  pargat,1.0,1.0,102.0,132.0,2026-10-01 12:34:07,162.13987561555555,,,,,,,,,,,1,0,0,1,0,0,0,0.6111111111111112,0.0,0.0,0.6111111111111112,0.18333333333333335,2798
next| special| gold| vault| bundle| gun| para| samsung,,,,,,,,,,1.0,274176.0,274176.0,13583.0,1455.0,2026-10-02,0.05484798085901027,0,0,1,1,0,0,1,0.0,0.0,1.0548479808590103,1.0548479808590103,0.3164543942577031,347
next| special| gold| vault| free| fire| max,,,,,,,,,,1.0,85265.0,85265.0,6080.0,330.0,2026-10-04,0.07517738814284877,0,0,1,1,0,0,1,0.0,0.0,1.0751773881428488,1.0751773881428488,0.3225532164428546,283
nfak| sanson| mala| diljit| dosanjh| wembley| stadium,,,,,,,,,,1.0,1941466.0,1941466.0,33255.0,783.0,2026-09-18,0.017532112331609208,0,0,1,1,0,0,1,0.0,0.0,1.0175321123316092,1.0175321123316092,0.3052596336994828,1185
nhai |  have |  electronic,1.0,1.0,92.0,92.0,2026-10-06 10:43:54,43.97682006,,,,,,,,,,,1,0,0,1,0,0,0,0.6111111111111112,0.0,0.0,0.6111111111111112,0.18333333333333335,2798
nifty 50,,,,,,,100.0,1.0,1.0,,,,,,,,0,1,0,1,0,1,0,0.0,1.5,0.0,1.5,0.6000000000000001,174
nijjar| autobiography| audio| jukebox| latest| punjabi| songs| 2026,,,,,,,,,,1.0,322425.0,322425.0,9871.0,424.0,2026-09-18,0.031929906179731724,0,0,1,1,0,0,1,0.0,0.0,1.0319299061797318,1.0319299061797318,0.3095789718539195,708
nike |  struggling |  weak,1.0,1.0,74.0,74.0,2026-10-02 09:10:47,141.52876450444444,,,,,,,,,,,1,0,0,1,0,0,0,0.6111111111111112,0.0,0.0,0.6111111111111112,0.18333333333333335,2798
nikkei |  three |  stocks,1.0,1.0,65.0,403.0,2026-10-05 03:43:31,74.98320894888889,,,,,,,,,,,1,0,0,1,0,0,0,0.6111111111111112,0.0,0.0,0.6111111111111112,0.18333333333333335,2798
nino |  ruined |  monsoon,1.0,1.0,53.0,53.0,2026-10-07 03:30:00,27.208486726666667,,,,,,,,,,,1,0,0,1,0,0,0,0.6111111111111112,0.0,0.0,0.6111111111111112,0.18333333333333335,2798
nino |  squeezes |  india,1.0,1.0,72.0,72.0,2026-10-06 06:09:16,48.55404228222223,,,,,,,,,,,1,0,0,1,0,0,0,0.6111111111111112,0.0,0.0,0.6111111111111112,0.18333333333333335,2798
nino |  will |  intensify,1.0,1.0,65.0,89.0,2026-10-08 06:16:25,0.4348756155555556,,,,,,,,,,,1,0,0,1,1,0,0,0.6111111111111112,0.0,0.0,0.6111111111111112,0.18333333333333335,2798
nirop| gheto| aamha| aata| adnya| asavi| trending| visarjan,,,,,,,,,,1.0,81478.0,81478.0,482.0,7.0,2026-09-24,0.006001620069221139,0,0,1,1,0,0,0,0.0,0.0,1.0060016200692212,1.0060016200692212,0.30180048602076637,1975
nitish| aryan| karma| karbai| runu| jhunu| maghi,,,,,,,,,,1.0,225248.0,225248.0,1471.0,22.0,2026-09-17,0.00662824975138514,0,0,1,1,0,0,0,0.0,0.0,1.0066282497513852,1.0066282497513852,0.30198847492541553,1903
niva| yadav| akhiji| pankaj| matlabi| annu| chaudhary| pardeshwa,,,,,,,,,,1.0,142313.0,142313.0,3442.0,152.0,2026-09-23,0.02525419322198253,0,0,1,1,0,0,1,0.0,0.0,1.0252541932219825,1.0252541932219825,0.30757625796659477,889
nivin| pauly| anjali| soori| vhouse| productions| triple,,,,,,,,,,1.0,2929152.0,2929152.0,21498.0,551.0,2026-09-15,0.007527434561265513,0,0,1,1,0,0,0,0.0,0.0,1.0075274345612655,1.0075274345612655,0.3022582303683796,1827
nobel |  prize |  announcements,1.0,1.0,65.0,60.0,2026-10-05 04:21:05,74.35709783777777,,,,,,,,,,,1,0,0,1,0,0,0,0.6111111111111112,0.0,0.0,0.6111111111111112,0.18333333333333335,2798
nobel |  prizes |  awards,1.0,1.0,41.0,95.0,2026-10-05 01:27:42,77.24682005999999,,,,,,,,,,,1,0,0,1,0,0,0,0.6111111111111112,0.0,0.0,0.6111111111111112,0.18333333333333335,2798
nobel |  wholesome |  moment,1.0,1.0,72.0,72.0,2026-10-06 05:20:14,49.37126450444445,,,,,,,,,,,1,0,0,1,0,0,0,0.6111111111111112,0.0,0.0,0.6111111111111112,0.18333333333333335,2798
nobita| shinchan| masao| escaping| evil| clown,,,,,,,,,,1.0,142552.0,142552.0,644.0,2.0,2026-09-30,0.0045316796677703575,0,0,1,1,0,0,0,0.0,0.0,1.0045316796677703,1.0045316796677703,0.3013595039003311,2175
nobita| upgraded| god| lvl| vehicle| roblox,,,,,,,,,,1.0,321061.0,321061.0,1547.0,38.0,2026-09-08,0.004936756566509168,0,0,1,1,0,0,0,0.0,0.0,1.0049367565665093,1.0049367565665093,0.30148102696995277,2113
noida |  fights |  wife,1.0,1.0,69.0,69.0,2026-10-08 03:29:29,3.2170978377777777,,,,,,,,,,,1,0,0,1,1,0,0,0.6111111111111112,0.0,0.0,0.6111111111111112,0.18333333333333335,2798
nominations |  rajya |  sabha,1.0,1.0,70.0,137.0,2026-10-06 02:42:44,51.99626450444445,,,,,,,,,,,1,0,0,1,0,0,0,0.6111111111111112,0.0,0.0,0.6111111111111112,0.18333333333333335,2798
nonstop| gandhi| 2026,,,,,,,,,,1.0,86780.0,86780.0,376.0,12.0,2026-10-01,0.004471076284858262,0,0,1,1,0,0,0,0.0,0.0,1.0044710762848583,1.0044710762848583,0.3013413228854575,2191
nonstop| ganesh| bhajan| utsav| 2026| ganpati,,,,,,,,,,1.0,145424.0,145424.0,429.0,24.0,2026-09-22,0.0031150291561227858,0,0,1,1,0,0,0,0.0,0.0,1.0031150291561228,1.0031150291561228,0.30093450874683686,2436
nonstop| ganpati| visarjan,,,,,,,,,,1.0,57627.0,57627.0,233.0,9.0,2026-09-25,0.004199420410571433,0,0,1,1,0,0,0,0.0,0.0,1.0041994204105715,1.0041994204105715,0.3012598261231714,2248
nonstop| pitradev| bhajans| pitru| paksh,,,,,,,,,,1.0,15734.0,15734.0,252.0,15.0,2026-09-28,0.01696961993135884,0,0,1,1,0,0,1,0.0,0.0,1.016969619931359,1.016969619931359,0.30509088597940764,1211
non| stop| krishna| gavlan,,,,,,,,,,1.0,266835.0,266835.0,771.0,24.0,2026-09-04,0.0029793692731463262,0,0,1,1,0,0,0,0.0,0.0,1.0029793692731463,1.0029793692731463,0.3008938107819439,2465
noobie| build| longest| web| escape,,,,,,,,,,1.0,38547.0,38547.0,1296.0,60.0,2026-10-06,0.03517783485096117,0,0,1,1,0,0,1,0.0,0.0,1.0351778348509613,1.0351778348509613,0.31055335045528837,624
noobie| escape| scary| choo| charles| brother| roblox,,,,,,,,,,1.0,53413.0,53413.0,2636.0,114.0,2026-09-13,0.05148559339486642,0,0,1,1,0,0,1,0.0,0.0,1.0514855933948664,1.0514855933948664,0.3154456780184599,372
noob| max| race| spin| wheel| steal| egg| roblox,,,,,,,,,,1.0,221468.0,221468.0,5450.0,1009.0,2026-09-10,0.029164484259577003,0,0,1,1,0,0,1,0.0,0.0,1.029164484259577,1.029164484259577,0.3087493452778731,772
noob| pro| magnet| fruit| sea| bloxfruit| roblox,,,,,,,,,,1.0,376932.0,376932.0,14505.0,1897.0,2026-09-20,0.043514480065369884,0,0,1,1,0,0,1,0.0,0.0,1.04351448006537,1.04351448006537,0.31305434401961096,457
noob| pro| roblox| steal| egg,,,,,,,,,,1.0,155057.0,155057.0,4000.0,451.0,2026-09-27,0.028705572789361332,0,0,1,1,0,0,1,0.0,0.0,1.0287055727893613,1.0287055727893613,0.3086116718368084,785
noob| pro| verity| boss| mob| battle| minecraft,,,,,,,,,,1.0,425893.0,425893.0,4326.0,240.0,2026-09-17,0.010721002693164715,0,0,1,1,0,0,0,0.0,0.0,1.0107210026931648,1.0107210026931648,0.3032163008079494,1573
noob| pro| without| robux| steal| egg| roblox,,,,,,,,,,1.0,503295.0,503295.0,13374.0,1004.0,2026-09-25,0.02856773860260881,0,0,1,1,0,0,1,0.0,0.0,1.0285677386026089,1.0285677386026089,0.3085703215807826,791
nooh| bebe| dilpreet| dhillon| latest| punjabi| songs| 2026,,,,,,,,,,1.0,139088.0,139088.0,981.0,20.0,2026-09-25,0.007196882549177499,0,0,1,1,0,0,0,0.0,0.0,1.0071968825491775,1.0071968825491775,0.30215906476475324,1860
nora| fatehi| manohari| baahubali| beginning| prabhas| ultra,,,,,,,,,,1.0,218391.0,218391.0,821.0,3.0,2026-09-30,0.0037730492556927713,0,0,1,1,0,0,0,0.0,0.0,1.0037730492556927,1.0037730492556927,0.3011319147767078,2316
not| normal| teaser| aarish| shah19,,,,,,,,,,1.0,11704.0,11704.0,1288.0,41.0,2026-09-19,0.11355092276144908,0,0,1,1,0,0,1,0.0,0.0,1.113550922761449,1.113550922761449,0.33406527682843473,244
not| safe| here| animaly| bar| ending,,,,,,,,,,1.0,106344.0,106344.0,4007.0,237.0,2026-09-30,0.03990822237267735,0,0,1,1,0,0,1,0.0,0.0,1.0399082223726774,1.0399082223726774,0.31197246671180323,515
not| swim| haunted| pool| poolloop,,,,,,,,,,1.0,43879.0,43879.0,2420.0,224.0,2026-10-07,0.060256614781558374,0,0,1,1,0,0,1,0.0,0.0,1.0602566147815584,1.0602566147815584,0.3180769844344675,323
nrc| nalparar| ram| chandra| assamese| film| releasing| september,,,,,,,,,,1.0,55075.0,55075.0,2810.0,222.0,2026-09-09,0.05505220154334998,0,0,1,1,0,0,1,0.0,0.0,1.0550522015433499,1.0550522015433499,0.31651566046300494,345
nruthyame| naku| sarvamani| yodha| vijay| pranaya| musics,,,,,,,,,,1.0,363504.0,363504.0,4774.0,258.0,2026-10-02,0.013843038866147277,0,0,1,1,0,0,1,0.0,0.0,1.0138430388661472,1.0138430388661472,0.30415291165984415,1362
nse india,,,,,,,92.0,1.0,0.92,,,,,,,,0,1,0,1,0,1,0,0.0,1.42,0.0,1.42,0.568,182
nse ipo allotment status,,,,,,,100.0,1.0,1.0,,,,,,,,0,1,0,1,0,1,0,0.0,1.5,0.0,1.5,0.6000000000000001,174
nse ipo gmp,,,,,,,100.0,2.0,1.0,,,,,,,,0,1,0,1,0,1,0,0.0,2.0,0.0,2.0,0.8,86
nse listing date,,,,,,,100.0,1.0,1.0,,,,,,,,0,1,0,1,0,1,0,0.0,1.5,0.0,1.5,0.6000000000000001,174
nse share price,,,,,,,100.0,1.0,1.0,,,,,,,,0,1,0,1,0,1,0,0.0,1.5,0.0,1.5,0.6000000000000001,174
nua| khai| natia| comedy,,,,,,,,,,1.0,269539.0,269539.0,4701.0,107.0,2026-09-13,0.017837863908376897,0,0,1,1,0,0,1,0.0,0.0,1.017837863908377,1.017837863908377,0.30535135917251305,1177
nungbai| music| bru| khasrangti| reang| agluma| kaubru,,,,,,,,,,1.0,150510.0,150510.0,7100.0,324.0,2026-09-28,0.04932562620423892,0,0,1,1,0,0,1,0.0,0.0,1.049325626204239,1.049325626204239,0.31479768786127166,392
nurses |  saudi |  accident,1.0,1.0,54.0,376.0,2026-10-03 17:12:24,109.50182006,,,,,,,,,,,1,0,0,1,0,0,0,0.6111111111111112,0.0,0.0,0.6111111111111112,0.18333333333333335,2798
nursing |  promise |  turns,1.0,1.0,70.0,70.0,2026-10-02 05:30:49,145.19487561555556,,,,,,,,,,,1,0,0,1,0,0,0,0.6111111111111112,0.0,0.0,0.6111111111111112,0.18333333333333335,2798
nushrratt |  bharuccha |  airlifted,1.0,1.0,75.0,75.0,2026-10-02 06:04:38,144.63126450444443,,,,,,,,,,,1,0,0,1,0,0,0,0.6111111111111112,0.0,0.0,0.6111111111111112,0.18333333333333335,2798
oasis,,,,,,,54.0,1.0,0.54,,,,,,,,0,1,0,1,0,0,0,0.0,1.04,0.0,1.04,0.41600000000000004,212
ob55| tripple| store| update| free| fire| max,,,,,,,,,,1.0,78612.0,78612.0,6197.0,393.0,2026-09-14,0.08382944079784257,0,0,1,1,0,0,1,0.0,0.0,1.0838294407978426,1.0838294407978426,0.32514883223935276,266
objection |  electoral |  deletions,1.0,1.0,40.0,240.0,2026-10-06 02:29:10,52.222375615555556,,,,,,,,,,,1,0,0,1,0,0,0,0.6111111111111112,0.0,0.0,0.6111111111111112,0.18333333333333335,2798
obtained| everything| scramble| update| steal| egg| roblox,,,,,,,,,,1.0,418251.0,418251.0,10720.0,4566.0,2026-09-21,0.036547432044394396,0,0,1,1,0,0,1,0.0,0.0,1.0365474320443944,1.0365474320443944,0.3109642296133183,590
obtained| every| single| divine| roblox| steal| egg,,,,,,,,,,1.0,541048.0,541048.0,9874.0,3478.0,2026-09-30,0.024678032263311202,0,0,1,1,0,0,1,0.0,0.0,1.0246780322633111,1.0246780322633111,0.3074034096789933,910
obtained| world| biggest| divine| octophant| roblox| steal| egg,,,,,,,,,,1.0,474785.0,474785.0,7956.0,3173.0,2026-10-01,0.02344008340617332,0,0,1,1,0,0,1,0.0,0.0,1.0234400834061734,1.0234400834061734,0.307032025021852,966
ocean| mode| back| rank| push| bgmi| live,,,,,,,,,,1.0,810433.0,810433.0,22171.0,45.0,2026-10-01,0.02741250664768093,0,0,1,1,0,0,1,0.0,0.0,1.027412506647681,1.027412506647681,0.30822375199430424,830
october,,,,,,,100.0,2.0,1.0,,,,,,,,0,1,0,1,0,1,0,0.0,2.0,0.0,2.0,0.8,86
october |  india |  bloc,1.0,1.0,89.0,135.0,2026-09-30 11:06:44,187.59626450444446,,,,,,,,,,,1,0,0,1,0,0,0,0.6111111111111112,0.0,0.0,0.6111111111111112,0.18333333333333335,2798
october |  india |  open,1.0,1.0,76.0,72.0,2026-10-01 15:53:15,158.8209867266667,,,,,,,,,,,1,0,0,1,0,0,0,0.6111111111111112,0.0,0.0,0.6111111111111112,0.18333333333333335,2798
october |  wrap |  silver,1.0,1.0,69.0,68.0,2026-10-01 13:43:09,160.98932006,,,,,,,,,,,1,0,0,1,0,0,0,0.6111111111111112,0.0,0.0,0.6111111111111112,0.18333333333333335,2798
odisha |  chhattisgarh |  mahanadi,1.0,1.0,82.0,141.0,2026-10-01 15:58:49,158.7282089488889,,,,,,,,,,,1,0,0,1,0,0,0,0.6111111111111112,0.0,0.0,0.6111111111111112,0.18333333333333335,2798
odisha |  chief |  electoral,1.0,1.0,70.0,70.0,2026-10-05 14:22:17,64.33709783777778,,,,,,,,,,,1,0,0,1,0,0,0,0.6111111111111112,0.0,0.0,0.6111111111111112,0.18333333333333335,2798
officers |  false |  delhi,1.0,1.0,78.0,115.0,2026-10-07 11:03:40,19.647375615555553,,,,,,,,,,,1,0,0,1,1,0,0,0.6111111111111112,0.0,0.0,0.6111111111111112,0.18333333333333335,2798
officers |  unsuitable |  service,1.0,1.0,68.0,433.0,2026-10-01 18:48:45,155.89598672666668,,,,,,,,,,,1,0,0,1,0,0,0,0.6111111111111112,0.0,0.0,0.6111111111111112,0.18333333333333335,2798
officially| joined| garena| partner| program| funwithsrbyt| freefire| vbadge,,,,,,,,,,1.0,94955.0,94955.0,7439.0,403.0,2026-09-13,0.08258648833658049,0,0,1,1,0,0,1,0.0,0.0,1.0825864883365806,1.0825864883365806,0.32477594650097413,269
ohh| dog| pankaj| tripathi| amit| rai| netflix| india,,,,,,,,,,1.0,588893.0,588893.0,2882.0,102.0,2026-10-01,0.005067134436986006,0,0,1,1,0,0,0,0.0,0.0,1.005067134436986,1.005067134436986,0.30152014033109575,2092
okhrangni| okhafwr| bodo| film| 2026,,,,,,,,,,1.0,56677.0,56677.0,1931.0,57.0,2026-10-04,0.035075956737300844,0,0,1,1,0,0,1,0.0,0.0,1.035075956737301,1.035075956737301,0.31052278702119024,629
ola electric share price,,,,,,,100.0,1.0,1.0,,,,,,,,0,1,0,1,0,1,0,0.0,1.5,0.0,1.5,0.6000000000000001,174
old| duo| choose| who| best| rivals| roblox,,,,,,,,,,1.0,406786.0,406786.0,6807.0,4354.0,2026-10-07,0.02743703077293712,0,0,1,1,0,0,1,0.0,0.0,1.027437030772937,1.027437030772937,0.3082311092318811,829
old| hindi| songs| 90s| love| udit| narayan| alka,,,,,,,,,,4.0,691447.0,2765788.0,1834.25,25.25,2026-09-15,0.0026892878268327145,0,0,1,1,0,0,0,0.0,0.0,4.002689287826833,4.002689287826833,1.2008067863480498,66
old| hits| hindi| sadabahar| sharmila| tagore,,,,,,,,,,1.0,657621.0,657621.0,603.0,34.0,2026-10-02,0.0009686430329931678,0,0,1,1,0,0,0,0.0,0.0,1.0009686430329932,1.0009686430329932,0.30029059290989796,2702
old| hits| mujra| asha,,,,,,,,,,1.0,562476.0,562476.0,625.0,26.0,2026-10-05,0.0011573827149958399,0,0,1,1,0,0,0,0.0,0.0,1.0011573827149958,1.0011573827149958,0.3003472148144987,2686
old| hits| sadabahar| lata,,,,,,,,,,1.0,1234375.0,1234375.0,1774.0,30.0,2026-09-13,0.0014614683544303798,0,0,1,1,0,0,0,0.0,0.0,1.0014614683544303,1.0014614683544303,0.30043844050632906,2671
old| money| khasa| aala| chahar| manya| yadav| akshita,,,,,,,,,,1.0,1627082.0,1627082.0,8793.0,542.0,2026-09-11,0.005737264624647067,0,0,1,1,0,0,0,0.0,0.0,1.005737264624647,1.005737264624647,0.30172117938739407,2008
oli mcburnie,,,,,,,52.0,1.0,0.52,,,,,,,,0,1,0,1,0,0,0,0.0,1.02,0.0,1.02,0.40800000000000003,214
oman |  israel |  missed,1.0,1.0,73.0,73.0,2026-10-05 04:17:37,74.41487561555554,,,,,,,,,,,1,0,0,1,0,0,0,0.6111111111111112,0.0,0.0,0.6111111111111112,0.18333333333333335,2798
omani |  flagged |  extremism,1.0,1.0,81.0,100.0,2026-10-03 04:55:01,121.79154228222222,,,,,,,,,,,1,0,0,1,0,0,0,0.6111111111111112,0.0,0.0,0.6111111111111112,0.18333333333333335,2798
omar |  abdullah |  voter,1.0,1.0,93.0,152.0,2026-10-07 02:29:10,28.222375615555556,,,,,,,,,,,1,0,0,1,0,0,0,0.6111111111111112,0.0,0.0,0.6111111111111112,0.18333333333333335,2798
omdia |  indias |  market,1.0,1.0,84.0,84.0,2026-10-01 06:33:17,168.15376450444447,,,,,,,,,,,1,0,0,1,0,0,0,0.6111111111111112,0.0,0.0,0.6111111111111112,0.18333333333333335,2798
omg| annu| play| insane| prank| gone| wrong,,,,,,,,,,1.0,247934.0,247934.0,11393.0,655.0,2026-10-03,0.048593577322997246,0,0,1,1,0,0,1,0.0,0.0,1.0485935773229973,1.0485935773229973,0.3145780731968992,400
omg| tommy| almost| killed| michael| gta| real| life,,,,,,,,,,1.0,400784.0,400784.0,15987.0,1065.0,2026-09-06,0.04254660864705178,0,0,1,1,0,0,1,0.0,0.0,1.0425466086470518,1.0425466086470518,0.31276398259411553,469
omkar| swaroopa| suresh| wadkar| marathi| bhaktigeet| ganesh| chaturthi,,,,,,,,,,1.0,14944.0,14944.0,43.0,1.0,2026-09-16,0.0029443254817987153,0,0,1,1,0,0,0,0.0,0.0,1.0029443254817987,1.0029443254817987,0.3008832976445396,2473
onbathu| kolum| vinayagar| chaturthi| 2026| songs,,,,,,,,,,1.0,44988.0,44988.0,216.0,4.0,2026-09-13,0.004890192940339646,0,0,1,1,0,0,0,0.0,0.0,1.0048901929403395,1.0048901929403395,0.3014670578821019,2122
onbathu| kolum| vinayagar| songs| vinayaka| chaturthi| 2026,,,,,,,,,,1.0,241060.0,241060.0,709.0,16.0,2026-09-14,0.0030075499875549657,0,0,1,1,0,0,0,0.0,0.0,1.003007549987555,1.003007549987555,0.3009022649962665,2457
once| upon| time| free| fire,,,,,,,,,,1.0,563904.0,563904.0,17533.0,2343.0,2026-10-07,0.0352471342639882,0,0,1,1,0,0,1,0.0,0.0,1.0352471342639882,1.0352471342639882,0.31057414027919644,622
ondhe| ondu| brindavihari| golden| mega| ganesh| chithra| vnp,,,,,,,,,,1.0,3249811.0,3249811.0,11704.0,741.0,2026-09-24,0.003829453466678524,0,0,1,1,0,0,0,0.0,0.0,1.0038294534666785,1.0038294534666785,0.30114883604000353,2301
oneplus |  nord |  gets,1.0,1.0,71.0,70.0,2026-10-08 06:35:02,0.12459783777777778,,,,,,,,,,,1,0,0,1,1,0,0,0.6111111111111112,0.0,0.0,0.6111111111111112,0.18333333333333335,2798
one| about| matthew| perry| netflix,,,,,,,,,,1.0,2172320.0,2172320.0,28734.0,1583.0,2026-09-29,0.013956046991235177,0,0,1,1,0,0,1,0.0,0.0,1.0139560469912352,1.0139560469912352,0.30418681409737053,1356
one| block| golem| battle| minecraft,,,,,,,,,,1.0,332866.0,332866.0,5214.0,2096.0,2026-09-11,0.021960789026214754,0,0,1,1,0,0,1,0.0,0.0,1.0219607890262148,1.0219607890262148,0.30658823670786445,1013
one| can| enter| emerald| door| village,,,,,,,,,,1.0,426902.0,426902.0,4064.0,181.0,2026-10-06,0.009943734159127856,0,0,1,1,0,0,0,0.0,0.0,1.0099437341591277,1.0099437341591277,0.3029831202477383,1637
one| name| jailer,,,,,,,,,,1.0,781468.0,781468.0,16267.0,489.0,2026-09-29,0.021441696908894543,0,0,1,1,0,0,1,0.0,0.0,1.0214416969088946,1.0214416969088946,0.3064325090726684,1034
one| point| chicken| tag| insane| final| match,,,,,,,,,,1.0,341990.0,341990.0,17916.0,618.0,2026-10-03,0.05419456709260505,0,0,1,1,0,0,1,0.0,0.0,1.054194567092605,1.054194567092605,0.31625837012778146,350
one| sun| moon| jailer,,,,,,,,,,1.0,1161668.0,1161668.0,20223.0,704.0,2026-09-25,0.018014613469597165,0,0,1,1,0,0,1,0.0,0.0,1.018014613469597,1.018014613469597,0.3054043840408791,1166
only| naruto| challenge| battle| royale| kill| booyah| garena,,,,,,,,,,1.0,200273.0,200273.0,11181.0,1229.0,2026-09-19,0.061965417205514475,0,0,1,1,0,0,1,0.0,0.0,1.0619654172055144,1.0619654172055144,0.3185896251616543,315
onna| thottu| lyric| dorothy| maestro| ilaiyaraaja| karthik| subbaraj,,,,,,,,,,1.0,1460736.0,1460736.0,22507.0,1667.0,2026-09-24,0.01654919164037855,0,0,1,1,0,0,1,0.0,0.0,1.0165491916403786,1.0165491916403786,0.30496475749211355,1229
ooroda| oththa| don| baththa,,,,,,,,,,1.0,527501.0,527501.0,12324.0,394.0,2026-09-22,0.024109906900650426,0,0,1,1,0,0,1,0.0,0.0,1.0241099069006505,1.0241099069006505,0.3072329720701951,934
ooroda| oththa| don| lyric| baththa| vijay| sethupathi| saiabhyankkar,,,,,,,,,,1.0,1651277.0,1651277.0,15685.0,641.0,2026-09-22,0.009886893598106194,0,0,1,1,0,0,0,0.0,0.0,1.0098868935981062,1.0098868935981062,0.3029660680794319,1644
open |  gate |  akashvani,1.0,1.0,102.0,155.0,2026-10-07 00:58:29,29.733764504444444,,,,,,,,,,,1,0,0,1,0,0,0,0.6111111111111112,0.0,0.0,0.6111111111111112,0.18333333333333335,2798
openai |  employee |  quits,1.0,1.0,71.0,55.0,2026-10-04 04:45:57,97.94265339333333,,,,,,,,,,,1,0,0,1,0,0,0,0.6111111111111112,0.0,0.0,0.6111111111111112,0.18333333333333335,2798
openai |  faces |  problem,1.0,1.0,58.0,55.0,2026-10-03 07:39:07,119.05654228222221,,,,,,,,,,,1,0,0,1,0,0,0,0.6111111111111112,0.0,0.0,0.6111111111111112,0.18333333333333335,2798
openai |  researchers |  safety,1.0,1.0,79.0,436.0,2026-10-02 03:00:48,147.69515339333336,,,,,,,,,,,1,0,0,1,0,0,0,0.6111111111111112,0.0,0.0,0.6111111111111112,0.18333333333333335,2798
opened| 100| limited| extinction| eggs| steal| egg| roblox,,,,,,,,,,1.0,383755.0,383755.0,9869.0,2860.0,2026-09-28,0.033169600396086046,0,0,1,1,0,0,1,0.0,0.0,1.033169600396086,1.033169600396086,0.30995088011882577,674
opened| 100| luminious| angel| demon| eggs| steal| egg,,,,,,,,,,1.0,387545.0,387545.0,8790.0,2824.0,2026-09-14,0.029968132732972944,0,0,1,1,0,0,1,0.0,0.0,1.029968132732973,1.029968132732973,0.3089904398198919,754
opened| 150| demon| angel| eggs| steal| egg| roblox,,,,,,,,,,1.0,647951.0,647951.0,18489.0,1016.0,2026-09-28,0.03010258491768668,0,0,1,1,0,0,1,0.0,0.0,1.0301025849176866,1.0301025849176866,0.30903077547530594,748
opened| hell| heaven| prison| scary| entities| minecraft,,,,,,,,,,1.0,486916.0,486916.0,5244.0,288.0,2026-09-11,0.011361302565534918,0,0,1,1,0,0,1,0.0,0.0,1.011361302565535,1.011361302565535,0.3034083907696605,1525
opened| shoes| shop| villager| minecraft,,,,,,,,,,1.0,997282.0,997282.0,11052.0,429.0,2026-09-26,0.011512290405321665,0,0,1,1,0,0,1,0.0,0.0,1.0115122904053218,1.0115122904053218,0.30345368712159654,1511
operation safed sagar,,,,,,,17.0,1.0,0.17,,,,,,,,0,1,0,1,0,0,0,0.0,0.67,0.0,0.67,0.268,2793
opinion |  autonomous |  wingmen,1.0,1.0,84.0,98.0,2026-10-08 05:42:08,1.0062645044444445,,,,,,,,,,,1,0,0,1,1,0,0,0.6111111111111112,0.0,0.0,0.6111111111111112,0.18333333333333335,2798
opinion |  india |  faces,2.0,2.0,74.0,75.0,2026-10-06 06:52:38,47.83126450444445,,,,,,,,,,,1,0,0,1,0,0,0,1.2222222222222223,0.0,0.0,1.2222222222222223,0.3666666666666667,223
opposition |  ante |  against,1.0,1.0,74.0,74.0,2026-10-06 16:29:14,38.22126450444445,,,,,,,,,,,1,0,0,1,0,0,0,0.6111111111111112,0.0,0.0,0.6111111111111112,0.18333333333333335,2798
opposition |  anti |  president,1.0,1.0,104.0,142.0,2026-10-08 02:46:51,3.9276533933333333,,,,,,,,,,,1,0,0,1,1,0,0,0.6111111111111112,0.0,0.0,0.6111111111111112,0.18333333333333335,2798
opposition |  constitutional |  bodies,1.0,1.0,65.0,133.0,2026-10-06 13:46:21,40.93598672666667,,,,,,,,,,,1,0,0,1,0,0,0,0.6111111111111112,0.0,0.0,0.6111111111111112,0.18333333333333335,2798
opposition |  meeting |  president,1.0,1.0,86.0,148.0,2026-10-07 14:56:44,15.76293117111111,,,,,,,,,,,1,0,0,1,1,0,0,0.6111111111111112,0.0,0.0,0.6111111111111112,0.18333333333333335,2798
opposition |  motion |  kumar,1.0,1.0,90.0,148.0,2026-10-01 02:25:00,172.29182006000002,,,,,,,,,,,1,0,0,1,0,0,0,0.6111111111111112,0.0,0.0,0.6111111111111112,0.18333333333333335,2798
opposition |  protest |  claims,1.0,1.0,105.0,142.0,2026-10-07 16:03:02,14.65793117111111,,,,,,,,,,,1,0,0,1,1,0,0,0.6111111111111112,0.0,0.0,0.6111111111111112,0.18333333333333335,2798
opps| ammy| virk| arjan| ary| punjabi| songs| 2026,,,,,,,,,,1.0,713449.0,713449.0,10129.0,997.0,2026-09-10,0.015594667593619166,0,0,1,1,0,0,1,0.0,0.0,1.0155946675936192,1.0155946675936192,0.30467840027808574,1274
optogenetics |  moving |  brain,1.0,1.0,65.0,65.0,2026-10-05 12:31:17,66.18709783777778,,,,,,,,,,,1,0,0,1,0,0,0,0.6111111111111112,0.0,0.0,0.6111111111111112,0.18333333333333335,2798
orient cables ipo gmp,,,,,,,100.0,2.0,1.0,,,,,,,,0,1,0,1,0,1,0,0.0,2.0,0.0,2.0,0.8,86
orient cables share price,,,,,,,100.0,1.0,1.0,,,,,,,,0,1,0,1,0,1,0,0.0,1.5,0.0,1.5,0.6000000000000001,174
orijinal| sreenath| bhasi| electronic| kili| ramees| harshad| kaka,,,,,,,,,,1.0,272012.0,272012.0,3158.0,837.0,2026-10-07,0.014686852050644824,0,0,1,1,0,0,1,0.0,0.0,1.014686852050645,1.014686852050645,0.30440605561519346,1320
orochi| love| universe,,,,,,,,,,1.0,273580.0,273580.0,11282.0,0.0,2026-09-10,0.04123839461948973,0,0,1,1,0,0,1,0.0,0.0,1.0412383946194896,1.0412383946194896,0.31237151838584687,491
oru| rojathottam| lyrics| manuneethi| deva| unnikrishnan| chithra| murali,,,,,,,,,,1.0,27159.0,27159.0,137.0,1.0,2026-09-19,0.005081188556279686,0,0,1,1,0,0,0,0.0,0.0,1.0050811885562796,1.0050811885562796,0.30152435656688387,2091
oseh| pele| john| jebaraj| bezalel| charly| johnjebarajnewsong| tamilchristiansongs,,,,,,,,,,1.0,470357.0,470357.0,12832.0,690.0,2026-09-26,0.028748376233371672,0,0,1,1,0,0,1,0.0,0.0,1.0287483762333716,1.0287483762333716,0.30862451287001147,783
other| mommy,,,,,,,,,,1.0,4242911.0,4242911.0,18864.0,1067.0,2026-09-15,0.004697482459566086,0,0,1,1,0,0,0,0.0,0.0,1.004697482459566,1.004697482459566,0.3014092447378698,2150
ottam| music| asal| kolaar| mass| appeal| prod| urban,,,,,,,,,,1.0,1892084.0,1892084.0,40595.0,881.0,2026-09-03,0.021920802670494545,0,0,1,1,0,0,1,0.0,0.0,1.0219208026704945,1.0219208026704945,0.3065762408011483,1014
ottam| thullal| vishnu| unnikrishnan| harisree| ashokan| marthandan,,,,,,,,,,1.0,168184.0,168184.0,1007.0,249.0,2026-09-12,0.007468011225800314,0,0,1,1,0,0,0,0.0,0.0,1.0074680112258003,1.0074680112258003,0.3022404033677401,1833
our| ending,,,,,,,,,,1.0,104082.0,104082.0,1380.0,24.0,2026-09-28,0.013489364155185335,0,0,1,1,0,0,1,0.0,0.0,1.0134893641551854,1.0134893641551854,0.30404680924655564,1384
outlook,,,,,,,83.0,1.0,0.83,,,,,,,,0,1,0,1,0,1,0,0.0,1.33,0.0,1.33,0.532,189
over |  calls |  copycat,1.0,1.0,73.0,73.0,2026-10-04 03:09:07,99.55654228222221,,,,,,,,,,,1,0,0,1,0,0,0,0.6111111111111112,0.0,0.0,0.6111111111111112,0.18333333333333335,2798
over |  colleagues |  year,1.0,1.0,80.0,146.0,2026-10-06 02:30:10,52.20570894888889,,,,,,,,,,,1,0,0,1,0,0,0,0.6111111111111112,0.0,0.0,0.6111111111111112,0.18333333333333335,2798
over |  market |  middle,1.0,1.0,85.0,158.0,2026-10-05 13:23:48,65.31182006,,,,,,,,,,,1,0,0,1,0,0,0,0.6111111111111112,0.0,0.0,0.6111111111111112,0.18333333333333335,2798
owner |  mohammad |  deepak,1.0,1.0,76.0,94.0,2026-10-02 04:35:07,146.1232089488889,,,,,,,,,,,1,0,0,1,0,0,0,0.6111111111111112,0.0,0.0,0.6111111111111112,0.18333333333333335,2798
oyo| rajeev| yadav| srishti| bharti| muskan| maghi,,,,,,,,,,1.0,240439.0,240439.0,7476.0,294.0,2026-09-11,0.03231588885330583,0,0,1,1,0,0,1,0.0,0.0,1.0323158888533057,1.0323158888533057,0.3096947666559917,696
paalmazhai| vishwanath| sons| suriya| mamitha| baiju| prakash| venky,,,,,,,,,,1.0,459922.0,459922.0,1826.0,48.0,2026-09-18,0.0040746039545836036,0,0,1,1,0,0,0,0.0,0.0,1.0040746039545836,1.0040746039545836,0.30122238118637507,2261
paas| nahin| aana| rajesh| khanna| mumtaz| kishore| kumar,,,,,,,,,,1.0,492432.0,492432.0,682.0,5.0,2026-09-20,0.0013951164830880202,0,0,1,1,0,0,0,0.0,0.0,1.001395116483088,1.001395116483088,0.30041853494492643,2676
paas| woh| aane| lage| main| khiladi| anari| kumar,,,,,,,,,,1.0,582437.0,582437.0,2443.0,27.0,2026-09-28,0.0042408020094877215,0,0,1,1,0,0,0,0.0,0.0,1.0042408020094877,1.0042408020094877,0.3012722406028463,2242
padayaatra| mammootty| adoor| gopalakrishnan| kampany,,,,,,,,,,1.0,1418295.0,1418295.0,23482.0,1322.0,2026-09-12,0.017488604274851143,0,0,1,1,0,0,1,0.0,0.0,1.0174886042748512,1.0174886042748512,0.30524658128245535,1186
padma| ekadashi| aarti| mata,,,,,,,,,,1.0,49137.0,49137.0,489.0,29.0,2026-09-22,0.010541954128253659,0,0,1,1,0,0,0,0.0,0.0,1.0105419541282536,1.0105419541282536,0.3031625862384761,1584
padma| ekadashi| bhajan| 2026| parivartini| story,,,,,,,,,,1.0,45336.0,45336.0,639.0,32.0,2026-09-21,0.014800599964707959,0,0,1,1,0,0,1,0.0,0.0,1.014800599964708,1.014800599964708,0.3044401799894124,1312
pahije| music| sanju| rathod| juilee| joglekar| spxrk| saumya,,,,,,,,,,1.0,2159253.0,2159253.0,41422.0,896.0,2026-09-16,0.019598444462043122,0,0,1,1,0,0,1,0.0,0.0,1.0195984444620432,1.0195984444620432,0.30587953333861295,1102
painted| get| rich| roblox,,,,,,,,,,1.0,48816.0,48816.0,587.0,44.0,2026-10-05,0.01292608980662078,0,0,1,1,0,0,1,0.0,0.0,1.0129260898066208,1.0129260898066208,0.30387782694198623,1411
paint| get| caught| roblox,,,,,,,,,,1.0,63943.0,63943.0,1596.0,178.0,2026-09-17,0.027743459018188074,0,0,1,1,0,0,1,0.0,0.0,1.027743459018188,1.027743459018188,0.3083230377054564,825
pakistan,,,,,,,22.0,1.0,0.22,,,,,,,,0,1,0,1,0,0,0,0.0,0.72,0.0,0.72,0.288,2790
pakistan cricket,,,,,,,5.0,1.0,0.05,,,,,,,,0,1,0,1,0,0,0,0.0,0.55,0.0,0.55,0.22000000000000003,2796
pakistan vs thailand,,,,,,,100.0,1.0,1.0,,,,,,,,0,1,0,1,0,1,0,0.0,1.5,0.0,1.5,0.6000000000000001,174
pakistan |  envoy |  over,1.0,1.0,115.0,153.0,2026-10-03 11:39:30,115.05015339333333,,,,,,,,,,,1,0,0,1,0,0,0,0.6111111111111112,0.0,0.0,0.6111111111111112,0.18333333333333335,2798
pakistan |  help |  saudi,1.0,1.0,73.0,73.0,2026-10-07 01:00:00,29.708486726666667,,,,,,,,,,,1,0,0,1,0,0,0,0.6111111111111112,0.0,0.0,0.6111111111111112,0.18333333333333335,2798
pakistan |  india |  asian,1.0,1.0,77.0,417.0,2026-10-04 05:47:35,96.91543117111111,,,,,,,,,,,1,0,0,1,0,0,0,0.6111111111111112,0.0,0.0,0.6111111111111112,0.18333333333333335,2798
pakistan |  india |  summon,1.0,1.0,86.0,86.0,2026-10-04 06:19:38,96.38126450444445,,,,,,,,,,,1,0,0,1,0,0,0,0.6111111111111112,0.0,0.0,0.6111111111111112,0.18333333333333335,2798
pakistan |  terror |  monsters,1.0,1.0,73.0,92.0,2026-10-08 03:30:15,3.20432006,,,,,,,,,,,1,0,0,1,1,0,0,0.6111111111111112,0.0,0.0,0.6111111111111112,0.18333333333333335,2798
pakistani |  dolphins |  nose,1.0,1.0,85.0,167.0,2026-10-07 13:26:43,17.263208948888888,,,,,,,,,,,1,0,0,1,1,0,0,0.6111111111111112,0.0,0.0,0.6111111111111112,0.18333333333333335,2798
pakistani |  module |  honey,1.0,1.0,83.0,151.0,2026-10-06 19:25:24,35.28515339333333,,,,,,,,,,,1,0,0,1,0,0,0,0.6111111111111112,0.0,0.0,0.6111111111111112,0.18333333333333335,2798
pakistani| lion| attacked| indian| goat| took| revenge| theft,,,,,,,,,,1.0,225152.0,225152.0,875.0,7.0,2026-09-25,0.003917353610005685,0,0,1,1,0,0,0,0.0,0.0,1.0039173536100057,1.0039173536100057,0.3011752060830017,2288
palkhi| nighali| rajachi| lalbaugcha| raja| ganpati| bappa| mashup,,,,,,,,,,2.0,203339.0,406678.0,670.5,25.0,2026-09-22,0.0034203964807538153,0,0,1,1,0,0,0,0.0,0.0,2.0034203964807538,2.0034203964807538,0.6010261189442261,150
pal| hartalika| teej| katha| story,,,,,,,,,,1.0,222047.0,222047.0,1081.0,121.0,2026-09-13,0.005413268362103519,0,0,1,1,0,0,0,0.0,0.0,1.0054132683621035,1.0054132683621035,0.30162398050863104,2047
pal| jeena| kaho| naa| pyaar| hai| hrithik| roshan,,,,,,,,,,1.0,137229.0,137229.0,763.0,8.0,2026-10-03,0.005618345976433552,0,0,1,1,0,0,0,0.0,0.0,1.0056183459764336,1.0056183459764336,0.3016855037929301,2017
pal| jitiya| vrat| katha| story,,,,,,,,,,1.0,234877.0,234877.0,599.0,32.0,2026-10-02,0.0026865125150610744,0,0,1,1,0,0,0,0.0,0.0,1.002686512515061,1.002686512515061,0.3008059537545183,2523
pal| padma| ekadashi| katha,,,,,,,,,,1.0,10907.0,10907.0,200.0,8.0,2026-09-21,0.01907032181168057,0,0,1,1,0,0,1,0.0,0.0,1.0190703218116806,1.0190703218116806,0.30572109654350416,1129
pal| parivartini| ekadashi| katha,,,,,,,,,,1.0,67022.0,67022.0,965.0,69.0,2026-09-21,0.015427769985974754,0,0,1,1,0,0,1,0.0,0.0,1.0154277699859748,1.0154277699859748,0.30462833099579245,1283
panel |  court |  visit,1.0,1.0,72.0,90.0,2026-10-02 03:53:54,146.81015339333334,,,,,,,,,,,1,0,0,1,0,0,0,0.6111111111111112,0.0,0.0,0.6111111111111112,0.18333333333333335,2798
panjabrao| dakh| live| havaman| andaj| today,,,,,,,,,,1.0,124982.0,124982.0,209.0,2.0,2026-09-28,0.001688243107007409,0,0,1,1,0,0,0,0.0,0.0,1.0016882431070073,1.0016882431070073,0.3005064729321022,2652
pankaj| mistry| man| gamti| malan| gujarati| 2026| jhankar,,,,,,,,,,1.0,53847.0,53847.0,895.0,19.0,2026-09-25,0.016974018979701747,0,0,1,1,0,0,1,0.0,0.0,1.0169740189797019,1.0169740189797019,0.30509220569391055,1210
paper |  demand |  target,1.0,1.0,64.0,285.0,2026-10-01 02:24:30,172.30015339333335,,,,,,,,,,,1,0,0,1,0,0,0,0.6111111111111112,0.0,0.0,0.6111111111111112,0.18333333333333335,2798
paradise| audio| jukebox| nani| kayadu| lohar| anirudh| ravichander,,,,,,,,,,1.0,980618.0,980618.0,16983.0,507.0,2026-09-23,0.017835691370135975,0,0,1,1,0,0,1,0.0,0.0,1.017835691370136,1.017835691370136,0.3053507074110408,1178
paradise| final| nani| srikanth| odela| anirudh,,,,,,,,,,1.0,450101.0,450101.0,1589.0,0.0,2026-09-23,0.003530318750680403,0,0,1,1,0,0,0,0.0,0.0,1.0035303187506803,1.0035303187506803,0.3010590956252041,2355
paradise| final| release| nani| srikanth| odela| anirudh| ravichander,,,,,,,,,,2.0,491258.5,982517.0,1237.5,22.5,2026-09-23,0.002564841117252933,0,0,1,1,0,0,0,0.0,0.0,2.0025648411172527,2.0025648411172527,0.6007694523351758,159
paradise| hindi| nani| srikanth| odela| anirudh| ravichander| sept,,,,,,,,,,1.0,3007553.0,3007553.0,10571.0,242.0,2026-09-22,0.00359528161265986,0,0,1,1,0,0,0,0.0,0.0,1.0035952816126599,1.0035952816126599,0.30107858448379793,2344
paradise| movie| why| nani,,,,,,,,,,1.0,19166.0,19166.0,774.0,164.0,2026-09-12,0.04894083272461651,0,0,1,1,0,0,1,0.0,0.0,1.0489408327246166,1.0489408327246166,0.31468224981738496,397
paradise| release| nani| srikanth| odela| anirudh| ravichander,,,,,,,,,,1.0,434287.0,434287.0,1930.0,38.0,2026-09-21,0.004531565531549413,0,0,1,1,0,0,0,0.0,0.0,1.0045315655315494,1.0045315655315494,0.3013594696594648,2176
paradise| telugu| nani| srikanth| odela| anirudh| ravichander| sept,,,,,,,,,,1.0,1698137.0,1698137.0,13039.0,204.0,2026-09-21,0.007798546289256992,0,0,1,1,0,0,0,0.0,0.0,1.007798546289257,1.007798546289257,0.3023395638867771,1810
paramparik| karma| geet| 2026,,,,,,,,,,1.0,266808.0,266808.0,1106.0,9.0,2026-09-16,0.004179035111390963,0,0,1,1,0,0,0,0.0,0.0,1.004179035111391,1.004179035111391,0.3012537105334173,2250
parda| kar| pujari| dikhne| radha| bhajan| 2026,,,,,,,,,,1.0,37927.0,37927.0,189.0,6.0,2026-09-26,0.005141455954860654,0,0,1,1,0,0,0,0.0,0.0,1.0051414559548606,1.0051414559548606,0.30154243678645815,2082
parda| kar| pujari| popular| shiv| bhajan| 2026,,,,,,,,,,1.0,60807.0,60807.0,556.0,32.0,2026-09-06,0.009669939316197149,0,0,1,1,0,0,0,0.0,0.0,1.0096699393161972,1.0096699393161972,0.30290098179485914,1664
pardes| jake| pardesiya| bhool| jaana| piya| reena| roy,,,,,,,,,,1.0,463154.0,463154.0,710.0,16.0,2026-09-26,0.0015675131813608432,0,0,1,1,0,0,0,0.0,0.0,1.0015675131813608,1.0015675131813608,0.30047025395440824,2659
parivartini| ekadashi| katha,,,,,,,,,,1.0,47921.0,47921.0,596.0,32.0,2026-09-21,0.013104901817574758,0,0,1,1,0,0,1,0.0,0.0,1.0131049018175748,1.0131049018175748,0.3039314705452724,1399
parivartini| ekadashi| special| bhajan,,,,,,,,,,1.0,42980.0,42980.0,1520.0,126.0,2026-09-21,0.03829688227082364,0,0,1,1,0,0,1,0.0,0.0,1.0382968822708236,1.0382968822708236,0.3114890646812471,549
parliament |  opposition |  annexe,1.0,1.0,98.0,150.0,2026-10-06 16:37:27,38.08432006,,,,,,,,,,,1,0,0,1,0,0,0,0.6111111111111112,0.0,0.0,0.6111111111111112,0.18333333333333335,2798
parties |  left |  voters,1.0,1.0,98.0,246.0,2026-10-02 02:23:00,148.32515339333335,,,,,,,,,,,1,0,0,1,0,0,0,0.6111111111111112,0.0,0.0,0.6111111111111112,0.18333333333333335,2798
party |  saving |  just,1.0,1.0,90.0,151.0,2026-10-03 09:03:39,117.64765339333333,,,,,,,,,,,1,0,0,1,0,0,0,0.6111111111111112,0.0,0.0,0.6111111111111112,0.18333333333333335,2798
party |  sought |  meeting,1.0,1.0,82.0,154.0,2026-10-06 15:35:01,39.12487561555556,,,,,,,,,,,1,0,0,1,0,0,0,0.6111111111111112,0.0,0.0,0.6111111111111112,0.18333333333333335,2798
party |  suspended |  anti,1.0,1.0,104.0,134.0,2026-10-04 02:14:10,100.47237561555555,,,,,,,,,,,1,0,0,1,0,0,0,0.6111111111111112,0.0,0.0,0.6111111111111112,0.18333333333333335,2798
party |  will |  active,1.0,1.0,77.0,108.0,2026-10-07 12:17:41,18.413764504444444,,,,,,,,,,,1,0,0,1,1,0,0,0.6111111111111112,0.0,0.0,0.6111111111111112,0.18333333333333335,2798
parvatichya| bala| classic| entertainment,,,,,,,,,,1.0,419643.0,419643.0,1526.0,24.0,2026-09-10,0.0036936157638754845,0,0,1,1,0,0,0,0.0,0.0,1.0036936157638754,1.0036936157638754,0.3011080847291626,2328
parvatichya| bala| ganpati| parvatichyabala| remix| bappa,,,,,,,,,,1.0,208568.0,208568.0,867.0,37.0,2026-09-17,0.004334317824402593,0,0,1,1,0,0,0,0.0,0.0,1.0043343178244026,1.0043343178244026,0.3013002953473208,2224
parvatichya| bala| ganpati| remix| shubham,,,,,,,,,,1.0,641387.0,641387.0,1642.0,44.0,2026-09-14,0.0026286781615467727,0,0,1,1,0,0,0,0.0,0.0,1.0026286781615468,1.0026286781615468,0.30078860344846403,2537
parvatichya| bala| ganpati| songs| nonstop| 2026,,,,,,,,,,1.0,109693.0,109693.0,298.0,12.0,2026-09-21,0.0028260691201808684,0,0,1,1,0,0,0,0.0,0.0,1.002826069120181,1.002826069120181,0.30084782073605426,2498
parvati| audio| jab| zid| gayi| hanuman| ansh| sadhu,,,,,,,,,,1.0,1729653.0,1729653.0,9721.0,331.0,2026-09-30,0.005811570297626171,0,0,1,1,0,0,0,0.0,0.0,1.0058115702976262,1.0058115702976262,0.30174347108928784,2006
parvati| kahe| manwa| aaya| hanuman| ansh| sadhu| vaayu,,,,,,,,,,1.0,174535.0,174535.0,1312.0,50.0,2026-09-11,0.007803592402669952,0,0,1,1,0,0,0,0.0,0.0,1.00780359240267,1.00780359240267,0.302341077720801,1808
parvati| lyrical| jab| zid| gayi| hanuman| ansh| sadhu,,,,,,,,,,1.0,1612204.0,1612204.0,11633.0,208.0,2026-09-09,0.007344604032740273,0,0,1,1,0,0,0,0.0,0.0,1.0073446040327403,1.0073446040327403,0.3022033812098221,1846
parwana| alka| yagnik| udit| narayan| songs| ajay| devgan,,,,,,,,,,1.0,151304.0,151304.0,642.0,3.0,2026-09-14,0.004262940834346746,0,0,1,1,0,0,0,0.0,0.0,1.0042629408343466,1.0042629408343466,0.30127888225030397,2237
passenger |  airport |  bullets,1.0,1.0,64.0,79.0,2026-10-06 04:30:18,50.20348672666667,,,,,,,,,,,1,0,0,1,0,0,0,0.6111111111111112,0.0,0.0,0.6111111111111112,0.18333333333333335,2798
patanpur| paat| devta| mithleshwari| sen| 2026| viral,,,,,,,,,,1.0,133017.0,133017.0,1500.0,47.0,2026-09-23,0.011630092394205252,0,0,1,1,0,0,1,0.0,0.0,1.0116300923942052,1.0116300923942052,0.30348902771826153,1496
patekar |  nana |  accorded,1.0,1.0,70.0,356.0,2026-10-08 02:14:56,4.459597837777777,,,,,,,,,,,1,0,0,1,1,0,0,0.6111111111111112,0.0,0.0,0.6111111111111112,0.18333333333333335,2798
patekar |  nana |  death,1.0,1.0,70.0,434.0,2026-10-08 04:13:03,2.4909867266666668,,,,,,,,,,,1,0,0,1,1,0,0,0.6111111111111112,0.0,0.0,0.6111111111111112,0.18333333333333335,2798
patekar |  unmistakable |  presence,1.0,1.0,79.0,109.0,2026-10-08 03:54:30,2.8001533933333334,,,,,,,,,,,1,0,0,1,1,0,0,0.6111111111111112,0.0,0.0,0.6111111111111112,0.18333333333333335,2798
patha| dian| prabhu| ganesha| pratikhya| krishna| odia| ganesh,,,,,,,,,,1.0,42303.0,42303.0,289.0,9.0,2026-09-13,0.007044417653594308,0,0,1,1,0,0,0,0.0,0.0,1.0070444176535942,1.0070444176535942,0.30211332529607826,1870
patient zero lyrics,,,,,,,100.0,1.0,1.0,,,,,,,,0,1,0,1,0,1,0,0.0,1.5,0.0,1.5,0.6000000000000001,174
patient| zero,,,,,,,,,,1.0,3032739.0,3032739.0,73410.0,4554.0,2026-09-25,0.025707454548512088,0,0,1,1,0,0,1,0.0,0.0,1.025707454548512,1.025707454548512,0.30771223636455364,879
pawan| raja| yadav| rangdar| hathiyar| pujela| vishwakarma| pooja,,,,,,,,,,1.0,52306.0,52306.0,450.0,54.0,2026-09-14,0.009635605857836576,0,0,1,1,0,0,0,0.0,0.0,1.0096356058578366,1.0096356058578366,0.30289068175735095,1669
pawan| singh| 2026| bihari| dum| srishti| bharti| neelam,,,,,,,,,,1.0,4436893.0,4436893.0,162264.0,26772.0,2026-10-06,0.04260548992279056,0,0,1,1,0,0,1,0.0,0.0,1.0426054899227906,1.0426054899227906,0.31278164697683714,467
pawan| singh| aara| sara| ritika| sharma| shivani| laakhan,,,,,,,,,,1.0,4550495.0,4550495.0,88932.0,11942.0,2026-09-15,0.022167698239422304,0,0,1,1,0,0,1,0.0,0.0,1.0221676982394223,1.0221676982394223,0.3066503094718267,1007
pawan| singh| beauty| kharab| jai| shilpi| raj| sheetal,,,,,,,,,,1.0,1510511.0,1510511.0,30209.0,2548.0,2026-09-22,0.02168603869816241,0,0,1,1,0,0,1,0.0,0.0,1.0216860386981623,1.0216860386981623,0.3065058116094487,1022
pawan| singh| dev| dulari| aavya| dubey| bhojpuri| devi,,,,,,,,,,1.0,5518098.0,5518098.0,140957.0,16473.0,2026-10-01,0.02852975789846429,0,0,1,1,0,0,1,0.0,0.0,1.0285297578984642,1.0285297578984642,0.30855892736953927,792
pawan| singh| jan| hau| hamar| jaan| devar| bhabhi,,,,,,,,,,1.0,163883.0,163883.0,755.0,6.0,2026-09-17,0.004643556683731687,0,0,1,1,0,0,0,0.0,0.0,1.0046435566837317,1.0046435566837317,0.30139306700511953,2157
pawan| singh| latest| devi| geet| 2026,,,,,,,,,,1.0,65171.0,65171.0,128.0,3.0,2026-09-21,0.0020100965153212317,0,0,1,1,0,0,0,0.0,0.0,1.0020100965153211,1.0020100965153211,0.30060302895459634,2622
pawan| singh| lehanga| lahke| shilpi| raj| bhojpuri| 2026,,,,,,,,,,1.0,5954194.0,5954194.0,159612.0,33993.0,2026-09-27,0.03251573596695036,0,0,1,1,0,0,1,0.0,0.0,1.0325157359669503,1.0325157359669503,0.3097547207900851,692
pawan| singh| mai| acharwa| shivani| sargam| akash| bhojpuri,,,,,,,,,,1.0,647003.0,647003.0,26204.0,1629.0,2026-10-07,0.04301834767381295,0,0,1,1,0,0,1,0.0,0.0,1.0430183476738129,1.0430183476738129,0.31290550430214387,463
pawan| singh| mai| doli| chadhi| devi| geet| 2026,,,,,,,,,,1.0,64535.0,64535.0,272.0,5.0,2026-10-04,0.004292244518478345,0,0,1,1,0,0,0,0.0,0.0,1.0042922445184783,1.0042922445184783,0.30128767335554346,2232
pawan| singh| marad| banala| srishti| bharti| ishani| ghosh,,,,,,,,,,1.0,1596997.0,1596997.0,66139.0,6275.0,2026-09-18,0.04534385474737899,0,0,1,1,0,0,1,0.0,0.0,1.045343854747379,1.045343854747379,0.3136031564242137,431
pawan| singh| oth| madhuiya| shivani| sheetal| ahir| laakhan,,,,,,,,,,1.0,342976.0,342976.0,19032.0,1669.0,2026-09-29,0.060356992909124836,0,0,1,1,0,0,1,0.0,0.0,1.0603569929091248,1.0603569929091248,0.31810709787273744,321
pawan| singh| roj| vishwakarma| bhakti| 2026,,,,,,,,,,2.0,160187.5,320375.0,1048.5,29.0,2026-09-17,0.006726492391728443,0,0,1,1,0,0,0,0.0,0.0,2.0067264923917283,2.0067264923917283,0.6020179477175185,120
pawan| singh| sapna| chauhan| paramparik| bhojpuri| navratri,,,,,,,,,,1.0,1598000.0,1598000.0,82702.0,9833.0,2026-09-21,0.05790675844806008,0,0,1,1,0,0,1,0.0,0.0,1.0579067584480601,1.0579067584480601,0.317372027534418,332
pawan| singh| shilpi| raj| chandani| bhojpuri| babuan| pawansingh,,,,,,,,,,1.0,684891.0,684891.0,2189.0,61.0,2026-09-27,0.003285194286390097,0,0,1,1,0,0,0,0.0,0.0,1.00328519428639,1.00328519428639,0.300985558285917,2394
pawan| singh| srishti| bharti| zila| shweta| mahara,,,,,,,,,,1.0,3223265.0,3223265.0,130506.0,29891.0,2026-09-12,0.049762275208523034,0,0,1,1,0,0,1,0.0,0.0,1.049762275208523,1.049762275208523,0.31492868256255685,386
pawar |  urges |  maharashtra,1.0,1.0,73.0,73.0,2026-10-04 09:14:41,93.46376450444444,,,,,,,,,,,1,0,0,1,0,0,0,0.6111111111111112,0.0,0.0,0.6111111111111112,0.18333333333333335,2798
payment |  durga |  puja,1.0,1.0,93.0,152.0,2026-10-01 15:28:33,159.23265339333335,,,,,,,,,,,1,0,0,1,0,0,0,0.6111111111111112,0.0,0.0,0.6111111111111112,0.18333333333333335,2798
pays |  when |  indian,1.0,1.0,41.0,41.0,2026-09-23 05:17:14,361.4212645044444,,,,,,,,,,,1,0,0,1,0,0,0,0.6111111111111112,0.0,0.0,0.6111111111111112,0.18333333333333335,2798
pb fintech share price,,,,,,,100.0,1.0,1.0,,,,,,,,0,1,0,1,0,1,0,0.0,1.5,0.0,1.5,0.6000000000000001,174
peace |  prevails |  security,1.0,1.0,68.0,68.0,2026-10-04 18:37:41,84.0804311711111,,,,,,,,,,,1,0,0,1,0,0,0,0.6111111111111112,0.0,0.0,0.6111111111111112,0.18333333333333335,2798
peetal| goli| sanjay| yaduvanshi| shilpi| raj| officail,,,,,,,,,,1.0,366535.0,366535.0,17786.0,1812.0,2026-09-24,0.0534682908862728,0,0,1,1,0,0,1,0.0,0.0,1.0534682908862727,1.0534682908862727,0.3160404872658818,357
pehla| pyaar| doosri| baar| anuj| saini| luv| ranjan,,,,,,,,,,1.0,12260804.0,12260804.0,16242.0,697.0,2026-09-21,0.0013815570332908022,0,0,1,1,0,0,0,0.0,0.0,1.001381557033291,1.001381557033291,0.30041446710998726,2677
pension |  peons |  year,1.0,1.0,78.0,96.0,2026-10-07 19:13:47,11.478764504444444,,,,,,,,,,,1,0,0,1,1,0,0,0.6111111111111112,0.0,0.0,0.6111111111111112,0.18333333333333335,2798
pentagon |  creates |  religious,1.0,1.0,76.0,76.0,2026-10-02 04:54:38,145.79793117111112,,,,,,,,,,,1,0,0,1,0,0,0,0.6111111111111112,0.0,0.0,0.6111111111111112,0.18333333333333335,2798
people |  telangana |  arms,1.0,1.0,45.0,240.0,2026-10-01 02:32:00,172.17515339333335,,,,,,,,,,,1,0,0,1,0,0,0,0.6111111111111112,0.0,0.0,0.6111111111111112,0.18333333333333335,2798
people |  wonderful |  your,1.0,1.0,70.0,77.0,2026-10-01 05:43:09,168.98932006,,,,,,,,,,,1,0,0,1,0,0,0,0.6111111111111112,0.0,0.0,0.6111111111111112,0.18333333333333335,2798
pepsico |  monster |  challenge,1.0,1.0,86.0,86.0,2026-10-02 06:09:13,144.55487561555555,,,,,,,,,,,1,0,0,1,0,0,0,0.6111111111111112,0.0,0.0,0.6111111111111112,0.18333333333333335,2798
perjalanan| yang| menyenangkan| euro| truck| simulator,,,,,,,,,,5.0,1347458.2,6737291.0,1729.2,0.0,2026-10-06,0.0012833051147709072,0,0,1,1,0,0,0,0.0,0.0,5.001283305114771,5.001283305114771,1.5003849915344312,53
permission |  protest |  delhi,1.0,1.0,83.0,126.0,2026-10-02 01:54:41,148.79709783777778,,,,,,,,,,,1,0,0,1,0,0,0,0.6111111111111112,0.0,0.0,0.6111111111111112,0.18333333333333335,2798
permission |  taken |  mumbai,1.0,1.0,97.0,151.0,2026-10-05 01:36:30,77.10015339333333,,,,,,,,,,,1,0,0,1,0,0,0,0.6111111111111112,0.0,0.0,0.6111111111111112,0.18333333333333335,2798
persona| album| nirvair| pannu| juke| dock,,,,,,,,,,1.0,839796.0,839796.0,10072.0,445.0,2026-10-04,0.012523279463107707,0,0,1,1,0,0,1,0.0,0.0,1.0125232794631076,1.0125232794631076,0.3037569838389323,1429
pesamale| music| siri| xander| arra| aria| khayal| tamil,,,,,,,,,,1.0,1917564.0,1917564.0,50590.0,655.0,2026-09-22,0.02672401025467729,0,0,1,1,0,0,1,0.0,0.0,1.0267240102546773,1.0267240102546773,0.3080172030764032,847
petitions |  delhi |  quashes,1.0,1.0,71.0,129.0,2026-10-05 05:51:18,72.85348672666666,,,,,,,,,,,1,0,0,1,0,0,0,0.6111111111111112,0.0,0.0,0.6111111111111112,0.18333333333333335,2798
pet| shop| running| successfully,,,,,,,,,,1.0,70772.0,70772.0,2083.0,247.0,2026-09-10,0.03292262476685695,0,0,1,1,0,0,1,0.0,0.0,1.032922624766857,1.032922624766857,0.3098767874300571,686
pfizer |  labels |  fake,1.0,1.0,83.0,130.0,2026-10-08 02:29:20,4.219597837777778,,,,,,,,,,,1,0,0,1,1,0,0,0.6111111111111112,0.0,0.0,0.6111111111111112,0.18333333333333335,2798
phareng| wanbhaa| upunn| dapyn| musicvideo,,,,,,,,,,1.0,255017.0,255017.0,9546.0,317.0,2026-09-04,0.0386758529823502,0,0,1,1,0,0,1,0.0,0.0,1.03867585298235,1.03867585298235,0.31160275589470504,540
pharma |  warehouse |  sumy,1.0,1.0,74.0,74.0,2026-10-05 05:38:52,73.06070894888889,,,,,,,,,,,1,0,0,1,0,0,0,0.6111111111111112,0.0,0.0,0.6111111111111112,0.18333333333333335,2798
pharmacy |  laboratory |  leap,1.0,1.0,59.0,59.0,2026-10-03 02:30:00,124.20848672666666,,,,,,,,,,,1,0,0,1,0,0,0,0.6111111111111112,0.0,0.0,0.6111111111111112,0.18333333333333335,2798
phase |  road |  google,1.0,1.0,86.0,152.0,2026-10-07 10:46:43,19.929875615555556,,,,,,,,,,,1,0,0,1,1,0,0,0.6111111111111112,0.0,0.0,0.6111111111111112,0.18333333333333335,2798
phool| tumhe| bheja| hai| khat| mein| romantic| hindi,,,,,,,,,,1.0,44126.0,44126.0,197.0,4.0,2026-10-04,0.004555137560621855,0,0,1,1,0,0,0,0.0,0.0,1.0045551375606219,1.0045551375606219,0.30136654126818657,2171
phool| udit| narayan| songs| madhuri| dixit| kumar| gaurav,,,,,,,,,,2.0,35519.0,71038.0,254.5,2.0,2026-10-06,0.007221487091415862,0,0,1,1,0,0,0,0.0,0.0,2.007221487091416,2.007221487091416,0.6021664461274248,117
photo| hustinder| jagdeep| sangala| deol| harman| untamed| latest,,,,,,,,,,1.0,80766.0,80766.0,1288.0,36.0,2026-09-27,0.016393036673847908,0,0,1,1,0,0,1,0.0,0.0,1.0163930366738478,1.0163930366738478,0.3049179110021543,1238
physics |  nobel |  block,1.0,1.0,77.0,73.0,2026-10-08 05:11:25,1.5182089488888888,,,,,,,,,,,1,0,0,1,1,0,0,0.6111111111111112,0.0,0.0,0.6111111111111112,0.18333333333333335,2798
pics |  cars |  stuck,1.0,1.0,82.0,82.0,2026-10-06 05:57:59,48.742097837777784,,,,,,,,,,,1,0,0,1,0,0,0,0.6111111111111112,0.0,0.0,0.6111111111111112,0.18333333333333335,2798
pike |  minute |  christa,1.0,1.0,76.0,48.0,2026-10-02 18:46:02,131.94126450444443,,,,,,,,,,,1,0,0,1,0,0,0,0.6111111111111112,0.0,0.0,0.6111111111111112,0.18333333333333335,2798
pilgrims |  stopped |  landslide,1.0,1.0,78.0,153.0,2026-10-02 12:24:34,138.29904228222222,,,,,,,,,,,1,0,0,1,0,0,0,0.6111111111111112,0.0,0.0,0.6111111111111112,0.18333333333333335,2798
pilot |  flydubai |  crash,1.0,1.0,75.0,372.0,2026-10-04 22:54:19,79.80320894888888,,,,,,,,,,,1,0,0,1,0,0,0,0.6111111111111112,0.0,0.0,0.6111111111111112,0.18333333333333335,2798
pilot |  flydubai |  flight,1.0,1.0,106.0,141.0,2026-10-01 01:26:26,173.26793117111112,,,,,,,,,,,1,0,0,1,0,0,0,0.6111111111111112,0.0,0.0,0.6111111111111112,0.18333333333333335,2798
pilot |  flydubai |  incident,1.0,1.0,83.0,158.0,2026-10-05 12:38:29,66.06709783777778,,,,,,,,,,,1,0,0,1,0,0,0,0.6111111111111112,0.0,0.0,0.6111111111111112,0.18333333333333335,2798
pilot |  flydubai |  omani,1.0,1.0,64.0,49.0,2026-10-03 04:35:05,122.12376450444444,,,,,,,,,,,1,0,0,1,0,0,0,0.6111111111111112,0.0,0.0,0.6111111111111112,0.18333333333333335,2798
pilot |  hero |  trump,1.0,1.0,79.0,98.0,2026-10-01 01:43:02,172.99126450444444,,,,,,,,,,,1,0,0,1,0,0,0,0.6111111111111112,0.0,0.0,0.6111111111111112,0.18333333333333335,2798
pilot |  machchhar |  salman,1.0,1.0,59.0,442.0,2026-10-03 01:58:09,124.73932006,,,,,,,,,,,1,0,0,1,0,0,0,0.6111111111111112,0.0,0.0,0.6111111111111112,0.18333333333333335,2798
pilot |  morning |  brief,1.0,1.0,126.0,119.0,2026-10-01 03:27:38,171.24793117111113,,,,,,,,,,,1,0,0,1,0,0,0,0.6111111111111112,0.0,0.0,0.6111111111111112,0.18333333333333335,2798
pilot |  smit |  machchhar,2.0,1.0,109.0,134.5,2026-10-02 13:06:10,137.6057089488889,,,,,,,,,,,1,0,0,1,0,0,0,0.7222222222222222,0.0,0.0,0.7222222222222222,0.21666666666666665,2797
pilot |  true |  hero,1.0,1.0,117.0,117.0,2026-10-01 06:33:17,168.15376450444447,,,,,,,,,,,1,0,0,1,0,0,0,0.6111111111111112,0.0,0.0,0.6111111111111112,0.18333333333333335,2798
pilot |  very |  shape,1.0,1.0,67.0,96.0,2026-10-01 03:35:23,171.11876450444444,,,,,,,,,,,1,0,0,1,0,0,0,0.6111111111111112,0.0,0.0,0.6111111111111112,0.18333333333333335,2798
pilot |  wants |  death,1.0,1.0,79.0,79.0,2026-10-05 02:27:23,76.25209783777777,,,,,,,,,,,1,0,0,1,0,0,0,0.6111111111111112,0.0,0.0,0.6111111111111112,0.18333333333333335,2798
pilots |  body |  flydubai,1.0,1.0,102.0,144.0,2026-10-02 10:58:01,139.7415422822222,,,,,,,,,,,1,0,0,1,0,0,0,0.6111111111111112,0.0,0.0,0.6111111111111112,0.18333333333333335,2798
pitra| paksha| ekadashi| 2026| bhajan,,,,,,,,,,1.0,35393.0,35393.0,387.0,14.0,2026-10-05,0.011329923996270449,0,0,1,1,0,0,1,0.0,0.0,1.0113299239962705,1.0113299239962705,0.30339897719888115,1527
pitru| dev| nonstop| bhajan| pitra| paksh| 2026,,,,,,,,,,1.0,74115.0,74115.0,704.0,30.0,2026-09-25,0.00990352830061391,0,0,1,1,0,0,0,0.0,0.0,1.009903528300614,1.009903528300614,0.3029710584901842,1642
pittar| dev| bhajan| shradh| special,,,,,,,,,,1.0,13910.0,13910.0,176.0,5.0,2026-09-29,0.013012221423436377,0,0,1,1,0,0,1,0.0,0.0,1.0130122214234363,1.0130122214234363,0.30390366642703087,1403
piyush |  goyal |  india,1.0,1.0,77.0,123.0,2026-09-30 15:33:46,183.1457089488889,,,,,,,,,,,1,0,0,1,0,0,0,0.6111111111111112,0.0,0.0,0.6111111111111112,0.18333333333333335,2798
pl,,,,,,,72.0,1.0,0.72,,,,,,,,0,1,0,1,0,1,0,0.0,1.22,0.0,1.22,0.488,198
plague |  outbreak |  russia,1.0,1.0,76.0,76.0,2026-10-04 20:27:56,82.24293117111111,,,,,,,,,,,1,0,0,1,0,0,0,0.6111111111111112,0.0,0.0,0.6111111111111112,0.18333333333333335,2798
planned |  influencer |  policy,1.0,1.0,51.0,184.0,2026-10-06 02:18:10,52.40570894888889,,,,,,,,,,,1,0,0,1,0,0,0,0.6111111111111112,0.0,0.0,0.6111111111111112,0.18333333333333335,2798
play store,,,,,,,79.0,1.0,0.79,,,,,,,,0,1,0,1,0,1,0,0.0,1.29,0.0,1.29,0.516,193
played| best| modded| roblox| rivals,,,,,,,,,,1.0,412504.0,412504.0,6018.0,2416.0,2026-10-01,0.020445862343153036,0,0,1,1,0,0,1,0.0,0.0,1.020445862343153,1.020445862343153,0.30613375870294585,1065
played| fake| steal| egg| copy| games| roblox,,,,,,,,,,1.0,411757.0,411757.0,7367.0,1126.0,2026-09-24,0.020626243148264632,0,0,1,1,0,0,1,0.0,0.0,1.0206262431482647,1.0206262431482647,0.3061878729444794,1059
played| funniest| fishing| game| ever| made,,,,,,,,,,1.0,94714.0,94714.0,3273.0,243.0,2026-09-17,0.03712228392845831,0,0,1,1,0,0,1,0.0,0.0,1.0371222839284584,1.0371222839284584,0.3111366851785375,579
played| red| light| green| roblox| rivals,,,,,,,,,,1.0,284857.0,284857.0,5321.0,2694.0,2026-09-30,0.028136924842991396,0,0,1,1,0,0,1,0.0,0.0,1.0281369248429915,1.0281369248429915,0.30844107745289745,809
played| squid| game| until| one| won,,,,,,,,,,1.0,380362.0,380362.0,7933.0,382.0,2026-09-12,0.021860753703051305,0,0,1,1,0,0,1,0.0,0.0,1.0218607537030513,1.0218607537030513,0.3065582261109154,1015
players| villagers| rivals,,,,,,,,,,1.0,422200.0,422200.0,3663.0,276.0,2026-09-26,0.00932970156324017,0,0,1,1,0,0,0,0.0,0.0,1.00932970156324,1.00932970156324,0.302798910468972,1697
playing |  west |  indies,1.0,1.0,73.0,73.0,2026-10-07 06:28:49,24.228208948888888,,,,,,,,,,,1,0,0,1,0,0,0,0.6111111111111112,0.0,0.0,0.6111111111111112,0.18333333333333335,2798
playing| granny| alien| grandpa| room| house| gameplay| animation,,,,,,,,,,1.0,456292.0,456292.0,1913.0,125.0,2026-09-22,0.004466438158021618,0,0,1,1,0,0,0,0.0,0.0,1.0044664381580217,1.0044664381580217,0.3013399314474065,2192
playing| hide| seek| hidden| leaf| village| can| find,,,,,,,,,,1.0,112311.0,112311.0,3852.0,414.0,2026-09-29,0.03798381280551326,0,0,1,1,0,0,1,0.0,0.0,1.0379838128055132,1.0379838128055132,0.31139514384165395,558
playing| hide| seek| rivals,,,,,,,,,,1.0,307089.0,307089.0,3076.0,214.0,2026-10-04,0.010713506507885336,0,0,1,1,0,0,0,0.0,0.0,1.0107135065078854,1.0107135065078854,0.3032140519523656,1575
playing| hok| first| time| honorofkings| rofkings| hokstudio,,,,,,,,,,1.0,951617.0,951617.0,4687.0,0.0,2026-09-16,0.004925300830060833,0,0,1,1,0,0,0,0.0,0.0,1.004925300830061,1.004925300830061,0.30147759024901827,2115
playing| kamla| chandramukhi| horror| game| scary,,,,,,,,,,1.0,188957.0,188957.0,2001.0,492.0,2026-09-11,0.01319347788121107,0,0,1,1,0,0,1,0.0,0.0,1.013193477881211,1.013193477881211,0.30395804336436333,1396
playing| kamla| chunga| changa| horror| game,,,,,,,,,,1.0,431512.0,431512.0,3644.0,526.0,2026-09-15,0.00966369417304733,0,0,1,1,0,0,0,0.0,0.0,1.0096636941730472,1.0096636941730472,0.3028991082519142,1666
playing| kamla| hantu| hamood| habibi| horror| game| scary,,,,,,,,,,1.0,225516.0,225516.0,2196.0,385.0,2026-09-23,0.01144486422249419,0,0,1,1,0,0,1,0.0,0.0,1.0114448642224942,1.0114448642224942,0.30343345926674825,1518
playing| kamla| shanta| horror| escape| scary| bai,,,,,,,,,,1.0,387758.0,387758.0,3457.0,497.0,2026-09-19,0.010197081684968459,0,0,1,1,0,0,0,0.0,0.0,1.0101970816849684,1.0101970816849684,0.3030591245054905,1614
playing| kamla| tung| sahur| horror| game| scary,,,,,,,,,,1.0,360254.0,360254.0,3018.0,446.0,2026-10-03,0.009615437996524675,0,0,1,1,0,0,0,0.0,0.0,1.0096154379965248,1.0096154379965248,0.30288463139895744,1672
playing| kamla| who| door| horror| game| scary| monster,,,,,,,,,,1.0,370006.0,370006.0,3140.0,466.0,2026-09-28,0.009745787906142063,0,0,1,1,0,0,0,0.0,0.0,1.009745787906142,1.009745787906142,0.3029237363718426,1656
playing| scary| teacher| chapter| rocket| uda| diya,,,,,,,,,,1.0,444414.0,444414.0,7832.0,805.0,2026-09-15,0.019434581268816913,0,0,1,1,0,0,1,0.0,0.0,1.0194345812688168,1.0194345812688168,0.30583037438064503,1110
playing| scout| bhai| bgmi| wmax| live| wmaxgaming6,,,,,,,,,,1.0,403899.0,403899.0,11570.0,16.0,2026-09-10,0.028685389169074448,0,0,1,1,0,0,1,0.0,0.0,1.0286853891690744,1.0286853891690744,0.3086056167507223,787
playing| trees| hate| you,,,,,,,,,,1.0,320208.0,320208.0,2831.0,230.0,2026-09-05,0.009559411382601309,0,0,1,1,0,0,0,0.0,0.0,1.0095594113826014,1.0095594113826014,0.3028678234147804,1677
play| ins| asian| supremacy| league| drs| tec| ctz,,,,,,,,,,1.0,216582.0,216582.0,10650.0,252.0,2026-10-07,0.05033659306867607,0,0,1,1,0,0,1,0.0,0.0,1.050336593068676,1.050336593068676,0.3151009779206028,382
plea |  seeks |  recall,1.0,1.0,72.0,144.0,2026-09-30 11:03:43,187.64654228222224,,,,,,,,,,,1,0,0,1,0,0,0,0.6111111111111112,0.0,0.0,0.6111111111111112,0.18333333333333335,2798
police |  amazon |  austria,1.0,1.0,81.0,385.0,2026-10-08 04:11:31,2.5165422822222223,,,,,,,,,,,1,0,0,1,1,0,0,0.6111111111111112,0.0,0.0,0.6111111111111112,0.18333333333333335,2798
police |  amit |  shah,1.0,1.0,107.0,142.0,2026-10-04 11:34:17,91.13709783777777,,,,,,,,,,,1,0,0,1,0,0,0,0.6111111111111112,0.0,0.0,0.6111111111111112,0.18333333333333335,2798
police |  anti |  social,1.0,1.0,97.0,145.0,2026-10-03 07:59:47,118.71209783777778,,,,,,,,,,,1,0,0,1,0,0,0,0.6111111111111112,0.0,0.0,0.6111111111111112,0.18333333333333335,2798
police |  better |  disband,1.0,1.0,95.0,143.0,2026-10-01 02:53:46,171.81237561555557,,,,,,,,,,,1,0,0,1,0,0,0,0.6111111111111112,0.0,0.0,0.6111111111111112,0.18333333333333335,2798
police |  detained |  delhi,1.0,1.0,88.0,253.0,2026-10-04 08:51:06,93.85682005999999,,,,,,,,,,,1,0,0,1,0,0,0,0.6111111111111112,0.0,0.0,0.6111111111111112,0.18333333333333335,2798
police |  detains |  journalist,1.0,1.0,68.0,87.0,2026-10-05 04:47:33,73.91598672666666,,,,,,,,,,,1,0,0,1,0,0,0,0.6111111111111112,0.0,0.0,0.6111111111111112,0.18333333333333335,2798
police |  during |  protest,1.0,1.0,86.0,441.0,2026-10-08 00:56:02,5.774597837777778,,,,,,,,,,,1,0,0,1,1,0,0,0.6111111111111112,0.0,0.0,0.6111111111111112,0.18333333333333335,2798
police |  firs |  exclusive,1.0,1.0,94.0,118.0,2026-10-03 06:09:30,120.55015339333333,,,,,,,,,,,1,0,0,1,0,0,0,0.6111111111111112,0.0,0.0,0.6111111111111112,0.18333333333333335,2798
police |  jodhpur |  wanted,1.0,1.0,80.0,138.0,2026-10-01 04:15:55,170.4432089488889,,,,,,,,,,,1,0,0,1,0,0,0,0.6111111111111112,0.0,0.0,0.6111111111111112,0.18333333333333335,2798
police |  multiple |  schools,1.0,1.0,80.0,140.0,2026-10-05 07:52:20,70.83626450444444,,,,,,,,,,,1,0,0,1,0,0,0,0.6111111111111112,0.0,0.0,0.6111111111111112,0.18333333333333335,2798
police |  plant |  delhi,1.0,1.0,79.0,435.0,2026-10-01 04:16:54,170.42682006,,,,,,,,,,,1,0,0,1,0,0,0,0.6111111111111112,0.0,0.0,0.6111111111111112,0.18333333333333335,2798
police |  protesters |  barricades,1.0,1.0,81.0,436.0,2026-10-04 18:03:35,84.64876450444444,,,,,,,,,,,1,0,0,1,0,0,0,0.6111111111111112,0.0,0.0,0.6111111111111112,0.18333333333333335,2798
police |  rahul |  gandhi,1.0,1.0,115.0,158.0,2026-10-05 10:46:05,67.94043117111111,,,,,,,,,,,1,0,0,1,0,0,0,0.6111111111111112,0.0,0.0,0.6111111111111112,0.18333333333333335,2798
police| rumi| kpop| demont| potbelly| injected| doctor| scary,,,,,,,,,,1.0,441451.0,441451.0,1058.0,13.0,2026-09-20,0.0024260903248605166,0,0,1,1,0,0,0,0.0,0.0,1.0024260903248605,1.0024260903248605,0.30072782709745816,2565
political |  allies |  hail,1.0,1.0,59.0,202.0,2026-10-07 02:29:00,28.225153393333333,,,,,,,,,,,1,0,0,1,0,0,0,0.6111111111111112,0.0,0.0,0.6111111111111112,0.18333333333333335,2798
polls |  abhijeet |  dipke,1.0,1.0,95.0,135.0,2026-10-05 04:28:16,74.23737561555555,,,,,,,,,,,1,0,0,1,0,0,0,0.6111111111111112,0.0,0.0,0.6111111111111112,0.18333333333333335,2798
pooja| meri| jaan| zee| original| mrunal| thakur| huma,,,,,,,,,,1.0,1114247.0,1114247.0,6334.0,502.0,2026-09-24,0.006135084949746331,0,0,1,1,0,0,0,0.0,0.0,1.0061350849497463,1.0061350849497463,0.3018405254849239,1963
poor| billionaire| journey| roblox,,,,,,,,,,1.0,114671.0,114671.0,2073.0,187.0,2026-09-20,0.01970855752544235,0,0,1,1,0,0,1,0.0,0.0,1.0197085575254423,1.0197085575254423,0.30591256725763266,1097
poor| rich| chunk| minecraft,,,,,,,,,,2.0,521460.0,1042920.0,5435.5,349.0,2026-09-21,0.011092893031104974,0,0,1,1,0,0,1,0.0,0.0,2.011092893031105,2.011092893031105,0.6033278679093316,108
poor| rich| longest| train| minecraft,,,,,,,,,,1.0,480781.0,480781.0,5730.0,2051.0,2026-10-04,0.016184083813628243,0,0,1,1,0,0,1,0.0,0.0,1.0161840838136282,1.0161840838136282,0.30485522514408847,1251
poor| rich| minecraft,,,,,,,,,,1.0,1017945.0,1017945.0,11680.0,435.0,2026-10-02,0.011901428859123037,0,0,1,1,0,0,1,0.0,0.0,1.011901428859123,1.011901428859123,0.3035704286577369,1477
poor| rich| rivals| who| will| win,,,,,,,,,,1.0,290478.0,290478.0,2655.0,170.0,2026-10-01,0.009725349251922692,0,0,1,1,0,0,0,0.0,0.0,1.0097253492519227,1.0097253492519227,0.3029176047755768,1660
poor| rich| simulator,,,,,,,,,,1.0,61162.0,61162.0,2922.0,171.0,2026-09-15,0.05057061574180047,0,0,1,1,0,0,1,0.0,0.0,1.0505706157418004,1.0505706157418004,0.31517118472254013,380
pope |  wants |  artists,1.0,1.0,70.0,70.0,2026-10-02 14:31:18,136.18682006,,,,,,,,,,,1,0,0,1,0,0,0,0.6111111111111112,0.0,0.0,0.6111111111111112,0.18333333333333335,2798
popular| biswkarma| puja| songs| viswakarma| pujo| 2026,,,,,,,,,,1.0,30308.0,30308.0,184.0,4.0,2026-09-17,0.006202982710835423,0,0,1,1,0,0,0,0.0,0.0,1.0062029827108354,1.0062029827108354,0.3018608948132506,1955
portuguese |  woman |  shares,1.0,1.0,78.0,78.0,2026-10-06 11:20:45,43.36265339333334,,,,,,,,,,,1,0,0,1,0,0,0,0.6111111111111112,0.0,0.0,0.6111111111111112,0.18333333333333335,2798
post |  pandemic |  spree,1.0,1.0,74.0,93.0,2026-10-07 03:42:29,27.00043117111111,,,,,,,,,,,1,0,0,1,0,0,0,0.6111111111111112,0.0,0.0,0.6111111111111112,0.18333333333333335,2798
pot| youtuber| day| srm| pvs| ffk| tnm| tamil,,,,,,,,,,1.0,297529.0,297529.0,0.0,0.0,2026-10-01,0.0,0,0,1,1,0,0,0,0.0,0.0,1.0,1.0,0.3,2789
power |  indian |  states,1.0,1.0,90.0,104.0,2026-10-06 02:14:31,52.46654228222223,,,,,,,,,,,1,0,0,1,0,0,0,0.6111111111111112,0.0,0.0,0.6111111111111112,0.18333333333333335,2798
power |  pilgrims |  progress,1.0,1.0,67.0,62.0,2026-10-05 14:22:20,64.33626450444444,,,,,,,,,,,1,0,0,1,0,0,0,0.6111111111111112,0.0,0.0,0.6111111111111112,0.18333333333333335,2798
powerful| onbathu| kolum| vinayagar| songs| ganesha| devotional| chaturthi,,,,,,,,,,1.0,98968.0,98968.0,299.0,7.0,2026-09-13,0.0030919084956753697,0,0,1,1,0,0,0,0.0,0.0,1.0030919084956753,1.0030919084956753,0.30092757254870256,2442
power| raushan| rohi| srishti| bharti| aparna| malik| rangdari,,,,,,,,,,1.0,2391093.0,2391093.0,64445.0,2851.0,2026-09-06,0.028144451094123064,0,0,1,1,0,0,1,0.0,0.0,1.0281444510941231,1.0281444510941231,0.3084433353282369,808
power| star| pawan| singh| chandani| bhojpuri| sad,,,,,,,,,,1.0,540823.0,540823.0,34277.0,2698.0,2026-09-30,0.06836802428890783,0,0,1,1,0,0,1,0.0,0.0,1.0683680242889078,1.0683680242889078,0.3205104072866723,301
power| star| pawan| singh| rupali| jadhav| bhojpuri| movie,,,,,,,,,,1.0,314751.0,314751.0,19428.0,2322.0,2026-09-06,0.06910224272520182,0,0,1,1,0,0,1,0.0,0.0,1.0691022427252017,1.0691022427252017,0.3207306728175605,299
power| star| pawan| singh| shivani| tikuli| bina| bhojpuri,,,,,,,,,,1.0,94568.0,94568.0,15113.0,1446.0,2026-10-08,0.1751015142542932,0,0,1,1,0,0,1,0.0,0.0,1.175101514254293,1.175101514254293,0.35253045427628793,227
pradeep| purnekar| case| special| report,,,,,,,,,,1.0,35001.0,35001.0,104.0,17.0,2026-09-30,0.00345704408445473,0,0,1,1,0,0,0,0.0,0.0,1.0034570440844548,1.0034570440844548,0.30103711322533644,2370
prahaar| nayyi| navelli| review| yogi| bolta| hai,,,,,,,,,,1.0,545928.0,545928.0,8889.0,214.0,2026-10-01,0.016674359988863,0,0,1,1,0,0,1,0.0,0.0,1.016674359988863,1.016674359988863,0.3050023079966589,1225
prahaar| untold| story| ujjwal| nikam| rajkummar| wamiqa| gabbi,,,,,,,,,,1.0,51010090.0,51010090.0,166566.0,31637.0,2026-09-29,0.0038855646010426564,0,0,1,1,0,0,0,0.0,0.0,1.0038855646010427,1.0038855646010427,0.3011656693803128,2294
prakash| solanki| dhurandhar| attitude| 2026| team| 018,,,,,,,,,,1.0,154226.0,154226.0,3558.0,76.0,2026-09-17,0.02356282338905243,0,0,1,1,0,0,1,0.0,0.0,1.0235628233890524,1.0235628233890524,0.3070688470167157,961
pramod| premi| jarawatiya| diya| bhojpuri| devi| geet| srk,,,,,,,,,,1.0,76031.0,76031.0,2104.0,136.0,2026-09-28,0.029461666951638148,0,0,1,1,0,0,1,0.0,0.0,1.029461666951638,1.029461666951638,0.3088385000854914,766
pramod| premi| yadav| bhej| location| bhojpuri| 2026| rangdari,,,,,,,,,,1.0,492297.0,492297.0,9389.0,283.0,2026-09-04,0.019646676701259604,0,0,1,1,0,0,1,0.0,0.0,1.0196466767012595,1.0196466767012595,0.30589400301037784,1099
pramod| premi| yadav| mayariya| bhojpuri| devigeet| bhakti| 2026,,,,,,,,,,1.0,98616.0,98616.0,3845.0,205.0,2026-09-23,0.04106838646872719,0,0,1,1,0,0,1,0.0,0.0,1.0410683864687271,1.0410683864687271,0.3123205159406181,494
pranav construction share price,,,,,,,100.0,1.0,1.0,,,,,,,,0,1,0,1,0,1,0,0.0,1.5,0.0,1.5,0.6000000000000001,174
prasol chemicals share price,,,,,,,100.0,1.0,1.0,,,,,,,,0,1,0,1,0,1,0,0.0,1.5,0.0,1.5,0.6000000000000001,174
pratham| tula| vandito| sukhkarta| dukh| harta| tuj| magato,,,,,,,,,,1.0,135089.0,135089.0,505.0,12.0,2026-09-13,0.0038271065741844264,0,0,1,1,0,0,0,0.0,0.0,1.0038271065741844,1.0038271065741844,0.3011481319722553,2302
preeti| rai| hamar| mai| rani| komal| jyoti| paridhi,,,,,,,,,,1.0,191615.0,191615.0,2992.0,70.0,2026-09-30,0.015979959815254546,0,0,1,1,0,0,1,0.0,0.0,1.0159799598152546,1.0159799598152546,0.30479398794457635,1261
preeti| rai| horilwa| rani| komal| jyoti| paridhi| bhojpuri,,,,,,,,,,1.0,1828779.0,1828779.0,20761.0,402.0,2026-09-17,0.011572201999257428,0,0,1,1,0,0,1,0.0,0.0,1.0115722019992575,1.0115722019992575,0.3034716605997772,1499
prema| chandrama| audio| vishnuvardan| shasikumar| abhijeet,,,,,,,,,,1.0,60693.0,60693.0,312.0,3.0,2026-09-17,0.0051900548662943006,0,0,1,1,0,0,0,0.0,0.0,1.0051900548662942,1.0051900548662942,0.30155701645988825,2072
premier league,,,,,,,55.0,1.0,0.55,,,,,,,,0,1,0,1,0,0,0,0.0,1.05,0.0,1.05,0.42000000000000004,211
prem| keetanu| veer| aparshakti| aafiya| nikhil| rakesh| apoorv,,,,,,,,,,1.0,27363181.0,27363181.0,46716.0,7694.0,2026-09-22,0.001988438405607886,0,0,1,1,0,0,0,0.0,0.0,1.001988438405608,1.001988438405608,0.30059653152168236,2626
prequalifies |  serum |  institute,1.0,1.0,98.0,98.0,2026-10-08 06:38:34,0.06570894888888888,,,,,,,,,,,1,0,0,1,1,0,0,0.6111111111111112,0.0,0.0,0.6111111111111112,0.18333333333333335,2798
president |  murmu |  modi,1.0,1.0,49.0,397.0,2026-10-08 04:12:20,2.5029311711111113,,,,,,,,,,,1,0,0,1,1,0,0,0.6111111111111112,0.0,0.0,0.6111111111111112,0.18333333333333335,2798
president |  murmu |  professionalism,1.0,1.0,87.0,151.0,2026-10-08 04:59:59,1.7087645044444444,,,,,,,,,,,1,0,0,1,1,0,0,0.6111111111111112,0.0,0.0,0.6111111111111112,0.18333333333333335,2798
president| michael| billion| dollar| gold| deal| gta| gameplay,,,,,,,,,,1.0,89693.0,89693.0,5045.0,387.0,2026-09-21,0.060562139743346746,0,0,1,1,0,0,1,0.0,0.0,1.0605621397433467,1.0605621397433467,0.318168641923004,319
press |  council |  india,1.0,1.0,68.0,68.0,2026-10-08 06:38:34,0.06570894888888888,,,,,,,,,,,1,0,0,1,1,0,0,0.6111111111111112,0.0,0.0,0.6111111111111112,0.18333333333333335,2798
pretended| noob| girl| then| trolled| brother| steal| egg,,,,,,,,,,1.0,292496.0,292496.0,3506.0,404.0,2026-09-29,0.01336770417373229,0,0,1,1,0,0,1,0.0,0.0,1.0133677041737323,1.0133677041737323,0.3040103112521197,1392
pretended| raistar| they| thought| hack,,,,,,,,,,1.0,277090.0,277090.0,13344.0,893.0,2026-10-04,0.05138041791475694,0,0,1,1,0,0,1,0.0,0.0,1.051380417914757,1.051380417914757,0.3154141253744271,374
prevented |  another |  modi,1.0,1.0,78.0,97.0,2026-10-01 05:06:53,169.59376450444447,,,,,,,,,,,1,0,0,1,0,0,0,0.6111111111111112,0.0,0.0,0.6111111111111112,0.18333333333333335,2798
prices |  middle |  east,1.0,1.0,80.0,374.0,2026-10-02 02:11:48,148.51182006000002,,,,,,,,,,,1,0,0,1,0,0,0,0.6111111111111112,0.0,0.0,0.6111111111111112,0.18333333333333335,2798
prices |  middle |  supply,1.0,1.0,75.0,453.0,2026-10-06 02:34:05,52.14043117111112,,,,,,,,,,,1,0,0,1,0,0,0,0.6111111111111112,0.0,0.0,0.6111111111111112,0.18333333333333335,2798
prime| store| bundle| giveaway| booyah| 10000| diamonds| dum,,,,,,,,,,1.0,874104.0,874104.0,6353.0,1.0,2026-09-28,0.007269157903407375,0,0,1,1,0,0,0,0.0,0.0,1.0072691579034074,1.0072691579034074,0.30218074737102224,1852
priyanka |  kakkar |  congress,1.0,1.0,91.0,123.0,2026-10-03 08:34:23,118.13543117111111,,,,,,,,,,,1,0,0,1,0,0,0,0.6111111111111112,0.0,0.0,0.6111111111111112,0.18333333333333335,2798
priyanka| pandey| baba| vishwakarma| puja,,,,,,,,,,1.0,76744.0,76744.0,314.0,27.0,2026-09-16,0.0044433441050766185,0,0,1,1,0,0,0,0.0,0.0,1.0044433441050766,1.0044433441050766,0.30133300323152296,2198
priyanka| singh| teej| special| geet,,,,,,,,,,1.0,139679.0,139679.0,545.0,10.0,2026-09-13,0.003973396144015922,0,0,1,1,0,0,0,0.0,0.0,1.0039733961440158,1.0039733961440158,0.30119201884320473,2281
probe |  into |  aqis,1.0,1.0,59.0,295.0,2026-10-01 02:28:30,172.23348672666668,,,,,,,,,,,1,0,0,1,0,0,0,0.6111111111111112,0.0,0.0,0.6111111111111112,0.18333333333333335,2798
programme |  engine |  pursuing,1.0,1.0,54.0,323.0,2026-10-07 02:18:30,28.400153393333333,,,,,,,,,,,1,0,0,1,0,0,0,0.6111111111111112,0.0,0.0,0.6111111111111112,0.18333333333333335,2798
project |  suicide |  keralam,1.0,1.0,82.0,141.0,2026-10-04 06:59:03,95.72432006,,,,,,,,,,,1,0,0,1,0,0,0,0.6111111111111112,0.0,0.0,0.6111111111111112,0.18333333333333335,2798
promoter |  chairman |  gurugram,1.0,1.0,83.0,159.0,2026-09-30 14:38:46,184.06237561555557,,,,,,,,,,,1,0,0,1,0,0,0,0.6111111111111112,0.0,0.0,0.6111111111111112,0.18333333333333335,2798
prompted |  kerala |  govt,1.0,1.0,76.0,76.0,2026-10-06 13:13:36,41.481820060000004,,,,,,,,,,,1,0,0,1,0,0,0,0.6111111111111112,0.0,0.0,0.6111111111111112,0.18333333333333335,2798
properties |  larry |  ellison,1.0,1.0,87.0,447.0,2026-10-04 05:41:03,97.02432006,,,,,,,,,,,1,0,0,1,0,0,0,0.6111111111111112,0.0,0.0,0.6111111111111112,0.18333333333333335,2798
property |  based |  woman,1.0,1.0,83.0,414.0,2026-10-08 00:30:00,6.208486726666667,,,,,,,,,,,1,0,0,1,1,0,0,0.6111111111111112,0.0,0.0,0.6111111111111112,0.18333333333333335,2798
protest |  against |  chief,1.0,1.0,71.0,88.0,2026-10-03 02:12:58,124.49237561555555,,,,,,,,,,,1,0,0,1,0,0,0,0.6111111111111112,0.0,0.0,0.6111111111111112,0.18333333333333335,2798
protest |  chappal |  bengaluru,1.0,1.0,73.0,384.0,2026-10-07 04:42:55,25.99320894888889,,,,,,,,,,,1,0,0,1,0,0,0,0.6111111111111112,0.0,0.0,0.6111111111111112,0.18333333333333335,2798
protest |  delhi |  commuters,1.0,1.0,72.0,72.0,2026-10-02 05:13:30,145.48348672666665,,,,,,,,,,,1,0,0,1,0,0,0,0.6111111111111112,0.0,0.0,0.6111111111111112,0.18333333333333335,2798
protest |  delhi |  journalists,1.0,1.0,80.0,486.0,2026-10-04 04:42:27,98.00098672666667,,,,,,,,,,,1,0,0,1,0,0,0,0.6111111111111112,0.0,0.0,0.6111111111111112,0.18333333333333335,2798
protest |  freedom |  park,1.0,1.0,101.0,293.0,2026-10-08 04:46:29,1.9337645044444445,,,,,,,,,,,1,0,0,1,1,0,0,0.6111111111111112,0.0,0.0,0.6111111111111112,0.18333333333333335,2798
protest |  gyanesh |  denies,1.0,1.0,116.0,138.0,2026-10-02 01:43:56,148.97626450444446,,,,,,,,,,,1,0,0,1,0,0,0,0.6111111111111112,0.0,0.0,0.6111111111111112,0.18333333333333335,2798
protest |  maha |  govt,1.0,1.0,85.0,336.0,2026-10-02 18:23:09,132.32265339333333,,,,,,,,,,,1,0,0,1,0,0,0,0.6111111111111112,0.0,0.0,0.6111111111111112,0.18333333333333335,2798
protest |  mumbai |  live,1.0,1.0,113.0,214.0,2026-10-02 02:04:08,148.63959783777779,,,,,,,,,,,1,0,0,1,0,0,0,0.6111111111111112,0.0,0.0,0.6111111111111112,0.18333333333333335,2798
protest |  mumbai |  will,1.0,1.0,110.0,138.0,2026-10-03 11:07:56,115.57626450444444,,,,,,,,,,,1,0,0,1,0,0,0,0.6111111111111112,0.0,0.0,0.6111111111111112,0.18333333333333335,2798
protesters |  detained |  jantar,1.0,1.0,77.0,73.0,2026-10-03 18:18:14,108.40459783777777,,,,,,,,,,,1,0,0,1,0,0,0,0.6111111111111112,0.0,0.0,0.6111111111111112,0.18333333333333335,2798
protests |  intensify |  india,1.0,1.0,76.0,76.0,2026-10-05 06:12:26,72.50126450444445,,,,,,,,,,,1,0,0,1,0,0,0,0.6111111111111112,0.0,0.0,0.6111111111111112,0.18333333333333335,2798
proud |  mumbai |  netizens,1.0,1.0,75.0,406.0,2026-10-02 01:35:24,149.11848672666667,,,,,,,,,,,1,0,0,1,0,0,0,0.6111111111111112,0.0,0.0,0.6111111111111112,0.18333333333333335,2798
public |  prohibitory |  orders,1.0,1.0,79.0,140.0,2026-10-02 02:52:00,147.84182006,,,,,,,,,,,1,0,0,1,0,0,0,0.6111111111111112,0.0,0.0,0.6111111111111112,0.18333333333333335,2798
pump| rawme| hooda| desi| hip| hop| haryanvi| workout,,,,,,,,,,1.0,1139692.0,1139692.0,30979.0,1099.0,2026-10-01,0.02814620090340197,0,0,1,1,0,0,1,0.0,0.0,1.028146200903402,1.028146200903402,0.30844386027102055,807
punishment |  court |  capital,1.0,1.0,85.0,139.0,2026-10-05 01:09:33,77.54932006,,,,,,,,,,,1,0,0,1,0,0,0,0.6111111111111112,0.0,0.0,0.6111111111111112,0.18333333333333335,2798
punjab |  amit |  shah,1.0,1.0,89.0,126.0,2026-09-30 15:46:46,182.92904228222224,,,,,,,,,,,1,0,0,1,0,0,0,0.6111111111111112,0.0,0.0,0.6111111111111112,0.18333333333333335,2798
punjab |  bhagwant |  mann,1.0,1.0,74.0,154.0,2026-10-06 13:05:15,41.62098672666667,,,,,,,,,,,1,0,0,1,0,0,0,0.6111111111111112,0.0,0.0,0.6111111111111112,0.18333333333333335,2798
punjab |  conducive |  centre,1.0,1.0,85.0,150.0,2026-10-07 13:25:42,17.280153393333332,,,,,,,,,,,1,0,0,1,1,0,0,0.6111111111111112,0.0,0.0,0.6111111111111112,0.18333333333333335,2798
punjab |  govt |  move,1.0,1.0,73.0,92.0,2026-10-06 04:31:16,50.18737561555556,,,,,,,,,,,1,0,0,1,0,0,0,0.6111111111111112,0.0,0.0,0.6111111111111112,0.18333333333333335,2798
punjab |  hands |  mafia,1.0,1.0,76.0,99.0,2026-10-04 10:00:03,92.70765339333333,,,,,,,,,,,1,0,0,1,0,0,0,0.6111111111111112,0.0,0.0,0.6111111111111112,0.18333333333333335,2798
punjabi| songs| 2026| doctor| saab| korala| maan| gurlez,,,,,,,,,,1.0,2088968.0,2088968.0,12229.0,247.0,2026-09-29,0.005972327005487877,0,0,1,1,0,0,0,0.0,0.0,1.0059723270054879,1.0059723270054879,0.30179169810164636,1982
punjabi| songs| 2026| relation| bukka| jatt| syphr| latest,,,,,,,,,,1.0,524270.0,524270.0,2030.0,127.0,2026-09-06,0.004114292253991264,0,0,1,1,0,0,0,0.0,0.0,1.0041142922539912,1.0041142922539912,0.30123428767619737,2255
punjabi| songs| 2026| sorry| manjit| sahota| baaghi| latest,,,,,,,,,,1.0,143502.0,143502.0,3992.0,199.0,2026-09-23,0.029205167872224776,0,0,1,1,0,0,1,0.0,0.0,1.0292051678722247,1.0292051678722247,0.3087615503616674,770
punjabi| songs| laddi| chhajla| jasmeen| akhtar| latest| 2026,,,,,,,,,,1.0,499225.0,499225.0,4517.0,73.0,2026-09-11,0.009194251089188242,0,0,1,1,0,0,0,0.0,0.0,1.0091942510891883,1.0091942510891883,0.3027582753267565,1712
puratasi| 3rd| saturday| most| popular| srinivasa| govindha| tamil,,,,,,,,,,1.0,159064.0,159064.0,559.0,8.0,2026-10-02,0.0035646029271236735,0,0,1,1,0,0,0,0.0,0.0,1.0035646029271237,1.0035646029271237,0.3010693808781371,2348
puratasi| most| popular| srinivasa| govindha| tamil| bakthi| padalgal,,,,,,,,,,1.0,182463.0,182463.0,662.0,13.0,2026-09-17,0.0036993801483040396,0,0,1,1,0,0,0,0.0,0.0,1.003699380148304,1.003699380148304,0.3011098140444912,2327
purattasi| 1st| saturday| most| powerful| perumal| tamil| devotional,,,,,,,,,,1.0,182126.0,182126.0,431.0,12.0,2026-09-18,0.00243238197731241,0,0,1,1,0,0,0,0.0,0.0,1.0024323819773124,1.0024323819773124,0.3007297145931937,2564
purattasi| 2nd| saturday| pournami| special| perumal| bhakti| padalgal,,,,,,,,,,1.0,455194.0,455194.0,774.0,18.0,2026-09-25,0.0017399174857313585,0,0,1,1,0,0,0,0.0,0.0,1.0017399174857313,1.0017399174857313,0.3005219752457194,2649
purattasi| saturday| most| powerful| perumal| tamil| devotional| songs,,,,,,,,,,1.0,63716.0,63716.0,169.0,6.0,2026-09-25,0.0027465628727478186,0,0,1,1,0,0,0,0.0,0.0,1.0027465628727479,1.0027465628727479,0.30082396886182433,2513
purattasi| saturday| pournami| special| tirupati| balaji| powerful| devotional,,,,,,,,,,1.0,24971.0,24971.0,65.0,3.0,2026-09-25,0.0027231588642825677,0,0,1,1,0,0,0,0.0,0.0,1.0027231588642826,1.0027231588642826,0.3008169476592848,2514
purattasi| saturday| spl| powerful| perumal| suprabatham| lord| balaji,,,,,,,,,,1.0,43447.0,43447.0,279.0,12.0,2026-09-18,0.006697815729509517,0,0,1,1,0,0,0,0.0,0.0,1.0066978157295094,1.0066978157295094,0.3020093447188528,1899
puri |  jagannath |  airport,1.0,1.0,83.0,168.0,2026-10-07 10:02:38,20.664597837777777,,,,,,,,,,,1,0,0,1,1,0,0,0.6111111111111112,0.0,0.0,0.6111111111111112,0.18333333333333335,2798
puri| squad| akela| finish| kar| diya,,,,,,,,,,1.0,488609.0,488609.0,1198.0,19.0,2026-09-11,0.0024907441328342293,0,0,1,1,0,0,0,0.0,0.0,1.0024907441328341,1.0024907441328341,0.3007472232398502,2554
purnima| amritwani| 2026,,,,,,,,,,1.0,84388.0,84388.0,590.0,22.0,2026-09-25,0.007252215954875101,0,0,1,1,0,0,0,0.0,0.0,1.0072522159548751,1.0072522159548751,0.3021756647864625,1855
pushing| 5000| season| day| sherlive,,,,,,,,,,1.0,523629.0,523629.0,13948.0,42.0,2026-10-05,0.026717389602180168,0,0,1,1,0,0,1,0.0,0.0,1.0267173896021802,1.0267173896021802,0.30801521688065403,848
pushpa| live| journey| zero| billion| gta5| gtav| gaming,,,,,,,,,,2.0,1333225.5,2666451.0,5452.0,1.0,2026-10-08,0.0040900807852835095,0,0,1,1,0,0,0,0.0,0.0,2.0040900807852835,2.0040900807852835,0.601227024235585,140
putaapu| gang,,,,,,,,,,1.0,890246.0,890246.0,18224.0,448.0,2026-09-30,0.020973977979120376,0,0,1,1,0,0,1,0.0,0.0,1.0209739779791205,1.0209739779791205,0.30629219339373615,1047
putin |  modi |  russia,1.0,1.0,90.0,84.0,2026-10-02 03:12:22,147.50237561555556,,,,,,,,,,,1,0,0,1,0,0,0,0.6111111111111112,0.0,0.0,0.6111111111111112,0.18333333333333335,2798
putin |  warns |  nato,1.0,1.0,78.0,78.0,2026-10-01 22:32:58,152.15904228222223,,,,,,,,,,,1,0,0,1,0,0,0,0.6111111111111112,0.0,0.0,0.6111111111111112,0.18333333333333335,2798
putin |  warns |  west,1.0,1.0,78.0,97.0,2026-10-02 02:28:33,148.23265339333335,,,,,,,,,,,1,0,0,1,0,0,0,0.6111111111111112,0.0,0.0,0.6111111111111112,0.18333333333333335,2798
python,,,,,,,100.0,1.0,1.0,,,,,,,,0,1,0,1,0,1,0,0.0,1.5,0.0,1.5,0.6000000000000001,174
qaeda |  figures |  posts,1.0,1.0,106.0,155.0,2026-10-03 05:29:11,121.22209783777777,,,,,,,,,,,1,0,0,1,0,0,0,0.6111111111111112,0.0,0.0,0.6111111111111112,0.18333333333333335,2798
qismat| kaur| gulab| sidhu| kulshan| sandhu| upma| sharma,,,,,,,,,,1.0,1559871.0,1559871.0,19299.0,690.0,2026-09-08,0.012814521200791604,0,0,1,1,0,0,1,0.0,0.0,1.0128145212007915,1.0128145212007915,0.30384435636023743,1415
qualified| semi| team| apex| gaming| taghydro,,,,,,,,,,1.0,540287.0,540287.0,42812.0,109.0,2026-10-04,0.07944111185351489,0,0,1,1,0,0,1,0.0,0.0,1.079441111853515,1.079441111853515,0.3238323335560545,274
qualifiers |  seat |  advanced,1.0,1.0,74.0,106.0,2026-10-07 03:08:00,27.57515339333333,,,,,,,,,,,1,0,0,1,0,0,0,0.6111111111111112,0.0,0.0,0.6111111111111112,0.18333333333333335,2798
raaka| first| glimpse| allu| arjun| atlee| kumar| deepika,,,,,,,,,,1.0,434488.0,434488.0,3568.0,95.0,2026-09-07,0.008430612583086299,0,0,1,1,0,0,0,0.0,0.0,1.0084306125830862,1.0084306125830862,0.3025291837749258,1769
raaka| notion| allu| arjun| atlee| kumar| deepika| padukone,,,,,,,,,,1.0,411554.0,411554.0,2418.0,47.0,2026-09-20,0.005989493480806893,0,0,1,1,0,0,0,0.0,0.0,1.005989493480807,1.005989493480807,0.30179684804424206,1978
rachin ravindra,,,,,,,100.0,1.0,1.0,,,,,,,,0,1,0,1,0,1,0,0.0,1.5,0.0,1.5,0.6000000000000001,174
racing| fastest| animals| eggs| roblox,,,,,,,,,,1.0,81506.0,81506.0,2277.0,147.0,2026-09-25,0.029740141830049322,0,0,1,1,0,0,1,0.0,0.0,1.0297401418300494,1.0297401418300494,0.3089220425490148,757
radhastami| special| radharanir| gaan| apily| dutta| bhowmick| audio,,,,,,,,,,1.0,39726.0,39726.0,263.0,9.0,2026-09-17,0.0068469012737250165,0,0,1,1,0,0,0,0.0,0.0,1.0068469012737251,1.0068469012737251,0.3020540703821175,1883
radhasthami| superhit| bhajan| jukebox| namita| agrawal| radha| krishna,,,,,,,,,,1.0,60241.0,60241.0,365.0,8.0,2026-09-18,0.006191796284922229,0,0,1,1,0,0,0,0.0,0.0,1.0061917962849223,1.0061917962849223,0.3018575388854767,1956
radha| aarti| rani,,,,,,,,,,1.0,681565.0,681565.0,4045.0,149.0,2026-09-19,0.006153484994094474,0,0,1,1,0,0,0,0.0,0.0,1.0061534849940945,1.0061534849940945,0.30184604549822835,1960
radha| ashtami| bhajan,,,,,,,,,,1.0,295008.0,295008.0,1241.0,24.0,2026-09-18,0.004288019307950971,0,0,1,1,0,0,0,0.0,0.0,1.0042880193079509,1.0042880193079509,0.30128640579238525,2234
radha| ashtami| bhajan| 2026,,,,,,,,,,1.0,39305.0,39305.0,292.0,10.0,2026-09-18,0.0076835008268668105,0,0,1,1,0,0,0,0.0,0.0,1.0076835008268668,1.0076835008268668,0.30230505024806004,1815
radha| ashtami| katha| pal,,,,,,,,,,1.0,76601.0,76601.0,1138.0,45.0,2026-09-17,0.015443662615370557,0,0,1,1,0,0,1,0.0,0.0,1.0154436626153704,1.0154436626153704,0.30463309878461114,1282
radha| ashtami| rani| 2026| radharani,,,,,,,,,,1.0,332398.0,332398.0,2036.0,77.0,2026-09-18,0.006356837285422897,0,0,1,1,0,0,0,0.0,0.0,1.0063568372854228,1.0063568372854228,0.30190705118562683,1932
radha| ashtami| special| bhajan| 2026| rani,,,,,,,,,,1.0,127110.0,127110.0,782.0,54.0,2026-09-15,0.006576980568011958,0,0,1,1,0,0,0,0.0,0.0,1.006576980568012,1.006576980568012,0.3019730941704036,1906
radha| astottaro| satanam| rani| 108| naam| bhajan| bangla,,,,,,,,,,1.0,289481.0,289481.0,2892.0,217.0,2026-09-19,0.010739910391355564,0,0,1,1,0,0,0,0.0,0.0,1.0107399103913555,1.0107399103913555,0.3032219731174066,1571
radha| janamdin| aayo| rani| janmotsav| ashtami| special| bhajan,,,,,,,,,,2.0,267682.0,535364.0,1523.0,64.5,2026-09-19,0.005930544451999014,0,0,1,1,0,0,0,0.0,0.0,2.005930544451999,2.005930544451999,0.6017791633355997,124
radha| kavach,,,,,,,,,,1.0,71979.0,71979.0,1140.0,82.0,2026-09-25,0.016977173897942455,0,0,1,1,0,0,1,0.0,0.0,1.0169771738979425,1.0169771738979425,0.30509315216938276,1209
radha| kavach| bhajan,,,,,,,,,,1.0,5528.0,5528.0,235.0,16.0,2026-09-25,0.045405209840810416,0,0,1,1,0,0,1,0.0,0.0,1.0454052098408104,1.0454052098408104,0.31362156295224314,428
radha| krishna| bhajan| 2026,,,,,,,,,,1.0,185056.0,185056.0,626.0,34.0,2026-09-11,0.0035664879820162545,0,0,1,1,0,0,0,0.0,0.0,1.0035664879820163,1.0035664879820163,0.3010699463946049,2347
radha| krishna| bhajan| apily| dutta| bhowmick| radhastami| special,,,,,,,,,,1.0,59960.0,59960.0,393.0,22.0,2026-09-18,0.0069212808539026015,0,0,1,1,0,0,0,0.0,0.0,1.0069212808539025,1.0069212808539025,0.3020763842561707,1877
radha| krishna| sad| bhajan| dard| bhare| popular| famous,,,,,,,,,,1.0,140541.0,140541.0,632.0,8.0,2026-09-22,0.00455383126632086,0,0,1,1,0,0,0,0.0,0.0,1.004553831266321,1.004553831266321,0.30136614937989625,2172
radha| rani| ashtami| bhajan| nonstop| bhajans| top| songs,,,,,,,,,,1.0,253202.0,253202.0,1049.0,79.0,2026-09-18,0.0044549411142092085,0,0,1,1,0,0,0,0.0,0.0,1.0044549411142092,1.0044549411142092,0.30133648233426275,2195
radha| rani| janam| badhai| geet| bhajan| ashtami| 2026,,,,,,,,,,1.0,32639.0,32639.0,266.0,13.0,2026-09-18,0.00854805600661785,0,0,1,1,0,0,0,0.0,0.0,1.0085480560066178,1.0085480560066178,0.3025644168019853,1755
radha| tamanna| hai| peaceful| krishna| bhajan| 2026,,,,,,,,,,1.0,42167.0,42167.0,227.0,7.0,2026-09-22,0.005549363246140347,0,0,1,1,0,0,0,0.0,0.0,1.0055493632461403,1.0055493632461403,0.30166480897384207,2025
radhe| shyam| payal| kritika| malik| zaid| ayaan| tuba,,,,,,,,,,1.0,253443.0,253443.0,8383.0,1357.0,2026-09-26,0.038430731959454394,0,0,1,1,0,0,1,0.0,0.0,1.0384307319594543,1.0384307319594543,0.3115292195878363,544
radhika| sundari| rakesh| reeyan| dulal| manki| arjun| lakra,,,,,,,,,,1.0,206345.0,206345.0,11129.0,483.0,2026-09-05,0.056274685599360295,0,0,1,1,0,0,1,0.0,0.0,1.0562746855993603,1.0562746855993603,0.3168824056798081,339
raftaar| legacy| finale| performance,,,,,,,,,,1.0,277658.0,277658.0,6780.0,465.0,2026-09-20,0.026093251410007994,0,0,1,1,0,0,1,0.0,0.0,1.026093251410008,1.026093251410008,0.3078279754230024,864
rahul |  delhi |  police,1.0,1.0,93.0,137.0,2026-10-07 15:38:21,15.069320059999999,,,,,,,,,,,1,0,0,1,1,0,0,0.6111111111111112,0.0,0.0,0.6111111111111112,0.18333333333333335,2798
rahul |  gandhi |  briefly,1.0,1.0,108.0,108.0,2026-10-08 06:38:34,0.06570894888888888,,,,,,,,,,,1,0,0,1,1,0,0,0.6111111111111112,0.0,0.0,0.6111111111111112,0.18333333333333335,2798
rahul |  gandhi |  chandrashekhar,1.0,1.0,78.0,114.0,2026-10-01 10:17:13,164.42154228222222,,,,,,,,,,,1,0,0,1,0,0,0,0.6111111111111112,0.0,0.0,0.6111111111111112,0.18333333333333335,2798
rahul |  gandhi |  claim,1.0,1.0,74.0,74.0,2026-10-04 03:58:11,98.73876450444443,,,,,,,,,,,1,0,0,1,0,0,0,0.6111111111111112,0.0,0.0,0.6111111111111112,0.18333333333333335,2798
rahul |  gandhi |  form,1.0,1.0,93.0,119.0,2026-10-06 01:32:19,53.16987561555556,,,,,,,,,,,1,0,0,1,0,0,0,0.6111111111111112,0.0,0.0,0.6111111111111112,0.18333333333333335,2798
rahul |  gandhi |  indian,1.0,1.0,101.0,101.0,2026-10-08 06:38:34,0.06570894888888888,,,,,,,,,,,1,0,0,1,1,0,0,0.6111111111111112,0.0,0.0,0.6111111111111112,0.18333333333333335,2798
rahul |  gandhi |  march,1.0,1.0,97.0,130.0,2026-10-06 12:53:34,41.81570894888889,,,,,,,,,,,1,0,0,1,0,0,0,0.6111111111111112,0.0,0.0,0.6111111111111112,0.18333333333333335,2798
rahul |  gandhi |  opposition,1.0,1.0,100.0,147.0,2026-10-07 10:38:05,20.073764504444444,,,,,,,,,,,1,0,0,1,1,0,0,0.6111111111111112,0.0,0.0,0.6111111111111112,0.18333333333333335,2798
rahul |  gandhi |  pauses,1.0,1.0,71.0,71.0,2026-10-04 12:03:30,90.65015339333333,,,,,,,,,,,1,0,0,1,0,0,0,0.6111111111111112,0.0,0.0,0.6111111111111112,0.18333333333333335,2798
rahul |  gandhi |  priyanka,1.0,1.0,83.0,83.0,2026-10-07 15:30:32,15.199597837777777,,,,,,,,,,,1,0,0,1,1,0,0,0.6111111111111112,0.0,0.0,0.6111111111111112,0.18333333333333335,2798
rahul |  gandhi |  protest,1.0,1.0,74.0,136.0,2026-10-07 01:23:39,29.31432006,,,,,,,,,,,1,0,0,1,0,0,0,0.6111111111111112,0.0,0.0,0.6111111111111112,0.18333333333333335,2798
rahul |  gandhi |  truth,1.0,1.0,78.0,57.0,2026-10-04 04:59:53,97.71043117111111,,,,,,,,,,,1,0,0,1,0,0,0,0.6111111111111112,0.0,0.0,0.6111111111111112,0.18333333333333335,2798
rahul |  jaiswal |  india,1.0,1.0,79.0,79.0,2026-10-07 06:28:49,24.228208948888888,,,,,,,,,,,1,0,0,1,0,0,0,0.6111111111111112,0.0,0.0,0.6111111111111112,0.18333333333333335,2798
rahul |  scared |  amethi,1.0,1.0,78.0,291.0,2026-10-04 04:29:33,98.21598672666666,,,,,,,,,,,1,0,0,1,0,0,0,0.6111111111111112,0.0,0.0,0.6111111111111112,0.18333333333333335,2798
rahul |  stand |  afraid,1.0,1.0,86.0,154.0,2026-10-06 14:10:23,40.535431171111114,,,,,,,,,,,1,0,0,1,0,0,0,0.6111111111111112,0.0,0.0,0.6111111111111112,0.18333333333333335,2798
rahul| dit| rayabhari| toxic| lyrical,,,,,,,,,,1.0,171598.0,171598.0,22039.0,1310.0,2026-10-07,0.13606801944078603,0,0,1,1,0,0,1,0.0,0.0,1.136068019440786,1.136068019440786,0.3408204058322358,233
rahul| gandhi| protest| news| live| gyanesh| kumar,,,,,,,,,,1.0,275861.0,275861.0,810.0,10.0,2026-10-06,0.002972511518482134,0,0,1,1,0,0,0,0.0,0.0,1.0029725115184822,1.0029725115184822,0.30089175345554464,2466
rahul| rawani| maghi| sad,,,,,,,,,,1.0,298566.0,298566.0,7722.0,165.0,2026-09-04,0.0264162697694982,0,0,1,1,0,0,1,0.0,0.0,1.0264162697694983,1.0264162697694983,0.30792488093084946,856
rahul| sipligunj| ganeshuni| paataro| 2026| music| ganeshsong| rahulsipligunj,,,,,,,,,,1.0,1115323.0,1115323.0,18591.0,263.0,2026-09-12,0.016904520035899914,0,0,1,1,0,0,1,0.0,0.0,1.0169045200359,1.0169045200359,0.30507135601076996,1217
raided| ocean| monument| minecraft,,,,,,,,,,1.0,59698.0,59698.0,4820.0,293.0,2026-10-03,0.08564776039398304,0,0,1,1,0,0,1,0.0,0.0,1.0856477603939831,1.0856477603939831,0.32569432811819493,263
raids |  bhagwant |  camp,1.0,1.0,68.0,411.0,2026-10-06 20:08:30,34.56682006,,,,,,,,,,,1,0,0,1,0,0,0,0.6111111111111112,0.0,0.0,0.6111111111111112,0.18333333333333335,2798
railways |  electrified |  tata,1.0,1.0,66.0,63.0,2026-10-05 02:30:00,76.20848672666666,,,,,,,,,,,1,0,0,1,0,0,0,0.6111111111111112,0.0,0.0,0.6111111111111112,0.18333333333333335,2798
rainfall |  lowest |  since,1.0,1.0,78.0,34.0,2026-09-30 22:06:51,176.59432006,,,,,,,,,,,1,0,0,1,0,0,0,0.6111111111111112,0.0,0.0,0.6111111111111112,0.18333333333333335,2798
rainfall |  nino |  impact,1.0,1.0,59.0,138.0,2026-10-03 06:10:46,120.52904228222222,,,,,,,,,,,1,0,0,1,0,0,0,0.6111111111111112,0.0,0.0,0.6111111111111112,0.18333333333333335,2798
raises |  rates |  amid,1.0,1.0,68.0,68.0,2026-10-08 06:38:34,0.06570894888888888,,,,,,,,,,,1,0,0,1,1,0,0,0.6111111111111112,0.0,0.0,0.6111111111111112,0.18333333333333335,2798
raise| shivang| anomaly| scp| roblox,,,,,,,,,,1.0,240910.0,240910.0,3737.0,898.0,2026-09-27,0.019239550039433815,0,0,1,1,0,0,1,0.0,0.0,1.0192395500394338,1.0192395500394338,0.3057718650118301,1122
rajasthan nikay chunav 2026,,,,,,,100.0,1.0,1.0,,,,,,,,0,1,0,1,0,1,0,0.0,1.5,0.0,1.5,0.6000000000000001,174
raja| kumari| gyaara| audio,,,,,,,,,,1.0,112878.0,112878.0,8487.0,1036.0,2026-10-02,0.08436542107407997,0,0,1,1,0,0,1,0.0,0.0,1.08436542107408,1.08436542107408,0.325309626322224,265
rajeev| yadav| khushi| kakkar| goli| choli| par| chaltau,,,,,,,,,,2.0,118788.0,237576.0,621.5,8.0,2026-10-06,0.005299356837390982,0,0,1,1,0,0,0,0.0,0.0,2.005299356837391,2.005299356837391,0.6015898070512173,127
rajeev| yadav| srishti| bharti| odhaniya| kaise| phatal| hako,,,,,,,,,,1.0,378208.0,378208.0,4999.0,138.0,2026-09-14,0.013582473136475167,0,0,1,1,0,0,1,0.0,0.0,1.013582473136475,1.013582473136475,0.30407474194094253,1377
rajini| jailer| hindi| rajinikanth| sun| pictures| anirudh| nelson,,,,,,,,,,1.0,1249816.0,1249816.0,5840.0,128.0,2026-09-26,0.004775102895146165,0,0,1,1,0,0,0,0.0,0.0,1.0047751028951462,1.0047751028951462,0.3014325308685438,2139
rajini| jailer| hindi| tiger| cut| rajinikanth| anirudh| nelson,,,,,,,,,,1.0,371358.0,371358.0,1667.0,70.0,2026-10-05,0.004677427172701275,0,0,1,1,0,0,0,0.0,0.0,1.0046774271727013,1.0046774271727013,0.30140322815181037,2152
rajnath |  singh |  launches,1.0,1.0,73.0,129.0,2026-10-06 09:10:58,45.52570894888889,,,,,,,,,,,1,0,0,1,0,0,0,0.6111111111111112,0.0,0.0,0.6111111111111112,0.18333333333333335,2798
rajneesh| panahwa| katle| biya| baginiya| bhojpuri| 2026| nirjala,,,,,,,,,,1.0,833789.0,833789.0,8134.0,213.0,2026-09-28,0.010010926025649175,0,0,1,1,0,0,0,0.0,0.0,1.0100109260256491,1.0100109260256491,0.3030032778076947,1628
rajya |  sabha |  actor,1.0,1.0,79.0,107.0,2026-10-05 09:04:22,69.63570894888889,,,,,,,,,,,1,0,0,1,0,0,0,0.6111111111111112,0.0,0.0,0.6111111111111112,0.18333333333333335,2798
rajya |  sabha |  assembly,1.0,1.0,73.0,114.0,2026-10-07 11:56:41,18.763764504444442,,,,,,,,,,,1,0,0,1,1,0,0,0.6111111111111112,0.0,0.0,0.6111111111111112,0.18333333333333335,2798
rakesh| barot| dhola| dade| andhara| aavya| gujarati| 2026,,,,,,,,,,1.0,120148.0,120148.0,4002.0,133.0,2026-09-11,0.034415887072610445,0,0,1,1,0,0,1,0.0,0.0,1.0344158870726103,1.0344158870726103,0.3103247661217831,642
rakesh| mishra| kamariya| kala| til| khushi| kakkad| lezza,,,,,,,,,,1.0,383359.0,383359.0,5073.0,178.0,2026-09-14,0.013697343743071116,0,0,1,1,0,0,1,0.0,0.0,1.0136973437430712,1.0136973437430712,0.30410920312292133,1367
raksha| gupta| hamar| devrani| ghar| maharani| bhojpuri,,,,,,,,,,1.0,630556.0,630556.0,1042.0,18.0,2026-09-15,0.0016810560838371215,0,0,1,1,0,0,0,0.0,0.0,1.0016810560838372,1.0016810560838372,0.30050431682515116,2653
rally |  vijay |  aiadmk,1.0,1.0,57.0,144.0,2026-09-30 19:43:52,178.97737561555556,,,,,,,,,,,1,0,0,1,0,0,0,0.6111111111111112,0.0,0.0,0.6111111111111112,0.18333333333333335,2798
ramam| 2026| hour| epic| cinefai| studios,,,,,,,,,,1.0,1237541.0,1237541.0,16454.0,1571.0,2026-10-01,0.014565174002315882,0,0,1,1,0,0,1,0.0,0.0,1.0145651740023158,1.0145651740023158,0.3043695522006947,1323
ramayam| 9198116541,,,,,,,,,,1.0,385953.0,385953.0,1151.0,30.0,2026-09-22,0.0030599580777970373,0,0,1,1,0,0,0,0.0,0.0,1.003059958077797,1.003059958077797,0.3009179874233391,2449
ramayana| beast| minute| review| deeksha| sharma,,,,,,,,,,1.0,941990.0,941990.0,11317.0,396.0,2026-09-27,0.012434314589326851,0,0,1,1,0,0,1,0.0,0.0,1.0124343145893269,1.0124343145893269,0.30373029437679805,1437
ramayana| cinemas| november,,,,,,,,,,1.0,1065316.0,1065316.0,10476.0,803.0,2026-09-16,0.010587468882472431,0,0,1,1,0,0,0,0.0,0.0,1.0105874688824725,1.0105874688824725,0.30317624066474175,1583
ramayana| cinemas| november| 2026,,,,,,,,,,1.0,7497380.0,7497380.0,73408.0,4162.0,2026-09-09,0.010346280967484642,0,0,1,1,0,0,0,0.0,0.0,1.0103462809674846,1.0103462809674846,0.3031038842902454,1597
ramayana| disaster| marketing| continues| stree| love| war| flick,,,,,,,,,,1.0,1048436.0,1048436.0,22595.0,1175.0,2026-10-06,0.022671865521595978,0,0,1,1,0,0,1,0.0,0.0,1.022671865521596,1.022671865521596,0.3068015596564788,987
ramayana| jai| ram| namit| nitesh| ranbir| yash| rahman,,,,,,,,,,1.0,51307273.0,51307273.0,598945.0,29606.0,2026-09-14,0.012250719308352248,0,0,1,1,0,0,1,0.0,0.0,1.0122507193083523,1.0122507193083523,0.30367521579250567,1453
ramayana| king| shahrukh| khan| teaser| deeksha| sharma,,,,,,,,,,1.0,730065.0,730065.0,11193.0,583.0,2026-10-07,0.01613007061015115,0,0,1,1,0,0,1,0.0,0.0,1.0161300706101513,1.0161300706101513,0.30483902118304534,1255
ramayana| path| dharma| hindi,,,,,,,,,,1.0,1127312.0,1127312.0,39335.0,5657.0,2026-09-28,0.03991086762138609,0,0,1,1,0,0,1,0.0,0.0,1.0399108676213862,1.0399108676213862,0.31197326028641587,514
ramayana| path| dharma| review| yogi| bolta| hai,,,,,,,,,,1.0,579727.0,579727.0,11160.0,497.0,2026-09-29,0.020107740367448817,0,0,1,1,0,0,1,0.0,0.0,1.0201077403674488,1.0201077403674488,0.3060323221102346,1080
ramayana| rise| legend| english| theatres| nov| 5th| 2026,,,,,,,,,,1.0,3028249.0,3028249.0,31826.0,1321.0,2026-10-06,0.010945929479379007,0,0,1,1,0,0,1,0.0,0.0,1.010945929479379,1.010945929479379,0.3032837788438137,1555
ramdevpir| bhajan| gujarati| desi,,,,,,,,,,1.0,13294.0,13294.0,144.0,1.0,2026-09-11,0.010907176169700617,0,0,1,1,0,0,1,0.0,0.0,1.0109071761697006,1.0109071761697006,0.3032721528509102,1556
ram| ban| jaunga| anil| rawat| farmani| naaz| jitendra,,,,,,,,,,1.0,863424.0,863424.0,10068.0,168.0,2026-09-20,0.011855125639315098,0,0,1,1,0,0,1,0.0,0.0,1.0118551256393151,1.0118551256393151,0.3035565376917945,1480
ram| nam| nadiya| agam| bahijay| suresh| awasthi| bhajan,,,,,,,,,,1.0,17009.0,17009.0,128.0,2.0,2026-09-28,0.007643012522782057,0,0,1,1,0,0,0,0.0,0.0,1.007643012522782,1.007643012522782,0.3022929037568346,1817
ranabaali| teaser| savage| oath| reaction| review| vijay| devarakonda,,,,,,,,,,1.0,67416.0,67416.0,1727.0,150.0,2026-09-09,0.027842055298445474,0,0,1,1,0,0,1,0.0,0.0,1.0278420552984455,1.0278420552984455,0.30835261658953367,822
ranabaali| teaser| savage| oath| vijay| deverakonda| rashmika| mandanna,,,,,,,,,,1.0,11576467.0,11576467.0,218288.0,6302.0,2026-09-09,0.019400564956475925,0,0,1,1,0,0,1,0.0,0.0,1.019400564956476,1.019400564956476,0.30582016948694274,1113
ranabaali| vijay| deverakonda| rashmika| mandanna,,,,,,,,,,1.0,373004.0,373004.0,3614.0,0.0,2026-09-09,0.009688904140438171,0,0,1,1,0,0,0,0.0,0.0,1.0096889041404382,1.0096889041404382,0.30290667124213144,1663
ranch |  sandra |  acre,1.0,1.0,77.0,421.0,2026-10-07 22:20:00,8.375153393333333,,,,,,,,,,,1,0,0,1,1,0,0,0.6111111111111112,0.0,0.0,0.6111111111111112,0.18333333333333335,2798
ranch |  texas |  court,1.0,1.0,69.0,424.0,2026-10-07 04:45:14,25.954597837777776,,,,,,,,,,,1,0,0,1,0,0,0,0.6111111111111112,0.0,0.0,0.6111111111111112,0.18333333333333335,2798
rani mukherjee,,,,,,,100.0,1.0,1.0,,,,,,,,0,1,0,1,0,1,0,0.0,1.5,0.0,1.5,0.6000000000000001,174
rani| chatterjee| monalisa| bhojpuri| sad,,,,,,,,,,1.0,510013.0,510013.0,1820.0,31.0,2026-09-05,0.003629319252646501,0,0,1,1,0,0,0,0.0,0.0,1.0036293192526464,1.0036293192526464,0.3010887957757939,2340
ranjeet| singh| tute| dehiya| uthe| darad| bhojpuri| 2026,,,,,,,,,,1.0,151426.0,151426.0,365.0,12.0,2026-09-23,0.0024896649188382446,0,0,1,1,0,0,0,0.0,0.0,1.0024896649188382,1.0024896649188382,0.3007468994756514,2555
rankings |  caqm |  plans,1.0,1.0,67.0,135.0,2026-10-07 01:07:28,29.58404228222222,,,,,,,,,,,1,0,0,1,0,0,0,0.6111111111111112,0.0,0.0,0.6111111111111112,0.18333333333333335,2798
rank| play| rocky| grinding| start| now| freefireshortslivestream| freefire,,,,,,,,,,8.0,430992.75,3447942.0,3251.125,0.0,2026-10-07,0.00754334034621232,0,0,1,1,0,0,0,0.0,0.0,8.007543340346212,8.007543340346212,2.4022630021038633,28
rank| push| conqueror| begins| tag| lolzzz| what| bgmi,,,,,,,,,,1.0,1004066.0,1004066.0,28110.0,87.0,2026-09-20,0.028082815273099578,0,0,1,1,0,0,1,0.0,0.0,1.0280828152730996,1.0280828152730996,0.30842484458192987,812
ranuje| manado| moyo2| deshi| pakhat| mandali| rohit| thakor,,,,,,,,,,1.0,73934.0,73934.0,3697.0,145.0,2026-09-11,0.05196526631860849,0,0,1,1,0,0,1,0.0,0.0,1.0519652663186085,1.0519652663186085,0.31558957989558256,366
rape |  cornell |  case,1.0,1.0,75.0,94.0,2026-10-01 04:52:32,169.8329311711111,,,,,,,,,,,1,0,0,1,0,0,0,0.6111111111111112,0.0,0.0,0.6111111111111112,0.18333333333333335,2798
rasik| dulari| case| premanand| maharaj,,,,,,,,,,1.0,50018.0,50018.0,564.0,9.0,2026-09-29,0.011455875884681515,0,0,1,1,0,0,1,0.0,0.0,1.0114558758846814,1.0114558758846814,0.30343676276540443,1516
rate |  hike |  home,1.0,1.0,61.0,73.0,2026-10-07 04:00:00,26.708486726666667,,,,,,,,,,,1,0,0,1,0,0,0,0.6111111111111112,0.0,0.0,0.6111111111111112,0.18333333333333335,2798
rathinamo| female| version| lyric| saurav| srisan| tanisha| gnanavel,,,,,,,,,,1.0,1231373.0,1231373.0,21122.0,405.0,2026-09-30,0.01748211143171078,0,0,1,1,0,0,1,0.0,0.0,1.0174821114317107,1.0174821114317107,0.3052446334295132,1188
rathinamo| tanisha| gnanavel| female| version,,,,,,,,,,1.0,272964.0,272964.0,4528.0,57.0,2026-09-09,0.016797086795328323,0,0,1,1,0,0,1,0.0,0.0,1.0167970867953284,1.0167970867953284,0.3050391260385985,1221
raushanrohi| khushikakkar| nach| nagin| jaisan| maghisong| 2026,,,,,,,,,,1.0,36587.0,36587.0,79.0,1.0,2026-09-17,0.0021865689999180037,0,0,1,1,0,0,0,0.0,0.0,1.002186568999918,1.002186568999918,0.3006559706999754,2596
raushan| rohi| biscuit| dubaai| neha| pathak| jailstar| movie,,,,,,,,,,1.0,28898.0,28898.0,5467.0,283.0,2026-09-22,0.19897570766142986,0,0,1,1,0,0,1,0.0,0.0,1.1989757076614298,1.1989757076614298,0.3596927122984289,225
raushan| rohi| gunda| bhi| puja| karau| srishti| bharti,,,,,,,,,,1.0,1549568.0,1549568.0,43667.0,3236.0,2026-09-16,0.03026843610606311,0,0,1,1,0,0,1,0.0,0.0,1.030268436106063,1.030268436106063,0.3090805308318189,746
raushan| rohi| khushi| kakkar| magahi| 2026,,,,,,,,,,1.0,235825.0,235825.0,7709.0,385.0,2026-10-01,0.03432206085020672,0,0,1,1,0,0,1,0.0,0.0,1.0343220608502066,1.0343220608502066,0.310296618255062,646
raushan| rohi| khushi| kakkar| nach| nagin| jaisan| maghi,,,,,,,,,,1.0,232325.0,232325.0,740.0,10.0,2026-09-04,0.003228236306897665,0,0,1,1,0,0,0,0.0,0.0,1.0032282363068976,1.0032282363068976,0.3009684708920693,2409
raushan| rohi| nisha| naina| melba| patnama| maghi| navratri,,,,,,,,,,1.0,366929.0,366929.0,20232.0,2247.0,2026-10-04,0.06126253307860649,0,0,1,1,0,0,1,0.0,0.0,1.0612625330786065,1.0612625330786065,0.31837875992358194,316
raushan| rohi| srishti| bharti| gulabi| nagar| magahi| 2026,,,,,,,,,,1.0,1963029.0,1963029.0,35608.0,1537.0,2026-09-20,0.01892228795397317,0,0,1,1,0,0,1,0.0,0.0,1.0189222879539732,1.0189222879539732,0.30567668638619194,1134
raushan| rohi| srishti| bharti| magahi| 2026| nawada| rangdar,,,,,,,,,,1.0,286539.0,286539.0,11176.0,495.0,2026-09-15,0.04073093017006411,0,0,1,1,0,0,1,0.0,0.0,1.040730930170064,1.040730930170064,0.3122192790510192,501
raushan| rohi| srishti| bharti| maghi,,,,,,,,,,1.0,1598938.0,1598938.0,39175.0,2473.0,2026-09-28,0.02604728888799941,0,0,1,1,0,0,1,0.0,0.0,1.0260472888879995,1.0260472888879995,0.3078141866663998,866
raushan| rohi| srishti| bharti| maghi| rangdari| 2026,,,,,,,,,,1.0,1996928.0,1996928.0,49408.0,2564.0,2026-09-24,0.026025975898980834,0,0,1,1,0,0,1,0.0,0.0,1.026025975898981,1.026025975898981,0.3078077927696943,867
raushan| rohi| srishti| bharti| priti| tiwari| gulabi| nagar,,,,,,,,,,1.0,255326.0,255326.0,2917.0,26.0,2026-09-25,0.011526440707174358,0,0,1,1,0,0,1,0.0,0.0,1.0115264407071745,1.0115264407071745,0.30345793221215234,1508
raushan| rohi| srishti| bharti| radha| magahi| hit,,,,,,,,,,1.0,1645651.0,1645651.0,39934.0,4474.0,2026-09-10,0.026985065484723066,0,0,1,1,0,0,1,0.0,0.0,1.026985065484723,1.026985065484723,0.30809551964541687,837
raushan| rohi| srishti| bharti| tanya| magahi,,,,,,,,,,1.0,1293280.0,1293280.0,35643.0,3149.0,2026-09-03,0.029995051342323394,0,0,1,1,0,0,1,0.0,0.0,1.0299950513423235,1.0299950513423235,0.308998515402697,751
raushan| rohi| srishti| bharti| tanya| magahi| 2026,,,,,,,,,,1.0,21335.0,21335.0,299.0,4.0,2026-09-06,0.014202015467541598,0,0,1,1,0,0,1,0.0,0.0,1.0142020154675415,1.0142020154675415,0.30426060464026244,1342
raushan| rohi| srishti| bharti| thumka| par| jhumka| maghi,,,,,,,,,,1.0,205504.0,205504.0,458.0,5.0,2026-09-15,0.00225299750856431,0,0,1,1,0,0,0,0.0,0.0,1.0022529975085643,1.0022529975085643,0.30067589925256927,2588
raven| championship| series| semi| finals| day| apexgaming| godlike,,,,,,,,,,1.0,548613.0,548613.0,6139.0,9.0,2026-09-13,0.011206442428451386,0,0,1,1,0,0,1,0.0,0.0,1.0112064424284515,1.0112064424284515,0.30336193272853545,1536
ravi| kishan| prank| randoms| went| too| funny,,,,,,,,,,1.0,548249.0,548249.0,19604.0,823.0,2026-09-24,0.037258617890775905,0,0,1,1,0,0,1,0.0,0.0,1.037258617890776,1.037258617890776,0.3111775853672328,577
raymond share price,,,,,,,100.0,1.0,1.0,,,,,,,,0,1,0,1,0,1,0,0.0,1.5,0.0,1.5,0.6000000000000001,174
ray| gunn| netflix,,,,,,,,,,1.0,3846674.0,3846674.0,70033.0,6392.0,2026-09-23,0.01986781307695947,0,0,1,1,0,0,1,0.0,0.0,1.0198678130769594,1.0198678130769594,0.3059603439230878,1093
reading |  cool |  again,1.0,1.0,73.0,73.0,2026-10-05 03:32:50,75.16126450444445,,,,,,,,,,,1,0,0,1,0,0,0,0.6111111111111112,0.0,0.0,0.6111111111111112,0.18333333333333335,2798
ready |  consider |  india,1.0,1.0,64.0,64.0,2026-10-04 06:19:38,96.38126450444445,,,,,,,,,,,1,0,0,1,0,0,0,0.6111111111111112,0.0,0.0,0.6111111111111112,0.18333333333333335,2798
realistic| build| battle| senpaispider,,,,,,,,,,1.0,537349.0,537349.0,17364.0,1202.0,2026-09-23,0.034551101797900434,0,0,1,1,0,0,1,0.0,0.0,1.0345511017979003,1.0345511017979003,0.3103653305393701,639
rebel |  replaced |  loses,1.0,1.0,82.0,115.0,2026-10-04 02:03:06,100.65682006,,,,,,,,,,,1,0,0,1,0,0,0,0.6111111111111112,0.0,0.0,0.6111111111111112,0.18333333333333335,2798
recall |  order |  challenge,1.0,1.0,65.0,254.0,2026-10-01 02:29:20,172.2195978377778,,,,,,,,,,,1,0,0,1,0,0,0,0.6111111111111112,0.0,0.0,0.6111111111111112,0.18333333333333335,2798
records |  galore |  india,1.0,1.0,66.0,66.0,2026-10-01 06:33:17,168.15376450444447,,,,,,,,,,,1,0,0,1,0,0,0,0.6111111111111112,0.0,0.0,0.6111111111111112,0.18333333333333335,2798
records |  quickest |  severe,1.0,1.0,56.0,56.0,2026-09-29 11:01:04,211.6907089488889,,,,,,,,,,,1,0,0,1,0,0,0,0.6111111111111112,0.0,0.0,0.6111111111111112,0.18333333333333335,2798
recreating| viral| memes,,,,,,,,,,1.0,1241301.0,1241301.0,32741.0,471.0,2026-10-05,0.02675579895609526,0,0,1,1,0,0,1,0.0,0.0,1.0267557989560954,1.0267557989560954,0.3080267396868286,845
recurve |  team |  asian,1.0,1.0,73.0,404.0,2026-10-02 04:15:08,146.45626450444445,,,,,,,,,,,1,0,0,1,0,0,0,0.6111111111111112,0.0,0.0,0.6111111111111112,0.18333333333333335,2798
reddy |  avinash |  over,1.0,1.0,79.0,146.0,2026-10-02 13:18:36,137.39848672666668,,,,,,,,,,,1,0,0,1,0,0,0,0.6111111111111112,0.0,0.0,0.6111111111111112,0.18333333333333335,2798
red| diamond| train| golden| indian| bikes| driving,,,,,,,,,,1.0,119859.0,119859.0,0.0,7.0,2026-09-30,5.840195563119999e-05,0,0,1,1,0,0,0,0.0,0.0,1.0000584019556311,1.0000584019556311,0.30001752058668935,2765
red| gang| blue| ganesh| chaturthi| battle| who| will,,,,,,,,,,1.0,120822.0,120822.0,1486.0,164.0,2026-09-14,0.01365645329492973,0,0,1,1,0,0,1,0.0,0.0,1.0136564532949297,1.0136564532949297,0.3040969359884789,1373
red| team| blue| challenge| mimic| party,,,,,,,,,,1.0,83849.0,83849.0,3542.0,264.0,2026-09-23,0.04539111975098093,0,0,1,1,0,0,1,0.0,0.0,1.0453911197509809,1.0453911197509809,0.3136173359252942,429
red| team| blue| mimic| party| competition,,,,,,,,,,1.0,48432.0,48432.0,2287.0,311.0,2026-09-15,0.05364222001982161,0,0,1,1,0,0,1,0.0,0.0,1.0536422200198217,1.0536422200198217,0.3160926660059465,354
refugee| music| jordan| sandhu| latest| punjabi| songs| 2026,,,,,,,,,,1.0,4838725.0,4838725.0,85558.0,4350.0,2026-09-26,0.01858092782706188,0,0,1,1,0,0,1,0.0,0.0,1.0185809278270619,1.0185809278270619,0.30557427834811857,1152
refuses |  relief |  mamata,1.0,1.0,76.0,113.0,2026-10-01 07:31:58,167.1757089488889,,,,,,,,,,,1,0,0,1,0,0,0,0.6111111111111112,0.0,0.0,0.6111111111111112,0.18333333333333335,2798
registration |  easier |  refunds,1.0,1.0,61.0,504.0,2026-10-04 20:25:24,82.28515339333333,,,,,,,,,,,1,0,0,1,0,0,0,0.6111111111111112,0.0,0.0,0.6111111111111112,0.18333333333333335,2798
reining |  tech |  streamlining,1.0,1.0,97.0,97.0,2026-10-02 06:09:13,144.55487561555555,,,,,,,,,,,1,0,0,1,0,0,0,0.6111111111111112,0.0,0.0,0.6111111111111112,0.18333333333333335,2798
rejection |  left |  begin,1.0,1.0,93.0,159.0,2026-10-03 01:51:47,124.8454311711111,,,,,,,,,,,1,0,0,1,0,0,0,0.6111111111111112,0.0,0.0,0.6111111111111112,0.18333333333333335,2798
rekha| ragini| refar| bhail| janua| patna| bhojpuri| sad,,,,,,,,,,1.0,304108.0,304108.0,526.0,25.0,2026-10-04,0.0018118563142041643,0,0,1,1,0,0,0,0.0,0.0,1.0018118563142042,1.0018118563142042,0.30054355689426127,2644
rekkai| katti| parakudhu| remastered| annamalai| rajini| khushbu| spb,,,,,,,,,,1.0,47991.0,47991.0,293.0,5.0,2026-09-18,0.006209497614135984,0,0,1,1,0,0,0,0.0,0.0,1.006209497614136,1.006209497614136,0.3018628492842408,1952
relaxes |  credit |  promotion,1.0,1.0,75.0,67.0,2026-10-03 04:37:54,122.07682005999999,,,,,,,,,,,1,0,0,1,0,0,0,0.6111111111111112,0.0,0.0,0.6111111111111112,0.18333333333333335,2798
reliance |  sues |  india,1.0,1.0,72.0,72.0,2026-10-06 06:52:38,47.83126450444445,,,,,,,,,,,1,0,0,1,0,0,0,0.6111111111111112,0.0,0.0,0.6111111111111112,0.18333333333333335,2798
relief |  frozen |  bank,1.0,1.0,44.0,260.0,2026-10-02 02:19:10,148.38904228222222,,,,,,,,,,,1,0,0,1,0,0,0,0.6111111111111112,0.0,0.0,0.6111111111111112,0.18333333333333335,2798
remain| teaser,,,,,,,,,,1.0,10286661.0,10286661.0,43704.0,2721.0,2026-09-08,0.004513126271002806,0,0,1,1,0,0,0,0.0,0.0,1.0045131262710028,1.0045131262710028,0.3013539378813008,2182
remember |  name |  israelis,1.0,1.0,82.0,82.0,2026-10-01 01:56:17,172.7704311711111,,,,,,,,,,,1,0,0,1,0,0,0,0.6111111111111112,0.0,0.0,0.6111111111111112,0.18333333333333335,2798
remix| ashish| yadav| karma| rajhans,,,,,,,,,,1.0,128311.0,128311.0,1058.0,11.0,2026-09-01,0.008331319995947347,0,0,1,1,0,0,0,0.0,0.0,1.0083313199959474,1.0083313199959474,0.3024993959987842,1777
remix| swasti| rhythm,,,,,,,,,,1.0,118107.0,118107.0,249.0,8.0,2026-09-27,0.002175992955540315,0,0,1,1,0,0,0,0.0,0.0,1.0021759929555403,1.0021759929555403,0.30065279788666205,2600
removed| badge| only,,,,,,,,,,1.0,1014677.0,1014677.0,28407.0,3138.0,2026-09-06,0.03108871098881713,0,0,1,1,0,0,1,0.0,0.0,1.0310887109888172,1.0310887109888172,0.3093266132966451,733
rentomojo ipo,,,,,,,80.0,1.0,0.8,,,,,,,,0,1,0,1,0,1,0,0.0,1.3,0.0,1.3,0.52,192
repair| phones| don| peek| inside| pick,,,,,,,,,,1.0,517787.0,517787.0,19879.0,1684.0,2026-09-19,0.041644537232491355,0,0,1,1,0,0,1,0.0,0.0,1.0416445372324914,1.0416445372324914,0.3124933611697474,480
repo |  rate |  raises,1.0,1.0,80.0,126.0,2026-10-07 04:36:35,26.098764504444443,,,,,,,,,,,1,0,0,1,0,0,0,0.6111111111111112,0.0,0.0,0.6111111111111112,0.18333333333333335,2798
repo |  rate |  sensex,1.0,1.0,70.0,78.0,2026-10-06 04:00:29,50.70043117111111,,,,,,,,,,,1,0,0,1,0,0,0,0.6111111111111112,0.0,0.0,0.6111111111111112,0.18333333333333335,2798
report |  amazon |  flipkart,1.0,1.0,106.0,118.0,2026-10-01 12:22:04,162.3407089488889,,,,,,,,,,,1,0,0,1,0,0,0,0.6111111111111112,0.0,0.0,0.6111111111111112,0.18333333333333335,2798
reporting| live| parineeti| chopra| deven| bhojani| netflix| india,,,,,,,,,,1.0,901244.0,901244.0,4378.0,216.0,2026-10-03,0.005097398706676549,0,0,1,1,0,0,0,0.0,0.0,1.0050973987066765,1.0050973987066765,0.3015292196120029,2088
rescued |  kuwait |  flagged,1.0,1.0,82.0,136.0,2026-10-03 01:01:45,125.67932006,,,,,,,,,,,1,0,0,1,0,0,0,0.6111111111111112,0.0,0.0,0.6111111111111112,0.18333333333333335,2798
responding |  well |  gives,1.0,1.0,93.0,145.0,2026-10-07 17:02:31,13.66654228222222,,,,,,,,,,,1,0,0,1,1,0,0,0.6111111111111112,0.0,0.0,0.6111111111111112,0.18333333333333335,2798
rest |  india |  irani,1.0,1.0,105.0,105.0,2026-10-04 06:19:38,96.38126450444445,,,,,,,,,,,1,0,0,1,0,0,0,0.6111111111111112,0.0,0.0,0.6111111111111112,0.18333333333333335,2798
rest |  killers |  pradeep,1.0,1.0,86.0,152.0,2026-10-01 11:18:14,163.4045978377778,,,,,,,,,,,1,0,0,1,0,0,0,0.6111111111111112,0.0,0.0,0.6111111111111112,0.18333333333333335,2798
revealed| secret| hidden| chinti| gang| memeber| roblox,,,,,,,,,,1.0,379257.0,379257.0,11138.0,11099.0,2026-09-19,0.058633064122745264,0,0,1,1,0,0,1,0.0,0.0,1.0586330641227453,1.0586330641227453,0.31758991923682356,330
revenge,,,,,,,,,,1.0,261203.0,261203.0,3845.0,114.0,2026-09-07,0.015156793758111508,0,0,1,1,0,0,1,0.0,0.0,1.0151567937581114,1.0151567937581114,0.3045470381274334,1294
revenge |  gaza |  flydubai,1.0,1.0,83.0,102.0,2026-10-06 03:37:32,51.08293117111111,,,,,,,,,,,1,0,0,1,0,0,0,0.6111111111111112,0.0,0.0,0.6111111111111112,0.18333333333333335,2798
rhiya |  ahir |  moment,1.0,1.0,76.0,76.0,2026-10-03 03:27:53,123.24376450444444,,,,,,,,,,,1,0,0,1,0,0,0,0.6111111111111112,0.0,0.0,0.6111111111111112,0.18333333333333335,2798
rich| poor| boat| minecraft,,,,,,,,,,1.0,295147.0,295147.0,5246.0,210.0,2026-09-12,0.018485703734071497,0,0,1,1,0,0,1,0.0,0.0,1.0184857037340715,1.0184857037340715,0.30554571112022144,1156
rich| poor| skyscraper| battle| minecraft,,,,,,,,,,1.0,104537.0,104537.0,1330.0,59.0,2026-09-10,0.013287161483493883,0,0,1,1,0,0,1,0.0,0.0,1.013287161483494,1.013287161483494,0.3039861484450482,1394
ride| fastest| pets| roblox,,,,,,,,,,1.0,99599.0,99599.0,2601.0,200.0,2026-09-17,0.028122772316991135,0,0,1,1,0,0,1,0.0,0.0,1.0281227723169912,1.0281227723169912,0.30843683169509734,811
riot| live| free| fire| freefire| freefirelive| shortsfeed| shorts,,,,,,,,,,1.0,267996.0,267996.0,10859.0,156.0,2026-09-29,0.04110135972178689,0,0,1,1,0,0,1,0.0,0.0,1.0411013597217869,1.0411013597217869,0.31233040791653605,493
rise |  fall |  rivalry,1.0,1.0,79.0,78.0,2026-10-04 05:11:24,97.51848672666667,,,,,,,,,,,1,0,0,1,0,0,0,0.6111111111111112,0.0,0.0,0.6111111111111112,0.18333333333333335,2798
rivals| boys| girls| loadout| challenge| roblox,,,,,,,,,,1.0,311983.0,311983.0,5160.0,1181.0,2026-09-24,0.02032482539112708,0,0,1,1,0,0,1,0.0,0.0,1.020324825391127,1.020324825391127,0.3060974476173381,1073
rivals| game| choose| inventory| roblox,,,,,,,,,,1.0,375505.0,375505.0,12127.0,1076.0,2026-09-12,0.03516065032423004,0,0,1,1,0,0,1,0.0,0.0,1.03516065032423,1.03516065032423,0.310548195097269,625
rivals| hulk| everyone| challenge| roblox,,,,,,,,,,1.0,596375.0,596375.0,8734.0,5058.0,2026-09-16,0.023126388597778245,0,0,1,1,0,0,1,0.0,0.0,1.0231263885977782,1.0231263885977782,0.30693791657933345,976
rivals| your| weapon| upgrades| roblox,,,,,,,,,,1.0,411293.0,411293.0,6678.0,475.0,2026-10-05,0.017391494627917323,0,0,1,1,0,0,1,0.0,0.0,1.0173914946279172,1.0173914946279172,0.30521744838837517,1195
road accident,,,,,,,100.0,1.0,1.0,,,,,,,,0,1,0,1,0,1,0,0.0,1.5,0.0,1.5,0.6000000000000001,174
robbed| biggest| bank| city| gta| hindi| dubbed,,,,,,,,,,1.0,483805.0,483805.0,15865.0,1259.0,2026-09-21,0.03539442544000165,0,0,1,1,0,0,1,0.0,0.0,1.0353944254400016,1.0353944254400016,0.3106183276320005,619
robbers| defenders| challenge| steal| egg,,,,,,,,,,1.0,332401.0,332401.0,6964.0,959.0,2026-09-30,0.02383566836441527,0,0,1,1,0,0,1,0.0,0.0,1.0238356683644152,1.0238356683644152,0.3071507005093245,947
robbers| guards| challenge| steal| egg| roblox,,,,,,,,,,1.0,297357.0,297357.0,5838.0,1604.0,2026-10-07,0.025027155910235844,0,0,1,1,0,0,1,0.0,0.0,1.0250271559102357,1.0250271559102357,0.3075081467730707,899
roblox| build| stairs| moon,,,,,,,,,,1.0,85618.0,85618.0,4049.0,145.0,2026-09-24,0.0489850265131164,0,0,1,1,0,0,1,0.0,0.0,1.0489850265131164,1.0489850265131164,0.3146955079539349,396
roblox| chaos| survival| ultimate| funniest| challenge| ever,,,,,,,,,,1.0,95391.0,95391.0,3101.0,430.0,2026-10-04,0.03701607069849357,0,0,1,1,0,0,1,0.0,0.0,1.0370160706984937,1.0370160706984937,0.3111048212095481,582
roblox| death| order| simon| says| crazy| gameplay,,,,,,,,,,1.0,90557.0,90557.0,2545.0,372.0,2026-09-06,0.032211756131497286,0,0,1,1,0,0,1,0.0,0.0,1.0322117561314972,1.0322117561314972,0.30966352683944914,700
roblox| giant| mini| hide| seek| rivals,,,,,,,,,,1.0,418499.0,418499.0,7572.0,8490.0,2026-09-05,0.03838002002394271,0,0,1,1,0,0,1,0.0,0.0,1.0383800200239428,1.0383800200239428,0.3115140060071828,546
roblox| jump| steal| egg,,,,,,,,,,1.0,118339.0,118339.0,4562.0,136.0,2026-09-22,0.03969950734753547,0,0,1,1,0,0,1,0.0,0.0,1.0396995073475355,1.0396995073475355,0.31190985220426065,517
roblox| sail| boat| steal| secret| egg,,,,,,,,,,1.0,80950.0,80950.0,2477.0,151.0,2026-09-29,0.032464484249536754,0,0,1,1,0,0,1,0.0,0.0,1.0324644842495367,1.0324644842495367,0.309739345274861,694
roblox| save| baddie| fire,,,,,,,,,,1.0,453583.0,453583.0,3621.0,176.0,2026-09-28,0.008371125020117597,0,0,1,1,0,0,0,0.0,0.0,1.0083711250201175,1.0083711250201175,0.30251133750603526,1774
roblox| scariest| game| ever| monochrome,,,,,,,,,,1.0,74630.0,74630.0,3479.0,369.0,2026-09-29,0.05156103443655367,0,0,1,1,0,0,1,0.0,0.0,1.0515610344365536,1.0515610344365536,0.31546831033096606,370
roblox| slash| per| click,,,,,,,,,,1.0,193550.0,193550.0,3130.0,389.0,2026-09-12,0.018181348488762593,0,0,1,1,0,0,1,0.0,0.0,1.0181813484887625,1.0181813484887625,0.30545440454662875,1162
roblox| steal| baddies,,,,,,,,,,1.0,216928.0,216928.0,2177.0,92.0,2026-10-07,0.010459691694940257,0,0,1,1,0,0,0,0.0,0.0,1.0104596916949402,1.0104596916949402,0.3031379075084821,1591
roblox| tongue| escape,,,,,,,,,,1.0,63288.0,63288.0,1273.0,156.0,2026-10-02,0.02257931993426874,0,0,1,1,0,0,1,0.0,0.0,1.0225793199342688,1.0225793199342688,0.3067737959802806,991
rogue |  agents |  hack,1.0,1.0,77.0,77.0,2026-10-01 04:39:28,170.0507089488889,,,,,,,,,,,1,0,0,1,0,0,0,0.6111111111111112,0.0,0.0,0.6111111111111112,0.18333333333333335,2798
rohit |  sharma |  world,1.0,1.0,81.0,74.0,2026-09-30 17:46:28,180.93404228222224,,,,,,,,,,,1,0,0,1,0,0,0,0.6111111111111112,0.0,0.0,0.6111111111111112,0.18333333333333335,2798
rohit| pradhan| jhutha| raur| boliya| raja| bhojpuri| viral,,,,,,,,,,1.0,497282.0,497282.0,769.0,305.0,2026-09-25,0.002159740348534634,0,0,1,1,0,0,0,0.0,0.0,1.0021597403485347,1.0021597403485347,0.30064792210456043,2602
roll| money| become| rich| roblox,,,,,,,,,,1.0,52751.0,52751.0,1476.0,107.0,2026-09-13,0.03000890978370078,0,0,1,1,0,0,1,0.0,0.0,1.0300089097837009,1.0300089097837009,0.30900267293511025,750
romantic| hindi| songs| evergreen| movie| superhit,,,,,,,,,,1.0,854519.0,854519.0,2049.0,37.0,2026-10-05,0.0024411394012303998,0,0,1,1,0,0,0,0.0,0.0,1.0024411394012305,1.0024411394012305,0.3007323418203691,2559
ronaldo |  camp |  time,1.0,1.0,77.0,366.0,2026-09-30 21:26:53,177.26043117111112,,,,,,,,,,,1,0,0,1,0,0,0,0.6111111111111112,0.0,0.0,0.6111111111111112,0.18333333333333335,2798
ronaldo |  jesus |  left,1.0,1.0,83.0,408.0,2026-10-06 21:07:23,33.58543117111111,,,,,,,,,,,1,0,0,1,0,0,0,0.6111111111111112,0.0,0.0,0.6111111111111112,0.18333333333333335,2798
rooh| khan| bhaini| guri| nimana| punjabi| songs| 2026,,,,,,,,,,1.0,1508852.0,1508852.0,12072.0,422.0,2026-09-18,0.008280467534257834,0,0,1,1,0,0,0,0.0,0.0,1.0082804675342578,1.0082804675342578,0.3024841402602773,1780
rosemary| fire| domination| pmgo| sea| finals| day,,,,,,,,,,1.0,173081.0,173081.0,6994.0,218.0,2026-09-11,0.04166835181215731,0,0,1,1,0,0,1,0.0,0.0,1.0416683518121572,1.0416683518121572,0.31250050554364717,478
ros| trick| music,,,,,,,,,,1.0,31540804.0,31540804.0,973919.0,70235.0,2026-09-17,0.03310486314806686,0,0,1,1,0,0,1,0.0,0.0,1.0331048631480668,1.0331048631480668,0.30993145894442004,678
rules |  bombay |  court,1.0,1.0,72.0,442.0,2026-10-01 01:59:13,172.72154228222223,,,,,,,,,,,1,0,0,1,0,0,0,0.6111111111111112,0.0,0.0,0.6111111111111112,0.18333333333333335,2798
rules |  students |  explain,1.0,1.0,98.0,155.0,2026-10-07 16:12:45,14.495986726666665,,,,,,,,,,,1,0,0,1,1,0,0,0.6111111111111112,0.0,0.0,0.6111111111111112,0.18333333333333335,2798
runs |  pakistan |  asian,1.0,1.0,82.0,94.0,2026-10-08 00:30:00,6.208486726666667,,,,,,,,,,,1,0,0,1,1,0,0,0.6111111111111112,0.0,0.0,0.6111111111111112,0.18333333333333335,2798
rupee |  foreign |  selling,1.0,1.0,79.0,376.0,2026-10-05 05:15:33,73.44932005999999,,,,,,,,,,,1,0,0,1,0,0,0,0.6111111111111112,0.0,0.0,0.6111111111111112,0.18333333333333335,2798
russia |  education |  funds,1.0,1.0,72.0,65.0,2026-10-03 04:26:29,122.26709783777777,,,,,,,,,,,1,0,0,1,0,0,0,0.6111111111111112,0.0,0.0,0.6111111111111112,0.18333333333333335,2798
russia |  jaishankar |  india,1.0,1.0,92.0,143.0,2026-10-04 14:26:08,88.27293117111111,,,,,,,,,,,1,0,0,1,0,0,0,0.6111111111111112,0.0,0.0,0.6111111111111112,0.18333333333333335,2798
russia |  plague |  rubio,1.0,1.0,76.0,366.0,2026-10-06 04:30:51,50.19432006,,,,,,,,,,,1,0,0,1,0,0,0,0.6111111111111112,0.0,0.0,0.6111111111111112,0.18333333333333335,2798
russia |  pneumonic |  plague,1.0,1.0,81.0,100.0,2026-10-05 03:56:42,74.76348672666666,,,,,,,,,,,1,0,0,1,0,0,0,0.6111111111111112,0.0,0.0,0.6111111111111112,0.18333333333333335,2798
russian |  india |  update,1.0,1.0,64.0,158.0,2026-10-07 15:34:44,15.129597837777776,,,,,,,,,,,1,0,0,1,1,0,0,0.6111111111111112,0.0,0.0,0.6111111111111112,0.18333333333333335,2798
russian |  researcher |  dies,1.0,1.0,71.0,48.0,2026-10-05 04:51:06,73.85682005999999,,,,,,,,,,,1,0,0,1,0,0,0,0.6111111111111112,0.0,0.0,0.6111111111111112,0.18333333333333335,2798
saah| satkar| sandhu| mannat| noor| guri| babbu| brar,,,,,,,,,,1.0,201655.0,201655.0,1382.0,110.0,2026-09-30,0.007398775135751655,0,0,1,1,0,0,0,0.0,0.0,1.0073987751357516,1.0073987751357516,0.3022196325407255,1842
saale| aashiq| kill| honor| watch| now| jiohotstar,,,,,,,,,,1.0,163622.0,163622.0,1038.0,40.0,2026-10-07,0.006588356089034482,0,0,1,1,0,0,0,0.0,0.0,1.0065883560890345,1.0065883560890345,0.30197650682671034,1905
saas| aandhi| bahu| toofan| richa| dixit| anshuman| singh,,,,,,,,,,1.0,313199.0,313199.0,2071.0,19.0,2026-09-22,0.006673073668817589,0,0,1,1,0,0,0,0.0,0.0,1.0066730736688176,1.0066730736688176,0.3020019221006453,1901
saas| bahu| pareshn| dilip| lahariya| rajkumari| chauhan| chhattisgarhi,,,,,,,,,,1.0,411540.0,411540.0,370.0,6.0,2026-09-26,0.0009136414443310493,0,0,1,1,0,0,0,0.0,0.0,1.0009136414443311,1.0009136414443311,0.30027409243329933,2704
saat| samundar| paar| main| tere| 90s| bollywood| retro,,,,,,,,,,1.0,152446.0,152446.0,475.0,8.0,2026-09-19,0.0031683350169896224,0,0,1,1,0,0,0,0.0,0.0,1.0031683350169895,1.0031683350169895,0.30095050050509686,2425
sabarimala |  reference |  justice,1.0,1.0,76.0,152.0,2026-10-01 02:48:00,171.90848672666667,,,,,,,,,,,1,0,0,1,0,0,0,0.6111111111111112,0.0,0.0,0.6111111111111112,0.18333333333333335,2798
sabha |  congress |  rahul,1.0,1.0,116.0,156.0,2026-10-04 05:34:38,97.13126450444445,,,,,,,,,,,1,0,0,1,0,0,0,0.6111111111111112,0.0,0.0,0.6111111111111112,0.18333333333333335,2798
sabne| chacha| mazaak| udaya| phir| kiya| sab| gye,,,,,,,,,,1.0,68503.0,68503.0,360.0,10.0,2026-10-03,0.005401223304088872,0,0,1,1,0,0,0,0.0,0.0,1.0054012233040888,1.0054012233040888,0.30162036699122663,2049
sadhvi| purnima| radha| rani| birthday,,,,,,,,,,1.0,204598.0,204598.0,1360.0,32.0,2026-09-18,0.006803585567796362,0,0,1,1,0,0,0,0.0,0.0,1.0068035855677964,1.0068035855677964,0.3020410756703389,1889
sadhvi| purnima| shree| radha| krishna| bhajan| radhe| shri,,,,,,,,,,1.0,5430.0,5430.0,39.0,1.0,2026-09-29,0.007366482504604052,0,0,1,1,0,0,0,0.0,0.0,1.007366482504604,1.007366482504604,0.3022099447513812,1844
sadi| motiya| jhariya| dady,,,,,,,,,,1.0,384101.0,384101.0,1166.0,17.0,2026-08-25,0.003079919083782651,0,0,1,1,0,0,0,0.0,0.0,1.0030799190837827,1.0030799190837827,0.3009239757251348,2444
sad| story| null| minecraft,,,,,,,,,,1.0,682790.0,682790.0,7770.0,384.0,2026-09-12,0.01194217841503244,0,0,1,1,0,0,1,0.0,0.0,1.0119421784150324,1.0119421784150324,0.3035826535245097,1473
safety |  concern |  regulator,1.0,1.0,67.0,96.0,2026-10-03 02:23:09,124.32265339333333,,,,,,,,,,,1,0,0,1,0,0,0,0.6111111111111112,0.0,0.0,0.6111111111111112,0.18333333333333335,2798
safety |  highest |  priority,1.0,1.0,66.0,84.0,2026-10-03 02:17:54,124.41015339333333,,,,,,,,,,,1,0,0,1,0,0,0,0.6111111111111112,0.0,0.0,0.6111111111111112,0.18333333333333335,2798
sahasa| simha| vishnuvardhan| top| songs| evergreen| hit| audio,,,,,,,,,,1.0,26629.0,26629.0,175.0,4.0,2026-09-26,0.006721994817679973,0,0,1,1,0,0,0,0.0,0.0,1.00672199481768,1.00672199481768,0.302016598445304,1896
saiyan| hawe| ram| rkrajanikaushal| amarnathsdk| bhojpuri| hit,,,,,,,,,,1.0,363540.0,363540.0,11975.0,1444.0,2026-09-15,0.03691203168839743,0,0,1,1,0,0,1,0.0,0.0,1.0369120316883975,1.0369120316883975,0.31107360950651924,586
saiya| gayi| romantic| subscribe| free| fire,,,,,,,,,,1.0,306190.0,306190.0,1286.0,20.0,2026-09-08,0.004265325451517032,0,0,1,1,0,0,0,0.0,0.0,1.004265325451517,1.004265325451517,0.3012795976354551,2236
sai| baba| chalisa| telugu,,,,,,,,,,1.0,79939.0,79939.0,328.0,14.0,2026-09-17,0.004278262174908368,0,0,1,1,0,0,0,0.0,0.0,1.0042782621749085,1.0042782621749085,0.3012834786524725,2235
sai| baba| songs| telugu| shirdi| devotional| god,,,,,,,,,,1.0,47629.0,47629.0,127.0,2.0,2026-10-07,0.0027084339373071027,0,0,1,1,0,0,0,0.0,0.0,1.0027084339373071,1.0027084339373071,0.30081253018119214,2518
sakhi| bar| gaini| khesari| lal| yadav| kajal| raghwani,,,,,,,,,,1.0,535465.0,535465.0,0.0,44.0,2026-09-05,8.217157050414127e-05,0,0,1,1,0,0,0,0.0,0.0,1.0000821715705042,1.0000821715705042,0.30002465147115126,2758
sakhi| sab| gaveli| sohar| krishna| janmashtami| special,,,,,,,,,,1.0,511737.0,511737.0,1903.0,162.0,2026-09-03,0.004035275932754521,0,0,1,1,0,0,0,0.0,0.0,1.0040352759327544,1.0040352759327544,0.3012105827798263,2269
salamathali| khalifa| prithviraj| sukumaran| malvika| sharma| jakes| bejoy,,,,,,,,,,1.0,230174.0,230174.0,1492.0,52.0,2026-10-05,0.006707968754073005,0,0,1,1,0,0,0,0.0,0.0,1.006707968754073,1.006707968754073,0.30201239062622187,1898
sales |  decline |  nike,1.0,1.0,50.0,102.0,2026-10-02 05:12:37,145.49820894888887,,,,,,,,,,,1,0,0,1,0,0,0,0.6111111111111112,0.0,0.0,0.6111111111111112,0.18333333333333335,2798
salman |  khan |  smit,1.0,1.0,86.0,103.0,2026-10-03 01:26:32,125.26626450444444,,,,,,,,,,,1,0,0,1,0,0,0,0.6111111111111112,0.0,0.0,0.6111111111111112,0.18333333333333335,2798
salman| bhai| jack| aur| shinchain| sath| sabhi| ghar,,,,,,,,,,2.0,502829.0,1005658.0,1990.5,27.0,2026-09-26,0.004012298415564735,0,0,1,1,0,0,0,0.0,0.0,2.0040122984155646,2.0040122984155646,0.6012036895246694,141
salman| khan| monster| teaser| ranbir| kapoor| ramayana,,,,,,,,,,1.0,101253.0,101253.0,1588.0,77.0,2026-09-09,0.016443957216082487,0,0,1,1,0,0,1,0.0,0.0,1.0164439572160824,1.0164439572160824,0.3049331871648247,1234
samar| singh| shilpi| raj| raja| boliya| nik| lagega,,,,,,,,,,1.0,707953.0,707953.0,698.0,6.0,2026-09-26,0.0009944162959970506,0,0,1,1,0,0,0,0.0,0.0,1.000994416295997,1.000994416295997,0.3002983248887991,2699
samavarthi| teaser| satyadev| ajay| nag| sinjith| rudra| pictures,,,,,,,,,,1.0,6239353.0,6239353.0,68925.0,1103.0,2026-09-19,0.011223599626435626,0,0,1,1,0,0,1,0.0,0.0,1.0112235996264356,1.0112235996264356,0.30336707988793066,1534
same |  stock |  different,1.0,1.0,71.0,101.0,2026-10-02 04:27:28,146.2507089488889,,,,,,,,,,,1,0,0,1,0,0,0,0.6111111111111112,0.0,0.0,0.6111111111111112,0.18333333333333335,2798
samjho| vvaan| sidharth| malhotra| tamannaah| jubin| nautiyal| tanishk,,,,,,,,,,1.0,26396024.0,26396024.0,82961.0,3049.0,2026-09-03,0.0032584452870629303,0,0,1,1,0,0,0,0.0,0.0,1.003258445287063,1.003258445287063,0.3009775335861189,2400
sammakka,,,,,,,,,,1.0,72094.0,72094.0,1459.0,12.0,2026-09-23,0.020403917108219823,0,0,1,1,0,0,1,0.0,0.0,1.0204039171082198,1.0204039171082198,0.3061211751324659,1068
sammakka| emotion| paradise| anirudh| ravichander| nani| srikanth| odela,,,,,,,,,,1.0,1643833.0,1643833.0,26128.0,298.0,2026-09-22,0.01607584225404892,0,0,1,1,0,0,1,0.0,0.0,1.016075842254049,1.016075842254049,0.30482275267621467,1258
sammakka| nani| kastamtho| vacchinde| paradise| emotiona| pulsar| bike,,,,,,,,,,1.0,163930.0,163930.0,2596.0,94.0,2026-09-26,0.016409443054962485,0,0,1,1,0,0,1,0.0,0.0,1.0164094430549624,1.0164094430549624,0.3049228329164887,1235
samsung one ui 9,,,,,,,100.0,1.0,1.0,,,,,,,,0,1,0,1,0,1,0,0.0,1.5,0.0,1.5,0.6000000000000001,174
samsung |  galaxy |  price,1.0,1.0,55.0,53.0,2026-10-02 06:05:04,144.6240422822222,,,,,,,,,,,1,0,0,1,0,0,0,0.6111111111111112,0.0,0.0,0.6111111111111112,0.18333333333333335,2798
samsung |  ultra |  available,1.0,1.0,60.0,53.0,2026-10-01 06:30:09,168.20598672666668,,,,,,,,,,,1,0,0,1,0,0,0,0.6111111111111112,0.0,0.0,0.6111111111111112,0.18333333333333335,2798
samsung |  ultra |  price,1.0,1.0,64.0,62.0,2026-10-07 06:25:03,24.290986726666667,,,,,,,,,,,1,0,0,1,0,0,0,0.6111111111111112,0.0,0.0,0.6111111111111112,0.18333333333333335,2798
sandakari| vemal| shriya| saran| madhesh| amrish,,,,,,,,,,1.0,1611803.0,1611803.0,14001.0,882.0,2026-09-15,0.009233758716170649,0,0,1,1,0,0,0,0.0,0.0,1.0092337587161706,1.0092337587161706,0.30277012761485117,1708
sandeep| chaudhary| india| bloc| protest| rahul| gandhi,,,,,,,,,,1.0,324725.0,324725.0,4772.0,640.0,2026-10-07,0.01666641003926399,0,0,1,1,0,0,1,0.0,0.0,1.016666410039264,1.016666410039264,0.3049999230117792,1226
sandeep| chaudhary| live| sir| delhi| arvind| kejriwal,,,,,,,,,,1.0,177901.0,177901.0,1072.0,1.0,2026-09-22,0.006031444455062085,0,0,1,1,0,0,0,0.0,0.0,1.006031444455062,1.006031444455062,0.3018094333365186,1971
sandeep| suman| vishwakarma| puja| ago| pistal| bana| apna,,,,,,,,,,1.0,89535.0,89535.0,1469.0,93.0,2026-09-15,0.017445691628971912,0,0,1,1,0,0,1,0.0,0.0,1.0174456916289718,1.0174456916289718,0.30523370748869155,1191
sanjana| pandey| prashant| singh| dahej| lalch| bhojpuri| movie,,,,,,,,,,1.0,494028.0,494028.0,2337.0,24.0,2026-09-10,0.004779081347615925,0,0,1,1,0,0,0,0.0,0.0,1.0047790813476158,1.0047790813476158,0.30143372440428473,2137
sanjay |  dutt |  folds,1.0,1.0,74.0,74.0,2026-10-05 17:10:07,61.53987561555556,,,,,,,,,,,1,0,0,1,0,0,0,0.6111111111111112,0.0,0.0,0.6111111111111112,0.18333333333333335,2798
sanju samson,,,,,,,99.0,1.0,0.99,,,,,,,,0,1,0,1,0,1,0,0.0,1.49,0.0,1.49,0.596,176
sankatahara| chaturthi| special| ganesh| devotional| songs,,,,,,,,,,1.0,75793.0,75793.0,177.0,8.0,2026-09-28,0.002440858654493159,0,0,1,1,0,0,0,0.0,0.0,1.002440858654493,1.002440858654493,0.3007322575963479,2560
sankatahara| chaturthi| special| ganesh| songs,,,,,,,,,,1.0,66596.0,66596.0,216.0,8.0,2026-09-28,0.00336356537930206,0,0,1,1,0,0,0,0.0,0.0,1.003363565379302,1.003363565379302,0.3010090696137906,2380
sanson| mala| mirzapur| movie,,,,,,,,,,1.0,861087.0,861087.0,15335.0,292.0,2026-08-31,0.018147992014744155,0,0,1,1,0,0,1,0.0,0.0,1.0181479920147443,1.0181479920147443,0.30544439760442327,1163
sanson| mala| mirzapur| movie| madhur| sharma| bollywood| birju,,,,,,,,,,1.0,4843543.0,4843543.0,21354.0,408.0,2026-09-07,0.004492992010187584,0,0,1,1,0,0,0,0.0,0.0,1.0044929920101875,1.0044929920101875,0.30134789760305625,2189
sanson| mala| mirzapur| movie| nusrat| fateh| ali| khan,,,,,,,,,,1.0,1117734.0,1117734.0,6571.0,85.0,2026-09-09,0.0059549051921118975,0,0,1,1,0,0,0,0.0,0.0,1.005954905192112,1.005954905192112,0.30178647155763355,1984
santy sharma iphone,,,,,,,100.0,1.0,1.0,,,,,,,,0,1,0,1,0,1,0,0.0,1.5,0.0,1.5,0.6000000000000001,174
sant| kabir| amritwani| arth| sahit| dohe,,,,,,,,,,1.0,65416.0,65416.0,404.0,4.0,2026-10-03,0.006237006237006237,0,0,1,1,0,0,0,0.0,0.0,1.0062370062370063,1.0062370062370063,0.3018711018711019,1946
sanvariya| seth| bhajan,,,,,,,,,,1.0,108027.0,108027.0,1420.0,57.0,2026-09-06,0.013672507798976182,0,0,1,1,0,0,1,0.0,0.0,1.013672507798976,1.013672507798976,0.30410175233969283,1369
san| gauriganpaticha| aala| gauri| ganpatichi| gani,,,,,,,,,,1.0,64480.0,64480.0,170.0,5.0,2026-09-16,0.0027140198511166253,0,0,1,1,0,0,0,0.0,0.0,1.0027140198511166,1.0027140198511166,0.300814205955335,2516
sardaari| himmat| sandhu| kahlon| bhindder| burj| punjabi| songs,,,,,,,,,,1.0,2089163.0,2089163.0,15629.0,1474.0,2026-09-23,0.008186532118365106,0,0,1,1,0,0,0,0.0,0.0,1.0081865321183652,1.0081865321183652,0.30245595963550953,1786
sardesai |  broader |  front,1.0,1.0,80.0,167.0,2026-10-06 11:43:19,42.986542282222224,,,,,,,,,,,1,0,0,1,0,0,0,0.6111111111111112,0.0,0.0,0.6111111111111112,0.18333333333333335,2798
saturday| special| govinda| namalu| telugu,,,,,,,,,,1.0,66363.0,66363.0,164.0,5.0,2026-10-02,0.002546599761915525,0,0,1,1,0,0,0,0.0,0.0,1.0025465997619156,1.0025465997619156,0.3007639799285747,2543
satyagraha,,,,,,,100.0,1.0,1.0,,,,,,,,0,1,0,1,0,1,0,0.0,1.5,0.0,1.5,0.6000000000000001,174
saudi arabia vs singapore,,,,,,,100.0,1.0,1.0,,,,,,,,0,1,0,1,0,1,0,0.0,1.5,0.0,1.5,0.6000000000000001,174
saudi |  arabia |  offensive,1.0,1.0,83.0,366.0,2026-10-03 02:33:32,124.14959783777778,,,,,,,,,,,1,0,0,1,0,0,0,0.6111111111111112,0.0,0.0,0.6111111111111112,0.18333333333333335,2798
saudi |  backed |  areas,1.0,1.0,76.0,84.0,2026-10-06 05:48:51,48.894320060000005,,,,,,,,,,,1,0,0,1,0,0,0,0.6111111111111112,0.0,0.0,0.6111111111111112,0.18333333333333335,2798
saudi |  hands |  omani,1.0,1.0,83.0,102.0,2026-10-01 19:47:18,154.92015339333335,,,,,,,,,,,1,0,0,1,0,0,0,0.6111111111111112,0.0,0.0,0.6111111111111112,0.18333333333333335,2798
saudi |  houthis |  aramco,1.0,1.0,84.0,426.0,2026-10-06 01:43:59,52.97543117111111,,,,,,,,,,,1,0,0,1,0,0,0,0.6111111111111112,0.0,0.0,0.6111111111111112,0.18333333333333335,2798
saudi |  patriot |  arabia,1.0,1.0,83.0,435.0,2026-10-02 02:53:20,147.8195978377778,,,,,,,,,,,1,0,0,1,0,0,0,0.6111111111111112,0.0,0.0,0.6111111111111112,0.18333333333333335,2798
saudi |  yemen |  pakistan,1.0,1.0,73.0,410.0,2026-10-05 19:04:55,59.626542282222225,,,,,,,,,,,1,0,0,1,0,0,0,0.6111111111111112,0.0,0.0,0.6111111111111112,0.18333333333333335,2798
saurav |  claims |  abhijeet,1.0,1.0,80.0,78.0,2026-10-05 02:47:24,75.91848672666666,,,,,,,,,,,1,0,0,1,0,0,0,0.6111111111111112,0.0,0.0,0.6111111111111112,0.18333333333333335,2798
saurav |  will |  claims,1.0,1.0,117.0,107.0,2026-10-05 04:43:58,73.97570894888888,,,,,,,,,,,1,0,0,1,0,0,0,0.6111111111111112,0.0,0.0,0.6111111111111112,0.18333333333333335,2798
saved |  everyone |  modi,1.0,1.0,95.0,132.0,2026-10-02 10:33:54,140.14348672666665,,,,,,,,,,,1,0,0,1,0,0,0,0.6111111111111112,0.0,0.0,0.6111111111111112,0.18333333333333335,2798
says |  afghanistan |  civilians,1.0,1.0,88.0,107.0,2026-10-01 03:23:38,171.3145978377778,,,,,,,,,,,1,0,0,1,0,0,0,0.6111111111111112,0.0,0.0,0.6111111111111112,0.18333333333333335,2798
sbi,,,,,,,98.0,1.0,0.98,,,,,,,,0,1,0,1,0,1,0,0.0,1.48,0.0,1.48,0.592,177
scammed| rich| friend| rivals| roblox,,,,,,,,,,1.0,476740.0,476740.0,6961.0,1351.0,2026-09-26,0.017435079917774886,0,0,1,1,0,0,1,0.0,0.0,1.017435079917775,1.017435079917775,0.30523052397533246,1192
scary| entities| kids| trolled| secret| base| minecraft,,,,,,,,,,1.0,727372.0,727372.0,5573.0,294.0,2026-09-16,0.008066023987725676,0,0,1,1,0,0,0,0.0,0.0,1.0080660239877257,1.0080660239877257,0.3024198071963177,1795
scary| living| house| rich| village| minecraft,,,,,,,,,,1.0,375725.0,375725.0,4086.0,188.0,2026-09-06,0.011375341007385721,0,0,1,1,0,0,1,0.0,0.0,1.0113753410073858,1.0113753410073858,0.30341260230221573,1521
scary| teacher| doraemon| takla| kar| diya| stay| player,,,,,,,,,,1.0,47104.0,47104.0,200.0,11.0,2026-09-23,0.00447944972826087,0,0,1,1,0,0,0,0.0,0.0,1.004479449728261,1.004479449728261,0.30134383491847827,2190
scary| teacher| gta5,,,,,,,,,,1.0,705438.0,705438.0,4673.0,425.0,2026-09-14,0.0072267158843158435,0,0,1,1,0,0,0,0.0,0.0,1.0072267158843158,1.0072267158843158,0.3021680147652947,1859
scene| notion| suriya| naslen| jithu| madhavan| sushin| shyam,,,,,,,,,,1.0,159364.0,159364.0,1390.0,11.0,2026-09-09,0.008791195000125498,0,0,1,1,0,0,0,0.0,0.0,1.0087911950001256,1.0087911950001256,0.30263735850003765,1734
scenuke| scene,,,,,,,,,,1.0,574618.0,574618.0,11665.0,375.0,2026-09-09,0.020953050548364306,0,0,1,1,0,0,1,0.0,0.0,1.0209530505483644,1.0209530505483644,0.3062859151645093,1049
schedule |  andhra |  pradesh,1.0,1.0,72.0,145.0,2026-09-30 17:48:49,180.89487561555558,,,,,,,,,,,1,0,0,1,0,0,0,0.6111111111111112,0.0,0.0,0.6111111111111112,0.18333333333333335,2798
school |  kiratpur |  roof,1.0,1.0,79.0,141.0,2026-10-04 05:26:09,97.27265339333333,,,,,,,,,,,1,0,0,1,0,0,0,0.6111111111111112,0.0,0.0,0.6111111111111112,0.18333333333333335,2798
scientists |  connected |  three,1.0,1.0,73.0,73.0,2026-10-01 06:24:19,168.3032089488889,,,,,,,,,,,1,0,0,1,0,0,0,0.6111111111111112,0.0,0.0,0.6111111111111112,0.18333333333333335,2798
scooter |  commission |  customer,1.0,1.0,80.0,480.0,2026-10-05 05:29:48,73.21182006,,,,,,,,,,,1,0,0,1,0,0,0,0.6111111111111112,0.0,0.0,0.6111111111111112,0.18333333333333335,2798
screams |  blood |  desperate,1.0,1.0,77.0,77.0,2026-10-02 03:08:09,147.57265339333335,,,,,,,,,,,1,0,0,1,0,0,0,0.6111111111111112,0.0,0.0,0.6111111111111112,0.18333333333333335,2798
search |  nepal |  still,1.0,1.0,74.0,442.0,2026-10-05 23:22:29,55.333764504444446,,,,,,,,,,,1,0,0,1,0,0,0,0.6111111111111112,0.0,0.0,0.6111111111111112,0.18333333333333335,2798
search |  over |  faces,1.0,1.0,40.0,271.0,2026-10-06 02:29:30,52.21682006,,,,,,,,,,,1,0,0,1,0,0,0,0.6111111111111112,0.0,0.0,0.6111111111111112,0.18333333333333335,2798
searching| vault| doesn| exist,,,,,,,,,,1.0,3123536.0,3123536.0,124011.0,43008.0,2026-09-11,0.05347113015505504,0,0,1,1,0,0,1,0.0,0.0,1.053471130155055,1.053471130155055,0.3160413390465165,356
season| rank| push| bgmi| live| custom| giveaway| update,,,,,,,,,,1.0,400752.0,400752.0,1184.0,0.0,2026-09-06,0.002954445642192678,0,0,1,1,0,0,0,0.0,0.0,1.0029544456421926,1.0029544456421926,0.30088633369265777,2471
seats |  rajya |  sabha,1.0,1.0,104.0,153.0,2026-10-06 04:35:42,50.11348672666667,,,,,,,,,,,1,0,0,1,0,0,0,0.6111111111111112,0.0,0.0,0.6111111111111112,0.18333333333333335,2798
second |  charge |  sheet,1.0,1.0,59.0,239.0,2026-10-02 02:17:10,148.42237561555558,,,,,,,,,,,1,0,0,1,0,0,0,0.6111111111111112,0.0,0.0,0.6111111111111112,0.18333333333333335,2798
secretary |  babu |  faces,1.0,1.0,66.0,219.0,2026-10-06 02:22:30,52.33348672666667,,,,,,,,,,,1,0,0,1,0,0,0,0.6111111111111112,0.0,0.0,0.6111111111111112,0.18333333333333335,2798
secretly| completed| index| troll| shivang| steal| egg| roblox,,,,,,,,,,1.0,549029.0,549029.0,11021.0,452.0,2026-09-23,0.020896892513874495,0,0,1,1,0,0,1,0.0,0.0,1.0208968925138744,1.0208968925138744,0.3062690677541623,1052
secretly| exposed| friends| steal| egg| roblox,,,,,,,,,,1.0,337632.0,337632.0,7717.0,1211.0,2026-09-11,0.026442991185669604,0,0,1,1,0,0,1,0.0,0.0,1.0264429911856696,1.0264429911856696,0.3079328973557009,855
secretly| lived| inside| enemy| base| minecraft| smp,,,,,,,,,,1.0,393957.0,393957.0,9814.0,860.0,2026-09-24,0.027094327553514725,0,0,1,1,0,0,1,0.0,0.0,1.0270943275535147,1.0270943275535147,0.3081282982660544,835
secretly| snuck| into| noobs| only| tournament| roblox| rivals,,,,,,,,,,1.0,505432.0,505432.0,8447.0,2586.0,2026-09-24,0.021828851358837588,0,0,1,1,0,0,1,0.0,0.0,1.0218288513588376,1.0218288513588376,0.30654865540765125,1018
secretly| used| giant| items| minecraft,,,,,,,,,,1.0,370735.0,370735.0,3578.0,117.0,2026-09-18,0.009966687795864971,0,0,1,1,0,0,0,0.0,0.0,1.009966687795865,1.009966687795865,0.3029900063387595,1630
security |  cert |  ecinet,1.0,1.0,85.0,127.0,2026-10-07 19:35:48,11.11182006,,,,,,,,,,,1,0,0,1,1,0,0,0.6111111111111112,0.0,0.0,0.6111111111111112,0.18333333333333335,2798
security |  tightened |  ahead,1.0,1.0,80.0,116.0,2026-10-08 04:36:58,2.0923756155555555,,,,,,,,,,,1,0,0,1,1,0,0,0.6111111111111112,0.0,0.0,0.6111111111111112,0.18333333333333335,2798
security |  withdraws |  bomber,1.0,1.0,69.0,60.0,2026-10-05 03:44:16,74.97070894888888,,,,,,,,,,,1,0,0,1,0,0,0,0.6111111111111112,0.0,0.0,0.6111111111111112,0.18333333333333335,2798
selwar| pindhuthilu,,,,,,,,,,1.0,165205.0,165205.0,6096.0,311.0,2026-09-21,0.03878211918525468,0,0,1,1,0,0,1,0.0,0.0,1.0387821191852546,1.0387821191852546,0.3116346357555764,535
senior |  citizen |  interest,1.0,1.0,79.0,378.0,2026-09-30 21:25:00,177.29182006000002,,,,,,,,,,,1,0,0,1,0,0,0,0.6111111111111112,0.0,0.0,0.6111111111111112,0.18333333333333335,2798
sensex,,,,,,,100.0,2.0,1.0,,,,,,,,0,1,0,1,0,1,0,0.0,2.0,0.0,2.0,0.8,86
september |  delhi |  records,1.0,1.0,97.0,101.0,2026-09-30 17:15:52,181.44404228222223,,,,,,,,,,,1,0,0,1,0,0,0,0.6111111111111112,0.0,0.0,0.6111111111111112,0.18333333333333335,2798
september| 2026,,,,,,,,,,1.0,88274.0,88274.0,847.0,1.0,2026-09-14,0.009606452636110293,0,0,1,1,0,0,0,0.0,0.0,1.0096064526361104,1.0096064526361104,0.3028819357908331,1673
serious| rank| push| live| bin| zaid| gaming| binzaid,,,,,,,,,,16.0,1057834.4375,16925351.0,7697.3125,14.0,2026-10-05,0.00728971588240622,0,0,1,1,0,0,0,0.0,0.0,16.007289715882408,16.007289715882408,4.8021869147647225,12
shaam| bhi| khoob| hai| 90s| romantic| bollywood| retro,,,,,,,,,,1.0,268496.0,268496.0,502.0,5.0,2026-09-24,0.0018882962874679698,0,0,1,1,0,0,0,0.0,0.0,1.001888296287468,1.001888296287468,0.3005664888862404,2641
shaayraana,,,,,,,,,,1.0,291927.0,291927.0,1019.0,8.0,2026-09-25,0.003518002788368325,0,0,1,1,0,0,0,0.0,0.0,1.0035180027883683,1.0035180027883683,0.3010554008365105,2357
shahnaaz| akhtar| ganesh| chaturthi| special| bhajan| 2026,,,,,,,,,,1.0,162372.0,162372.0,1152.0,59.0,2026-09-14,0.007458182445249181,0,0,1,1,0,0,0,0.0,0.0,1.007458182445249,1.007458182445249,0.3022374547335747,1837
shahnaaz| akhtar| ganpati| bhajan,,,,,,,,,,1.0,540411.0,540411.0,1920.0,55.0,2026-09-18,0.0036546258310804183,0,0,1,1,0,0,0,0.0,0.0,1.0036546258310803,1.0036546258310803,0.30109638774932407,2334
shakti |  engines |  india,1.0,1.0,68.0,462.0,2026-10-07 05:13:45,25.47932006,,,,,,,,,,,1,0,0,1,0,0,0,0.6111111111111112,0.0,0.0,0.6111111111111112,0.18333333333333335,2798
shakti |  production |  engines,1.0,1.0,69.0,161.0,2026-10-06 02:51:00,51.85848672666667,,,,,,,,,,,1,0,0,1,0,0,0,0.6111111111111112,0.0,0.0,0.6111111111111112,0.18333333333333335,2798
shambhu| sutaya| music| shankar| vishal| abcd| ganesh| chaturthi,,,,,,,,,,1.0,373670.0,373670.0,3681.0,40.0,2026-09-11,0.00995798431771349,0,0,1,1,0,0,0,0.0,0.0,1.0099579843177136,1.0099579843177136,0.30298739529531404,1634
shami |  india |  neglected,1.0,1.0,70.0,399.0,2026-10-08 03:18:20,3.402931171111111,,,,,,,,,,,1,0,0,1,1,0,0,0.6111111111111112,0.0,0.0,0.6111111111111112,0.18333333333333335,2798
shaniwar| special| bhajan,,,,,,,,,,1.0,34089.0,34089.0,1230.0,90.0,2026-09-11,0.03872216844143272,0,0,1,1,0,0,1,0.0,0.0,1.0387221684414327,1.0387221684414327,0.3116166505324298,538
shani| dev| kahani| pal| gatha,,,,,,,,,,1.0,37982.0,37982.0,361.0,11.0,2026-09-07,0.00979411300089516,0,0,1,1,0,0,0,0.0,0.0,1.0097941130008952,1.0097941130008952,0.3029382339002685,1652
shankersinh vaghela,,,,,,,100.0,1.0,1.0,,,,,,,,0,1,0,1,0,1,0,0.0,1.5,0.0,1.5,0.6000000000000001,174
shankersinh |  vaghela |  talks,1.0,1.0,88.0,166.0,2026-10-01 15:31:59,159.17543117111111,,,,,,,,,,,1,0,0,1,0,0,0,0.6111111111111112,0.0,0.0,0.6111111111111112,0.18333333333333335,2798
shares |  article |  deputy,1.0,1.0,187.0,187.0,2026-10-08 06:38:34,0.06570894888888888,,,,,,,,,,,1,0,0,1,1,0,0,0.6111111111111112,0.0,0.0,0.6111111111111112,0.18333333333333335,2798
sharjeel |  imam |  bail,1.0,1.0,81.0,147.0,2026-10-05 04:32:20,74.16959783777777,,,,,,,,,,,1,0,0,1,0,0,0,0.6111111111111112,0.0,0.0,0.6111111111111112,0.18333333333333335,2798
shehzad |  poonawalla |  calls,1.0,1.0,80.0,80.0,2026-09-30 14:13:34,184.48237561555555,,,,,,,,,,,1,0,0,1,0,0,0,0.6111111111111112,0.0,0.0,0.6111111111111112,0.18333333333333335,2798
sheikh |  hasina |  bangladesh,1.0,1.0,90.0,135.0,2026-10-04 04:00:16,98.70404228222222,,,,,,,,,,,1,0,0,1,0,0,0,0.6111111111111112,0.0,0.0,0.6111111111111112,0.18333333333333335,2798
sheikh |  hasinas |  extradition,1.0,1.0,112.0,112.0,2026-10-04 06:19:38,96.38126450444445,,,,,,,,,,,1,0,0,1,0,0,0,0.6111111111111112,0.0,0.0,0.6111111111111112,0.18333333333333335,2798
shendur| laal| chadhayo| aarti| ravindra| sathe| sanjay| dutt,,,,,,,,,,1.0,210903.0,210903.0,2307.0,16.0,2026-09-14,0.01101454223031441,0,0,1,1,0,0,1,0.0,0.0,1.0110145422303145,1.0110145422303145,0.30330436266909433,1549
she| thought| ravi| kishan| prank| free| fire,,,,,,,,,,1.0,209877.0,209877.0,13828.0,1215.0,2026-09-29,0.07167531458902118,0,0,1,1,0,0,1,0.0,0.0,1.0716753145890212,1.0716753145890212,0.32150259437670636,294
shift| midnight| dead| customer| visited| shop,,,,,,,,,,1.0,155000.0,155000.0,5716.0,1113.0,2026-09-11,0.04405806451612903,0,0,1,1,0,0,1,0.0,0.0,1.044058064516129,1.044058064516129,0.3132174193548387,449
shikwa| nahin| kisi| naseeb| 1997| govinda| mamta| kulkarni,,,,,,,,,,1.0,356138.0,356138.0,778.0,9.0,2026-09-25,0.002209817542637966,0,0,1,1,0,0,0,0.0,0.0,1.002209817542638,1.002209817542638,0.30066294526279136,2594
shilpi| raj| awanish| babu| dilwa| chura| gayila| 2026,,,,,,,,,,1.0,168010.0,168010.0,542.0,54.0,2026-09-29,0.003547407892387358,0,0,1,1,0,0,0,0.0,0.0,1.0035474078923874,1.0035474078923874,0.3010642223677162,2354
shilpi| raj| barbadi| hoi| vishwakarma| puja| gana| 2026,,,,,,,,,,1.0,227386.0,227386.0,1431.0,29.0,2026-09-06,0.006420799873343126,0,0,1,1,0,0,0,0.0,0.0,1.0064207998733432,1.0064207998733432,0.30192623996200296,1925
shilpi| raj| devra| dedi| bataiya| bhojpuri| 2026| sapna,,,,,,,,,,1.0,544279.0,544279.0,611.0,11.0,2026-09-07,0.0011427962497175162,0,0,1,1,0,0,0,0.0,0.0,1.0011427962497175,1.0011427962497175,0.30034283887491525,2688
shilpi| raj| jhulaniya| bhojpuri| 2026| udanbaj| raja| muskan,,,,,,,,,,1.0,242853.0,242853.0,365.0,3.0,2026-09-22,0.0015153199672229703,0,0,1,1,0,0,0,0.0,0.0,1.0015153199672229,1.0015153199672229,0.30045459599016683,2668
shilpi| raj| jhulaniya| muskan| jayswal| udanbaj| raja| bhojpuri,,,,,,,,,,1.0,269860.0,269860.0,1709.0,50.0,2026-09-16,0.006518194619432299,0,0,1,1,0,0,0,0.0,0.0,1.0065181946194324,1.0065181946194324,0.3019554583858297,1911
shilpi| raj| mani| meraj| queen| palak| chhedi| funny,,,,,,,,,,1.0,350027.0,350027.0,7458.0,446.0,2026-09-24,0.02258111517111537,0,0,1,1,0,0,1,0.0,0.0,1.0225811151711153,1.0225811151711153,0.30677433455133457,990
shimo| giant| kraken| titanus| boug| kaiju| hunting| series,,,,,,,,,,1.0,176216.0,176216.0,3940.0,510.0,2026-09-11,0.025253098470059472,0,0,1,1,0,0,1,0.0,0.0,1.0252530984700594,1.0252530984700594,0.3075759295410178,890
shinchain| red| diamond| house| indian| theft| auto| simulator,,,,,,,,,,1.0,28135.0,28135.0,159.0,5.0,2026-09-23,0.00582903856406611,0,0,1,1,0,0,0,0.0,0.0,1.005829038564066,1.005829038564066,0.3017487115692198,2002
shinchain| sky| blue| diamond| house| indian| theft| auto,,,,,,,,,,1.0,79189.0,79189.0,220.0,13.0,2026-09-16,0.002942327848564826,0,0,1,1,0,0,0,0.0,0.0,1.0029423278485647,1.0029423278485647,0.30088269835456943,2475
shinchan| apni| maa| liye| saheed| gya| indian| theft,,,,,,,,,,1.0,138860.0,138860.0,1331.0,21.0,2026-09-27,0.009736425176436699,0,0,1,1,0,0,0,0.0,0.0,1.0097364251764367,1.0097364251764367,0.302920927552931,1658
shinchan| aur| baby| hulk| bacha| paya| nahi| emotional,,,,,,,,,,1.0,68113.0,68113.0,0.0,13.0,2026-10-07,0.00019085930732752924,0,0,1,1,0,0,0,0.0,0.0,1.0001908593073274,1.0001908593073274,0.3000572577921982,2732
shinchan| become| biggest| gangster| gta,,,,,,,,,,1.0,46161.0,46161.0,0.0,28.0,2026-09-13,0.0006065726479062412,0,0,1,1,0,0,0,0.0,0.0,1.0006065726479063,1.0006065726479063,0.3001819717943719,2716
shinchan| become| bodybuilder| theft| auto| game,,,,,,,,,,1.0,210297.0,210297.0,1640.0,49.0,2026-10-01,0.008031498309533659,0,0,1,1,0,0,0,0.0,0.0,1.0080314983095338,1.0080314983095338,0.30240944949286014,1798
shinchan| betrayed| franklin| become| millionaire| gta,,,,,,,,,,1.0,67229.0,67229.0,0.0,14.0,2026-09-26,0.0002082434663612429,0,0,1,1,0,0,0,0.0,0.0,1.0002082434663613,1.0002082434663613,0.30006247303990835,2725
shinchan| found| chocolate| gems| swimming| indian| theft| auto,,,,,,,,,,1.0,30453.0,30453.0,522.0,8.0,2026-09-12,0.01740386825600105,0,0,1,1,0,0,1,0.0,0.0,1.0174038682560012,1.0174038682560012,0.3052211604768003,1193
shinchan| found| dairy| milk| swimming| indian| theft| auto,,,,,,,,,,1.0,20624.0,20624.0,0.0,4.0,2026-09-14,0.0001939487975174554,0,0,1,1,0,0,0,0.0,0.0,1.0001939487975176,1.0001939487975176,0.30005818463925527,2730
shinchan| found| green| daimond| house| indian| theft| auto,,,,,,,,,,1.0,123956.0,123956.0,0.0,10.0,2026-09-16,8.067378747297428e-05,0,0,1,1,0,0,0,0.0,0.0,1.000080673787473,1.000080673787473,0.30002420213624187,2759
shinchan| found| ice| cream| swimming| pool| indian| theft,,,,,,,,,,1.0,194964.0,194964.0,1200.0,10.0,2026-09-11,0.0062062739787858276,0,0,1,1,0,0,0,0.0,0.0,1.0062062739787858,1.0062062739787858,0.30186188219363574,1954
shinchan| found| jelly| choklate| swiminpool| indian| theft| auto,,,,,,,,,,1.0,87554.0,87554.0,0.0,17.0,2026-09-10,0.00019416588619594765,0,0,1,1,0,0,0,0.0,0.0,1.000194165886196,1.000194165886196,0.30005824976585876,2729
shinchan| found| maggie| world| indian| theft| auto| simulator,,,,,,,,,,1.0,206673.0,206673.0,0.0,33.0,2026-09-06,0.00015967252616452075,0,0,1,1,0,0,0,0.0,0.0,1.0001596725261646,1.0001596725261646,0.30004790175784934,2735
shinchan| found| milky| oreo| biscuit| swimming| pool| indian,,,,,,,,,,1.0,472921.0,472921.0,0.0,44.0,2026-09-05,9.303879506302322e-05,0,0,1,1,0,0,0,0.0,0.0,1.000093038795063,1.000093038795063,0.3000279116385189,2753
shinchan| found| oreo| chocolate| swimming| pool| indian| theft,,,,,,,,,,1.0,28024.0,28024.0,262.0,3.0,2026-09-15,0.009456180416785613,0,0,1,1,0,0,0,0.0,0.0,1.0094561804167856,1.0094561804167856,0.3028368541250357,1684
shinchan| found| secret| elemental| cars| save| franklin| gta,,,,,,,,,,1.0,417340.0,417340.0,8017.0,173.0,2026-09-17,0.01962428715196243,0,0,1,1,0,0,1,0.0,0.0,1.0196242871519625,1.0196242871519625,0.30588728614558874,1101
shinchan| franklin| found| multi| dual| spiral| water| slides,,,,,,,,,,1.0,116419.0,116419.0,1306.0,21.0,2026-10-04,0.011398483065479003,0,0,1,1,0,0,1,0.0,0.0,1.011398483065479,1.011398483065479,0.3034195449196437,1520
shinchan| franklin| found| unique| level1| level| water| slides,,,,,,,,,,1.0,76674.0,76674.0,1132.0,33.0,2026-09-10,0.015194198815765449,0,0,1,1,0,0,1,0.0,0.0,1.0151941988157656,1.0151941988157656,0.30455825964472966,1292
shinchan| franklin| kidnapping| granny| helicopter| gta,,,,,,,,,,1.0,181845.0,181845.0,2013.0,55.0,2026-09-20,0.011372322582419093,0,0,1,1,0,0,1,0.0,0.0,1.0113723225824192,1.0113723225824192,0.30341169677472574,1523
shinchan| franklin| tried| impossible| maze| puzzle| parkour| challenge,,,,,,,,,,1.0,134744.0,134744.0,1154.0,26.0,2026-09-22,0.008757347265926498,0,0,1,1,0,0,0,0.0,0.0,1.0087573472659266,1.0087573472659266,0.30262720417977795,1738
shinchan| franklin| tried| impossible| speed| booster| funnel| tunnel,,,,,,,,,,1.0,142995.0,142995.0,1481.0,19.0,2026-09-30,0.010489877268435959,0,0,1,1,0,0,0,0.0,0.0,1.0104898772684359,1.0104898772684359,0.30314696318053075,1589
shinchan| franklin| tried| impossible| spiral| log| parkour| challenge,,,,,,,,,,1.0,108983.0,108983.0,1302.0,34.0,2026-09-27,0.012258792655735299,0,0,1,1,0,0,1,0.0,0.0,1.0122587926557354,1.0122587926557354,0.3036776377967206,1452
shinchan| franklin| tried| impossible| square| speed| booster| track,,,,,,,,,,1.0,113715.0,113715.0,1295.0,33.0,2026-10-02,0.011678318603526359,0,0,1,1,0,0,1,0.0,0.0,1.0116783186035263,1.0116783186035263,0.3035034955810579,1490
shinchan| fury| ganesha| nimajjanam| lambodara| final| gta| teluguv,,,,,,,,,,1.0,140967.0,140967.0,1901.0,21.0,2026-10-01,0.013634396702774408,0,0,1,1,0,0,1,0.0,0.0,1.0136343967027743,1.0136343967027743,0.3040903190108323,1374
shinchan| gaya| sabse| bada| indian| theft| aura| simulator,,,,,,,,,,1.0,94097.0,94097.0,0.0,11.0,2026-09-12,0.00011690064507901421,0,0,1,1,0,0,0,0.0,0.0,1.000116900645079,1.000116900645079,0.30003507019352366,2746
shinchan| gems| swimming| pool| indian| theft| auto| stimulator,,,,,,,,,,1.0,126535.0,126535.0,411.0,13.0,2026-09-19,0.0033508515430513298,0,0,1,1,0,0,0,0.0,0.0,1.0033508515430514,1.0033508515430514,0.3010052554629154,2383
shinchan| gets| robotic| dragon| bike| baby| shankar| gameplay,,,,,,,,,,1.0,692707.0,692707.0,0.0,31.0,2026-09-21,4.475196583837033e-05,0,0,1,1,0,0,0,0.0,0.0,1.0000447519658384,1.0000447519658384,0.3000134255897515,2772
shinchan| gets| spider| man| bike| joker| baby| babaji,,,,,,,,,,1.0,352985.0,352985.0,0.0,11.0,2026-09-29,3.1162797286003654e-05,0,0,1,1,0,0,0,0.0,0.0,1.000031162797286,1.000031162797286,0.3000093488391858,2776
shinchan| geya| ship| nani| ghar| mama| sadhi,,,,,,,,,,1.0,163095.0,163095.0,637.0,6.0,2026-10-03,0.003942487507281033,0,0,1,1,0,0,0,0.0,0.0,1.003942487507281,1.003942487507281,0.30118274625218433,2285
shinchan| gir| gaya| gehre| kuye| kya| jack| aur,,,,,,,,,,1.0,125287.0,125287.0,503.0,6.0,2026-09-27,0.00406267210484727,0,0,1,1,0,0,0,0.0,0.0,1.0040626721048473,1.0040626721048473,0.3012188016314542,2264
shinchan| his| friends| saved| lord| ganesha| lambodara| gta,,,,,,,,,,1.0,83419.0,83419.0,1239.0,23.0,2026-09-24,0.015128447955501743,0,0,1,1,0,0,1,0.0,0.0,1.0151284479555018,1.0151284479555018,0.3045385343866505,1296
shinchan| his| friends| saved| mushik| lambodara| gta| telugu,,,,,,,,,,1.0,130786.0,130786.0,1694.0,56.0,2026-09-14,0.013380637071246157,0,0,1,1,0,0,1,0.0,0.0,1.0133806370712461,1.0133806370712461,0.30401419112137384,1390
shinchan| his| friends| started| collecting| chandha| lambodara| gta,,,,,,,,,,1.0,320018.0,320018.0,5546.0,179.0,2026-09-12,0.017889618708947622,0,0,1,1,0,0,1,0.0,0.0,1.0178896187089477,1.0178896187089477,0.30536688561268427,1173
shinchan| hot| air| balloon| beth| nani| ghar| geya,,,,,,,,,,1.0,103616.0,103616.0,390.0,3.0,2026-10-07,0.0037928505250154417,0,0,1,1,0,0,0,0.0,0.0,1.0037928505250155,1.0037928505250155,0.30113785515750463,2308
shinchan| injected| giant| purple| syringe| into| girl| shankar,,,,,,,,,,1.0,706638.0,706638.0,0.0,25.0,2026-10-04,3.537879366804503e-05,0,0,1,1,0,0,0,0.0,0.0,1.000035378793668,1.000035378793668,0.3000106136381004,2774
shinchan| injected| giant| purple| syringe| into| riya| bhabhi,,,,,,,,,,1.0,254312.0,254312.0,0.0,23.0,2026-10-07,9.044008933907956e-05,0,0,1,1,0,0,0,0.0,0.0,1.0000904400893391,1.0000904400893391,0.3000271320268017,2754
shinchan| injection| laga| diya| indian| theft| auto| simulator,,,,,,,,,,1.0,289556.0,289556.0,1734.0,26.0,2026-10-06,0.006078271560596223,0,0,1,1,0,0,0,0.0,0.0,1.0060782715605963,1.0060782715605963,0.3018234814681789,1968
shinchan| jack| swimming| pool| dhakka| diya| indian| theft,,,,,,,,,,1.0,157986.0,157986.0,1163.0,33.0,2026-09-06,0.007570291038446445,0,0,1,1,0,0,0,0.0,0.0,1.0075702910384465,1.0075702910384465,0.30227108731153396,1823
shinchan| kicked| out| his| house| indian| theft| auto,,,,,,,,,,1.0,521049.0,521049.0,0.0,99.0,2026-09-16,0.00019000132425165387,0,0,1,1,0,0,0,0.0,0.0,1.0001900013242517,1.0001900013242517,0.3000570003972755,2733
shinchan| koi| pyar| nahi| karta| poor| crying| story,,,,,,,,,,1.0,69045.0,69045.0,2317.0,24.0,2026-10-07,0.03390542399884133,0,0,1,1,0,0,1,0.0,0.0,1.0339054239988412,1.0339054239988412,0.31017162719965236,657
shinchan| koi| pyar| nahi| krta| gher| nikal| dia,,,,,,,,,,1.0,59053.0,59053.0,249.0,2.0,2026-09-22,0.004250419115032259,0,0,1,1,0,0,0,0.0,0.0,1.0042504191150323,1.0042504191150323,0.3012751257345097,2241
shinchan| mila| secret| injection| indian| theft| auto| simulator,,,,,,,,,,1.0,236575.0,236575.0,873.0,22.0,2026-10-05,0.003783155447532495,0,0,1,1,0,0,0,0.0,0.0,1.0037831554475325,1.0037831554475325,0.3011349466342597,2312
shinchan| nobita| doraemon| build| stairs| moon,,,,,,,,,,1.0,419762.0,419762.0,8320.0,81.0,2026-09-24,0.020013722061549163,0,0,1,1,0,0,1,0.0,0.0,1.020013722061549,1.020013722061549,0.3060041166184647,1087
shinchan| nobita| jack| goodbyes| chaddi| gang| twist| indian,,,,,,,,,,1.0,119345.0,119345.0,548.0,23.0,2026-09-11,0.004784448447777452,0,0,1,1,0,0,0,0.0,0.0,1.0047844484477775,1.0047844484477775,0.30143533453433324,2135
shinchan| nobita| play| hide| seek| indian| theft| aura,,,,,,,,,,1.0,68088.0,68088.0,422.0,13.0,2026-09-12,0.006388790976383504,0,0,1,1,0,0,0,0.0,0.0,1.0063887909763836,1.0063887909763836,0.30191663729291507,1928
shinchan| nobita| saved| gangsters| village| indian| theftaurasimulator,,,,,,,,,,1.0,144529.0,144529.0,610.0,18.0,2026-09-30,0.004345148724477441,0,0,1,1,0,0,0,0.0,0.0,1.0043451487244774,1.0043451487244774,0.3013035446173432,2219
shinchan| nobita| secret| bunker| base,,,,,,,,,,1.0,145831.0,145831.0,1135.0,7.0,2026-10-07,0.00783098243857616,0,0,1,1,0,0,0,0.0,0.0,1.007830982438576,1.007830982438576,0.3023492947315728,1807
shinchan| opened| secret| bunker| ganesha| saved| franklin| granny,,,,,,,,,,1.0,201664.0,201664.0,2377.0,36.0,2026-09-21,0.011965447476991431,0,0,1,1,0,0,1,0.0,0.0,1.0119654474769915,1.0119654474769915,0.30358963424309743,1471
shinchan| red| gang| franklin| blue| vinayaka| chavithi| gta,,,,,,,,,,1.0,151242.0,151242.0,2552.0,87.0,2026-09-12,0.017448856799037304,0,0,1,1,0,0,1,0.0,0.0,1.0174488567990374,1.0174488567990374,0.3052346570397112,1190
shinchan| riya| lekar| bhag| gaya| indian| theft| auto,,,,,,,,,,1.0,119131.0,119131.0,385.0,5.0,2026-10-03,0.0032737070955502767,0,0,1,1,0,0,0,0.0,0.0,1.0032737070955502,1.0032737070955502,0.30098211212866505,2397
shinchan| riya| lekar| bhag| gya| indian| theft| auto,,,,,,,,,,2.0,322433.5,644867.0,1440.5,31.0,2026-10-04,0.004563731746236046,0,0,1,1,0,0,0,0.0,0.0,2.004563731746236,2.004563731746236,0.6013691195238708,133
shinchan| spider| man| bike| baby| joker| too| chain,,,,,,,,,,1.0,66513.0,66513.0,795.0,7.0,2026-10-02,0.012057793213356788,0,0,1,1,0,0,1,0.0,0.0,1.0120577932133568,1.0120577932133568,0.30361733796400703,1466
shinchan| suparhero| bankar| aaya| apni| mummy| bachaane| indian,,,,,,,,,,1.0,241318.0,241318.0,4085.0,40.0,2026-10-06,0.017093627495669613,0,0,1,1,0,0,1,0.0,0.0,1.0170936274956697,1.0170936274956697,0.3051280882487009,1206
shinchan| tractor| gets| blocked| nobita| jcb| indian| theft,,,,,,,,,,1.0,103388.0,103388.0,317.0,5.0,2026-10-03,0.0031144813711455875,0,0,1,1,0,0,0,0.0,0.0,1.0031144813711457,1.0031144813711457,0.3009343444113437,2437
shinchan| witness| fury| become| werewolf| gta| telugu,,,,,,,,,,1.0,161651.0,161651.0,2142.0,56.0,2026-09-06,0.013597193954878102,0,0,1,1,0,0,1,0.0,0.0,1.013597193954878,1.013597193954878,0.3040791581864634,1376
shining |  light |  brain,1.0,1.0,59.0,55.0,2026-10-08 04:30:00,2.2084867266666666,,,,,,,,,,,1,0,0,1,1,0,0,0.6111111111111112,0.0,0.0,0.6111111111111112,0.18333333333333335,2798
shinzo |  memorial |  corridor,1.0,1.0,110.0,144.0,2026-10-07 16:47:55,13.909875615555555,,,,,,,,,,,1,0,0,1,1,0,0,0.6111111111111112,0.0,0.0,0.6111111111111112,0.18333333333333335,2798
shirdi| sai| baba| folk| songs| thursday| special,,,,,,,,,,1.0,52291.0,52291.0,208.0,3.0,2026-10-07,0.004035111204604999,0,0,1,1,0,0,0,0.0,0.0,1.004035111204605,1.004035111204605,0.30121053336138154,2271
shirdi| sai| baba| songs| folk,,,,,,,,,,1.0,37094.0,37094.0,168.0,2.0,2026-09-30,0.00458295142071494,0,0,1,1,0,0,0,0.0,0.0,1.004582951420715,1.004582951420715,0.3013748854262145,2165
shirdi| sai| manasasmarami,,,,,,,,,,1.0,13125.0,13125.0,111.0,2.0,2026-10-07,0.00860952380952381,0,0,1,1,0,0,0,0.0,0.0,1.0086095238095238,1.0086095238095238,0.30258285714285715,1749
shiridi| sai| songs| telugu| baba| folk| devotional,,,,,,,,,,1.0,20922.0,20922.0,78.0,1.0,2026-09-30,0.0037759296434375297,0,0,1,1,0,0,0,0.0,0.0,1.0037759296434374,1.0037759296434374,0.3011327788930312,2315
shiv |  musks |  half,1.0,1.0,62.0,81.0,2026-10-02 18:35:35,132.1154311711111,,,,,,,,,,,1,0,0,1,0,0,0,0.6111111111111112,0.0,0.0,0.6111111111111112,0.18333333333333335,2798
shivakumar |  delete |  voters,1.0,1.0,70.0,117.0,2026-10-01 11:15:14,163.45459783777778,,,,,,,,,,,1,0,0,1,0,0,0,0.6111111111111112,0.0,0.0,0.6111111111111112,0.18333333333333335,2798
shivanna| anthem| lyrical| bail| shiva| rajkumar| pavan| wadeyar,,,,,,,,,,1.0,270971.0,270971.0,6060.0,310.0,2026-09-28,0.023508050677009718,0,0,1,1,0,0,1,0.0,0.0,1.0235080506770098,1.0235080506770098,0.30705241520310295,963
shivastuthi,,,,,,,,,,1.0,26624.0,26624.0,166.0,19.0,2026-09-20,0.006948617788461538,0,0,1,1,0,0,0,0.0,0.0,1.0069486177884615,1.0069486177884615,0.3020845853365384,1876
shiva| folk| devotional| songs| monday| special| most| powerful,,,,,,,,,,1.0,12672.0,12672.0,56.0,1.0,2026-09-20,0.004498106060606061,0,0,1,1,0,0,0,0.0,0.0,1.004498106060606,1.004498106060606,0.3013494318181818,2188
shiva| folk| songs| telugu| devotional,,,,,,,,,,1.0,36549.0,36549.0,110.0,2.0,2026-09-27,0.003064379326383759,0,0,1,1,0,0,0,0.0,0.0,1.0030643793263838,1.0030643793263838,0.30091931379791514,2448
shiva| songs| telugu| bhakti,,,,,,,,,,1.0,46953.0,46953.0,133.0,5.0,2026-09-20,0.0029391093220880455,0,0,1,1,0,0,0,0.0,0.0,1.002939109322088,1.002939109322088,0.3008817327966264,2476
shiv| ravan| samwad| raanjha| siddharth| lucky| ramayan| rap,,,,,,,,,,1.0,172813.0,172813.0,6674.0,523.0,2026-09-02,0.04164617245230393,0,0,1,1,0,0,1,0.0,0.0,1.0416461724523038,1.0416461724523038,0.31249385173569116,479
shiv| shankar| bholenath| bhajan| 2026,,,,,,,,,,1.0,103114.0,103114.0,438.0,7.0,2026-09-28,0.00431561184708187,0,0,1,1,0,0,0,0.0,0.0,1.004315611847082,1.004315611847082,0.3012946835541246,2226
shoaib| akhtar| shocked| ind| beat| 1st| odi| virat,,,,,,,,,,1.0,209360.0,209360.0,919.0,0.0,2026-09-27,0.004389568207871609,0,0,1,1,0,0,0,0.0,0.0,1.0043895682078716,1.0043895682078716,0.3013168704623615,2211
shoes |  jharkhand |  widows,1.0,1.0,75.0,132.0,2026-10-07 15:06:03,15.607653393333333,,,,,,,,,,,1,0,0,1,1,0,0,0.6111111111111112,0.0,0.0,0.6111111111111112,0.18333333333333335,2798
shooting |  asian |  games,1.0,1.0,91.0,91.0,2026-10-02 06:09:13,144.55487561555555,,,,,,,,,,,1,0,0,1,0,0,0,0.6111111111111112,0.0,0.0,0.6111111111111112,0.18333333333333335,2798
should |  kailash |  satyarthi,1.0,1.0,65.0,130.0,2026-10-01 01:39:54,173.04348672666669,,,,,,,,,,,1,0,0,1,0,0,0,0.6111111111111112,0.0,0.0,0.6111111111111112,0.18333333333333335,2798
shouldn| have| rented| cheap| apartment| welcome| kowloon| horror,,,,,,,,,,1.0,2144578.0,2144578.0,42706.0,3561.0,2026-09-12,0.02157394135349705,0,0,1,1,0,0,1,0.0,0.0,1.021573941353497,1.021573941353497,0.30647218240604907,1028
showed |  immense |  courage,1.0,1.0,77.0,74.0,2026-10-01 01:41:57,173.00932006000002,,,,,,,,,,,1,0,0,1,0,0,0,0.6111111111111112,0.0,0.0,0.6111111111111112,0.18333333333333335,2798
shows |  indian |  wife,1.0,1.0,81.0,81.0,2026-10-03 04:51:09,121.85598672666666,,,,,,,,,,,1,0,0,1,0,0,0,0.6111111111111112,0.0,0.0,0.6111111111111112,0.18333333333333335,2798
shree| radha| krishna| bhajan| keshav| sharma,,,,,,,,,,1.0,60706.0,60706.0,413.0,39.0,2026-09-19,0.00744572200441472,0,0,1,1,0,0,0,0.0,0.0,1.0074457220044146,1.0074457220044146,0.30223371660132436,1839
shree| vishwakarma| aarti| remix| puja| high| frequency| soundcheck,,,,,,,,,,1.0,119487.0,119487.0,0.0,15.0,2026-09-15,0.00012553666926109117,0,0,1,1,0,0,0,0.0,0.0,1.0001255366692612,1.0001255366692612,0.30003766100077833,2743
shree| vishwakarma| pooja| bhajan| 2026,,,,,,,,,,1.0,731644.0,731644.0,3253.0,135.0,2026-09-16,0.004630667373750075,0,0,1,1,0,0,0,0.0,0.0,1.0046306673737502,1.0046306673737502,0.30138920021212506,2159
shreyas |  iyer |  maiden,1.0,1.0,59.0,59.0,2026-10-07 06:28:49,24.228208948888888,,,,,,,,,,,1,0,0,1,0,0,0,0.6111111111111112,0.0,0.0,0.6111111111111112,0.18333333333333335,2798
shri| ganapati| raksha| stotram| hour| mahaganpati| mantra,,,,,,,,,,1.0,209853.0,209853.0,2495.0,49.0,2026-09-12,0.012122771654443825,0,0,1,1,0,0,1,0.0,0.0,1.0121227716544439,1.0121227716544439,0.30363683149633314,1461
shri| krishna| govind| hare| murari| chhathi| bhajan| 2026,,,,,,,,,,1.0,2642387.0,2642387.0,11796.0,246.0,2026-09-02,0.004557243129034468,0,0,1,1,0,0,0,0.0,0.0,1.0045572431290344,1.0045572431290344,0.3013671729387103,2170
shri| krishna| govind| hare| murari| non| stop| bhajans,,,,,,,,,,2.0,329978.0,659956.0,1752.5,69.0,2026-09-27,0.005520064974028571,0,0,1,1,0,0,0,0.0,0.0,2.0055200649740286,2.0055200649740286,0.6016560194922086,126
shri| krishna| govind| hare| murari| popular| bhajan| 2026,,,,,,,,,,1.0,142583.0,142583.0,581.0,19.0,2026-09-10,0.004208075296493972,0,0,1,1,0,0,0,0.0,0.0,1.004208075296494,1.004208075296494,0.30126242258894814,2246
shri| krishn| govind| hare| murari| jukebox,,,,,,,,,,1.0,11790.0,11790.0,84.0,5.0,2026-09-08,0.007548770144189991,0,0,1,1,0,0,0,0.0,0.0,1.00754877014419,1.00754877014419,0.302264631043257,1825
shri| radha| ashtami| special| bhajan| 2026| chitra| vichitra,,,,,,,,,,1.0,74982.0,74982.0,1297.0,41.0,2026-09-15,0.01784428262783068,0,0,1,1,0,0,1,0.0,0.0,1.0178442826278307,1.0178442826278307,0.30535328478834917,1176
shri| ram| janki| baithe| hain| mere| seene| mein,,,,,,,,,,1.0,69206.0,69206.0,196.0,0.0,2026-09-08,0.0028321243822789933,0,0,1,1,0,0,0,0.0,0.0,1.002832124382279,1.002832124382279,0.3008496373146837,2494
shri| ram| katha| chaupai| kumar| vishu| bhajan| 2026,,,,,,,,,,1.0,19935.0,19935.0,100.0,1.0,2026-09-19,0.005066466014547279,0,0,1,1,0,0,0,0.0,0.0,1.0050664660145472,1.0050664660145472,0.30151993980436415,2093
shubman gill,,,,,,,100.0,1.0,1.0,,,,,,,,0,1,0,1,0,1,0,0.0,1.5,0.0,1.5,0.6000000000000001,174
shubman |  gill |  hits,1.0,1.0,81.0,81.0,2026-10-03 05:44:55,120.95987561555555,,,,,,,,,,,1,0,0,1,0,0,0,0.6111111111111112,0.0,0.0,0.6111111111111112,0.18333333333333335,2798
shuklambaradharam| vishnum| kannada| vinayaka| chavithi| special| songs| ganapathi,,,,,,,,,,1.0,133006.0,133006.0,312.0,6.0,2026-09-14,0.0023908695848307597,0,0,1,1,0,0,0,0.0,0.0,1.0023908695848307,1.0023908695848307,0.3007172608754492,2570
shuriken| cut| extreme| challenge,,,,,,,,,,1.0,132800.0,132800.0,2824.0,709.0,2026-09-12,0.026603915662650603,0,0,1,1,0,0,1,0.0,0.0,1.0266039156626505,1.0266039156626505,0.30798117469879516,851
shweta| sargam| sonu| yadav| piya| madarba| maghi| sad,,,,,,,,,,1.0,415110.0,415110.0,3476.0,69.0,2026-09-27,0.008539905085399051,0,0,1,1,0,0,0,0.0,0.0,1.0085399050853991,1.0085399050853991,0.30256197152561976,1758
shyam| nagina| ban| jaate| nathni| mein| jadate| radha,,,,,,,,,,1.0,49310.0,49310.0,538.0,18.0,2026-10-02,0.011275603325897384,0,0,1,1,0,0,1,0.0,0.0,1.0112756033258974,1.0112756033258974,0.3033826809977692,1530
shyam| nagina| ban| jaate| nathni| mein| jadate| viral,,,,,,,,,,1.0,123353.0,123353.0,1113.0,19.0,2026-10-04,0.009176915032467795,0,0,1,1,0,0,0,0.0,0.0,1.0091769150324679,1.0091769150324679,0.30275307450974037,1713
shyam| nagina| ban| jate| krishna| bhajan,,,,,,,,,,1.0,60432.0,60432.0,0.0,8.0,2026-09-30,0.00013238019592268997,0,0,1,1,0,0,0,0.0,0.0,1.0001323801959228,1.0001323801959228,0.30003971405877683,2740
siang |  hyropower |  project,1.0,1.0,93.0,93.0,2026-10-05 06:58:17,71.73709783777778,,,,,,,,,,,1,0,0,1,0,0,0,0.6111111111111112,0.0,0.0,0.6111111111111112,0.18333333333333335,2798
sigma movie,,,,,,,100.0,1.0,1.0,,,,,,,,0,1,0,1,0,1,0,0.0,1.5,0.0,1.5,0.6000000000000001,174
sigma movie review,,,,,,,100.0,1.0,1.0,,,,,,,,0,1,0,1,0,1,0,0.0,1.5,0.0,1.5,0.6000000000000001,174
sigma| sundeep| kishan| faria| abdullah| jason| sanjay| thaman,,,,,,,,,,1.0,4989925.0,4989925.0,115602.0,2420.0,2026-09-18,0.02365205889868084,0,0,1,1,0,0,1,0.0,0.0,1.0236520588986808,1.0236520588986808,0.30709561766960425,959
signature| mohit| ladhotiya| mackey| muzic| nidhi| negi| ameet,,,,,,,,,,1.0,280362.0,280362.0,4678.0,79.0,2026-09-04,0.016967349355476134,0,0,1,1,0,0,1,0.0,0.0,1.016967349355476,1.016967349355476,0.3050902048066428,1212
silver |  keeps |  india,1.0,1.0,75.0,75.0,2026-10-01 11:56:28,162.76737561555558,,,,,,,,,,,1,0,0,1,0,0,0,0.6111111111111112,0.0,0.0,0.6111111111111112,0.18333333333333335,2798
silver |  price |  weekly,1.0,1.0,41.0,25.0,2026-10-04 06:15:03,96.45765339333333,,,,,,,,,,,1,0,0,1,0,0,0,0.6111111111111112,0.0,0.0,0.6111111111111112,0.18333333333333335,2798
simhadriya| simha| movie| vishnuvardhan| balasubrahmanyam,,,,,,,,,,1.0,16919.0,16919.0,168.0,3.0,2026-09-24,0.010106980317985697,0,0,1,1,0,0,0,0.0,0.0,1.0101069803179856,1.0101069803179856,0.30303209409539567,1622
sinchan| crocodile| attack| kar| diya| indian| theft| auto,,,,,,,,,,1.0,35582.0,35582.0,0.0,2.0,2026-10-07,5.6208195154853575e-05,0,0,1,1,0,0,0,0.0,0.0,1.000056208195155,1.000056208195155,0.3000168624585465,2766
sinchan| granny| kidnap| kar| liya| indian| theft| auto,,,,,,,,,,2.0,391152.5,782305.0,0.0,32.0,2026-09-22,8.180952441822563e-05,0,0,1,1,0,0,0,0.0,0.0,2.0000818095244184,2.0000818095244184,0.6000245428573255,172
sinchan| hairstyle| scary| teacher| kharab| kar| diya| indian,,,,,,,,,,1.0,94016.0,94016.0,0.0,8.0,2026-09-23,8.509189925119128e-05,0,0,1,1,0,0,0,0.0,0.0,1.0000850918992512,1.0000850918992512,0.30002552756977535,2756
sinchan| sabse| liya| badla| indian| theft| auto| simulator,,,,,,,,,,1.0,222744.0,222744.0,0.0,26.0,2026-10-05,0.00011672592752217792,0,0,1,1,0,0,0,0.0,0.0,1.000116725927522,1.000116725927522,0.30003501777825664,2747
sinchan| scary| teacher| maara| indian| theft| auto| simulator,,,,,,,,,,1.0,74525.0,74525.0,0.0,15.0,2026-09-30,0.00020127474002012746,0,0,1,1,0,0,0,0.0,0.0,1.0002012747400202,1.0002012747400202,0.30006038242200606,2727
singh |  india |  secures,1.0,1.0,78.0,90.0,2026-10-03 04:45:43,121.94654228222221,,,,,,,,,,,1,0,0,1,0,0,0,0.6111111111111112,0.0,0.0,0.6111111111111112,0.18333333333333335,2798
singh |  simi |  ireland,1.0,1.0,73.0,453.0,2026-10-02 01:49:27,148.88432006000002,,,,,,,,,,,1,0,0,1,0,0,0,0.6111111111111112,0.0,0.0,0.6111111111111112,0.18333333333333335,2798
singh |  warring |  pargat,1.0,1.0,106.0,131.0,2026-10-02 15:59:55,134.70987561555555,,,,,,,,,,,1,0,0,1,0,0,0,0.6111111111111112,0.0,0.0,0.6111111111111112,0.18333333333333335,2798
sita| ram| vivah| bhajan,,,,,,,,,,1.0,189802.0,189802.0,0.0,82.0,2026-09-13,0.0004320291672374369,0,0,1,1,0,0,0,0.0,0.0,1.0004320291672375,1.0004320291672375,0.30012960875017125,2719
sitharaman |  hails |  india,1.0,1.0,75.0,75.0,2026-10-05 06:12:26,72.50126450444445,,,,,,,,,,,1,0,0,1,0,0,0,0.6111111111111112,0.0,0.0,0.6111111111111112,0.18333333333333335,2798
sitharaman |  india |  trade,1.0,1.0,93.0,105.0,2026-10-05 05:37:36,73.08182006,,,,,,,,,,,1,0,0,1,0,0,0,0.6111111111111112,0.0,0.0,0.6111111111111112,0.18333333333333335,2798
siya| entry| chapter| udhiram| blood| wood,,,,,,,,,,1.0,472376.0,472376.0,11360.0,277.0,2026-09-07,0.024635036496350366,0,0,1,1,0,0,1,0.0,0.0,1.0246350364963503,1.0246350364963503,0.30739051094890507,911
skinny| per| step| roblox,,,,,,,,,,1.0,350112.0,350112.0,12553.0,860.0,2026-09-06,0.038310597751576636,0,0,1,1,0,0,1,0.0,0.0,1.0383105977515767,1.0383105977515767,0.311493179325473,547
skoda |  slavia |  facelift,1.0,1.0,76.0,72.0,2026-10-06 06:47:23,47.91876450444445,,,,,,,,,,,1,0,0,1,0,0,0,0.6111111111111112,0.0,0.0,0.6111111111111112,0.18333333333333335,2798
skorp| gun| only| challenge| solo| squad| free| fire,,,,,,,,,,1.0,114327.0,114327.0,14514.0,422.0,2026-10-07,0.13064280528659022,0,0,1,1,0,0,1,0.0,0.0,1.1306428052865902,1.1306428052865902,0.33919284158597707,237
skorp| gun| only| solo| squad| tonde| gamer,,,,,,,,,,1.0,1366225.0,1366225.0,58545.0,1867.0,2026-10-02,0.04421819246463796,0,0,1,1,0,0,1,0.0,0.0,1.0442181924646379,1.0442181924646379,0.31326545773939135,447
slap| game| malayalam| dulquer| salmaan| kayadu| lohar| jakes,,,,,,,,,,1.0,441816.0,441816.0,4741.0,379.0,2026-09-10,0.011588534593586471,0,0,1,1,0,0,1,0.0,0.0,1.0115885345935864,1.0115885345935864,0.3034765603780759,1497
slightest| mistake| can| have| fatal| consequences| euro| truck,,,,,,,,,,1.0,1291970.0,1291970.0,2020.0,0.0,2026-10-04,0.0015635037965277831,0,0,1,1,0,0,0,0.0,0.0,1.0015635037965278,1.0015635037965278,0.30046905113895833,2660
slowest| fastest| cheetah| gta,,,,,,,,,,1.0,139843.0,139843.0,1407.0,15.0,2026-09-29,0.010168546155331335,0,0,1,1,0,0,0,0.0,0.0,1.0101685461553314,1.0101685461553314,0.3030505638465994,1616
smiling |  chatting |  family,1.0,1.0,75.0,75.0,2026-10-01 14:14:32,160.46626450444447,,,,,,,,,,,1,0,0,1,0,0,0,0.6111111111111112,0.0,0.0,0.6111111111111112,0.18333333333333335,2798
smit |  attack |  family,1.0,1.0,78.0,434.0,2026-10-04 18:29:05,84.22376450444445,,,,,,,,,,,1,0,0,1,0,0,0,0.6111111111111112,0.0,0.0,0.6111111111111112,0.18333333333333335,2798
smit |  machchhar |  avert,1.0,1.0,85.0,85.0,2026-10-02 18:04:16,132.63737561555556,,,,,,,,,,,1,0,0,1,0,0,0,0.6111111111111112,0.0,0.0,0.6111111111111112,0.18333333333333335,2798
smit |  machchhar |  averted,1.0,1.0,84.0,84.0,2026-10-01 10:52:02,163.84126450444447,,,,,,,,,,,1,0,0,1,0,0,0,0.6111111111111112,0.0,0.0,0.6111111111111112,0.18333333333333335,2798
smit |  machchhar |  dhabi,1.0,1.0,97.0,147.0,2026-10-02 04:54:48,145.79515339333335,,,,,,,,,,,1,0,0,1,0,0,0,0.6111111111111112,0.0,0.0,0.6111111111111112,0.18333333333333335,2798
smit |  machchhar |  everyone,1.0,1.0,74.0,151.0,2026-10-03 09:22:03,117.34098672666666,,,,,,,,,,,1,0,0,1,0,0,0,0.6111111111111112,0.0,0.0,0.6111111111111112,0.18333333333333335,2798
smit |  machchhar |  indian,1.0,1.0,51.0,48.0,2026-10-01 12:17:32,162.41626450444446,,,,,,,,,,,1,0,0,1,0,0,0,0.6111111111111112,0.0,0.0,0.6111111111111112,0.18333333333333335,2798
smit |  machchhar |  modi,1.0,1.0,81.0,149.0,2026-10-02 05:54:29,144.80043117111111,,,,,,,,,,,1,0,0,1,0,0,0,0.6111111111111112,0.0,0.0,0.6111111111111112,0.18333333333333335,2798
smit |  machchhar |  pilot,1.0,1.0,90.0,145.0,2026-10-01 02:47:53,171.91043117111113,,,,,,,,,,,1,0,0,1,0,0,0,0.6111111111111112,0.0,0.0,0.6111111111111112,0.18333333333333335,2798
smriti |  mandhana |  appointed,2.0,1.0,66.5,66.5,2026-10-07 06:28:49,24.228208948888888,,,,,,,,,,,1,0,0,1,0,0,0,0.7222222222222222,0.0,0.0,0.7222222222222222,0.21666666666666665,2797
snapdeal |  parent |  acevector,1.0,1.0,83.0,83.0,2026-10-05 06:12:26,72.50126450444445,,,,,,,,,,,1,0,0,1,0,0,0,0.6111111111111112,0.0,0.0,0.6111111111111112,0.18333333333333335,2798
snitching| teaser| vin| wrld| harshit| rao| aarush| bhola,,,,,,,,,,1.0,1241753.0,1241753.0,25988.0,2598.0,2026-09-10,0.02302068124659252,0,0,1,1,0,0,1,0.0,0.0,1.0230206812465925,1.0230206812465925,0.30690620437397775,977
snitching| vin| wrld| harshit| rao| aarush| bhola| laila,,,,,,,,,,1.0,2549747.0,2549747.0,107488.0,8187.0,2026-09-12,0.045367246240509355,0,0,1,1,0,0,1,0.0,0.0,1.0453672462405093,1.0453672462405093,0.3136101738721528,430
sohla| pravin| dalimbkar| sonali| bendre| saaikat| bagbaan| oct,,,,,,,,,,1.0,75091.0,75091.0,766.0,47.0,2026-10-05,0.010826863405734376,0,0,1,1,0,0,0,0.0,0.0,1.0108268634057345,1.0108268634057345,0.3032480590217203,1563
soja| zara| anushka| shetty| prabhas| baahubali| lyrical| krishna,,,,,,,,,,1.0,523521.0,523521.0,3020.0,45.0,2026-09-03,0.00585458845012903,0,0,1,1,0,0,0,0.0,0.0,1.005854588450129,1.005854588450129,0.30175637653503873,1998
sojugada| sooju| mallige| mahadeva| monday| shiva| bhakti| geethegalu,,,,,,,,,,1.0,32417.0,32417.0,68.0,1.0,2026-09-27,0.002128512817348922,0,0,1,1,0,0,0,0.0,0.0,1.002128512817349,1.002128512817349,0.30063855384520466,2607
solar industries share price,,,,,,,100.0,2.0,1.0,,,,,,,,0,1,0,1,0,1,0,0.0,2.0,0.0,2.0,0.8,86
soldier| lyrical| bobby| deol| preity| zinta| kumar| sanu,,,,,,,,,,1.0,130503.0,130503.0,823.0,5.0,2026-10-06,0.0063446817314544495,0,0,1,1,0,0,0,0.0,0.0,1.0063446817314545,1.0063446817314545,0.30190340451943637,1935
solo| custom| tournamrnt| grand| final| booyah| mobile,,,,,,,,,,1.0,315890.0,315890.0,10529.0,41.0,2026-09-20,0.03346101491025357,0,0,1,1,0,0,1,0.0,0.0,1.0334610149102537,1.0334610149102537,0.31003830447307607,667
solo| kills| hoke| rahega| classic| hacker| what| bgmi,,,,,,,,,,1.0,734839.0,734839.0,21374.0,47.0,2026-09-05,0.029150603057268326,0,0,1,1,0,0,1,0.0,0.0,1.0291506030572684,1.0291506030572684,0.3087451809171805,773
solo| squad| garena| free| fire| gameplay,,,,,,,,,,1.0,3223563.0,3223563.0,133994.0,14041.0,2026-09-16,0.045922787921315635,0,0,1,1,0,0,1,0.0,0.0,1.0459227879213155,1.0459227879213155,0.31377683637639464,423
solving| very| disturbing| case| rehaunted,,,,,,,,,,1.0,544884.0,544884.0,21143.0,1376.0,2026-09-17,0.04132806248669441,0,0,1,1,0,0,1,0.0,0.0,1.0413280624866945,1.0413280624866945,0.3123984187460083,488
somashekar |  supreme |  court,1.0,1.0,103.0,140.0,2026-10-05 14:53:58,63.80904228222222,,,,,,,,,,,1,0,0,1,0,0,0,0.6111111111111112,0.0,0.0,0.6111111111111112,0.18333333333333335,2798
some |  unannounced |  protest,1.0,1.0,74.0,125.0,2026-10-05 09:42:21,69.00265339333333,,,,,,,,,,,1,0,0,1,0,0,0,0.6111111111111112,0.0,0.0,0.6111111111111112,0.18333333333333335,2798
somwar| special| khatu| shyam| bhajan,,,,,,,,,,2.0,9345.0,18690.0,418.0,30.0,2026-09-27,0.04794007490636704,0,0,1,1,0,0,1,0.0,0.0,2.047940074906367,2.047940074906367,0.6143820224719101,92
sonali| srishti| teej| vrat| geet,,,,,,,,,,1.0,270125.0,270125.0,875.0,18.0,2026-09-07,0.0033058769088385007,0,0,1,1,0,0,0,0.0,0.0,1.0033058769088385,1.0033058769088385,0.3009917630726516,2390
sonam| yadav| karma| kare| jaibai| naihar| karam| geet,,,,,,,,,,2.0,75948.0,151896.0,453.0,7.5,2026-09-22,0.006063359140464528,0,0,1,1,0,0,0,0.0,0.0,2.0060633591404646,2.0060633591404646,0.6018190077421394,123
song |  hanuman |  ansh,1.0,1.0,60.0,58.0,2026-10-01 05:49:23,168.88543117111112,,,,,,,,,,,1,0,0,1,0,0,0,0.6111111111111112,0.0,0.0,0.6111111111111112,0.18333333333333335,2798
songs |  russia |  weapon,1.0,1.0,52.0,72.0,2026-10-02 18:21:03,132.35765339333332,,,,,,,,,,,1,0,0,1,0,0,0,0.6111111111111112,0.0,0.0,0.6111111111111112,0.18333333333333335,2798
songs| 2026| dil| tujhe| chahta| hindi| emraan| hashmi,,,,,,,,,,1.0,897715.0,897715.0,2003.0,45.0,2026-10-06,0.00228134764373994,0,0,1,1,0,0,0,0.0,0.0,1.00228134764374,1.00228134764374,0.300684404293122,2580
songs| 2026| mohabbat| hindi| ariyan| khan| rashmika| latest,,,,,,,,,,1.0,950231.0,950231.0,2420.0,38.0,2026-09-26,0.0025867394349373993,0,0,1,1,0,0,0,0.0,0.0,1.0025867394349375,1.0025867394349375,0.30077602183048124,2541
sonia |  gandhi |  surprise,1.0,1.0,79.0,79.0,2026-10-02 06:09:13,144.55487561555555,,,,,,,,,,,1,0,0,1,0,0,0,0.6111111111111112,0.0,0.0,0.6111111111111112,0.18333333333333335,2798
sonic| secretly| cheated| rivals| hide| seek| roblox,,,,,,,,,,1.0,740174.0,740174.0,9181.0,2022.0,2026-10-01,0.015135630270720127,0,0,1,1,0,0,1,0.0,0.0,1.0151356302707202,1.0151356302707202,0.30454068908121606,1295
sony tv,,,,,,,100.0,1.0,1.0,,,,,,,,0,1,0,1,0,1,0,0.0,1.5,0.0,1.5,0.6000000000000001,174
sonyliv,,,,,,,100.0,1.0,1.0,,,,,,,,0,1,0,1,0,1,0,0.0,1.5,0.0,1.5,0.6000000000000001,174
sooryavanshi |  cricket |  vaibhav,1.0,1.0,79.0,406.0,2026-10-08 05:21:23,1.3520978377777777,,,,,,,,,,,1,0,0,1,1,0,0,0.6111111111111112,0.0,0.0,0.6111111111111112,0.18333333333333335,2798
soul| player| change| sid| retire| family| stage| aadi,,,,,,,,,,1.0,194323.0,194323.0,3274.0,352.0,2026-09-06,0.01865965428693464,0,0,1,1,0,0,1,0.0,0.0,1.0186596542869346,1.0186596542869346,0.30559789628608036,1149
south |  korea |  fuel,1.0,1.0,81.0,394.0,2026-10-06 05:21:58,49.34237561555556,,,,,,,,,,,1,0,0,1,0,0,0,0.6111111111111112,0.0,0.0,0.6111111111111112,0.18333333333333335,2798
south |  soldiers |  searching,1.0,1.0,69.0,383.0,2026-10-06 05:30:00,49.20848672666667,,,,,,,,,,,1,0,0,1,0,0,0,0.6111111111111112,0.0,0.0,0.6111111111111112,0.18333333333333335,2798
soven| piya| sonu| kundu| sonika| singh| latest| haryanvi,,,,,,,,,,1.0,66724.0,66724.0,397.0,4.0,2026-09-29,0.00600983154487141,0,0,1,1,0,0,0,0.0,0.0,1.0060098315448713,1.0060098315448713,0.30180294946346137,1973
spark| niranjan| sudhindra| lovely| star| prem| rachana| inder,,,,,,,,,,1.0,235971.0,235971.0,4712.0,170.0,2026-09-16,0.0206889829682461,0,0,1,1,0,0,1,0.0,0.0,1.0206889829682462,1.0206889829682462,0.30620669489047386,1058
speaks |  wounded |  indian,1.0,1.0,79.0,79.0,2026-10-02 05:57:07,144.75654228222223,,,,,,,,,,,1,0,0,1,0,0,0,0.6111111111111112,0.0,0.0,0.6111111111111112,0.18333333333333335,2798
special |  drive |  left,1.0,1.0,76.0,100.0,2026-10-02 05:04:51,145.62765339333333,,,,,,,,,,,1,0,0,1,0,0,0,0.6111111111111112,0.0,0.0,0.6111111111111112,0.18333333333333335,2798
special| 2026| ankita| mishra| bhojpuri| teej| geet,,,,,,,,,,1.0,42395.0,42395.0,128.0,5.0,2026-09-10,0.0031371624012265596,0,0,1,1,0,0,0,0.0,0.0,1.0031371624012266,1.0031371624012266,0.300941148720368,2430
special| 2026| janmashtami| badhai| geet| krishan,,,,,,,,,,1.0,257681.0,257681.0,1265.0,81.0,2026-09-03,0.005223512792949422,0,0,1,1,0,0,0,0.0,0.0,1.0052235127929494,1.0052235127929494,0.3015670538378848,2067
special| ganesh| aarti| lyrical| chaturthi,,,,,,,,,,1.0,72515.0,72515.0,419.0,15.0,2026-09-14,0.005984968627180584,0,0,1,1,0,0,0,0.0,0.0,1.0059849686271807,1.0059849686271807,0.3017954905881542,1979
special| main| bhanu| baba| dhing| jaoungi,,,,,,,,,,1.0,172479.0,172479.0,1304.0,69.0,2026-09-17,0.007960389380736205,0,0,1,1,0,0,0,0.0,0.0,1.0079603893807363,1.0079603893807363,0.3023881168142209,1801
special| nonstop| ganesh| bhajan| chaturthi,,,,,,,,,,2.0,524806.5,1049613.0,1930.5,92.5,2026-09-13,0.0038547540855534373,0,0,1,1,0,0,0,0.0,0.0,2.0038547540855536,2.0038547540855536,0.601156426225666,144
special| nonstop| radha| rani| bhajan| ashtami,,,,,,,,,,1.0,383735.0,383735.0,1706.0,96.0,2026-09-18,0.004695949027323543,0,0,1,1,0,0,0,0.0,0.0,1.0046959490273235,1.0046959490273235,0.30140878470819704,2151
special| radha| rani| nonstop| bhajan| chitra| vichitra| maharaj,,,,,,,,,,1.0,160905.0,160905.0,1633.0,47.0,2026-09-17,0.010440943413815606,0,0,1,1,0,0,0,0.0,0.0,1.0104409434138155,1.0104409434138155,0.30313228302414463,1592
special| vishwakarma| aarti,,,,,,,,,,1.0,123840.0,123840.0,504.0,38.0,2026-09-17,0.0043766149870801034,0,0,1,1,0,0,0,0.0,0.0,1.00437661498708,1.00437661498708,0.30131298449612404,2214
speedrunner| hunters| manhunt| smp| minecraft,,,,,,,,,,1.0,786571.0,786571.0,32884.0,1715.0,2026-09-21,0.04398712894322318,0,0,1,1,0,0,1,0.0,0.0,1.0439871289432232,1.0439871289432232,0.313196138682967,451
spending| 958| 458| 559| catch| biggest| fish| roblox,,,,,,,,,,1.0,218911.0,218911.0,2055.0,150.0,2026-09-30,0.010072586576279859,0,0,1,1,0,0,0,0.0,0.0,1.0100725865762799,1.0100725865762799,0.30302177597288393,1624
spending| 9827891| robux| became| billionair| roblox,,,,,,,,,,1.0,287649.0,287649.0,9803.0,513.0,2026-09-11,0.035863152661750955,0,0,1,1,0,0,1,0.0,0.0,1.035863152661751,1.035863152661751,0.3107589457985253,604
spend| unlimited| robux| sabertooth| egg| steal| roblox,,,,,,,,,,1.0,831751.0,831751.0,30479.0,1919.0,2026-09-30,0.038951561224452994,0,0,1,1,0,0,1,0.0,0.0,1.038951561224453,1.038951561224453,0.3116854683673359,530
spent| 986| 786| rarest| stone| roblox| skipping,,,,,,,,,,1.0,213961.0,213961.0,2224.0,129.0,2026-10-06,0.010997331289347123,0,0,1,1,0,0,1,0.0,0.0,1.0109973312893472,1.0109973312893472,0.30329919938680416,1551
spent| infinite| robux| get| divine| pet| steal| egg,,,,,,,,,,1.0,515325.0,515325.0,9336.0,7527.0,2026-09-28,0.03272303885897249,0,0,1,1,0,0,1,0.0,0.0,1.0327230388589725,1.0327230388589725,0.30981691165769176,688
spent| infinite| robux| get| luminous| monster| egg| roblox,,,,,,,,,,1.0,436607.0,436607.0,7338.0,6156.0,2026-09-14,0.03090651318004521,0,0,1,1,0,0,1,0.0,0.0,1.0309065131800452,1.0309065131800452,0.3092719539540136,737
spiderman| victor| wmax| live| bgmi| wmaxgaming6,,,,,,,,,,1.0,163552.0,163552.0,4828.0,9.0,2026-09-06,0.02957469184112698,0,0,1,1,0,0,1,0.0,0.0,1.029574691841127,1.029574691841127,0.3088724075523381,764
spider| man| rescue| batman| iron| venom| funny| game,,,,,,,,,,25.0,1377028.76,34425719.0,80798.8,4440.8,2026-10-06,0.0619011036486994,0,0,1,1,0,0,1,0.0,0.0,25.0619011036487,25.0619011036487,7.51857033109461,5
split |  verdict |  cecappointment,1.0,1.0,72.0,113.0,2026-10-02 02:18:20,148.40293117111113,,,,,,,,,,,1,0,0,1,0,0,0,0.6111111111111112,0.0,0.0,0.6111111111111112,0.18333333333333335,2798
sree| krishna| songs| malayalam| hindu| devotional,,,,,,,,,,1.0,73047.0,73047.0,449.0,51.0,2026-10-06,0.006844908072884581,0,0,1,1,0,0,0,0.0,0.0,1.0068449080728845,1.0068449080728845,0.30205347242186537,1884
srilatha| lyrical| idupu| kayitham| priyadarshi| naga| durga| suresh,,,,,,,,,,1.0,2775264.0,2775264.0,12598.0,439.0,2026-09-11,0.004697571113955285,0,0,1,1,0,0,0,0.0,0.0,1.0046975711139552,1.0046975711139552,0.30140927133418655,2149
srit india ipo gmp,,,,,,,100.0,1.0,1.0,,,,,,,,0,1,0,1,0,1,0,0.0,1.5,0.0,1.5,0.6000000000000001,174
sri| astalakshmi,,,,,,,,,,1.0,28685.0,28685.0,185.0,6.0,2026-10-01,0.006658532333972459,0,0,1,1,0,0,0,0.0,0.0,1.0066585323339725,1.0066585323339725,0.30199755970019176,1902
sri| durgamma| bhakti| patalu| durga| devi| telugu| folk,,,,,,,,,,1.0,12577.0,12577.0,151.0,1.0,2026-09-10,0.012085552993559673,0,0,1,1,0,0,1,0.0,0.0,1.0120855529935597,1.0120855529935597,0.3036256658980679,1464
sri| ganesh| devotional| songs| sankashti| chaturthi| 2026,,,,,,,,,,1.0,29360.0,29360.0,81.0,3.0,2026-09-28,0.0028610354223433244,0,0,1,1,0,0,0,0.0,0.0,1.0028610354223433,1.0028610354223433,0.300858310626703,2491
sri| ganesh| sahasranama| namita| agrawal| mamata| sahoo| special,,,,,,,,,,1.0,137655.0,137655.0,1388.0,62.0,2026-09-13,0.010533580327630672,0,0,1,1,0,0,0,0.0,0.0,1.0105335803276307,1.0105335803276307,0.3031600740982892,1585
sri| gowri| bhakthigeethegalu| devotional| audio| jukebox| habba| special,,,,,,,,,,1.0,6123.0,6123.0,114.0,3.0,2026-09-13,0.01910828025477707,0,0,1,1,0,0,1,0.0,0.0,1.019108280254777,1.019108280254777,0.3057324840764331,1128
sri| hanuman| manasasmarami,,,,,,,,,,1.0,8308.0,8308.0,114.0,3.0,2026-09-28,0.014082811747713048,0,0,1,1,0,0,1,0.0,0.0,1.014082811747713,1.014082811747713,0.3042248435243139,1349
sri| lakshmi,,,,,,,,,,1.0,13296.0,13296.0,218.0,7.0,2026-09-10,0.016922382671480145,0,0,1,1,0,0,1,0.0,0.0,1.0169223826714802,1.0169223826714802,0.30507671480144405,1214
sri| lakshmi| narasimha| swamy,,,,,,,,,,1.0,7957.0,7957.0,99.0,9.0,2026-09-26,0.01357295463114239,0,0,1,1,0,0,1,0.0,0.0,1.0135729546311425,1.0135729546311425,0.30407188638934274,1379
sri| surya| bhagavan| songs| adithya| hrudayam| bhakti,,,,,,,,,,1.0,7040.0,7040.0,65.0,1.0,2026-09-12,0.009375,0,0,1,1,0,0,0,0.0,0.0,1.009375,1.009375,0.3028125,1691
sri| swarnagowri| vratha| ganapathi| shatrigalu| ganesh,,,,,,,,,,1.0,24739.0,24739.0,257.0,3.0,2026-09-12,0.010509721492380452,0,0,1,1,0,0,0,0.0,0.0,1.0105097214923804,1.0105097214923804,0.3031529164477141,1587
sri| venkateshwara| songs| govinda| namalu| tirumala| balaji| devotional,,,,,,,,,,1.0,15698.0,15698.0,67.0,5.0,2026-09-19,0.004586571537775513,0,0,1,1,0,0,0,0.0,0.0,1.0045865715377755,1.0045865715377755,0.30137597146133266,2164
sruthilaya,,,,,,,,,,1.0,18138.0,18138.0,115.0,0.0,2026-09-09,0.006340280074980703,0,0,1,1,0,0,0,0.0,0.0,1.0063402800749808,1.0063402800749808,0.30190208402249424,1936
stabbed |  indian |  quick,1.0,1.0,75.0,72.0,2026-10-01 05:50:14,168.87126450444447,,,,,,,,,,,1,0,0,1,0,0,0,0.6111111111111112,0.0,0.0,0.6111111111111112,0.18333333333333335,2798
starlink |  built |  india,1.0,1.0,82.0,149.0,2026-10-07 10:24:49,20.294875615555554,,,,,,,,,,,1,0,0,1,1,0,0,0.6111111111111112,0.0,0.0,0.6111111111111112,0.18333333333333335,2798
starlink |  oligarchs |  entry,1.0,1.0,60.0,480.0,2026-10-07 23:23:36,7.3151533933333335,,,,,,,,,,,1,0,0,1,1,0,0,0.6111111111111112,0.0,0.0,0.6111111111111112,0.18333333333333335,2798
starlink |  used |  manipur,1.0,1.0,75.0,75.0,2026-10-08 06:32:39,0.16432006000000002,,,,,,,,,,,1,0,0,1,1,0,0,0.6111111111111112,0.0,0.0,0.6111111111111112,0.18333333333333335,2798
started| every| gamepass| steal| egg| roblox,,,,,,,,,,1.0,441905.0,441905.0,9424.0,6381.0,2026-09-18,0.03576560572973829,0,0,1,1,0,0,1,0.0,0.0,1.0357656057297382,1.0357656057297382,0.31072968171892146,607
started| mining| factory| scratch,,,,,,,,,,1.0,888327.0,888327.0,33122.0,1603.0,2026-09-15,0.039090334977997965,0,0,1,1,0,0,1,0.0,0.0,1.039090334977998,1.039090334977998,0.3117271004933994,526
started| over| infinite| robux| steal| egg| roblox,,,,,,,,,,1.0,787554.0,787554.0,11732.0,4097.0,2026-10-05,0.0200989392473405,0,0,1,1,0,0,1,0.0,0.0,1.0200989392473405,1.0200989392473405,0.30602968177420214,1081
started| petrol| pump| business| minecraft,,,,,,,,,,1.0,4027920.0,4027920.0,58924.0,5307.0,2026-09-21,0.01594644382212159,0,0,1,1,0,0,1,0.0,0.0,1.0159464438221215,1.0159464438221215,0.30478393314663643,1264
started| robux| steal| egg| roblox,,,,,,,,,,1.0,306383.0,306383.0,5955.0,1170.0,2026-09-29,0.023255206718388422,0,0,1,1,0,0,1,0.0,0.0,1.0232552067183884,1.0232552067183884,0.30697656201551654,971
started| working| gas| station| there| creatures| hunting,,,,,,,,,,1.0,728385.0,728385.0,27435.0,2160.0,2026-10-07,0.040630984987334993,0,0,1,1,0,0,1,0.0,0.0,1.040630984987335,1.040630984987335,0.3121892954962005,503
starting| over| all| max| out| gamepass| steal| egg,,,,,,,,,,1.0,163302.0,163302.0,2978.0,3081.0,2026-09-30,0.03710303609263818,0,0,1,1,0,0,1,0.0,0.0,1.037103036092638,1.037103036092638,0.31113091082779143,580
state |  bank |  india,1.0,1.0,78.0,78.0,2026-10-01 06:33:17,168.15376450444447,,,,,,,,,,,1,0,0,1,0,0,0,0.6111111111111112,0.0,0.0,0.6111111111111112,0.18333333333333335,2798
stats |  india |  west,1.0,1.0,70.0,70.0,2026-10-05 06:12:26,72.50126450444445,,,,,,,,,,,1,0,0,1,0,0,0,0.6111111111111112,0.0,0.0,0.6111111111111112,0.18333333333333335,2798
stealing| animals| secret| base,,,,,,,,,,1.0,44680.0,44680.0,840.0,57.0,2026-09-21,0.020076096687555955,0,0,1,1,0,0,1,0.0,0.0,1.020076096687556,1.020076096687556,0.30602282900626676,1084
stealing| egg| deadly| monster,,,,,,,,,,1.0,75906.0,75906.0,3032.0,83.0,2026-09-17,0.04103759913577319,0,0,1,1,0,0,1,0.0,0.0,1.0410375991357732,1.0410375991357732,0.312311279740732,495
stealing| newest| egg| steal| roblox,,,,,,,,,,1.0,50757.0,50757.0,561.0,70.0,2026-09-30,0.012431782808282601,0,0,1,1,0,0,1,0.0,0.0,1.0124317828082825,1.0124317828082825,0.3037295348424847,1438
stealing| rarest| angel| egg| roblox,,,,,,,,,,1.0,68960.0,68960.0,629.0,58.0,2026-09-16,0.0099622969837587,0,0,1,1,0,0,0,0.0,0.0,1.0099622969837587,1.0099622969837587,0.3029886890951276,1631
stealing| rarest| eggs| steal| egg| roblox,,,,,,,,,,1.0,554982.0,554982.0,16348.0,1038.0,2026-09-18,0.031327142141546936,0,0,1,1,0,0,1,0.0,0.0,1.0313271421415469,1.0313271421415469,0.30939814264246407,729
stealing| rare| devil| egg| doorbin| angel| roblox,,,,,,,,,,1.0,307500.0,307500.0,3088.0,255.0,2026-09-14,0.010871544715447155,0,0,1,1,0,0,1,0.0,0.0,1.010871544715447,1.010871544715447,0.3032614634146341,1559
stealing| sammy| eggs| update| steal| egg| roblox,,,,,,,,,,1.0,229056.0,229056.0,2572.0,170.0,2026-09-20,0.011970871751886002,0,0,1,1,0,0,1,0.0,0.0,1.011970871751886,1.011970871751886,0.3035912615255658,1470
steal| anime| egg| roblox,,,,,,,,,,1.0,430959.0,430959.0,4376.0,296.0,2026-09-16,0.010840938465144017,0,0,1,1,0,0,1,0.0,0.0,1.010840938465144,1.010840938465144,0.3032522815395432,1561
steal| egg| banned| roblox,,,,,,,,,,1.0,310712.0,310712.0,4946.0,3298.0,2026-10-01,0.026532608975514304,0,0,1,1,0,0,1,0.0,0.0,1.0265326089755142,1.0265326089755142,0.3079597826926543,853
steal| egg| roblox,,,,,,,,,,1.0,279524.0,279524.0,0.0,287.0,2026-10-01,0.0010267454672944006,0,0,1,1,0,0,0,0.0,0.0,1.0010267454672943,1.0010267454672943,0.30030802364018827,2696
steal| egg| update| crazy,,,,,,,,,,1.0,60081.0,60081.0,2747.0,172.0,2026-09-22,0.04858441104508913,0,0,1,1,0,0,1,0.0,0.0,1.048584411045089,1.048584411045089,0.3145753233135267,401
steal| egg| update| went| wrong,,,,,,,,,,1.0,62099.0,62099.0,3551.0,207.0,2026-09-30,0.06051627240374241,0,0,1,1,0,0,1,0.0,0.0,1.0605162724037425,1.0605162724037425,0.3181548817211227,320
sterlite technologies share price,,,,,,,100.0,1.0,1.0,,,,,,,,0,1,0,1,0,1,0,0.0,1.5,0.0,1.5,0.6000000000000001,174
stock |  indian |  economy,1.0,1.0,72.0,85.0,2026-10-05 03:22:54,75.32682005999999,,,,,,,,,,,1,0,0,1,0,0,0,0.6111111111111112,0.0,0.0,0.6111111111111112,0.18333333333333335,2798
stock |  market |  open,1.0,1.0,69.0,68.0,2026-10-02 03:07:28,147.58404228222224,,,,,,,,,,,1,0,0,1,0,0,0,0.6111111111111112,0.0,0.0,0.6111111111111112,0.18333333333333335,2798
stock |  market |  stocks,1.0,1.0,66.0,59.0,2026-10-06 02:59:36,51.71515339333334,,,,,,,,,,,1,0,0,1,0,0,0,0.6111111111111112,0.0,0.0,0.6111111111111112,0.18333333333333335,2798
stocks |  sell |  which,1.0,1.0,53.0,209.0,2026-10-06 03:12:00,51.50848672666667,,,,,,,,,,,1,0,0,1,0,0,0,0.6111111111111112,0.0,0.0,0.6111111111111112,0.18333333333333335,2798
stocks |  stock |  recommendations,1.0,1.0,62.0,241.0,2026-10-07 02:28:56,28.226264504444444,,,,,,,,,,,1,0,0,1,0,0,0,0.6111111111111112,0.0,0.0,0.6111111111111112,0.18333333333333335,2798
stole| angel| demon| eggs| newest| steal| egg| update,,,,,,,,,,1.0,532615.0,532615.0,14384.0,3800.0,2026-09-13,0.03414098363733654,0,0,1,1,0,0,1,0.0,0.0,1.0341409836373365,1.0341409836373365,0.31024229509120094,650
stole| enchanted| eggs| biome| steal| egg| roblox,,,,,,,,,,2.0,464255.0,928510.0,12345.0,767.0,2026-10-04,0.028243099158867434,0,0,1,1,0,0,1,0.0,0.0,2.0282430991588676,2.0282430991588676,0.6084729297476602,97
stole| enchanted| forest| eggs| newest| update| steal| egg,,,,,,,,,,1.0,250126.0,250126.0,3724.0,2485.0,2026-10-04,0.024823488961563372,0,0,1,1,0,0,1,0.0,0.0,1.0248234889615633,1.0248234889615633,0.30744704668846895,904
stole| experiment| eggs| steal| egg| roblox,,,,,,,,,,1.0,453730.0,453730.0,12963.0,1495.0,2026-09-27,0.03186476538910806,0,0,1,1,0,0,1,0.0,0.0,1.031864765389108,1.031864765389108,0.3095594296167324,712
stole| extinction| eggs| steal| egg| roblox,,,,,,,,,,1.0,714679.0,714679.0,24968.0,1360.0,2026-09-29,0.036838916492579185,0,0,1,1,0,0,1,0.0,0.0,1.036838916492579,1.036838916492579,0.3110516749477737,587
stole| newest| enchanted| forest| eggs| steal| egg| update,,,,,,,,,,1.0,483261.0,483261.0,12537.0,1978.0,2026-10-04,0.030035529455097763,0,0,1,1,0,0,1,0.0,0.0,1.0300355294550978,1.0300355294550978,0.30901065883652934,749
stole| newest| enchanted| forest| egg| steal| update,,,,,,,,,,1.0,694085.0,694085.0,10130.0,6730.0,2026-10-04,0.02429097300762875,0,0,1,1,0,0,1,0.0,0.0,1.0242909730076288,1.0242909730076288,0.30728729190228865,923
stole| newest| scramble| eggs| steal| egg| roblox| update,,,,,,,,,,1.0,506402.0,506402.0,11075.0,1763.0,2026-09-27,0.025351400665874147,0,0,1,1,0,0,1,0.0,0.0,1.0253514006658742,1.0253514006658742,0.3076054201997622,886
stole| rarest| egg| roblox| steal| game,,,,,,,,,,1.0,2361981.0,2361981.0,80929.0,4412.0,2026-09-17,0.0361311119776154,0,0,1,1,0,0,1,0.0,0.0,1.0361311119776153,1.0361311119776153,0.3108393335932846,598
stole| rarest| light| darkness| eternal| eggs| roblox| steal,,,,,,,,,,1.0,549621.0,549621.0,9329.0,3076.0,2026-09-13,0.0225700983041041,0,0,1,1,0,0,1,0.0,0.0,1.0225700983041042,1.0225700983041042,0.30677102949123125,992
stole| rarest| rift| egg| steal| roblox,,,,,,,,,,1.0,517512.0,517512.0,9413.0,6866.0,2026-09-06,0.0314562754100388,0,0,1,1,0,0,1,0.0,0.0,1.0314562754100387,1.0314562754100387,0.3094368826230116,723
stole| rarest| scramble| eggs| steal| egg| update,,,,,,,,,,1.0,657389.0,657389.0,9245.0,9087.0,2026-09-27,0.027886076584792262,0,0,1,1,0,0,1,0.0,0.0,1.0278860765847924,1.0278860765847924,0.3083658229754377,820
stole| rift| eggs| newest| steal| egg| roblox| update,,,,,,,,,,1.0,477532.0,477532.0,14210.0,4747.0,2026-09-06,0.039697863179849725,0,0,1,1,0,0,1,0.0,0.0,1.0396978631798497,1.0396978631798497,0.3119093589539549,518
stole| scramble| eggs| newest| update| steal| egg| roblox,,,,,,,,,,1.0,655447.0,655447.0,13273.0,2767.0,2026-09-20,0.024471848982450143,0,0,1,1,0,0,1,0.0,0.0,1.0244718489824503,1.0244718489824503,0.30734155469473506,915
stole| scramble| egg| sammy| steal| roblox,,,,,,,,,,1.0,562035.0,562035.0,8290.0,1527.0,2026-09-20,0.01746688373499871,0,0,1,1,0,0,1,0.0,0.0,1.0174668837349987,1.0174668837349987,0.3052400651204996,1189
stole| tikawar| egg| steal| chicken| roblox,,,,,,,,,,1.0,80429.0,80429.0,3085.0,240.0,2026-09-10,0.04134080990687439,0,0,1,1,0,0,1,0.0,0.0,1.0413408099068744,1.0413408099068744,0.3124022429720623,487
stop,,,,,,,,,,1.0,63474.0,63474.0,224.0,6.0,2026-09-28,0.0036235308945394965,0,0,1,1,0,0,0,0.0,0.0,1.0036235308945396,1.0036235308945396,0.3010870592683619,2342
stop |  daily |  drama,1.0,1.0,76.0,126.0,2026-10-06 19:07:51,35.577653393333335,,,,,,,,,,,1,0,0,1,0,0,0,0.6111111111111112,0.0,0.0,0.6111111111111112,0.18333333333333335,2798
strasbourg vs monaco,,,,,,,100.0,1.0,1.0,,,,,,,,0,1,0,1,0,1,0,0.0,1.5,0.0,1.5,0.6000000000000001,174
strategic |  indian |  ocean,1.0,1.0,48.0,154.0,2026-10-05 04:34:18,74.13682005999999,,,,,,,,,,,1,0,0,1,0,0,0,0.6111111111111112,0.0,0.0,0.6111111111111112,0.18333333333333335,2798
streak| completed| yeee| 400k,,,,,,,,,,1.0,622220.0,622220.0,3068.0,9.0,2026-10-01,0.004945196232843689,0,0,1,1,0,0,0,0.0,0.0,1.0049451962328437,1.0049451962328437,0.3014835588698531,2112
streaming| bootcamp| top| kab| hoga| bgmi| live,,,,,,,,,,1.0,818596.0,818596.0,27828.0,76.0,2026-09-23,0.03408763297157572,0,0,1,1,0,0,1,0.0,0.0,1.0340876329715758,1.0340876329715758,0.3102262898914727,651
strikes |  heart |  constitution,1.0,1.0,89.0,89.0,2026-10-05 06:12:26,72.50126450444445,,,,,,,,,,,1,0,0,1,0,0,0,0.6111111111111112,0.0,0.0,0.6111111111111112,0.18333333333333335,2798
stripped |  year |  finance,1.0,1.0,74.0,364.0,2026-10-03 18:51:06,107.85682005999999,,,,,,,,,,,1,0,0,1,0,0,0,0.6111111111111112,0.0,0.0,0.6111111111111112,0.18333333333333335,2798
stuck| haunted| swimming| pool| anomalies,,,,,,,,,,1.0,94172.0,94172.0,2656.0,323.0,2026-10-03,0.03163360659219301,0,0,1,1,0,0,1,0.0,0.0,1.031633606592193,1.031633606592193,0.30949008197765787,719
students |  drown |  diveagar,1.0,1.0,92.0,83.0,2026-10-01 14:17:53,160.41043117111113,,,,,,,,,,,1,0,0,1,0,0,0,0.6111111111111112,0.0,0.0,0.6111111111111112,0.18333333333333335,2798
students |  tribal |  protesting,1.0,1.0,74.0,110.0,2026-10-06 09:31:19,45.18654228222223,,,,,,,,,,,1,0,0,1,0,0,0,0.6111111111111112,0.0,0.0,0.6111111111111112,0.18333333333333335,2798
subah| prarthana,,,,,,,,,,1.0,24853.0,24853.0,163.0,6.0,2026-09-21,0.0067999839053635375,0,0,1,1,0,0,0,0.0,0.0,1.0067999839053636,1.0067999839053636,0.30203999517160907,1891
sudip| sarkar| vegeta| 100m| youtubers| garenafreefire,,,,,,,,,,1.0,171860.0,171860.0,11432.0,731.0,2026-09-14,0.07077272198300942,0,0,1,1,0,0,1,0.0,0.0,1.0707727219830094,1.0707727219830094,0.3212318165949028,297
sugandha| sanjana| pandey| bhojpuri| movie| 2026,,,,,,,,,,1.0,966677.0,966677.0,5217.0,72.0,2026-09-26,0.005471320823811883,0,0,1,1,0,0,0,0.0,0.0,1.005471320823812,1.005471320823812,0.3016413962471436,2036
sugar |  dealers |  more,1.0,1.0,66.0,134.0,2026-10-02 02:16:30,148.43348672666667,,,,,,,,,,,1,0,0,1,0,0,0,0.6111111111111112,0.0,0.0,0.6111111111111112,0.18333333333333335,2798
sukhiya| dukhiya| kahani| meera| shivani| jitiya| story| 2026,,,,,,,,,,1.0,159664.0,159664.0,708.0,11.0,2026-09-29,0.004503206734141697,0,0,1,1,0,0,0,0.0,0.0,1.0045032067341417,1.0045032067341417,0.30135096202024253,2186
sumo |  women |  japan,1.0,1.0,78.0,406.0,2026-10-06 03:01:00,51.691820060000005,,,,,,,,,,,1,0,0,1,0,0,0,0.6111111111111112,0.0,0.0,0.6111111111111112,0.18333333333333335,2798
sundarkand,,,,,,,,,,8.0,19966.25,159730.0,236.5,14.375,2026-10-05,0.012564953358792963,0,0,1,1,0,0,1,0.0,0.0,8.012564953358792,8.012564953358792,2.4037694860076377,27
sundarkand| path,,,,,,,,,,1.0,11605.0,11605.0,161.0,12.0,2026-10-06,0.014907367514002585,0,0,1,1,0,0,1,0.0,0.0,1.0149073675140026,1.0149073675140026,0.30447221025420074,1307
sunderkand,,,,,,,,,,4.0,35062.75,140251.0,379.0,34.25,2026-09-21,0.011786012220946732,0,0,1,1,0,0,1,0.0,0.0,4.011786012220947,4.011786012220947,1.203535803666284,59
superbikes| finally| here| big| update| car| sale| simulator,,,,,,,,,,1.0,35782.0,35782.0,2390.0,255.0,2026-09-10,0.0739198479682522,0,0,1,1,0,0,1,0.0,0.0,1.0739198479682521,1.0739198479682521,0.32217595439047564,289
super| badge| wala| challenge,,,,,,,,,,1.0,1089621.0,1089621.0,25350.0,2642.0,2026-09-29,0.025689666406943333,0,0,1,1,0,0,1,0.0,0.0,1.0256896664069433,1.0256896664069433,0.30770689992208294,880
super| hit| telugu| folk| songs| jukebox| vol| singer,,,,,,,,,,1.0,26566.0,26566.0,165.0,3.0,2026-09-08,0.006323872619137243,0,0,1,1,0,0,0,0.0,0.0,1.0063238726191372,1.0063238726191372,0.30189716178574116,1937
supporter |  waits |  days,1.0,1.0,49.0,48.0,2026-10-07 05:38:48,25.06182006,,,,,,,,,,,1,0,0,1,0,0,0,0.6111111111111112,0.0,0.0,0.6111111111111112,0.18333333333333335,2798
supreme |  court |  centre,1.0,1.0,101.0,139.0,2026-10-05 07:46:10,70.93904228222223,,,,,,,,,,,1,0,0,1,0,0,0,0.6111111111111112,0.0,0.0,0.6111111111111112,0.18333333333333335,2798
supreme |  court |  justices,1.0,1.0,95.0,130.0,2026-10-05 12:02:09,66.67265339333333,,,,,,,,,,,1,0,0,1,0,0,0,0.6111111111111112,0.0,0.0,0.6111111111111112,0.18333333333333335,2798
supreme |  court |  mother,1.0,1.0,88.0,126.0,2026-10-03 07:59:27,118.71765339333332,,,,,,,,,,,1,0,0,1,0,0,0,0.6111111111111112,0.0,0.0,0.6111111111111112,0.18333333333333335,2798
supreme |  court |  rules,1.0,1.0,83.0,134.0,2026-09-30 09:32:42,189.1634867266667,,,,,,,,,,,1,0,0,1,0,0,0,0.6111111111111112,0.0,0.0,0.6111111111111112,0.18333333333333335,2798
supreme |  court |  soon,1.0,1.0,109.0,156.0,2026-10-07 12:27:41,18.247097837777776,,,,,,,,,,,1,0,0,1,1,0,0,0.6111111111111112,0.0,0.0,0.6111111111111112,0.18333333333333335,2798
supreme |  margin |  query,1.0,1.0,57.0,55.0,2026-10-01 11:32:51,163.16098672666666,,,,,,,,,,,1,0,0,1,0,0,0,0.6111111111111112,0.0,0.0,0.6111111111111112,0.18333333333333335,2798
surat |  airport |  staffer,1.0,1.0,75.0,75.0,2026-10-04 04:57:21,97.75265339333333,,,,,,,,,,,1,0,0,1,0,0,0,0.6111111111111112,0.0,0.0,0.6111111111111112,0.18333333333333335,2798
survived| 100| days| one| block,,,,,,,,,,1.0,35300641.0,35300641.0,439595.0,11837.0,2026-09-12,0.012788209709846345,0,0,1,1,0,0,1,0.0,0.0,1.0127882097098464,1.0127882097098464,0.3038364629129539,1417
survived| lighthouse| monster| minecraft,,,,,,,,,,1.0,216494.0,216494.0,3977.0,114.0,2026-09-17,0.018896597596238233,0,0,1,1,0,0,1,0.0,0.0,1.0188965975962383,1.0188965975962383,0.3056689792788715,1137
survived| trampoline| house| 100| nextbots| minecraft| gameplay| coffine,,,,,,,,,,1.0,86921.0,86921.0,0.0,1.0,2026-10-05,1.1504699669815119e-05,0,0,1,1,0,0,0,0.0,0.0,1.0000115046996698,1.0000115046996698,0.3000034514099009,2786
surviving| against| all| country| road| creatures| minecraft| coffin,,,,,,,,,,1.0,208715.0,208715.0,0.0,6.0,2026-09-22,2.8747334882495267e-05,0,0,1,1,0,0,0,0.0,0.0,1.0000287473348826,1.0000287473348826,0.30000862420046476,2778
surviving| against| country| road| creature| arrival| minecraft| coffin,,,,,,,,,,1.0,200837.0,200837.0,0.0,17.0,2026-09-12,8.464575750484223e-05,0,0,1,1,0,0,0,0.0,0.0,1.0000846457575048,1.0000846457575048,0.3000253937272514,2757
surviving| against| country| road| creature| big| charlie| minecraft,,,,,,,,,,1.0,167559.0,167559.0,0.0,11.0,2026-09-14,6.564851783550869e-05,0,0,1,1,0,0,0,0.0,0.0,1.0000656485178354,1.0000656485178354,0.3000196945553506,2763
surviving| against| infected| sky| big| charlie| road| creature,,,,,,,,,,1.0,278176.0,278176.0,0.0,4.0,2026-09-18,1.4379385712642357e-05,0,0,1,1,0,0,0,0.0,0.0,1.0000143793857126,1.0000143793857126,0.30000431381571374,2783
surviving| against| jackie| mimic| arrival| minecraft| coffin| meme,,,,,,,,,,1.0,137132.0,137132.0,0.0,7.0,2026-09-24,5.104570778519966e-05,0,0,1,1,0,0,0,0.0,0.0,1.0000510457077851,1.0000510457077851,0.30001531371233553,2770
surviving| against| scp| 096| country| road| creature| minecraft,,,,,,,,,,1.0,147346.0,147346.0,0.0,2.0,2026-09-26,1.3573493681538692e-05,0,0,1,1,0,0,0,0.0,0.0,1.0000135734936815,1.0000135734936815,0.3000040720481044,2784
surviving| against| scp| 173| big| charlie| minecraft| coffin,,,,,,,,,,1.0,341580.0,341580.0,0.0,24.0,2026-10-04,7.026172492534692e-05,0,0,1,1,0,0,0,0.0,0.0,1.0000702617249253,1.0000702617249253,0.30002107851747756,2761
surviving| against| shin| scp| 173| arrival| minecraft| coffin,,,,,,,,,,1.0,233710.0,233710.0,0.0,8.0,2026-10-02,3.423045654871422e-05,0,0,1,1,0,0,0,0.0,0.0,1.0000342304565488,1.0000342304565488,0.30001026913696466,2775
surviving| against| wendigo| bird| watcher| sea| eater| minecraft,,,,,,,,,,1.0,326254.0,326254.0,0.0,35.0,2026-09-06,0.0001072783781961294,0,0,1,1,0,0,0,0.0,0.0,1.0001072783781961,1.0001072783781961,0.30003218351345884,2749
surviving| days| deadly| desert| roblox,,,,,,,,,,1.0,291459.0,291459.0,2913.0,106.0,2026-09-21,0.010358232204186524,0,0,1,1,0,0,0,0.0,0.0,1.0103582322041866,1.0103582322041866,0.30310746966125596,1596
surviving| haunted| ship| minecraft,,,,,,,,,,1.0,175360.0,175360.0,2701.0,138.0,2026-09-24,0.016189552919708028,0,0,1,1,0,0,1,0.0,0.0,1.016189552919708,1.016189552919708,0.3048568658759124,1250
surviving| jungle| tarzan| minecraft,,,,,,,,,,1.0,1159469.0,1159469.0,12908.0,473.0,2026-09-17,0.01154062764938088,0,0,1,1,0,0,1,0.0,0.0,1.0115406276493808,1.0115406276493808,0.30346218829481425,1507
surviving| superhero| chunk| minecraft,,,,,,,,,,1.0,130891.0,130891.0,2456.0,182.0,2026-09-21,0.020154174083779633,0,0,1,1,0,0,1,0.0,0.0,1.0201541740837796,1.0201541740837796,0.3060462522251339,1078
susmita| paswan| karma| puja,,,,,,,,,,1.0,278705.0,278705.0,942.0,15.0,2026-09-19,0.0034337381819486553,0,0,1,1,0,0,0,0.0,0.0,1.0034337381819487,1.0034337381819487,0.3010301214545846,2372
suspected |  siberia |  plague,1.0,1.0,66.0,66.0,2026-10-05 11:08:50,67.56126450444445,,,,,,,,,,,1,0,0,1,0,0,0,0.6111111111111112,0.0,0.0,0.6111111111111112,0.18333333333333335,2798
suspended |  crpf |  reinstated,1.0,1.0,80.0,130.0,2026-10-06 01:26:11,53.27209783777778,,,,,,,,,,,1,0,0,1,0,0,0,0.6111111111111112,0.0,0.0,0.6111111111111112,0.18333333333333335,2798
suvendu |  adhikari |  nandigram,1.0,1.0,87.0,130.0,2026-10-03 05:15:44,121.44626450444444,,,,,,,,,,,1,0,0,1,0,0,0,0.6111111111111112,0.0,0.0,0.6111111111111112,0.18333333333333335,2798
swaminarayan| kirtan| jal| jilani| ekadashi| special| ekadashispecial,,,,,,,,,,1.0,6506.0,6506.0,77.0,0.0,2026-09-22,0.011835229019366738,0,0,1,1,0,0,1,0.0,0.0,1.0118352290193668,1.0118352290193668,0.30355056870581004,1482
swapna suresh,,,,,,,100.0,1.0,1.0,,,,,,,,0,1,0,1,0,1,0,0.0,1.5,0.0,1.5,0.6000000000000001,174
swapped| weopons| rivals| ranked| roblox,,,,,,,,,,1.0,317682.0,317682.0,5525.0,5552.0,2026-09-14,0.0348682015348682,0,0,1,1,0,0,1,0.0,0.0,1.0348682015348682,1.0348682015348682,0.31046046046046044,632
swarthada| jagadali| alakh| female| version,,,,,,,,,,1.0,32964.0,32964.0,788.0,0.0,2026-09-20,0.023904865914330786,0,0,1,1,0,0,1,0.0,0.0,1.0239048659143308,1.0239048659143308,0.3071714597742992,944
sydney sweeney,,,,,,,100.0,1.0,1.0,,,,,,,,0,1,0,1,0,1,0,0.0,1.5,0.0,1.5,0.6000000000000001,174
syed |  naseer |  hussain,1.0,1.0,67.0,67.0,2026-10-06 18:16:14,36.43793117111112,,,,,,,,,,,1,0,0,1,0,0,0,0.6111111111111112,0.0,0.0,0.6111111111111112,0.18333333333333335,2798
symbol |  spain |  housing,1.0,1.0,78.0,410.0,2026-10-08 00:10:22,6.535708948888889,,,,,,,,,,,1,0,0,1,1,0,0,0.6111111111111112,0.0,0.0,0.6111111111111112,0.18333333333333335,2798
syria |  saudi |  arabia,1.0,1.0,63.0,417.0,2026-10-08 04:03:49,2.6448756155555557,,,,,,,,,,,1,0,0,1,1,0,0,0.6111111111111112,0.0,0.0,0.6111111111111112,0.18333333333333335,2798
syrian |  mother |  know,1.0,1.0,72.0,72.0,2026-10-03 05:13:04,121.49070894888888,,,,,,,,,,,1,0,0,1,0,0,0,0.6111111111111112,0.0,0.0,0.6111111111111112,0.18333333333333335,2798
tabu,,,,,,,53.0,1.0,0.53,,,,,,,,0,1,0,1,0,0,0,0.0,1.03,0.0,1.03,0.41200000000000003,213
tag| shoot| done| solo| kills| today| bgmi| live,,,,,,,,,,1.0,714571.0,714571.0,23002.0,26.0,2026-09-12,0.032226328804275575,0,0,1,1,0,0,1,0.0,0.0,1.0322263288042757,1.0322263288042757,0.3096678986412827,699
tainu| khabar| nahi,,,,,,,,,,1.0,89867.0,89867.0,315.0,1.0,2026-08-31,0.0035163074320940946,0,0,1,1,0,0,0,0.0,0.0,1.003516307432094,1.003516307432094,0.3010548922296282,2359
taiwan index,,,,,,,100.0,2.0,1.0,,,,,,,,0,1,0,1,0,1,0,0.0,2.0,0.0,2.0,0.8,86
taiwan |  sees |  chinese,1.0,1.0,71.0,50.0,2026-10-01 05:41:25,169.0182089488889,,,,,,,,,,,1,0,0,1,0,0,0,0.6111111111111112,0.0,0.0,0.6111111111111112,0.18333333333333335,2798
taklu| big| mistake| destroys| shinchan| car| granny| kidnaps,,,,,,,,,,1.0,92382.0,92382.0,488.0,13.0,2026-09-13,0.0054231343768266545,0,0,1,1,0,0,0,0.0,0.0,1.0054231343768267,1.0054231343768267,0.301626940313048,2044
taklu| first| ever| train| journey| village| celebrating| ganesh,,,,,,,,,,1.0,113071.0,113071.0,683.0,11.0,2026-09-15,0.006137736466467971,0,0,1,1,0,0,0,0.0,0.0,1.0061377364664679,1.0061377364664679,0.30184132093994037,1962
taklu| khele| shortsfeed| shortslive| babyinyellow| shorts| live| wormateio,,,,,,,,,,4.0,1681165.25,6724661.0,9162.5,1.5,2026-10-01,0.005450981097783219,0,0,1,1,0,0,0,0.0,0.0,4.005450981097783,4.005450981097783,1.201635294329335,62
taklu| kidnapped| gang| jack| shin| chan| nobita| revenge,,,,,,,,,,1.0,150235.0,150235.0,766.0,22.0,2026-09-19,0.005245115984956901,0,0,1,1,0,0,0,0.0,0.0,1.005245115984957,1.005245115984957,0.30157353479548704,2065
tame| aavo| ganpati| maharaj,,,,,,,,,,1.0,23349.0,23349.0,53.0,2.0,2026-09-16,0.0023555612660071095,0,0,1,1,0,0,0,0.0,0.0,1.0023555612660071,1.0023555612660071,0.30070666837980214,2573
tamil |  nadu |  bypolls,1.0,1.0,79.0,79.0,2026-09-30 16:11:09,182.52265339333334,,,,,,,,,,,1,0,0,1,0,0,0,0.6111111111111112,0.0,0.0,0.6111111111111112,0.18333333333333335,2798
tamil |  nadu |  encounter,1.0,1.0,73.0,73.0,2026-10-07 06:28:49,24.228208948888888,,,,,,,,,,,1,0,0,1,0,0,0,0.6111111111111112,0.0,0.0,0.6111111111111112,0.18333333333333335,2798
tamil |  nadu |  teachers,1.0,1.0,81.0,81.0,2026-10-07 05:55:34,24.782375615555555,,,,,,,,,,,1,0,0,1,0,0,0,0.6111111111111112,0.0,0.0,0.6111111111111112,0.18333333333333335,2798
tamil |  nadu |  vijay,1.0,1.0,101.0,139.0,2026-10-04 10:48:34,91.89904228222221,,,,,,,,,,,1,0,0,1,0,0,0,0.6111111111111112,0.0,0.0,0.6111111111111112,0.18333333333333335,2798
tamil| gaming| community| peasa| youtubechoco| pcgaming| fun| gggang,,,,,,,,,,1.0,111326.0,111326.0,4052.0,138.0,2026-09-24,0.03763720963656289,0,0,1,1,0,0,1,0.0,0.0,1.037637209636563,1.037637209636563,0.31129116289096886,568
tamil| love| collections,,,,,,,,,,1.0,399006.0,399006.0,1048.0,28.0,2026-09-21,0.0026967013027373024,0,0,1,1,0,0,0,0.0,0.0,1.0026967013027372,1.0026967013027372,0.30080901039082114,2521
tamil| melody| ilayaraja| hits,,,,,,,,,,1.0,75270.0,75270.0,147.0,1.0,2026-10-06,0.0019662548159957486,0,0,1,1,0,0,0,0.0,0.0,1.0019662548159958,1.0019662548159958,0.30058987644479873,2631
tanya mishra,,,,,,,100.0,1.0,1.0,,,,,,,,0,1,0,1,0,1,0,0.0,1.5,0.0,1.5,0.6000000000000001,174
tarang |  shakti |  watch,1.0,1.0,92.0,148.0,2026-10-03 06:08:40,120.56404228222222,,,,,,,,,,,1,0,0,1,0,0,0,0.6111111111111112,0.0,0.0,0.6111111111111112,0.18333333333333335,2798
tarang |  shakti |  women,1.0,1.0,60.0,271.0,2026-10-06 02:16:30,52.43348672666667,,,,,,,,,,,1,0,0,1,0,0,0,0.6111111111111112,0.0,0.0,0.6111111111111112,0.18333333333333335,2798
tarnishing |  india |  image,1.0,1.0,89.0,89.0,2026-10-01 06:33:17,168.15376450444447,,,,,,,,,,,1,0,0,1,0,0,0,0.6111111111111112,0.0,0.0,0.6111111111111112,0.18333333333333335,2798
tata steel share,,,,,,,100.0,2.0,1.0,,,,,,,,0,1,0,1,0,1,0,0.0,2.0,0.0,2.0,0.8,86
tata |  sons |  chairman,1.0,1.0,256.0,256.0,2026-10-06 06:52:38,47.83126450444445,,,,,,,,,,,1,0,0,1,0,0,0,0.6111111111111112,0.0,0.0,0.6111111111111112,0.18333333333333335,2798
tata |  trusts |  asked,1.0,1.0,71.0,69.0,2026-10-06 06:22:53,48.32709783777778,,,,,,,,,,,1,0,0,1,0,0,0,0.6111111111111112,0.0,0.0,0.6111111111111112,0.18333333333333335,2798
taylor| swift| patient| zero| music,,,,,,,,,,1.0,5773526.0,5773526.0,223014.0,10634.0,2026-09-29,0.04046885733259017,0,0,1,1,0,0,1,0.0,0.0,1.0404688573325902,1.0404688573325902,0.31214065719977707,508
tcs share price,,,,,,,100.0,1.0,1.0,,,,,,,,0,1,0,1,0,1,0,0.0,1.5,0.0,1.5,0.6000000000000001,174
teachers |  world |  india,1.0,1.0,78.0,74.0,2026-10-04 12:22:02,90.34126450444444,,,,,,,,,,,1,0,0,1,0,0,0,0.6111111111111112,0.0,0.0,0.6111111111111112,0.18333333333333335,2798
team |  olympics |  asian,1.0,1.0,116.0,116.0,2026-10-01 06:33:17,168.15376450444447,,,,,,,,,,,1,0,0,1,0,0,0,0.6111111111111112,0.0,0.0,0.6111111111111112,0.18333333333333335,2798
team| india| 46th| fide| chess| olympiad| 2026| round,,,,,,,,,,1.0,499327.0,499327.0,5432.0,109.0,2026-09-16,0.011096936476497366,0,0,1,1,0,0,1,0.0,0.0,1.0110969364764975,1.0110969364764975,0.30332908094294925,1542
teaser| khesari| lal| yadav| srishti| bharti| kangana| sharma,,,,,,,,,,1.0,512870.0,512870.0,45509.0,3910.0,2026-09-12,0.09635775147698247,0,0,1,1,0,0,1,0.0,0.0,1.0963577514769824,1.0963577514769824,0.3289073254430947,249
teaser| power| star| pawan| singh| chandani| bhojpuri| sad,,,,,,,,,,1.0,45007.0,45007.0,7210.0,375.0,2026-09-29,0.16852933988046304,0,0,1,1,0,0,1,0.0,0.0,1.168529339880463,1.168529339880463,0.3505588019641389,228
teddy| hot| air| balloon| escape| granny| mobile| version,,,,,,,,,,1.0,267072.0,267072.0,7952.0,1239.0,2026-09-28,0.034413940809968846,0,0,1,1,0,0,1,0.0,0.0,1.0344139408099688,1.0344139408099688,0.31032418224299063,643
teej| 2026| rakhiha| senurwa| laaj| gana| special,,,,,,,,,,1.0,964505.0,964505.0,2767.0,96.0,2026-09-14,0.0029683620095282037,0,0,1,1,0,0,0,0.0,0.0,1.0029683620095282,1.0029683620095282,0.30089050860285843,2469
teej| parab| monalisa| rani| chatterji| 2026,,,,,,,,,,1.0,73768.0,73768.0,310.0,7.0,2026-09-13,0.004297256262878212,0,0,1,1,0,0,0,0.0,0.0,1.0042972562628782,1.0042972562628782,0.3012891768788635,2230
teej| special| kath| sinhorwa| kajal| raghwani| priyanka| singh,,,,,,,,,,1.0,1350199.0,1350199.0,5981.0,128.0,2026-09-12,0.004524518237682001,0,0,1,1,0,0,0,0.0,0.0,1.004524518237682,1.004524518237682,0.3013573554713046,2179
teej| vrat| aamrapali| dubey| monalisa| neema| radha| jukebox,,,,,,,,,,2.0,103773.5,207547.0,461.0,17.5,2026-09-14,0.0046110037726394505,0,0,1,1,0,0,0,0.0,0.0,2.0046110037726392,2.0046110037726392,0.6013833011317917,132
teej| vrat| special| geet| beauti| gana| hit,,,,,,,,,,1.0,70358.0,70358.0,339.0,14.0,2026-09-09,0.005017197760027289,0,0,1,1,0,0,0,0.0,0.0,1.0050171977600273,1.0050171977600273,0.3015051593280082,2102
telangana |  cyber |  security,1.0,1.0,78.0,168.0,2026-10-07 10:28:39,20.230986726666664,,,,,,,,,,,1,0,0,1,1,0,0,0.6111111111111112,0.0,0.0,0.6111111111111112,0.18333333333333335,2798
telangana |  doctor |  found,1.0,1.0,70.0,102.0,2026-10-05 04:20:47,74.36209783777777,,,,,,,,,,,1,0,0,1,0,0,0,0.6111111111111112,0.0,0.0,0.6111111111111112,0.18333333333333335,2798
telangana |  nursing |  student,1.0,1.0,73.0,94.0,2026-10-02 03:45:33,146.94932006000002,,,,,,,,,,,1,0,0,1,0,0,0,0.6111111111111112,0.0,0.0,0.6111111111111112,0.18333333333333335,2798
telangana |  truck |  crash,1.0,1.0,47.0,385.0,2026-10-04 19:10:59,83.52543117111111,,,,,,,,,,,1,0,0,1,0,0,0,0.6111111111111112,0.0,0.0,0.6111111111111112,0.18333333333333335,2798
temperature,,,,,,,100.0,1.0,1.0,,,,,,,,0,1,0,1,0,1,0,0.0,1.5,0.0,1.5,0.6000000000000001,174
temple |  ascetics |  killed,1.0,1.0,85.0,102.0,2026-10-01 09:22:12,165.33848672666667,,,,,,,,,,,1,0,0,1,0,0,0,0.6111111111111112,0.0,0.0,0.6111111111111112,0.18333333333333335,2798
temple |  priests |  bodies,1.0,1.0,75.0,394.0,2026-10-01 06:14:01,168.47487561555556,,,,,,,,,,,1,0,0,1,0,0,0,0.6111111111111112,0.0,0.0,0.6111111111111112,0.18333333333333335,2798
tennessee |  execution |  woman,1.0,1.0,57.0,85.0,2026-10-01 05:09:47,169.54543117111112,,,,,,,,,,,1,0,0,1,0,0,0,0.6111111111111112,0.0,0.0,0.6111111111111112,0.18333333333333335,2798
tennis |  medal |  asian,1.0,1.0,89.0,385.0,2026-10-04 04:05:04,98.62404228222222,,,,,,,,,,,1,0,0,1,0,0,0,0.6111111111111112,0.0,0.0,0.6111111111111112,0.18333333333333335,2798
tenzing| apple,,,,,,,,,,1.0,1728795.0,1728795.0,13661.0,651.0,2026-09-16,0.008278598677113249,0,0,1,1,0,0,0,0.0,0.0,1.0082785986771132,1.0082785986771132,0.30248357960313393,1781
tera| hone| laga| hoon| atif| aslam| alisha| chinai,,,,,,,,,,1.0,237818.0,237818.0,1448.0,7.0,2026-10-03,0.006118123943519835,0,0,1,1,0,0,0,0.0,0.0,1.0061181239435197,1.0061181239435197,0.3018354371830559,1965
tera| naam| liya,,,,,,,,,,1.0,134974.0,134974.0,288.0,0.0,2026-09-09,0.002133744276675508,0,0,1,1,0,0,0,0.0,0.0,1.0021337442766756,1.0021337442766756,0.30064012328300266,2606
tere| bin| pal| lyrics| udit| narayan| jaspinder| narula,,,,,,,,,,1.0,156045.0,156045.0,325.0,10.0,2026-09-26,0.0021468166234099137,0,0,1,1,0,0,0,0.0,0.0,1.00214681662341,1.00214681662341,0.30064404498702296,2604
tere| ishq| mein| naachenge| aamir| khan| karisma| kapoor,,,,,,,,,,1.0,212512.0,212512.0,967.0,17.0,2026-09-06,0.004630326758018371,0,0,1,1,0,0,0,0.0,0.0,1.0046303267580183,1.0046303267580183,0.3013890980274055,2160
tere| naam| barish| mai,,,,,,,,,,1.0,143942.0,143942.0,212.0,0.0,2026-09-02,0.0014728154395520418,0,0,1,1,0,0,0,0.0,0.0,1.001472815439552,1.001472815439552,0.3004418446318656,2670
teri| dulhan| sajaoongi| barsaat| bobby| deol| priyanka| chopra,,,,,,,,,,1.0,140607.0,140607.0,559.0,9.0,2026-09-11,0.004039628183518601,0,0,1,1,0,0,0,0.0,0.0,1.0040396281835187,1.0040396281835187,0.3012118884550556,2268
teri| yaadon| chadar| odhe| dil| tera| naam| liya,,,,,,,,,,4.0,334381.0,1337524.0,905.0,13.75,2026-09-24,0.0027476142484172245,0,0,1,1,0,0,0,0.0,0.0,4.002747614248417,4.002747614248417,1.200824284274525,65
teri| yaad| bewafaa| anil| kapoor| kareena| ghulam| ali,,,,,,,,,,1.0,130599.0,130599.0,778.0,6.0,2026-09-24,0.006003108752746959,0,0,1,1,0,0,0,0.0,0.0,1.006003108752747,1.006003108752747,0.3018009326258241,1974
teri| yadon| chadar| odhe| dance| dil| tera| naam,,,,,,,,,,1.0,289906.0,289906.0,1030.0,22.0,2026-09-28,0.0036287624264416743,0,0,1,1,0,0,0,0.0,0.0,1.0036287624264417,1.0036287624264417,0.3010886287279325,2341
terror |  link |  flydubai,1.0,1.0,58.0,77.0,2026-10-05 03:22:12,75.33848672666666,,,,,,,,,,,1,0,0,1,0,0,0,0.6111111111111112,0.0,0.0,0.6111111111111112,0.18333333333333335,2798
test |  shot |  down,1.0,1.0,92.0,122.0,2026-10-02 15:06:54,135.59348672666667,,,,,,,,,,,1,0,0,1,0,0,0,0.6111111111111112,0.0,0.0,0.6111111111111112,0.18333333333333335,2798
tested| every| broken| glitch| steal| egg| roblox,,,,,,,,,,1.0,393912.0,393912.0,11825.0,4135.0,2026-09-15,0.04051666362030098,0,0,1,1,0,0,1,0.0,0.0,1.040516663620301,1.040516663620301,0.3121549990860903,507
tested| hidden| secrets| steal| egg| roblox,,,,,,,,,,2.0,285127.5,570255.0,7327.0,3400.5,2026-09-23,0.03762351930276806,0,0,1,1,0,0,1,0.0,0.0,2.037623519302768,2.037623519302768,0.6112870557908303,93
tested| secret| illegal| glitches| steal| egg| roblox,,,,,,,,,,1.0,229308.0,229308.0,3515.0,2392.0,2026-10-07,0.02576011303574232,0,0,1,1,0,0,1,0.0,0.0,1.0257601130357423,1.0257601130357423,0.3077280339107227,875
testing| scary| secret| mythbusters| minecraft,,,,,,,,,,1.0,812484.0,812484.0,6510.0,288.0,2026-09-26,0.008366933995007902,0,0,1,1,0,0,0,0.0,0.0,1.0083669339950079,1.0083669339950079,0.30251008019850234,1775
tetudo| geeta| rabari| rahul| munjariya| gujarati| garba| 2026,,,,,,,,,,1.0,79578.0,79578.0,1173.0,100.0,2026-10-02,0.01599688356078313,0,0,1,1,0,0,1,0.0,0.0,1.015996883560783,1.015996883560783,0.3047990650682349,1260
texas |  puts |  death,1.0,1.0,67.0,93.0,2026-10-08 06:23:06,0.32348672666666667,,,,,,,,,,,1,0,0,1,1,0,0,0.6111111111111112,0.0,0.0,0.6111111111111112,0.18333333333333335,2798
tgr| nst| back| tonde| gamer| shortsfeed| tondaegamer| nstwinsff,,,,,,,,,,2.0,1092693.0,2185386.0,9214.0,2.0,2026-09-19,0.00843420796143107,0,0,1,1,0,0,0,0.0,0.0,2.008434207961431,2.008434207961431,0.6025302623884293,113
thaat| mexican| coke| studio| version| babbar| chief| legacy,,,,,,,,,,1.0,286919.0,286919.0,8349.0,439.0,2026-09-19,0.030628853439472463,0,0,1,1,0,0,1,0.0,0.0,1.0306288534394725,1.0306288534394725,0.30918865603184176,741
thackeray |  brothers |  lead,1.0,1.0,76.0,93.0,2026-10-04 04:10:07,98.53987561555554,,,,,,,,,,,1,0,0,1,0,0,0,0.6111111111111112,0.0,0.0,0.6111111111111112,0.18333333333333335,2798
thackeray |  protest |  sena,1.0,1.0,104.0,229.0,2026-10-04 06:35:34,96.11570894888888,,,,,,,,,,,1,0,0,1,0,0,0,0.6111111111111112,0.0,0.0,0.6111111111111112,0.18333333333333335,2798
thackeray |  should |  cousins,1.0,1.0,81.0,132.0,2026-10-04 08:38:02,94.07459783777777,,,,,,,,,,,1,0,0,1,0,0,0,0.6111111111111112,0.0,0.0,0.6111111111111112,0.18333333333333335,2798
thah,,,,,,,,,,1.0,222222.0,222222.0,4645.0,117.0,2026-10-04,0.02142902142902143,0,0,1,1,0,0,1,0.0,0.0,1.0214290214290214,1.0214290214290214,0.3064287064287064,1035
thah| ranjit| bawa| narinder| batth| desi| crew| true,,,,,,,,,,1.0,2939941.0,2939941.0,65662.0,371.0,2026-10-05,0.022460654822664808,0,0,1,1,0,0,1,0.0,0.0,1.022460654822665,1.022460654822665,0.30673819644679945,997
thai |  woman |  married,1.0,1.0,78.0,76.0,2026-10-07 05:16:25,25.434875615555555,,,,,,,,,,,1,0,0,1,0,0,0,0.6111111111111112,0.0,0.0,0.6111111111111112,0.18333333333333335,2798
thalaivan| nerandharam| jailer2| tomorrow| sun| pictures,,,,,,,,,,1.0,525160.0,525160.0,14742.0,407.0,2026-10-04,0.028846446797166577,0,0,1,1,0,0,1,0.0,0.0,1.0288464467971665,1.0288464467971665,0.3086539340391499,780
thanni| vachu| jaihind| arjun| vidyasagar| malgudi| subha,,,,,,,,,,1.0,31770.0,31770.0,341.0,1.0,2026-09-23,0.01076487252124646,0,0,1,1,0,0,0,0.0,0.0,1.0107648725212464,1.0107648725212464,0.3032294617563739,1568
thapa |  gives |  india,1.0,1.0,59.0,59.0,2026-10-07 06:28:49,24.228208948888888,,,,,,,,,,,1,0,0,1,0,0,0,0.6111111111111112,0.0,0.0,0.6111111111111112,0.18333333333333335,2798
tharoor |  saurav |  clip,1.0,1.0,94.0,118.0,2026-10-07 12:44:48,17.961820059999997,,,,,,,,,,,1,0,0,1,1,0,0,0.6111111111111112,0.0,0.0,0.6111111111111112,0.18333333333333335,2798
tharoor |  shashi |  saurav,1.0,1.0,67.0,432.0,2026-10-08 03:30:41,3.1970978377777777,,,,,,,,,,,1,0,0,1,1,0,0,0.6111111111111112,0.0,0.0,0.6111111111111112,0.18333333333333335,2798
tharoorian |  style |  saurav,1.0,1.0,82.0,105.0,2026-10-08 04:20:07,2.373208948888889,,,,,,,,,,,1,0,0,1,1,0,0,0.6111111111111112,0.0,0.0,0.6111111111111112,0.18333333333333335,2798
their |  children |  daily,1.0,1.0,77.0,458.0,2026-10-01 09:14:34,165.4657089488889,,,,,,,,,,,1,0,0,1,0,0,0,0.6111111111111112,0.0,0.0,0.6111111111111112,0.18333333333333335,2798
their |  travis |  kelce,1.0,1.0,67.0,423.0,2026-10-03 03:07:39,123.58098672666667,,,,,,,,,,,1,0,0,1,0,0,0,0.6111111111111112,0.0,0.0,0.6111111111111112,0.18333333333333335,2798
thellakaagitham| harsh| roshan| nakshatra| ramesh| bandreddi,,,,,,,,,,1.0,1386019.0,1386019.0,18224.0,367.0,2026-09-22,0.013413236037889813,0,0,1,1,0,0,1,0.0,0.0,1.0134132360378898,1.0134132360378898,0.30402397081136695,1388
thenmavin| kombathu| release| mohanlal| shobhana| priyadarshan| sreenivasan,,,,,,,,,,1.0,137730.0,137730.0,2465.0,359.0,2026-09-30,0.020503884411529803,0,0,1,1,0,0,1,0.0,0.0,1.0205038844115297,1.0205038844115297,0.30615116532345893,1062
there |  doctor |  extra,1.0,1.0,82.0,101.0,2026-10-02 04:37:11,146.08876450444447,,,,,,,,,,,1,0,0,1,0,0,0,0.6111111111111112,0.0,0.0,0.6111111111111112,0.18333333333333335,2798
third| murder| movie| saiju| kurup| indrans| vinay| fort,,,,,,,,,,1.0,96791.0,96791.0,612.0,96.0,2026-09-27,0.007314729675279726,0,0,1,1,0,0,0,0.0,0.0,1.0073147296752798,1.0073147296752798,0.3021944189025839,1847
thirupathi| ezhumalai| venkatesa| ninaivirukkum| varai| prabhudeva| mano| krishnaraj,,,,,,,,,,1.0,60108.0,60108.0,356.0,3.0,2026-09-10,0.0059725826845012315,0,0,1,1,0,0,0,0.0,0.0,1.0059725826845012,1.0059725826845012,0.30179177480535035,1981
thokai| kokborok| movie| 2026| shine| film| production| adong,,,,,,,,,,1.0,29178.0,29178.0,1421.0,86.0,2026-09-20,0.0516485022962506,0,0,1,1,0,0,1,0.0,0.0,1.0516485022962505,1.0516485022962505,0.31549455068887516,369
thought| she| would| never| find| meccha| chameleon,,,,,,,,,,1.0,195864.0,195864.0,2326.0,210.0,2026-09-19,0.012947759669975085,0,0,1,1,0,0,1,0.0,0.0,1.0129477596699752,1.0129477596699752,0.30388432790099257,1409
thousands |  kedarnath |  pilgrims,1.0,1.0,79.0,320.0,2026-10-04 02:16:50,100.42793117111111,,,,,,,,,,,1,0,0,1,0,0,0,0.6111111111111112,0.0,0.0,0.6111111111111112,0.18333333333333335,2798
threats |  security |  checks,1.0,1.0,140.0,141.0,2026-10-07 10:20:41,20.363764504444443,,,,,,,,,,,1,0,0,1,1,0,0,0.6111111111111112,0.0,0.0,0.6111111111111112,0.18333333333333335,2798
three |  banned |  firecrackers,1.0,1.0,83.0,145.0,2026-10-01 07:57:57,166.74265339333334,,,,,,,,,,,1,0,0,1,0,0,0,0.6111111111111112,0.0,0.0,0.6111111111111112,0.18333333333333335,2798
three |  indian |  startups,1.0,1.0,71.0,70.0,2026-10-01 18:32:57,156.15932006,,,,,,,,,,,1,0,0,1,0,0,0,0.6111111111111112,0.0,0.0,0.6111111111111112,0.18333333333333335,2798
thrift |  shop |  item,1.0,1.0,69.0,386.0,2026-10-04 05:25:19,97.28654228222221,,,,,,,,,,,1,0,0,1,0,0,0,0.6111111111111112,0.0,0.0,0.6111111111111112,0.18333333333333335,2798
thrown |  hostel |  stones,1.0,1.0,69.0,82.0,2026-10-01 04:09:06,170.55682006,,,,,,,,,,,1,0,0,1,0,0,0,0.6111111111111112,0.0,0.0,0.6111111111111112,0.18333333333333335,2798
thummak| vvaan| sidharth| malhotra| tamannaah| dev| negi| akasa,,,,,,,,,,1.0,16052704.0,16052704.0,32337.0,1980.0,2026-09-21,0.0021377706833689827,0,0,1,1,0,0,0,0.0,0.0,1.002137770683369,1.002137770683369,0.3006413312050107,2605
thursday| special| guru| bhagavan| songs| best| devotional,,,,,,,,,,1.0,23064.0,23064.0,156.0,5.0,2026-10-07,0.006980575789108568,0,0,1,1,0,0,0,0.0,0.0,1.0069805757891086,1.0069805757891086,0.30209417273673256,1874
tide |  turns |  against,1.0,1.0,116.0,116.0,2026-10-08 06:38:34,0.06570894888888888,,,,,,,,,,,1,0,0,1,1,0,0,0.6111111111111112,0.0,0.0,0.6111111111111112,0.18333333333333335,2798
tiger |  strays |  sariska,1.0,1.0,79.0,79.0,2026-10-06 21:34:15,33.13765339333333,,,,,,,,,,,1,0,0,1,0,0,0,0.6111111111111112,0.0,0.0,0.6111111111111112,0.18333333333333335,2798
tiger| train| elephant| indian| bikes| driving,,,,,,,,,,1.0,229474.0,229474.0,733.0,6.0,2026-09-12,0.0032204084122820016,0,0,1,1,0,0,0,0.0,0.0,1.003220408412282,1.003220408412282,0.3009661225236846,2412
tigress |  released |  minister,1.0,1.0,94.0,173.0,2026-10-02 10:44:34,139.96570894888887,,,,,,,,,,,1,0,0,1,0,0,0,0.6111111111111112,0.0,0.0,0.6111111111111112,0.18333333333333335,2798
tiktok| star| plays| indian| horror| game| ajnabee| unknown,,,,,,,,,,1.0,659255.0,659255.0,14343.0,1746.0,2026-09-20,0.024404820592942033,0,0,1,1,0,0,1,0.0,0.0,1.0244048205929421,1.0244048205929421,0.30732144617788265,919
tilak varma,,,,,,,82.0,1.0,0.82,,,,,,,,0,1,0,1,0,1,0,0.0,1.3199999999999998,0.0,1.3199999999999998,0.5279999999999999,190
time |  pargat |  singh,1.0,1.0,77.0,131.0,2026-10-03 02:18:36,124.39848672666666,,,,,,,,,,,1,0,0,1,0,0,0,0.6111111111111112,0.0,0.0,0.6111111111111112,0.18333333333333335,2798
time |  supreme |  court,1.0,1.0,84.0,156.0,2026-10-06 04:51:49,49.84487561555556,,,,,,,,,,,1,0,0,1,0,0,0,0.6111111111111112,0.0,0.0,0.6111111111111112,0.18333333333333335,2798
times |  rankings |  iisc,1.0,1.0,66.0,279.0,2026-10-01 02:25:20,172.28626450444446,,,,,,,,,,,1,0,0,1,0,0,0,0.6111111111111112,0.0,0.0,0.6111111111111112,0.18333333333333335,2798
tirumala| giripai| velasina| venkanna| folk| bhakti| songs,,,,,,,,,,1.0,17588.0,17588.0,75.0,2.0,2026-10-02,0.004377984989765749,0,0,1,1,0,0,0,0.0,0.0,1.0043779849897658,1.0043779849897658,0.30131339549692976,2213
tirumala| venkanna| folk| songs| venkateswara| swamy| bhakti,,,,,,,,,,1.0,27701.0,27701.0,121.0,2.0,2026-09-11,0.0044402729143352224,0,0,1,1,0,0,0,0.0,0.0,1.0044402729143351,1.0044402729143351,0.30133208187430055,2201
titans| jayasurya| vinayakan| prince| joy| nerambokku,,,,,,,,,,1.0,2067816.0,2067816.0,26781.0,1238.0,2026-10-02,0.013550045071708507,0,0,1,1,0,0,1,0.0,0.0,1.0135500450717085,1.0135500450717085,0.30406501352151255,1380
titans| reaction| jayasurya| vinayakan| midhun| manuel| thomas| entertainment,,,,,,,,,,1.0,40893.0,40893.0,1193.0,70.0,2026-10-03,0.030885481622771622,0,0,1,1,0,0,1,0.0,0.0,1.0308854816227717,1.0308854816227717,0.3092656444868315,738
title |  shot |  challengers,1.0,1.0,74.0,476.0,2026-10-04 05:06:12,97.60515339333332,,,,,,,,,,,1,0,0,1,0,0,0,0.6111111111111112,0.0,0.0,0.6111111111111112,0.18333333333333335,2798
today match live,,,,,,,100.0,1.0,1.0,,,,,,,,0,1,0,1,0,1,0,0.0,1.5,0.0,1.5,0.6000000000000001,174
tohar| charcha| karab| arvind| akela| kallu| neelam| giri,,,,,,,,,,1.0,1242544.0,1242544.0,3346.0,110.0,2026-09-11,0.00278139043768269,0,0,1,1,0,0,0,0.0,0.0,1.0027813904376828,1.0027813904376828,0.3008344171313048,2507
tongue| escape| roblox,,,,,,,,,,1.0,679893.0,679893.0,19610.0,1132.0,2026-10-02,0.03050774165934934,0,0,1,1,0,0,1,0.0,0.0,1.0305077416593493,1.0305077416593493,0.3091523224978048,742
took| night| cleaner| job| haunted| japanese| building,,,,,,,,,,1.0,1975743.0,1975743.0,36895.0,2710.0,2026-09-16,0.020045623342712083,0,0,1,1,0,0,1,0.0,0.0,1.020045623342712,1.020045623342712,0.30601368700281356,1085
took| revenge| biggest| enemy| minecraft| smp,,,,,,,,,,1.0,662086.0,662086.0,17883.0,2886.0,2026-09-27,0.03136903665082784,0,0,1,1,0,0,1,0.0,0.0,1.031369036650828,1.031369036650828,0.30941071099524836,728
top10| ganpati| songs| ashi| chik| motyachi| maal| bappa,,,,,,,,,,1.0,1137093.0,1137093.0,2516.0,63.0,2026-09-14,0.002268064265631747,0,0,1,1,0,0,0,0.0,0.0,1.0022680642656316,1.0022680642656316,0.30068041927968947,2584
topa| barshare| joydev| pralu| biswarupa| mantu| chhuria| sanju,,,,,,,,,,1.0,84475.0,84475.0,1545.0,81.0,2026-09-23,0.01924829831311039,0,0,1,1,0,0,1,0.0,0.0,1.0192482983131104,1.0192482983131104,0.3057744894939331,1121
top| bhawna| mishra| 2025| ananta| chaturdashi,,,,,,,,,,1.0,20468.0,20468.0,153.0,3.0,2026-09-24,0.007621653312487786,0,0,1,1,0,0,0,0.0,0.0,1.0076216533124878,1.0076216533124878,0.3022864959937463,1820
top| games| all| time,,,,,,,,,,1.0,321707.0,321707.0,18419.0,2346.0,2026-09-26,0.06454631077346779,0,0,1,1,0,0,1,0.0,0.0,1.0645463107734678,1.0645463107734678,0.31936389323204034,308
top| ganesh| bhajans| thakur| gaan| bangla| bhajan,,,,,,,,,,1.0,15684.0,15684.0,219.0,7.0,2026-09-13,0.014409589390461617,0,0,1,1,0,0,1,0.0,0.0,1.0144095893904617,1.0144095893904617,0.3043228768171385,1330
top| ganesh| bhajan| songs,,,,,,,,,,1.0,20704.0,20704.0,195.0,11.0,2026-09-13,0.009949768160741886,0,0,1,1,0,0,0,0.0,0.0,1.009949768160742,1.009949768160742,0.30298493044822256,1635
top| ganesh| bhajan| utsav| 2026,,,,,,,,,,2.0,295694.0,591388.0,1068.5,26.0,2026-09-16,0.0037014616461612344,0,0,1,1,0,0,0,0.0,0.0,2.0037014616461613,2.0037014616461613,0.6011104384938484,146
top| ganpati| songs| marathi| 2026| nonstop| jukebox,,,,,,,,,,1.0,188370.0,188370.0,420.0,5.0,2026-09-14,0.0022561979083718215,0,0,1,1,0,0,0,0.0,0.0,1.0022561979083717,1.0022561979083717,0.3006768593725115,2587
top| ganpati| songs| marathi| bhaktigeete,,,,,,,,,,1.0,41669.0,41669.0,214.0,4.0,2026-09-13,0.005231707024406633,0,0,1,1,0,0,0,0.0,0.0,1.0052317070244066,1.0052317070244066,0.30156951210732197,2066
top| gauri| aagaman| songs| marathi| geet| ganpati,,,,,,,,,,1.0,507175.0,507175.0,1474.0,65.0,2026-09-17,0.003034455562675605,0,0,1,1,0,0,0,0.0,0.0,1.0030344555626756,1.0030344555626756,0.3009103366688027,2452
top| gauri| ganpatichi| gani| geete| feryanchi,,,,,,,,,,1.0,187435.0,187435.0,299.0,7.0,2026-09-18,0.0016325659561981488,0,0,1,1,0,0,0,0.0,0.0,1.0016325659561982,1.0016325659561982,0.30048976978685943,2658
top| gauri| ganpati| songs| marathi| bhaktigeete,,,,,,,,,,1.0,257338.0,257338.0,850.0,25.0,2026-09-14,0.0034001974057465277,0,0,1,1,0,0,0,0.0,0.0,1.0034001974057465,1.0034001974057465,0.3010200592217239,2374
top| gauri| ganpati| songs| sumeet| marathi| bhakti,,,,,,,,,,1.0,226959.0,226959.0,673.0,9.0,2026-09-14,0.0030049480302609725,0,0,1,1,0,0,0,0.0,0.0,1.003004948030261,1.003004948030261,0.30090148440907827,2458
top| gauri| ganpati| special| songs| marathi,,,,,,,,,,1.0,432978.0,432978.0,1039.0,46.0,2026-09-17,0.0025059009926601352,0,0,1,1,0,0,0,0.0,0.0,1.0025059009926602,1.0025059009926602,0.30075177029779804,2552
top| hit| himachali| ram| songs| pahadi| nonstop| bhajan,,,,,,,,,,1.0,9115.0,9115.0,238.0,1.0,2026-09-29,0.026220515633571036,0,0,1,1,0,0,1,0.0,0.0,1.026220515633571,1.026220515633571,0.30786615469007134,859
top| khatu| shyam| bhajans| baba| 2026,,,,,,,,,,1.0,22259.0,22259.0,209.0,4.0,2026-10-06,0.009569163035176782,0,0,1,1,0,0,0,0.0,0.0,1.0095691630351769,1.0095691630351769,0.30287074891055304,1675
top| krishna| bhajan| gujarati| kanuda| geet,,,,,,,,,,1.0,474459.0,474459.0,1979.0,60.0,2026-09-03,0.004297526235143605,0,0,1,1,0,0,0,0.0,0.0,1.0042975262351437,1.0042975262351437,0.3012892578705431,2229
top| krishna| janmashtami| special| marathi| bhaktigeet,,,,,,,,,,1.0,324174.0,324174.0,1216.0,17.0,2026-09-03,0.0038035129282422402,0,0,1,1,0,0,0,0.0,0.0,1.0038035129282423,1.0038035129282423,0.3011410538784727,2305
top| live| nonstop,,,,,,,,,,1.0,102196.0,102196.0,303.0,14.0,2026-09-17,0.0031018826568554544,0,0,1,1,0,0,0,0.0,0.0,1.0031018826568554,1.0031018826568554,0.3009305647970566,2440
top| nonstop| swami| bhakti| geet,,,,,,,,,,1.0,50473.0,50473.0,165.0,22.0,2026-10-08,0.00370495116200741,0,0,1,1,0,0,0,0.0,0.0,1.0037049511620073,1.0037049511620073,0.30111148534860216,2325
top| nonstop| vitthal| bhajan,,,,,,,,,,1.0,32151.0,32151.0,143.0,3.0,2026-10-07,0.004541071817361824,0,0,1,1,0,0,0,0.0,0.0,1.0045410718173617,1.0045410718173617,0.30136232154520853,2173
top| nonstop| vitthal| bhakti| geet,,,,,,,,,,1.0,52779.0,52779.0,162.0,8.0,2026-09-22,0.0032209780405085355,0,0,1,1,0,0,0,0.0,0.0,1.0032209780405086,1.0032209780405086,0.3009662934121526,2411
top| painjanacha| naad| aala| god| kani,,,,,,,,,,1.0,286821.0,286821.0,837.0,29.0,2026-09-17,0.0030193047231548598,0,0,1,1,0,0,0,0.0,0.0,1.0030193047231548,1.0030193047231548,0.30090579141694646,2455
top| parvatichaya| bala| ganpati| chi| gani,,,,,,,,,,1.0,14738.0,14738.0,66.0,4.0,2026-09-11,0.004749626815035961,0,0,1,1,0,0,0,0.0,0.0,1.004749626815036,1.004749626815036,0.3014248880445108,2142
top| telugu| songs| musical| audio| playlist| old| hits,,,,,,,,,,1.0,261954.0,261954.0,793.0,11.0,2026-09-10,0.0030692411644792595,0,0,1,1,0,0,0,0.0,0.0,1.0030692411644793,1.0030692411644793,0.3009207723493438,2446
tournament| live| iqoo| total| gaming| esports| fozyajay| iqoo15r,,,,,,,,,,1.0,175082.0,175082.0,7363.0,62.0,2026-10-02,0.04240869992346443,0,0,1,1,0,0,1,0.0,0.0,1.0424086999234645,1.0424086999234645,0.3127226099770393,471
tournament| live| pov| team| apexgaming,,,,,,,,,,1.0,237551.0,237551.0,10257.0,16.0,2026-10-02,0.04324545045064007,0,0,1,1,0,0,1,0.0,0.0,1.04324545045064,1.04324545045064,0.312973635135192,459
tournament| live| team| apex| gaming| apexgaming,,,,,,,,,,1.0,252910.0,252910.0,7652.0,24.0,2026-10-05,0.03035071764659365,0,0,1,1,0,0,1,0.0,0.0,1.0303507176465936,1.0303507176465936,0.30910521529397805,744
tournament| pov| live| tag| shoto| team| apex| gaming,,,,,,,,,,1.0,270095.0,270095.0,8454.0,32.0,2026-09-16,0.03141857494585239,0,0,1,1,0,0,1,0.0,0.0,1.0314185749458524,1.0314185749458524,0.30942557248375574,724
town| hall| everything| you| need| know,,,,,,,,,,1.0,350358.0,350358.0,11901.0,879.0,2026-09-28,0.03647697497987772,0,0,1,1,0,0,1,0.0,0.0,1.0364769749798777,1.0364769749798777,0.3109430924939633,591
toy,,,,,,,,,,1.0,444003.0,444003.0,9082.0,10.0,2026-09-23,0.02047733911707804,0,0,1,1,0,0,1,0.0,0.0,1.020477339117078,1.020477339117078,0.3061432017351234,1063
trade |  concerns |  over,1.0,1.0,86.0,133.0,2026-09-30 19:27:49,179.24487561555557,,,,,,,,,,,1,0,0,1,0,0,0,0.6111111111111112,0.0,0.0,0.6111111111111112,0.18333333333333335,2798
trade |  deal |  india,1.0,1.0,87.0,87.0,2026-10-05 06:12:26,72.50126450444445,,,,,,,,,,,1,0,0,1,0,0,0,0.6111111111111112,0.0,0.0,0.6111111111111112,0.18333333333333335,2798
trade |  goyal |  piyush,1.0,1.0,74.0,525.0,2026-10-01 03:58:57,170.7259867266667,,,,,,,,,,,1,0,0,1,0,0,0,0.6111111111111112,0.0,0.0,0.6111111111111112,0.18333333333333335,2798
trade |  india |  became,1.0,1.0,67.0,67.0,2026-10-06 06:52:38,47.83126450444445,,,,,,,,,,,1,0,0,1,0,0,0,0.6111111111111112,0.0,0.0,0.6111111111111112,0.18333333333333335,2798
trade |  india |  canada,1.0,1.0,138.0,138.0,2026-10-02 06:09:13,144.55487561555555,,,,,,,,,,,1,0,0,1,0,0,0,0.6111111111111112,0.0,0.0,0.6111111111111112,0.18333333333333335,2798
trade |  india |  deal,1.0,1.0,84.0,439.0,2026-10-02 03:04:53,147.6270978377778,,,,,,,,,,,1,0,0,1,0,0,0,0.6111111111111112,0.0,0.0,0.6111111111111112,0.18333333333333335,2798
trade |  india |  talks,1.0,1.0,107.0,153.0,2026-10-06 01:20:21,53.36932006,,,,,,,,,,,1,0,0,1,0,0,0,0.6111111111111112,0.0,0.0,0.6111111111111112,0.18333333333333335,2798
trade |  modi |  trump,1.0,1.0,85.0,146.0,2026-10-01 02:01:30,172.68348672666667,,,,,,,,,,,1,0,0,1,0,0,0,0.6111111111111112,0.0,0.0,0.6111111111111112,0.18333333333333335,2798
trade |  representative |  greer,1.0,1.0,90.0,90.0,2026-10-02 06:09:13,144.55487561555555,,,,,,,,,,,1,0,0,1,0,0,0,0.6111111111111112,0.0,0.0,0.6111111111111112,0.18333333333333335,2798
trade |  talks |  proposed,1.0,1.0,81.0,137.0,2026-10-02 02:16:10,148.43904228222223,,,,,,,,,,,1,0,0,1,0,0,0,0.6111111111111112,0.0,0.0,0.6111111111111112,0.18333333333333335,2798
trading |  stock |  will,1.0,1.0,58.0,420.0,2026-10-02 03:57:56,146.7429311711111,,,,,,,,,,,1,0,0,1,0,0,0,0.6111111111111112,0.0,0.0,0.6111111111111112,0.18333333333333335,2798
traffic |  advisory |  special,1.0,1.0,89.0,117.0,2026-10-01 17:37:49,157.0782089488889,,,,,,,,,,,1,0,0,1,0,0,0,0.6111111111111112,0.0,0.0,0.6111111111111112,0.18333333333333335,2798
traffic |  crawls |  across,1.0,1.0,63.0,147.0,2026-10-06 08:49:02,45.89126450444445,,,,,,,,,,,1,0,0,1,0,0,0,0.6111111111111112,0.0,0.0,0.6111111111111112,0.18333333333333335,2798
traffic |  curbs |  delhi,1.0,1.0,80.0,81.0,2026-10-06 05:37:29,49.083764504444446,,,,,,,,,,,1,0,0,1,0,0,0,0.6111111111111112,0.0,0.0,0.6111111111111112,0.18333333333333335,2798
traffic |  massive |  rush,1.0,1.0,97.0,136.0,2026-10-03 07:37:25,119.08487561555555,,,,,,,,,,,1,0,0,1,0,0,0,0.6111111111111112,0.0,0.0,0.6111111111111112,0.18333333333333335,2798
traffic |  place |  patel,1.0,1.0,92.0,146.0,2026-10-06 03:47:40,50.914042282222226,,,,,,,,,,,1,0,0,1,0,0,0,0.6111111111111112,0.0,0.0,0.6111111111111112,0.18333333333333335,2798
traffic |  road |  delhi,1.0,1.0,115.0,129.0,2026-10-06 17:33:19,37.15320894888889,,,,,,,,,,,1,0,0,1,0,0,0,0.6111111111111112,0.0,0.0,0.6111111111111112,0.18333333333333335,2798
trainer |  anniversary |  nandan,1.0,1.0,65.0,379.0,2026-10-05 15:34:26,63.13459783777778,,,,,,,,,,,1,0,0,1,0,0,0,0.6111111111111112,0.0,0.0,0.6111111111111112,0.18333333333333335,2798
training |  helped |  indian,1.0,1.0,81.0,80.0,2026-09-30 13:19:10,185.38904228222222,,,,,,,,,,,1,0,0,1,0,0,0,0.6111111111111112,0.0,0.0,0.6111111111111112,0.18333333333333335,2798
training |  schools |  class,1.0,1.0,52.0,259.0,2026-10-06 02:31:10,52.189042282222225,,,,,,,,,,,1,0,0,1,0,0,0,0.6111111111111112,0.0,0.0,0.6111111111111112,0.18333333333333335,2798
traitors| telugu| tejasajjaoffl| prime| india,,,,,,,,,,1.0,2990856.0,2990856.0,3913.0,280.0,2026-10-06,0.0014019397791134043,0,0,1,1,0,0,0,0.0,0.0,1.0014019397791134,1.0014019397791134,0.300420581933734,2675
transactions |  rise |  billion,1.0,1.0,67.0,416.0,2026-10-03 04:34:01,122.14154228222222,,,,,,,,,,,1,0,0,1,0,0,0,0.6111111111111112,0.0,0.0,0.6111111111111112,0.18333333333333335,2798
transformers| rise| unicron| teaser,,,,,,,,,,1.0,7552568.0,7552568.0,112627.0,5543.0,2026-09-14,0.015646333803283865,0,0,1,1,0,0,1,0.0,0.0,1.015646333803284,1.015646333803284,0.3046939001409852,1271
transport |  cabinet |  approves,1.0,1.0,88.0,154.0,2026-10-06 11:18:19,43.40320894888889,,,,,,,,,,,1,0,0,1,0,0,0,0.6111111111111112,0.0,0.0,0.6111111111111112,0.18333333333333335,2798
trapped| every| horror| mob| minecraft,,,,,,,,,,1.0,1301982.0,1301982.0,13261.0,1787.0,2026-09-10,0.011557763471384397,0,0,1,1,0,0,1,0.0,0.0,1.0115577634713844,1.0115577634713844,0.3034673290414153,1502
trapped| every| removed| mob| minecraft| hardcore,,,,,,,,,,1.0,208767.0,208767.0,4627.0,384.0,2026-09-13,0.024002835697212684,0,0,1,1,0,0,1,0.0,0.0,1.0240028356972126,1.0240028356972126,0.30720085070916375,939
trapped| minecraft| rarest| scary| myths,,,,,,,,,,1.0,132796.0,132796.0,3625.0,307.0,2026-09-10,0.029609325582095846,0,0,1,1,0,0,1,0.0,0.0,1.029609325582096,1.029609325582096,0.3088827976746288,761
trending| love| tamilsong,,,,,,,,,,2.0,111706.0,223412.0,388.0,6.5,2026-09-17,0.0035315918571965695,0,0,1,1,0,0,0,0.0,0.0,2.0035315918571968,2.0035315918571968,0.601059477557159,149
trent share price,,,,,,,100.0,1.0,1.0,,,,,,,,0,1,0,1,0,1,0,0.0,1.5,0.0,1.5,0.6000000000000001,174
trident| ignite| 2026| bgmi| powered| krafton| india| esports,,,,,,,,,,1.0,331115.0,331115.0,2774.0,18.0,2026-09-14,0.008432115730184377,0,0,1,1,0,0,0,0.0,0.0,1.0084321157301843,1.0084321157301843,0.3025296347190553,1768
tried| copying| impossible| sounds| mimic| party,,,,,,,,,,1.0,153850.0,153850.0,5829.0,443.0,2026-09-12,0.04076698082547936,0,0,1,1,0,0,1,0.0,0.0,1.0407669808254794,1.0407669808254794,0.3122300942476438,500
tried| malayalam| challenge| mimic| party,,,,,,,,,,1.0,90348.0,90348.0,4068.0,402.0,2026-09-14,0.04947536193385576,0,0,1,1,0,0,1,0.0,0.0,1.0494753619338557,1.0494753619338557,0.3148426085801567,389
tried| steal| egg| mobile| first| time,,,,,,,,,,1.0,343849.0,343849.0,7190.0,1446.0,2026-09-25,0.02511567577628552,0,0,1,1,0,0,1,0.0,0.0,1.0251156757762856,1.0251156757762856,0.3075347027328857,893
triple| flatbed| mcqueen| transportation| truck| speedbumps| cars| train,,,,,,,,,,3.0,755491.3333333334,2266474.0,10118.666666666666,563.6666666666666,2026-09-28,0.01413958421759967,0,0,1,1,0,0,1,0.0,0.0,3.0141395842175998,3.0141395842175998,0.9042418752652799,70
trolled| chinti| gang| blade| ball| roblox,,,,,,,,,,1.0,318824.0,318824.0,6209.0,5319.0,2026-09-06,0.036157880209770905,0,0,1,1,0,0,1,0.0,0.0,1.0361578802097708,1.0361578802097708,0.31084736406293123,596
trolled| noobs| roblox| blade| ball,,,,,,,,,,1.0,151604.0,151604.0,2804.0,305.0,2026-09-11,0.020507374475607503,0,0,1,1,0,0,1,0.0,0.0,1.0205073744756075,1.0205073744756075,0.30615221234268225,1061
trolled| our| trio| member| roblox| rivals| audition,,,,,,,,,,1.0,325475.0,325475.0,6841.0,4836.0,2026-09-25,0.03587679545279975,0,0,1,1,0,0,1,0.0,0.0,1.0358767954527996,1.0358767954527996,0.31076303863583987,603
trolling| friends| game| gone| wrong| funniest,,,,,,,,,,1.0,787123.0,787123.0,24454.0,1517.0,2026-09-24,0.032994843245591855,0,0,1,1,0,0,1,0.0,0.0,1.0329948432455918,1.0329948432455918,0.3098984529736775,684
trolling| noobs| becaming| girl| steal| egg,,,,,,,,,,1.0,209488.0,209488.0,2795.0,973.0,2026-10-06,0.01798671045596884,0,0,1,1,0,0,1,0.0,0.0,1.0179867104559688,1.0179867104559688,0.3053960131367906,1169
trolling| superhero| dueling| roblox,,,,,,,,,,1.0,197218.0,197218.0,2309.0,624.0,2026-10-03,0.014871867679420742,0,0,1,1,0,0,1,0.0,0.0,1.0148718676794208,1.0148718676794208,0.30446156030382626,1309
trophy |  drama |  indian,1.0,1.0,82.0,82.0,2026-10-03 11:04:02,115.64126450444444,,,,,,,,,,,1,0,0,1,0,0,0,0.6111111111111112,0.0,0.0,0.6111111111111112,0.18333333333333335,2798
trouble |  auroville |  indias,1.0,1.0,57.0,57.0,2026-10-05 06:12:26,72.50126450444445,,,,,,,,,,,1,0,0,1,0,0,0,0.6111111111111112,0.0,0.0,0.6111111111111112,0.18333333333333335,2798
trump |  blames |  iran,1.0,1.0,82.0,101.0,2026-10-06 02:03:48,52.64515339333334,,,,,,,,,,,1,0,0,1,0,0,0,0.6111111111111112,0.0,0.0,0.6111111111111112,0.18333333333333335,2798
trump |  brazil |  india,1.0,1.0,92.0,95.0,2026-10-05 04:05:55,74.60987561555555,,,,,,,,,,,1,0,0,1,0,0,0,0.6111111111111112,0.0,0.0,0.6111111111111112,0.18333333333333335,2798
trump |  embarrassing |  gaffe,1.0,1.0,73.0,75.0,2026-10-05 04:51:13,73.85487561555556,,,,,,,,,,,1,0,0,1,0,0,0,0.6111111111111112,0.0,0.0,0.6111111111111112,0.18333333333333335,2798
trump |  government |  chatbot,1.0,1.0,61.0,50.0,2026-10-01 05:55:38,168.78126450444447,,,,,,,,,,,1,0,0,1,0,0,0,0.6111111111111112,0.0,0.0,0.6111111111111112,0.18333333333333335,2798
trump |  have |  television,1.0,1.0,75.0,355.0,2026-10-03 04:41:41,122.01376450444444,,,,,,,,,,,1,0,0,1,0,0,0,0.6111111111111112,0.0,0.0,0.6111111111111112,0.18333333333333335,2798
trump |  nobel |  peace,1.0,1.0,54.0,90.0,2026-10-05 01:41:41,77.01376450444444,,,,,,,,,,,1,0,0,1,0,0,0,0.6111111111111112,0.0,0.0,0.6111111111111112,0.18333333333333335,2798
trump |  offers |  help,1.0,1.0,58.0,58.0,2026-10-06 11:07:23,43.58543117111111,,,,,,,,,,,1,0,0,1,0,0,0,0.6111111111111112,0.0,0.0,0.6111111111111112,0.18333333333333335,2798
trump |  wrongly |  cites,1.0,1.0,70.0,70.0,2026-10-05 05:34:32,73.13293117111111,,,,,,,,,,,1,0,0,1,0,0,0,0.6111111111111112,0.0,0.0,0.6111111111111112,0.18333333333333335,2798
trying| all| jobs| minecraft,,,,,,,,,,1.0,1344664.0,1344664.0,23123.0,883.0,2026-09-25,0.017852787015938554,0,0,1,1,0,0,1,0.0,0.0,1.0178527870159386,1.0178527870159386,0.30535583610478156,1175
trying| climb| most| dangerous| scary| fish| tower| roblox,,,,,,,,,,1.0,82053.0,82053.0,2436.0,348.0,2026-09-20,0.03392928960549888,0,0,1,1,0,0,1,0.0,0.0,1.0339292896054988,1.0339292896054988,0.3101787868816496,656
trying| sniper| gun| hawk,,,,,,,,,,1.0,979705.0,979705.0,19273.0,2922.0,2026-10-04,0.022654778734414953,0,0,1,1,0,0,1,0.0,0.0,1.022654778734415,1.022654778734415,0.30679643362032444,988
tuesday| powerful| murugan| suprabatham| kavasam| bakthi| padalgal| tamil,,,,,,,,,,2.0,42280.5,84561.0,193.5,5.5,2026-09-28,0.004706661463322335,0,0,1,1,0,0,0,0.0,0.0,2.0047066614633224,2.0047066614633224,0.6014119984389967,131
tuition| badmashi| kaa| hemant| faujdar| kiran| masoom| sharma,,,,,,,,,,1.0,952062.0,952062.0,4407.0,33.0,2026-09-29,0.004663561826855814,0,0,1,1,0,0,0,0.0,0.0,1.0046635618268558,1.0046635618268558,0.3013990685480567,2154
tujhko| shahid| rashmika| kriti| pritam| arijit| singh| sunidhi,,,,,,,,,,1.0,386497.0,386497.0,1648.0,30.0,2026-09-15,0.0043415602190961375,0,0,1,1,0,0,0,0.0,0.0,1.0043415602190962,1.0043415602190962,0.30130246806572886,2220
tujhya| aaila| rohini| hattangadi| rajshri| deshpande| sujay| dahake,,,,,,,,,,1.0,62919.0,62919.0,772.0,79.0,2026-09-11,0.013525326213067596,0,0,1,1,0,0,1,0.0,0.0,1.0135253262130677,1.0135253262130677,0.3040575978639203,1382
tumhari| nazron| mein| humne| dekha| lyrics| kal| awaz,,,,,,,,,,1.0,155048.0,155048.0,229.0,7.0,2026-09-27,0.0015221092822867758,0,0,1,1,0,0,0,0.0,0.0,1.0015221092822868,1.0015221092822868,0.30045663278468604,2666
tumhein| bhi| humse| tum| mere| gurmeet| choudhary| isha,,,,,,,,,,1.0,973258.0,973258.0,7360.0,573.0,2026-09-29,0.008150973328757636,0,0,1,1,0,0,0,0.0,0.0,1.0081509733287577,1.0081509733287577,0.3024452919986273,1789
tuntun| yadav| bhojpuri| 2026,,,,,,,,,,1.0,577342.0,577342.0,15860.0,921.0,2026-09-16,0.02906596090358921,0,0,1,1,0,0,1,0.0,0.0,1.0290659609035893,1.0290659609035893,0.30871978827107677,775
tuntun| yadav| bhojpuri| navratri| 2026,,,,,,,,,,1.0,40178.0,40178.0,345.0,7.0,2026-10-07,0.008761013489969636,0,0,1,1,0,0,0,0.0,0.0,1.0087610134899696,1.0087610134899696,0.30262830404699087,1736
tuntun| yadav| dunali| raja| bhojpuri| rangdari| 2026,,,,,,,,,,2.0,115428.5,230857.0,264.5,2.5,2026-09-16,0.0023131202432674774,0,0,1,1,0,0,0,0.0,0.0,2.0023131202432674,2.0023131202432674,0.6006939360729802,162
tuntun| yadav| dwarikadhis| krishna| janmashtami| special| 2026,,,,,,,,,,1.0,1486752.0,1486752.0,33713.0,2563.0,2026-09-03,0.02439949635177891,0,0,1,1,0,0,1,0.0,0.0,1.0243994963517788,1.0243994963517788,0.30731984890553365,920
tuntun| yadav| goldi| bhojpuri| vishwakarma| puja| 2026,,,,,,,,,,1.0,1322831.0,1322831.0,15253.0,444.0,2026-09-16,0.011866217226539142,0,0,1,1,0,0,1,0.0,0.0,1.0118662172265391,1.0118662172265391,0.30355986516796174,1478
tuntun| yadav| goldi| laikawa| bagh| devigeet| 2026,,,,,,,,,,1.0,40681.0,40681.0,621.0,12.0,2026-10-05,0.015560089476659865,0,0,1,1,0,0,1,0.0,0.0,1.0155600894766599,1.0155600894766599,0.30466802684299793,1275
tuntun| yadav| karza| utri| maai| jitiya| special| 2026,,,,,,,,,,1.0,44139.0,44139.0,1415.0,163.0,2026-10-02,0.0357506966628152,0,0,1,1,0,0,1,0.0,0.0,1.0357506966628152,1.0357506966628152,0.31072520899884454,608
tuntun| yadav| khushi| kakkar| hathiyar| madhu| bhojpuri| 2026,,,,,,,,,,1.0,378293.0,378293.0,7911.0,252.0,2026-09-21,0.02157851189421956,0,0,1,1,0,0,1,0.0,0.0,1.0215785118942196,1.0215785118942196,0.30647355356826583,1027
tuntun| yadav| sona| jiutiya| special| jitiya,,,,,,,,,,1.0,771499.0,771499.0,13157.0,747.0,2026-10-01,0.018022058356524116,0,0,1,1,0,0,1,0.0,0.0,1.018022058356524,1.018022058356524,0.3054066175069572,1165
turbines |  oregon |  wind,1.0,1.0,67.0,496.0,2026-10-02 18:32:07,132.17320894888888,,,,,,,,,,,1,0,0,1,0,0,0,0.6111111111111112,0.0,0.0,0.6111111111111112,0.18333333333333335,2798
turning| into| 10000000| minecraft| server,,,,,,,,,,1.0,248910.0,248910.0,5924.0,322.0,2026-09-11,0.025093407255634567,0,0,1,1,0,0,1,0.0,0.0,1.0250934072556346,1.0250934072556346,0.30752802217669034,895
twenty |  five |  years,1.0,1.0,62.0,62.0,2026-10-08 06:38:34,0.06570894888888888,,,,,,,,,,,1,0,0,1,1,0,0,0.6111111111111112,0.0,0.0,0.6111111111111112,0.18333333333333335,2798
ucla |  school |  admissions,1.0,1.0,73.0,99.0,2026-10-02 04:16:25,146.43487561555557,,,,,,,,,,,1,0,0,1,0,0,0,0.6111111111111112,0.0,0.0,0.6111111111111112,0.18333333333333335,2798
udhaya| geetham| movie| jukebox| res| audio| maestro| ilaiyaraaja,,,,,,,,,,1.0,83412.0,83412.0,261.0,14.0,2026-09-07,0.0032968877379753515,0,0,1,1,0,0,0,0.0,0.0,1.0032968877379753,1.0032968877379753,0.3009890663213926,2392
udit| alka| sapna| pardesi| jana| nahi| viral| tadka,,,,,,,,,,1.0,203328.0,203328.0,646.0,11.0,2026-09-18,0.0032312322946175635,0,0,1,1,0,0,0,0.0,0.0,1.0032312322946175,1.0032312322946175,0.3009693696883852,2408
udta| teer| ayushmann| khurrana| sara| ali| khan| aakash,,,,,,,,,,1.0,35364470.0,35364470.0,156981.0,16547.0,2026-09-23,0.004906845769214129,0,0,1,1,0,0,0,0.0,0.0,1.004906845769214,1.004906845769214,0.3014720537307642,2119
udta| teer| review| yogi| bolta| hai,,,,,,,,,,1.0,619171.0,619171.0,12930.0,437.0,2026-09-23,0.02158854339108259,0,0,1,1,0,0,1,0.0,0.0,1.0215885433910825,1.0215885433910825,0.30647656301732473,1025
ujagaro| nonstop| garba| 2026| teaser| sunita| bharwad| navratri,,,,,,,,,,1.0,88272.0,88272.0,2567.0,447.0,2026-09-29,0.03414446257023745,0,0,1,1,0,0,1,0.0,0.0,1.0341444625702374,1.0341444625702374,0.3102433387710712,649
ujjain |  woman |  fakes,1.0,1.0,77.0,77.0,2026-09-30 15:02:27,183.66765339333335,,,,,,,,,,,1,0,0,1,0,0,0,0.6111111111111112,0.0,0.0,0.6111111111111112,0.18333333333333335,2798
ujjal |  bhuyan |  nalsar,1.0,1.0,101.0,152.0,2026-10-05 04:05:50,74.61126450444443,,,,,,,,,,,1,0,0,1,0,0,0,0.6111111111111112,0.0,0.0,0.6111111111111112,0.18333333333333335,2798
ukraine |  calls |  india,1.0,1.0,94.0,94.0,2026-10-04 06:19:38,96.38126450444445,,,,,,,,,,,1,0,0,1,0,0,0,0.6111111111111112,0.0,0.0,0.6111111111111112,0.18333333333333335,2798
ukraine |  drone |  attack,1.0,1.0,72.0,70.0,2026-10-07 02:31:18,28.18682006,,,,,,,,,,,1,0,0,1,0,0,0,0.6111111111111112,0.0,0.0,0.6111111111111112,0.18333333333333335,2798
ukraine |  drone |  edge,1.0,1.0,69.0,69.0,2026-10-08 06:12:53,0.4937645044444445,,,,,,,,,,,1,0,0,1,1,0,0,0.6111111111111112,0.0,0.0,0.6111111111111112,0.18333333333333335,2798
ukraine |  ready |  consider,1.0,1.0,72.0,72.0,2026-10-04 06:19:38,96.38126450444445,,,,,,,,,,,1,0,0,1,0,0,0,0.6111111111111112,0.0,0.0,0.6111111111111112,0.18333333333333335,2798
ukraine |  truce |  sybiha,1.0,1.0,98.0,142.0,2026-10-03 13:39:51,113.04432005999999,,,,,,,,,,,1,0,0,1,0,0,0,0.6111111111111112,0.0,0.0,0.6111111111111112,0.18333333333333335,2798
ulkaa| indian| superhero| teaser| dksu,,,,,,,,,,1.0,4152757.0,4152757.0,62678.0,4527.0,2026-09-27,0.01618322478295744,0,0,1,1,0,0,1,0.0,0.0,1.0161832247829574,1.0161832247829574,0.3048549674348872,1252
ultimate| grind| godlsaum4y,,,,,,,,,,1.0,366254.0,366254.0,11669.0,25.0,2026-09-29,0.03192866152997646,0,0,1,1,0,0,1,0.0,0.0,1.0319286615299765,1.0319286615299765,0.30957859845899294,709
umesh |  murder |  accused,1.0,1.0,75.0,153.0,2026-10-05 11:16:22,67.43570894888889,,,,,,,,,,,1,0,0,1,0,0,0,0.6111111111111112,0.0,0.0,0.6111111111111112,0.18333333333333335,2798
unable |  distinguish |  between,1.0,1.0,84.0,103.0,2026-10-07 04:24:20,26.30293117111111,,,,,,,,,,,1,0,0,1,0,0,0,0.6111111111111112,0.0,0.0,0.6111111111111112,0.18333333333333335,2798
unacceptable |  india |  sailor,1.0,1.0,74.0,56.0,2026-10-06 03:47:51,50.91098672666667,,,,,,,,,,,1,0,0,1,0,0,0,0.6111111111111112,0.0,0.0,0.6111111111111112,0.18333333333333335,2798
unbeaten |  only |  just,1.0,1.0,76.0,73.0,2026-10-01 09:11:06,165.52348672666668,,,,,,,,,,,1,0,0,1,0,0,0,0.6111111111111112,0.0,0.0,0.6111111111111112,0.18333333333333335,2798
unchanged |  india |  asian,1.0,1.0,80.0,80.0,2026-10-04 06:19:38,96.38126450444445,,,,,,,,,,,1,0,0,1,0,0,0,0.6111111111111112,0.0,0.0,0.6111111111111112,0.18333333333333335,2798
uncha| nicha| rasta| haryanvi| 2026| bharti| choudhary| viral,,,,,,,,,,2.0,380494.0,760988.0,916.0,12.0,2026-10-04,0.0024389346481153446,0,0,1,1,0,0,0,0.0,0.0,2.0024389346481155,2.0024389346481155,0.6007316803944346,160
uncha| nicha| rasta| haryanvi| viral| 2026| raj| mawar,,,,,,,,,,1.0,315775.0,315775.0,731.0,8.0,2026-09-29,0.002340273929221756,0,0,1,1,0,0,0,0.0,0.0,1.0023402739292218,1.0023402739292218,0.30070208217876654,2574
uncle| kicked| out| his| house| indian| theft| auto,,,,,,,,,,1.0,234686.0,234686.0,994.0,43.0,2026-09-11,0.004418670052751336,0,0,1,1,0,0,0,0.0,0.0,1.0044186700527513,1.0044186700527513,0.3013256010158254,2204
undp |  generali |  central,1.0,1.0,140.0,140.0,2026-10-07 06:28:49,24.228208948888888,,,,,,,,,,,1,0,0,1,0,0,0,0.6111111111111112,0.0,0.0,0.6111111111111112,0.18333333333333335,2798
unlocked| divine| pets| steal| egg| roblox,,,,,,,,,,1.0,340602.0,340602.0,5367.0,1803.0,2026-09-27,0.02105096270720665,0,0,1,1,0,0,1,0.0,0.0,1.0210509627072066,1.0210509627072066,0.30631528881216197,1044
unlocked| every| crate| weapon| skin| case| roblox| rivals,,,,,,,,,,1.0,429325.0,429325.0,6850.0,1933.0,2026-09-20,0.020457695219239503,0,0,1,1,0,0,1,0.0,0.0,1.0204576952192395,1.0204576952192395,0.3061373085657718,1064
unlocked| most| rarest| cthulu| egg| steal| roblox,,,,,,,,,,1.0,491597.0,491597.0,7948.0,4761.0,2026-09-17,0.025852476723820527,0,0,1,1,0,0,1,0.0,0.0,1.0258524767238206,1.0258524767238206,0.3077557430171462,872
unseen| event| free| rewards| fire| max,,,,,,,,,,1.0,76073.0,76073.0,5157.0,703.0,2026-10-05,0.07703127259343,0,0,1,1,0,0,1,0.0,0.0,1.07703127259343,1.07703127259343,0.32310938177802895,278
upcoming| mystery| shop| free| fire| max,,,,,,,,,,1.0,63998.0,63998.0,5419.0,477.0,2026-09-29,0.09212787899621863,0,0,1,1,0,0,1,0.0,0.0,1.0921278789962185,1.0921278789962185,0.32763836369886556,256
updates |  india |  bloc,1.0,1.0,91.0,91.0,2026-10-08 06:38:34,0.06570894888888888,,,,,,,,,,,1,0,0,1,1,0,0,0.6111111111111112,0.0,0.0,0.6111111111111112,0.18333333333333335,2798
update| free| fire| naruto| bundle| kya| garena| max,,,,,,,,,,1.0,452836.0,452836.0,18443.0,2290.0,2026-09-16,0.04578478742856133,0,0,1,1,0,0,1,0.0,0.0,1.0457847874285613,1.0457847874285613,0.31373543622856837,425
update| kills| challenge| 1vs4| bgmi| pubg| bgminewupdate,,,,,,,,,,1.0,295070.0,295070.0,2595.0,3.0,2026-09-16,0.008804690412444504,0,0,1,1,0,0,0,0.0,0.0,1.0088046904124446,1.0088046904124446,0.3026414071237334,1732
update| spider| fighter| battle| pass| codes,,,,,,,,,,1.0,258898.0,258898.0,11270.0,2726.0,2026-09-16,0.05405990003785274,0,0,1,1,0,0,1,0.0,0.0,1.0540599000378528,1.0540599000378528,0.3162179700113558,351
upgraded| slowest| fastest| cars| gta,,,,,,,,,,1.0,117412.0,117412.0,2179.0,1564.0,2026-10-03,0.031879194630872486,0,0,1,1,0,0,1,0.0,0.0,1.0318791946308725,1.0318791946308725,0.30956375838926176,711
upgrade| vehicle| win| shinchan| nobita,,,,,,,,,,1.0,2790341.0,2790341.0,10738.0,678.0,2026-09-28,0.004091256229973326,0,0,1,1,0,0,0,0.0,0.0,1.0040912562299733,1.0040912562299733,0.301227376868992,2257
upgrading| all| owned| evo| guns| funwithsrbyt| freefire| evogun,,,,,,,,,,1.0,125750.0,125750.0,8058.0,298.0,2026-09-20,0.0664493041749503,0,0,1,1,0,0,1,0.0,0.0,1.0664493041749503,1.0664493041749503,0.3199347912524851,306
upgrading| dirt| island| gold,,,,,,,,,,1.0,106641.0,106641.0,1913.0,99.0,2026-10-05,0.018867039881471478,0,0,1,1,0,0,1,0.0,0.0,1.0188670398814714,1.0188670398814714,0.3056601119644414,1139
upgrading| plane| 8889| 759| 448| roblox,,,,,,,,,,1.0,236094.0,236094.0,2262.0,161.0,2026-09-19,0.010262861402661652,0,0,1,1,0,0,0,0.0,0.0,1.0102628614026616,1.0102628614026616,0.30307885842079846,1608
upgrading| turbo| spider| man| gta,,,,,,,,,,1.0,429554.0,429554.0,3981.0,94.0,2026-09-10,0.009486583758968605,0,0,1,1,0,0,0,0.0,0.0,1.0094865837589686,1.0094865837589686,0.30284597512769057,1683
upsc |  editorial |  analysis,1.0,1.0,74.0,74.0,2026-10-05 06:12:26,72.50126450444445,,,,,,,,,,,1,0,0,1,0,0,0,0.6111111111111112,0.0,0.0,0.6111111111111112,0.18333333333333335,2798
upstox login,,,,,,,100.0,1.0,1.0,,,,,,,,0,1,0,1,0,1,0,0.0,1.5,0.0,1.5,0.6000000000000001,174
urdu |  festival |  vidhana,1.0,1.0,48.0,303.0,2026-10-02 02:19:00,148.39182006000001,,,,,,,,,,,1,0,0,1,0,0,0,0.6111111111111112,0.0,0.0,0.6111111111111112,0.18333333333333335,2798
uruguay |  cricket |  eden,1.0,1.0,80.0,355.0,2026-10-05 03:37:37,75.08154228222222,,,,,,,,,,,1,0,0,1,0,0,0,0.6111111111111112,0.0,0.0,0.6111111111111112,0.18333333333333335,2798
used| anime| voices| troll| random| players,,,,,,,,,,1.0,242258.0,242258.0,12418.0,622.0,2026-09-14,0.053826911804770124,0,0,1,1,0,0,1,0.0,0.0,1.05382691180477,1.05382691180477,0.316148073541431,353
used| clones| steal| eggs| roblox,,,,,,,,,,1.0,261382.0,261382.0,3979.0,267.0,2026-10-03,0.01624442387004461,0,0,1,1,0,0,1,0.0,0.0,1.0162444238700445,1.0162444238700445,0.30487332716101334,1248
used| invisible| hacks| steal| egg| hide| seek| challenge,,,,,,,,,,1.0,595980.0,595980.0,10489.0,5000.0,2026-10-03,0.02598912715191785,0,0,1,1,0,0,1,0.0,0.0,1.025989127151918,1.025989127151918,0.30779673814557534,868
used| sonic| troll| noobs| roblox| rivals,,,,,,,,,,1.0,344675.0,344675.0,4450.0,412.0,2026-09-29,0.014106041923551171,0,0,1,1,0,0,1,0.0,0.0,1.0141060419235512,1.0141060419235512,0.3042318125770654,1346
used| tnt| mine| whole| world| roblox,,,,,,,,,,1.0,337219.0,337219.0,2856.0,196.0,2026-09-17,0.009050498340840818,0,0,1,1,0,0,0,0.0,0.0,1.0090504983408408,1.0090504983408408,0.30271514950225226,1720
used| tnt| mine| world| roblox,,,,,,,,,,1.0,188893.0,188893.0,2964.0,2097.0,2026-09-10,0.02679294627116939,0,0,1,1,0,0,1,0.0,0.0,1.0267929462711693,1.0267929462711693,0.3080378838813508,844
users |  delete |  apple,1.0,1.0,77.0,75.0,2026-10-06 05:48:20,48.90293117111111,,,,,,,,,,,1,0,0,1,0,0,0,0.6111111111111112,0.0,0.0,0.6111111111111112,0.18333333333333335,2798
using| glitches| get| illegal| pets| steal| egg,,,,,,,,,,1.0,170081.0,170081.0,3422.0,1136.0,2026-10-05,0.026798995772602467,0,0,1,1,0,0,1,0.0,0.0,1.0267989957726025,1.0267989957726025,0.3080396987317807,843
using| scanner| find| female| scary| entity| secrets| minecraft,,,,,,,,,,1.0,543293.0,543293.0,7333.0,305.0,2026-10-03,0.014058712333860366,0,0,1,1,0,0,1,0.0,0.0,1.0140587123338605,1.0140587123338605,0.30421761370015815,1350
using| weapons| troll| friends| rivals,,,,,,,,,,1.0,86204.0,86204.0,827.0,75.0,2026-09-23,0.01046355157533293,0,0,1,1,0,0,0,0.0,0.0,1.0104635515753329,1.0104635515753329,0.30313906547259983,1590
uttarakhand |  directs |  votes,1.0,1.0,81.0,161.0,2026-09-30 11:20:43,187.3632089488889,,,,,,,,,,,1,0,0,1,0,0,0,0.6111111111111112,0.0,0.0,0.6111111111111112,0.18333333333333335,2798
uyire| tamil| vishwanath| sons| suriya| mamitha| baiju| prakash,,,,,,,,,,1.0,495310.0,495310.0,3593.0,104.0,2026-09-10,0.007464012436655832,0,0,1,1,0,0,0,0.0,0.0,1.0074640124366558,1.0074640124366558,0.3022392037309967,1834
vaanmathi| music| shabir| sulthan| chinmayi| sripada| muzammil| elias,,,,,,,,,,1.0,740011.0,740011.0,24338.0,781.0,2026-09-12,0.03394409002028348,0,0,1,1,0,0,1,0.0,0.0,1.0339440900202834,1.0339440900202834,0.310183227006085,654
vaazhve| maayam| lyric| bachelor| party| eux| amal| neerad,,,,,,,,,,1.0,2064407.0,2064407.0,12971.0,974.0,2026-10-01,0.006754966438304075,0,0,1,1,0,0,0,0.0,0.0,1.006754966438304,1.006754966438304,0.30202648993149117,1893
vahalu| taru| nom| gaman| santhal| gujarati| 2026,,,,,,,,,,1.0,80584.0,80584.0,2403.0,95.0,2026-10-02,0.030998709421225058,0,0,1,1,0,0,1,0.0,0.0,1.030998709421225,1.030998709421225,0.3092996128263675,735
vaibhav |  sooryavanshi |  named,1.0,1.0,60.0,55.0,2026-10-01 06:09:10,168.5557089488889,,,,,,,,,,,1,0,0,1,0,0,0,0.6111111111111112,0.0,0.0,0.6111111111111112,0.18333333333333335,2798
vair| amrit| maan| thiarajxtt| latest| punjabi| songs| 2026,,,,,,,,,,1.0,2898544.0,2898544.0,10583.0,333.0,2026-09-28,0.0037660287371866705,0,0,1,1,0,0,0,0.0,0.0,1.0037660287371866,1.0037660287371866,0.30112980862115596,2317
vajat| gajat| gavlok| ninglay| pithorila| anala| pithori| 2026,,,,,,,,,,1.0,20879.0,20879.0,121.0,9.0,2026-09-07,0.0062263518367737915,0,0,1,1,0,0,0,0.0,0.0,1.0062263518367738,1.0062263518367738,0.3018679055510321,1950
valiyudheen| faizy| vazhakkad| noore| ajmeer| majlis| 2096,,,,,,,,,,1.0,101936.0,101936.0,7481.0,3.0,2026-09-25,0.07341861560194632,0,0,1,1,0,0,1,0.0,0.0,1.0734186156019463,1.0734186156019463,0.3220255846805839,290
valiyudheen| faizy| vazhakkad| noore| ajmeer| majlis| 2099,,,,,,,,,,1.0,91782.0,91782.0,7787.0,6.0,2026-09-28,0.08490771610991261,0,0,1,1,0,0,1,0.0,0.0,1.0849077161099125,1.0849077161099125,0.32547231483297373,264
valiyudheen| faizy| vazhakkad| noore| ajmeer| majlis| 2103,,,,,,,,,,1.0,90913.0,90913.0,7605.0,12.0,2026-10-02,0.0837833973139155,0,0,1,1,0,0,1,0.0,0.0,1.0837833973139155,1.0837833973139155,0.32513501919417465,267
valiyudheen| faizy| vazhakkad| noore| ajmeer| majlis| 2107,,,,,,,,,,1.0,99260.0,99260.0,6872.0,27.0,2026-10-06,0.06950433205722345,0,0,1,1,0,0,1,0.0,0.0,1.0695043320572235,1.0695043320572235,0.320851299617167,298
valobasar| dhoron| vala| biswajeeta| deb| manchu| dada,,,,,,,,,,1.0,169904.0,169904.0,4856.0,573.0,2026-09-28,0.03195333835577738,0,0,1,1,0,0,1,0.0,0.0,1.0319533383557773,1.0319533383557773,0.30958600150673315,706
valorant| champions| shanghai| group| stage| day,,,,,,,,,,1.0,1996782.0,1996782.0,15554.0,20.0,2026-09-29,0.007799549475105445,0,0,1,1,0,0,0,0.0,0.0,1.0077995494751055,1.0077995494751055,0.30233986484253167,1809
valorant| champions| shanghai| opening| day,,,,,,,,,,1.0,1738706.0,1738706.0,17073.0,25.0,2026-09-24,0.009833749926669603,0,0,1,1,0,0,0,0.0,0.0,1.0098337499266696,1.0098337499266696,0.3029501249780009,1650
vance |  iran |  capacity,1.0,1.0,71.0,431.0,2026-10-07 04:25:07,26.289875615555555,,,,,,,,,,,1,0,0,1,0,0,0,0.6111111111111112,0.0,0.0,0.6111111111111112,0.18333333333333335,2798
vance |  says |  flydubai,1.0,1.0,76.0,76.0,2026-10-05 19:07:47,59.57876450444445,,,,,,,,,,,1,0,0,1,0,0,0,0.6111111111111112,0.0,0.0,0.6111111111111112,0.18333333333333335,2798
vanga| spirit| review| challenge| yogipedia| 279| yogi| bolta,,,,,,,,,,1.0,655153.0,655153.0,14380.0,564.0,2026-09-14,0.022809939052404554,0,0,1,1,0,0,1,0.0,0.0,1.0228099390524046,1.0228099390524046,0.3068429817157214,980
varalakshmi| songs| telugu| lakshmi| devi,,,,,,,,,,1.0,4009.0,4009.0,25.0,0.0,2026-09-24,0.006235969069593414,0,0,1,1,0,0,0,0.0,0.0,1.0062359690695934,1.0062359690695934,0.301870790720878,1947
varavu| joju| george| arjun| ashokan| shaji| kailas| watch,,,,,,,,,,1.0,1248539.0,1248539.0,857.0,35.0,2026-09-07,0.00071443503166501,0,0,1,1,0,0,0,0.0,0.0,1.000714435031665,1.000714435031665,0.30021433050949947,2712
varinder| brar| big| poppa| music| latest| punjabi| songs,,,,,,,,,,1.0,2332737.0,2332737.0,12343.0,408.0,2026-10-02,0.005466111267579671,0,0,1,1,0,0,0,0.0,0.0,1.0054661112675796,1.0054661112675796,0.30163983338027384,2037
vasudhaiva| kutumbakam| title| teaser| dhruva| sarja| nanda| sudhir,,,,,,,,,,1.0,4699457.0,4699457.0,23421.0,895.0,2026-10-06,0.00517421480822146,0,0,1,1,0,0,0,0.0,0.0,1.0051742148082214,1.0051742148082214,0.3015522644424664,2075
vasu| gamer| finally| live| shorts| freefire,,,,,,,,,,4.0,776206.75,3104827.0,24478.25,107.75,2026-10-04,0.031674550627136394,0,0,1,1,0,0,1,0.0,0.0,4.0316745506271365,4.0316745506271365,1.209502365188141,55
vct| pacific| stage| grand| finals| vctwatchparty,,,,,,,,,,1.0,247461.0,247461.0,11892.0,47.0,2026-09-06,0.048245986236215,0,0,1,1,0,0,1,0.0,0.0,1.048245986236215,1.048245986236215,0.3144737958708645,404
veeramani |  abetment |  suicide,1.0,1.0,54.0,211.0,2026-10-01 02:31:00,172.19182006,,,,,,,,,,,1,0,0,1,0,0,0,0.6111111111111112,0.0,0.0,0.6111111111111112,0.18333333333333335,2798
veer| bajrangi| hanuman| bhajan| 2026,,,,,,,,,,1.0,40879.0,40879.0,438.0,0.0,2026-09-27,0.010714547811834927,0,0,1,1,0,0,0,0.0,0.0,1.010714547811835,1.010714547811835,0.3032143643435505,1574
vehicles |  mlas |  residence,1.0,1.0,86.0,142.0,2026-09-30 14:29:47,184.21209783777778,,,,,,,,,,,1,0,0,1,0,0,0,0.6111111111111112,0.0,0.0,0.6111111111111112,0.18333333333333335,2798
venkateswara| suprabhatam| original| lyrics| subbulakshmi| tirumala| songs,,,,,,,,,,1.0,23327.0,23327.0,107.0,1.0,2026-09-25,0.004629828096197539,0,0,1,1,0,0,0,0.0,0.0,1.0046298280961976,1.0046298280961976,0.30138894842885927,2161
venom| hulk| strongest| gta,,,,,,,,,,1.0,403783.0,403783.0,2353.0,22.0,2026-09-17,0.005881872193727819,0,0,1,1,0,0,0,0.0,0.0,1.0058818721937277,1.0058818721937277,0.3017645616581183,1991
ventilator| presented| priyanka| chopra| rajesh| mapuskar| ganesh| chaturthi,,,,,,,,,,1.0,146996.0,146996.0,805.0,9.0,2026-09-12,0.005537565648044845,0,0,1,1,0,0,0,0.0,0.0,1.0055375656480448,1.0055375656480448,0.3016612696944134,2027
very |  difficult |  give,1.0,1.0,83.0,83.0,2026-10-05 04:36:03,74.10765339333332,,,,,,,,,,,1,0,0,1,0,0,0,0.6111111111111112,0.0,0.0,0.6111111111111112,0.18333333333333335,2798
vessel |  oman |  coast,1.0,1.0,86.0,133.0,2026-10-06 11:01:20,43.686264504444445,,,,,,,,,,,1,0,0,1,0,0,0,0.6111111111111112,0.0,0.0,0.6111111111111112,0.18333333333333335,2798
vfx| aman| horror| story,,,,,,,,,,1.0,5042620.0,5042620.0,7573.0,0.0,2026-09-30,0.0015017986681526666,0,0,1,1,0,0,0,0.0,0.0,1.0015017986681527,1.0015017986681527,0.3004505396004458,2669
vibe| cinemas| september| kunal| kemmu| preity| zinta| sparsh,,,,,,,,,,1.0,38547256.0,38547256.0,93246.0,3807.0,2026-09-02,0.0025177667639948225,0,0,1,1,0,0,0,0.0,0.0,1.0025177667639948,1.0025177667639948,0.30075533002919846,2548
vibe| venuma| meesaya| murukku,,,,,,,,,,1.0,152190.0,152190.0,3002.0,34.0,2026-09-23,0.019948748275182338,0,0,1,1,0,0,1,0.0,0.0,1.0199487482751823,1.0199487482751823,0.3059846244825547,1091
vibe| venuma| music| meesaya| murukku| hiphop| tamizha| siddhu,,,,,,,,,,1.0,7607255.0,7607255.0,107108.0,2282.0,2026-09-23,0.014379694120941127,0,0,1,1,0,0,1,0.0,0.0,1.014379694120941,1.014379694120941,0.3043139082362823,1331
victims |  families |  nightclub,1.0,1.0,79.0,145.0,2026-09-30 13:30:46,185.1957089488889,,,,,,,,,,,1,0,0,1,0,0,0,0.6111111111111112,0.0,0.0,0.6111111111111112,0.18333333333333335,2798
video,,,,,,,85.0,1.0,0.85,,,,,,,,0,1,0,1,0,1,0,0.0,1.35,0.0,1.35,0.54,188
video film,,,,,,,81.0,1.0,0.81,,,,,,,,0,1,0,1,0,1,0,0.0,1.31,0.0,1.31,0.524,191
video |  lift |  mumbai,1.0,1.0,78.0,75.0,2026-10-08 02:14:40,4.4640422822222225,,,,,,,,,,,1,0,0,1,1,0,0,0.6111111111111112,0.0,0.0,0.6111111111111112,0.18333333333333335,2798
video |  traffic |  central,1.0,1.0,75.0,75.0,2026-10-06 05:57:09,48.75598672666667,,,,,,,,,,,1,0,0,1,0,0,0,0.6111111111111112,0.0,0.0,0.6111111111111112,0.18333333333333335,2798
vighnaharta| antim| final| truth| salman| khan| aayush| ganesh,,,,,,,,,,1.0,118522.0,118522.0,1067.0,13.0,2026-09-13,0.00911223232817536,0,0,1,1,0,0,0,0.0,0.0,1.0091122323281754,1.0091122323281754,0.3027336696984526,1717
vijay |  takes |  roadshow,1.0,1.0,86.0,86.0,2026-10-04 09:57:25,92.75154228222222,,,,,,,,,,,1,0,0,1,0,0,0,0.6111111111111112,0.0,0.0,0.6111111111111112,0.18333333333333335,2798
vijay| rajput| sunil| sharma| dhingadiya| krishna| bhajan| janmashtami,,,,,,,,,,1.0,1078127.0,1078127.0,9971.0,481.0,2026-08-31,0.009694590711483897,0,0,1,1,0,0,0,0.0,0.0,1.0096945907114838,1.0096945907114838,0.30290837721344516,1662
village |  committee |  arrested,1.0,1.0,96.0,177.0,2026-10-01 13:01:16,161.68737561555557,,,,,,,,,,,1,0,0,1,0,0,0,0.6111111111111112,0.0,0.0,0.6111111111111112,0.18333333333333335,2798
vinayagar| chathurthi| 2026| most| powerful| bakthi| padalgal| kavasam,,,,,,,,,,1.0,61391.0,61391.0,330.0,3.0,2026-09-13,0.005424247853919956,0,0,1,1,0,0,0,0.0,0.0,1.00542424785392,1.00542424785392,0.301627274356176,2043
vinayagar| chaturthi| 2026| ganapathi| special| devotional| songs| tamil,,,,,,,,,,1.0,189267.0,189267.0,833.0,19.0,2026-09-12,0.004501577137060344,0,0,1,1,0,0,0,0.0,0.0,1.0045015771370605,1.0045015771370605,0.3013504731411181,2187
vinayagar| chaturthi| 2026| pillaiyar| patti| karpaga| bakthi| padalgal,,,,,,,,,,1.0,375736.0,375736.0,827.0,14.0,2026-09-13,0.002238273681521068,0,0,1,1,0,0,0,0.0,0.0,1.002238273681521,1.002238273681521,0.30067148210445627,2590
vinayagar| chaturthi| special| onbathu| kolum| ganapathi| tamil| bhakti,,,,,,,,,,1.0,359289.0,359289.0,809.0,25.0,2026-09-13,0.0023212511376635523,0,0,1,1,0,0,0,0.0,0.0,1.0023212511376636,1.0023212511376636,0.30069637534129906,2578
vinayagar| manasasmarami,,,,,,,,,,1.0,103160.0,103160.0,303.0,5.0,2026-09-29,0.0029856533540131834,0,0,1,1,0,0,0,0.0,0.0,1.0029856533540131,1.0029856533540131,0.3008956960062039,2461
vinayaka| chavithi| special,,,,,,,,,,1.0,19293.0,19293.0,106.0,2.0,2026-09-12,0.005597885243352511,0,0,1,1,0,0,0,0.0,0.0,1.0055978852433525,1.0055978852433525,0.30167936557300573,2020
vinayaka| chavithi| special| songs| telugu| ganesh,,,,,,,,,,1.0,30461.0,30461.0,97.0,3.0,2026-09-13,0.0032828863136469583,0,0,1,1,0,0,0,0.0,0.0,1.003282886313647,1.003282886313647,0.30098486589409407,2395
vinayaka| folk| songs| telugu| ganapathi| devotional,,,,,,,,,,1.0,4092.0,4092.0,36.0,1.0,2026-09-21,0.009042033235581623,0,0,1,1,0,0,0,0.0,0.0,1.0090420332355816,1.0090420332355816,0.30271260997067445,1722
vinay| tiwari| mai| dukh| samaiya| bhakti| 2026,,,,,,,,,,1.0,46652.0,46652.0,1542.0,63.0,2026-10-03,0.034403669724770644,0,0,1,1,0,0,1,0.0,0.0,1.0344036697247707,1.0344036697247707,0.3103211009174312,644
vinay| tiwari| navratri| bhojpuri| devigeet| 2026,,,,,,,,,,1.0,122586.0,122586.0,4186.0,221.0,2026-10-01,0.0359502716460281,0,0,1,1,0,0,1,0.0,0.0,1.035950271646028,1.035950271646028,0.3107850814938084,602
vingansa| drishyam| conclusion| ajay| devgn| jaideep| abhishek| ravi,,,,,,,,,,1.0,15071321.0,15071321.0,101599.0,3610.0,2026-09-17,0.006980741767758779,0,0,1,1,0,0,0,0.0,0.0,1.0069807417677588,1.0069807417677588,0.30209422253032764,1873
vini |  endrick |  contribute,1.0,1.0,87.0,87.0,2026-10-04 06:19:38,96.38126450444445,,,,,,,,,,,1,0,0,1,0,0,0,0.6111111111111112,0.0,0.0,0.6111111111111112,0.18333333333333335,2798
viral| khatu| shyam| bhajan| 2026| trending| viralvideo,,,,,,,,,,1.0,22666.0,22666.0,131.0,4.0,2026-09-24,0.005956057531103856,0,0,1,1,0,0,0,0.0,0.0,1.005956057531104,1.005956057531104,0.30178681725933115,1983
viral| paramparik| teej| geet,,,,,,,,,,1.0,62279.0,62279.0,169.0,4.0,2026-09-09,0.0027778223799354517,0,0,1,1,0,0,0,0.0,0.0,1.0027778223799355,1.0027778223799355,0.30083334671398065,2508
viral| raushan| rohi| neha| jha| daru| mafia| maghi,,,,,,,,,,1.0,502217.0,502217.0,7477.0,111.0,2026-09-09,0.01510900666444983,0,0,1,1,0,0,1,0.0,0.0,1.01510900666445,1.01510900666445,0.30453270199933496,1298
virat |  kohli |  tendulkar,1.0,1.0,74.0,438.0,2026-10-06 00:30:00,54.20848672666667,,,,,,,,,,,1,0,0,1,0,0,0,0.6111111111111112,0.0,0.0,0.6111111111111112,0.18333333333333335,2798
vishwakarma| amritwani| chalisa| aarti| jayanti,,,,,,,,,,1.0,80238.0,80238.0,846.0,44.0,2026-09-17,0.011092001296143971,0,0,1,1,0,0,1,0.0,0.0,1.011092001296144,1.011092001296144,0.30332760038884315,1543
vishwakarma| baba| geet| chandani| yadav| bhakti| gana| 2026,,,,,,,,,,1.0,98175.0,98175.0,745.0,14.0,2026-09-15,0.00773109243697479,0,0,1,1,0,0,0,0.0,0.0,1.007731092436975,1.007731092436975,0.30231932773109244,1813
vishwakarma| puja| 2026| amrita| dixit,,,,,,,,,,1.0,61298.0,61298.0,425.0,19.0,2026-09-16,0.007243303207282456,0,0,1,1,0,0,0,0.0,0.0,1.0072433032072825,1.0072433032072825,0.30217299096218475,1857
vishwakarma| puja| 2026| ashish| yadav| rani| raj,,,,,,,,,,1.0,43626.0,43626.0,461.0,26.0,2026-09-11,0.011163067895291798,0,0,1,1,0,0,1,0.0,0.0,1.0111630678952919,1.0111630678952919,0.30334892036858757,1540
vishwakarma| puja| 2026| ashish| yadav| rani| raj| baba,,,,,,,,,,1.0,238230.0,238230.0,1130.0,20.0,2026-09-15,0.0048272677664441925,0,0,1,1,0,0,0,0.0,0.0,1.0048272677664443,1.0048272677664443,0.30144818032993326,2131
vishwakarma| puja| 2026| baba,,,,,,,,,,1.0,321269.0,321269.0,1205.0,50.0,2026-09-16,0.003906383746953487,0,0,1,1,0,0,0,0.0,0.0,1.0039063837469535,1.0039063837469535,0.30117191512408603,2290
vishwakarma| puja| 2026| dharmendra| nirmalya| banshidhar| chaudhary,,,,,,,,,,1.0,213393.0,213393.0,990.0,18.0,2026-09-10,0.004723678846072739,0,0,1,1,0,0,0,0.0,0.0,1.0047236788460727,1.0047236788460727,0.3014171036538218,2146
vishwakarma| puja| 2026| mahima| mahan| bate,,,,,,,,,,2.0,504020.5,1008041.0,4545.0,170.0,2026-09-16,0.00935477822826651,0,0,1,1,0,0,0,0.0,0.0,2.0093547782282664,2.0093547782282664,0.6028064334684798,112
vishwakarma| puja| aarti| 2026,,,,,,,,,,1.0,101537.0,101537.0,539.0,31.0,2026-09-17,0.005613717167141042,0,0,1,1,0,0,0,0.0,0.0,1.005613717167141,1.005613717167141,0.3016841151501423,2018
vishwakarma| puja| bhajan| 2026,,,,,,,,,,1.0,41601.0,41601.0,193.0,13.0,2026-09-16,0.0049518040431720395,0,0,1,1,0,0,0,0.0,0.0,1.004951804043172,1.004951804043172,0.30148554121295157,2109
vishwanath| sons| hindi| suriya| mamitha| baiju| netflix| india,,,,,,,,,,1.0,4915134.0,4915134.0,22795.0,694.0,2026-09-11,0.004778913453834626,0,0,1,1,0,0,0,0.0,0.0,1.0047789134538345,1.0047789134538345,0.30143367403615035,2138
vishwkarma| puja| katha| pal| vishvkarma| vrat,,,,,,,,,,1.0,37591.0,37591.0,256.0,13.0,2026-09-16,0.007155968183873799,0,0,1,1,0,0,0,0.0,0.0,1.0071559681838738,1.0071559681838738,0.30214679045516213,1865
vision |  diabetes |  india,1.0,1.0,81.0,405.0,2026-10-07 23:33:00,7.158486726666666,,,,,,,,,,,1,0,0,1,1,0,0,0.6111111111111112,0.0,0.0,0.6111111111111112,0.18333333333333335,2798
visiting| year| old| minecraft| world,,,,,,,,,,1.0,244110.0,244110.0,8509.0,734.0,2026-09-29,0.037864077669902914,0,0,1,1,0,0,1,0.0,0.0,1.0378640776699029,1.0378640776699029,0.3113592233009708,562
vismaya| mohanlal| thudakkam| aashish| joe| antony| jude| anthany,,,,,,,,,,1.0,108246.0,108246.0,327.0,8.0,2026-09-16,0.00309480257931009,0,0,1,1,0,0,0,0.0,0.0,1.00309480257931,1.00309480257931,0.300928440773793,2441
vithya |  ramrajs |  record,1.0,1.0,79.0,79.0,2026-10-04 06:19:38,96.38126450444445,,,,,,,,,,,1,0,0,1,0,0,0,0.6111111111111112,0.0,0.0,0.6111111111111112,0.18333333333333335,2798
voice |  company |  elevenlabs,1.0,1.0,92.0,89.0,2026-10-07 05:50:30,24.86682006,,,,,,,,,,,1,0,0,1,0,0,0,0.6111111111111112,0.0,0.0,0.6111111111111112,0.18333333333333335,2798
voices |  against |  electoral,1.0,1.0,76.0,95.0,2026-10-01 05:28:52,169.22737561555556,,,,,,,,,,,1,0,0,1,0,0,0,0.6111111111111112,0.0,0.0,0.6111111111111112,0.18333333333333335,2798
vol| radha| ashtami| mithe| bhajan,,,,,,,,,,1.0,43171.0,43171.0,244.0,9.0,2026-09-18,0.005860415556739478,0,0,1,1,0,0,0,0.0,0.0,1.0058604155567394,1.0058604155567394,0.30175812466702184,1995
voter |  assembly |  elections,1.0,1.0,97.0,116.0,2026-10-04 19:48:07,82.90654228222222,,,,,,,,,,,1,0,0,1,0,0,0,0.6111111111111112,0.0,0.0,0.6111111111111112,0.18333333333333335,2798
vrushakarma| teaser| telugu| naga| chaitanya| karthik| dandu| meenakshi,,,,,,,,,,1.0,1015271.0,1015271.0,6339.0,103.0,2026-09-10,0.0063451039180671956,0,0,1,1,0,0,0,0.0,0.0,1.006345103918067,1.006345103918067,0.3019035311754201,1934
vvaan| reaction| suraj| kumar,,,,,,,,,,1.0,88146.0,88146.0,2999.0,397.0,2026-09-16,0.03852698931318494,0,0,1,1,0,0,1,0.0,0.0,1.038526989313185,1.038526989313185,0.31155809679395546,542
vvaan| sidharth| malhotra| tamannaah| cinemas| 25th| sept| 2026,,,,,,,,,,2.0,11832392.0,23664784.0,50510.0,1387.5,2026-09-24,0.004386053132790057,0,0,1,1,0,0,0,0.0,0.0,2.00438605313279,2.00438605313279,0.601315815939837,136
waited| perfect| moment,,,,,,,,,,1.0,77888.0,77888.0,187.0,5.0,2026-10-06,0.0024650780608052587,0,0,1,1,0,0,0,0.0,0.0,1.0024650780608053,1.0024650780608053,0.30073952341824156,2556
waiting| hai| divyenndu| sharma| bhuvan| arora| harshita| gaur,,,,,,,,,,1.0,4847760.0,4847760.0,4606.0,197.0,2026-09-10,0.0009907668696470123,0,0,1,1,0,0,0,0.0,0.0,1.000990766869647,1.000990766869647,0.3002972300608941,2700
wali| laiki,,,,,,,,,,1.0,340769.0,340769.0,4859.0,0.0,2026-09-29,0.014258926134712958,0,0,1,1,0,0,1,0.0,0.0,1.014258926134713,1.014258926134713,0.3042776778404139,1338
wali| laiki| nishant| mukta| popstar| hindi| vol| alright,,,,,,,,,,1.0,3555438.0,3555438.0,60988.0,1790.0,2026-10-03,0.017656896281133296,0,0,1,1,0,0,1,0.0,0.0,1.0176568962811332,1.0176568962811332,0.30529706888433994,1183
wall |  street |  billion,1.0,1.0,74.0,74.0,2026-10-05 06:12:26,72.50126450444445,,,,,,,,,,,1,0,0,1,0,0,0,0.6111111111111112,0.0,0.0,0.6111111111111112,0.18333333333333335,2798
wall |  streets |  billion,1.0,1.0,82.0,82.0,2026-10-05 06:12:26,72.50126450444445,,,,,,,,,,,1,0,0,1,0,0,0,0.6111111111111112,0.0,0.0,0.6111111111111112,0.18333333333333335,2798
want |  justice |  series,1.0,1.0,90.0,90.0,2026-10-01 06:33:17,168.15376450444447,,,,,,,,,,,1,0,0,1,0,0,0,0.6111111111111112,0.0,0.0,0.6111111111111112,0.18333333333333335,2798
want |  stream |  india,1.0,1.0,119.0,119.0,2026-10-03 05:44:55,120.95987561555555,,,,,,,,,,,1,0,0,1,0,0,0,0.6111111111111112,0.0,0.0,0.6111111111111112,0.18333333333333335,2798
wanted |  study |  business,1.0,1.0,81.0,81.0,2026-10-01 04:36:48,170.09515339333333,,,,,,,,,,,1,0,0,1,0,0,0,0.6111111111111112,0.0,0.0,0.6111111111111112,0.18333333333333335,2798
warring |  position |  punjab,1.0,1.0,84.0,134.0,2026-10-01 16:55:19,157.78654228222223,,,,,,,,,,,1,0,0,1,0,0,0,0.6111111111111112,0.0,0.0,0.6111111111111112,0.18333333333333335,2798
wasting| all| diamonds| spinning| naruto| events| dhanu| dino,,,,,,,,,,1.0,141625.0,141625.0,17738.0,1181.0,2026-09-26,0.13358517210944396,0,0,1,1,0,0,1,0.0,0.0,1.1335851721094439,1.1335851721094439,0.34007555163283315,235
watched |  crash |  investigation,1.0,1.0,83.0,83.0,2026-10-01 01:56:55,172.75987561555556,,,,,,,,,,,1,0,0,1,0,0,0,0.6111111111111112,0.0,0.0,0.6111111111111112,0.18333333333333335,2798
watched| gladiators| film| theatre| reaction| review| delite| cinemas,,,,,,,,,,1.0,71546.0,71546.0,2023.0,67.0,2026-09-06,0.02921197551225785,0,0,1,1,0,0,1,0.0,0.0,1.0292119755122577,1.0292119755122577,0.3087635926536773,769
watched| jailer| 25x| hidden| details| decoding| malayalam| rajinikanth,,,,,,,,,,1.0,82988.0,82988.0,0.0,69.0,2026-10-06,0.0008314455101942449,0,0,1,1,0,0,0,0.0,0.0,1.0008314455101943,1.0008314455101943,0.3002494336530583,2707
water |  andhra |  integrated,1.0,1.0,58.0,197.0,2026-10-06 02:19:30,52.38348672666667,,,,,,,,,,,1,0,0,1,0,0,0,0.6111111111111112,0.0,0.0,0.6111111111111112,0.18333333333333335,2798
water |  maharashtra |  govt,1.0,1.0,86.0,147.0,2026-10-05 11:16:36,67.43182006,,,,,,,,,,,1,0,0,1,0,0,0,0.6111111111111112,0.0,0.0,0.6111111111111112,0.18333333333333335,2798
water |  musk |  flint,1.0,1.0,79.0,401.0,2026-09-30 07:50:58,190.85904228222222,,,,,,,,,,,1,0,0,1,0,0,0,0.6111111111111112,0.0,0.0,0.6111111111111112,0.18333333333333335,2798
wayanad |  sets |  november,1.0,1.0,75.0,74.0,2026-10-03 04:40:09,122.03932006,,,,,,,,,,,1,0,0,1,0,0,0,0.6111111111111112,0.0,0.0,0.6111111111111112,0.18333333333333335,2798
ways| steal| avaritia| steelwing,,,,,,,,,,1.0,346254.0,346254.0,3820.0,118.0,2026-09-29,0.011373153811941523,0,0,1,1,0,0,1,0.0,0.0,1.0113731538119415,1.0113731538119415,0.3034119461435824,1522
ways| steal| ores| villagers,,,,,,,,,,1.0,1641504.0,1641504.0,14443.0,615.0,2026-09-18,0.009173294734584869,0,0,1,1,0,0,0,0.0,0.0,1.0091732947345848,1.0091732947345848,0.30275198842037543,1714
weakest| strongest| lion| gta,,,,,,,,,,1.0,44914.0,44914.0,438.0,4.0,2026-10-03,0.00984102952308857,0,0,1,1,0,0,0,0.0,0.0,1.0098410295230886,1.0098410295230886,0.3029523088569266,1649
weather bengaluru,,,,,,,100.0,1.0,1.0,,,,,,,,0,1,0,1,0,1,0,0.0,1.5,0.0,1.5,0.6000000000000001,174
weather dehradun,,,,,,,59.0,1.0,0.59,,,,,,,,0,1,0,1,0,0,0,0.0,1.0899999999999999,0.0,1.0899999999999999,0.43599999999999994,209
weather kanpur,,,,,,,100.0,1.0,1.0,,,,,,,,0,1,0,1,0,1,0,0.0,1.5,0.0,1.5,0.6000000000000001,174
weather today,,,,,,,100.0,1.0,1.0,,,,,,,,0,1,0,1,0,1,0,0.0,1.5,0.0,1.5,0.6000000000000001,174
weather |  dubai |  nepal,1.0,1.0,65.0,102.0,2026-10-04 03:32:50,99.16126450444445,,,,,,,,,,,1,0,0,1,0,0,0,0.6111111111111112,0.0,0.0,0.6111111111111112,0.18333333333333335,2798
welcome| zombie| city| resident| evil| gameplay,,,,,,,,,,1.0,5616855.0,5616855.0,166210.0,16800.0,2026-09-16,0.03258229026741833,0,0,1,1,0,0,1,0.0,0.0,1.0325822902674184,1.0325822902674184,0.30977468708022554,690
well |  done |  salman,1.0,1.0,75.0,75.0,2026-10-03 01:45:38,124.94793117111111,,,,,,,,,,,1,0,0,1,0,0,0,0.6111111111111112,0.0,0.0,0.6111111111111112,0.18333333333333335,2798
went| homeless| millionaire,,,,,,,,,,1.0,86837.0,86837.0,3013.0,198.0,2026-09-16,0.03697732533367113,0,0,1,1,0,0,1,0.0,0.0,1.0369773253336712,1.0369773253336712,0.31109319760010135,583
were |  voters |  remaining,1.0,1.0,98.0,148.0,2026-10-02 01:49:49,148.8782089488889,,,,,,,,,,,1,0,0,1,0,0,0,0.6111111111111112,0.0,0.0,0.6111111111111112,0.18333333333333335,2798
were |  women |  killed,1.0,1.0,66.0,194.0,2026-10-04 02:22:00,100.34182005999999,,,,,,,,,,,1,0,0,1,0,0,0,0.6111111111111112,0.0,0.0,0.6111111111111112,0.18333333333333335,2798
werwulf| only| theaters| christmas,,,,,,,,,,1.0,3927963.0,3927963.0,37966.0,2969.0,2026-09-26,0.01042143217744159,0,0,1,1,0,0,0,0.0,0.0,1.0104214321774416,1.0104214321774416,0.3031264296532325,1593
west |  bengal |  special,1.0,1.0,86.0,144.0,2026-10-03 02:10:59,124.52543117111111,,,,,,,,,,,1,0,0,1,0,0,0,0.6111111111111112,0.0,0.0,0.6111111111111112,0.18333333333333335,2798
west |  indies |  beat,1.0,1.0,80.0,80.0,2026-10-05 06:12:26,72.50126450444445,,,,,,,,,,,1,0,0,1,0,0,0,0.6111111111111112,0.0,0.0,0.6111111111111112,0.18333333333333335,2798
west |  indies |  face,1.0,1.0,57.0,57.0,2026-10-06 06:52:38,47.83126450444445,,,,,,,,,,,1,0,0,1,0,0,0,0.6111111111111112,0.0,0.0,0.6111111111111112,0.18333333333333335,2798
west |  indies |  quell,1.0,1.0,81.0,81.0,2026-10-03 05:44:55,120.95987561555555,,,,,,,,,,,1,0,0,1,0,0,0,0.6111111111111112,0.0,0.0,0.6111111111111112,0.18333333333333335,2798
west |  indies |  tour,1.0,1.0,72.0,72.0,2026-10-07 06:28:49,24.228208948888888,,,,,,,,,,,1,0,0,1,0,0,0,0.6111111111111112,0.0,0.0,0.6111111111111112,0.18333333333333335,2798
wh,,,,,,,76.0,1.0,0.76,,,,,,,,0,1,0,1,0,1,0,0.0,1.26,0.0,1.26,0.504,196
what,,,,,,,61.0,1.0,0.61,,,,,,,,0,1,0,1,0,0,0,0.0,1.1099999999999999,0.0,1.1099999999999999,0.44399999999999995,207
whatsapp,,,,,,,100.0,2.0,1.0,,,,,,,,0,1,0,1,0,1,0,0.0,2.0,0.0,2.0,0.8,86
what| coming| today| efootball| ramos,,,,,,,,,,2.0,144429.5,288859.0,3804.0,1.0,2026-10-01,0.02634503338999304,0,0,1,1,0,0,1,0.0,0.0,2.026345033389993,2.026345033389993,0.6079035100169979,99
what| did| jack| went| railway| station| pick| niyra,,,,,,,,,,1.0,35685.0,35685.0,0.0,5.0,2026-09-21,0.00014011489421325487,0,0,1,1,0,0,0,0.0,0.0,1.0001401148942133,1.0001401148942133,0.300042034468264,2738
what| just| happened| tag| went| bmsd| day,,,,,,,,,,1.0,158899.0,158899.0,6468.0,286.0,2026-10-02,0.04250498744485491,0,0,1,1,0,0,1,0.0,0.0,1.0425049874448549,1.0425049874448549,0.31275149623345644,470
when |  nana |  patekar,1.0,1.0,69.0,69.0,2026-10-08 06:38:34,0.06570894888888888,,,,,,,,,,,1,0,0,1,1,0,0,0.6111111111111112,0.0,0.0,0.6111111111111112,0.18333333333333335,2798
whisky |  india |  import,1.0,1.0,77.0,301.0,2026-10-01 05:33:39,169.14765339333334,,,,,,,,,,,1,0,0,1,0,0,0,0.6111111111111112,0.0,0.0,0.6111111111111112,0.18333333333333335,2798
whisper |  detention |  woman,1.0,1.0,83.0,83.0,2026-10-07 06:01:31,24.683208948888886,,,,,,,,,,,1,0,0,1,0,0,0,0.6111111111111112,0.0,0.0,0.6111111111111112,0.18333333333333335,2798
who| door| horror| game,,,,,,,,,,1.0,249336.0,249336.0,2241.0,98.0,2026-09-20,0.009380915712131422,0,0,1,1,0,0,0,0.0,0.0,1.0093809157121314,1.0093809157121314,0.3028142747136394,1690
why| ate| mikey| entire| world,,,,,,,,,,1.0,1159865.0,1159865.0,7561.0,620.0,2026-09-06,0.007053407077547818,0,0,1,1,0,0,0,0.0,0.0,1.0070534070775479,1.0070534070775479,0.3021160221232643,1869
why| made| biggest| machine| lilyville,,,,,,,,,,1.0,201558.0,201558.0,9272.0,249.0,2026-09-11,0.04723702358626301,0,0,1,1,0,0,1,0.0,0.0,1.047237023586263,1.047237023586263,0.31417110707587886,410
wife |  delhi |  biryani,1.0,1.0,96.0,86.0,2026-10-04 15:35:13,87.12154228222222,,,,,,,,,,,1,0,0,1,0,0,0,0.6111111111111112,0.0,0.0,0.6111111111111112,0.18333333333333335,2798
wife |  keralam |  hires,1.0,1.0,56.0,184.0,2026-10-02 02:02:20,148.6695978377778,,,,,,,,,,,1,0,0,1,0,0,0,0.6111111111111112,0.0,0.0,0.6111111111111112,0.18333333333333335,2798
wife| threw| out| pokemon| card| collection,,,,,,,,,,1.0,841319.0,841319.0,28600.0,1283.0,2026-09-11,0.03551922635765982,0,0,1,1,0,0,1,0.0,0.0,1.0355192263576598,1.0355192263576598,0.31065576790729793,616
will |  gandhi |  satyagraha,1.0,1.0,87.0,132.0,2026-10-03 09:12:58,117.49237561555555,,,,,,,,,,,1,0,0,1,0,0,0,0.6111111111111112,0.0,0.0,0.6111111111111112,0.18333333333333335,2798
will |  modi |  coins,1.0,1.0,74.0,73.0,2026-10-07 05:22:18,25.336820059999997,,,,,,,,,,,1,0,0,1,0,0,0,0.6111111111111112,0.0,0.0,0.6111111111111112,0.18333333333333335,2798
will |  modi |  gives,1.0,1.0,82.0,101.0,2026-10-07 05:49:01,24.891542282222222,,,,,,,,,,,1,0,0,1,0,0,0,0.6111111111111112,0.0,0.0,0.6111111111111112,0.18333333333333335,2798
will |  party |  congress,1.0,1.0,82.0,167.0,2026-10-02 18:47:38,131.91459783777776,,,,,,,,,,,1,0,0,1,0,0,0,0.6111111111111112,0.0,0.0,0.6111111111111112,0.18333333333333335,2798
will |  rules |  make,1.0,1.0,68.0,68.0,2026-10-05 03:00:00,75.70848672666666,,,,,,,,,,,1,0,0,1,0,0,0,0.6111111111111112,0.0,0.0,0.6111111111111112,0.18333333333333335,2798
will |  support |  congress,1.0,1.0,94.0,135.0,2026-10-06 19:01:31,35.68320894888889,,,,,,,,,,,1,0,0,1,0,0,0,0.6111111111111112,0.0,0.0,0.6111111111111112,0.18333333333333335,2798
will| india| win| gold| gukesh| arjun| pragg| action,,,,,,,,,,3.0,555571.3333333334,1666714.0,2613.3333333333335,30.666666666666668,2026-09-27,0.004759064842558471,0,0,1,1,0,0,0,0.0,0.0,3.0047590648425584,3.0047590648425584,0.9014277194527675,77
will| never| job| again| shady| jobs,,,,,,,,,,1.0,1839253.0,1839253.0,36740.0,2673.0,2026-09-10,0.021428808325988865,0,0,1,1,0,0,1,0.0,0.0,1.0214288083259888,1.0214288083259888,0.3064286424977966,1036
will| team| india| win| gold| chess| olympiad| 2026,,,,,,,,,,2.0,336561.5,673123.0,2656.0,24.5,2026-09-27,0.007964369067763247,0,0,1,1,0,0,0,0.0,0.0,2.0079643690677633,2.0079643690677633,0.602389310720329,115
wind |  turbines |  farmers,1.0,1.0,57.0,400.0,2026-10-02 13:34:21,137.13598672666666,,,,,,,,,,,1,0,0,1,0,0,0,0.6111111111111112,0.0,0.0,0.6111111111111112,0.18333333333333335,2798
winning |  india |  captain,1.0,1.0,73.0,457.0,2026-10-02 00:30:00,150.20848672666668,,,,,,,,,,,1,0,0,1,0,0,0,0.6111111111111112,0.0,0.0,0.6111111111111112,0.18333333333333335,2798
woh| tassavur| aalam| aitraaz| udit| narayan| alka| yagnik,,,,,,,,,,1.0,72736.0,72736.0,215.0,1.0,2026-09-03,0.0029696436427628686,0,0,1,1,0,0,0,0.0,0.0,1.0029696436427629,1.0029696436427629,0.30089089309282885,2468
woman |  assam |  body,1.0,1.0,72.0,87.0,2026-10-08 05:28:54,1.22682006,,,,,,,,,,,1,0,0,1,1,0,0,0.6111111111111112,0.0,0.0,0.6111111111111112,0.18333333333333335,2798
woman |  attacked |  balod,1.0,1.0,83.0,173.0,2026-10-06 11:55:19,42.78654228222223,,,,,,,,,,,1,0,0,1,0,0,0,0.6111111111111112,0.0,0.0,0.6111111111111112,0.18333333333333335,2798
woman |  children |  injured,1.0,1.0,94.0,143.0,2026-10-03 07:04:46,119.62904228222222,,,,,,,,,,,1,0,0,1,0,0,0,0.6111111111111112,0.0,0.0,0.6111111111111112,0.18333333333333335,2798
woman |  claims |  bengaluru,1.0,1.0,80.0,80.0,2026-10-07 04:54:06,25.80682006,,,,,,,,,,,1,0,0,1,0,0,0,0.6111111111111112,0.0,0.0,0.6111111111111112,0.18333333333333335,2798
woman |  gives |  green,1.0,1.0,78.0,78.0,2026-09-30 09:16:05,189.44043117111113,,,,,,,,,,,1,0,0,1,0,0,0,0.6111111111111112,0.0,0.0,0.6111111111111112,0.18333333333333335,2798
woman |  hotel |  hockey,1.0,1.0,80.0,392.0,2026-10-07 01:32:56,29.159597837777778,,,,,,,,,,,1,0,0,1,0,0,0,0.6111111111111112,0.0,0.0,0.6111111111111112,0.18333333333333335,2798
woman |  indore |  kills,1.0,1.0,74.0,109.0,2026-10-05 03:48:17,74.90376450444444,,,,,,,,,,,1,0,0,1,0,0,0,0.6111111111111112,0.0,0.0,0.6111111111111112,0.18333333333333335,2798
woman |  jewellery |  lakh,1.0,1.0,78.0,376.0,2026-10-05 21:23:00,57.32515339333334,,,,,,,,,,,1,0,0,1,0,0,0,0.6111111111111112,0.0,0.0,0.6111111111111112,0.18333333333333335,2798
woman |  police |  odisha,1.0,1.0,85.0,165.0,2026-10-01 13:28:17,161.23709783777778,,,,,,,,,,,1,0,0,1,0,0,0,0.6111111111111112,0.0,0.0,0.6111111111111112,0.18333333333333335,2798
woman |  stripped |  assaulted,1.0,1.0,58.0,364.0,2026-10-02 17:59:38,132.71459783777777,,,,,,,,,,,1,0,0,1,0,0,0,0.6111111111111112,0.0,0.0,0.6111111111111112,0.18333333333333335,2798
women |  have |  been,1.0,1.0,67.0,361.0,2026-10-03 03:06:37,123.59820894888888,,,,,,,,,,,1,0,0,1,0,0,0,0.6111111111111112,0.0,0.0,0.6111111111111112,0.18333333333333335,2798
women |  hockey |  asian,1.0,1.0,93.0,112.0,2026-10-03 09:44:50,116.96126450444444,,,,,,,,,,,1,0,0,1,0,0,0,0.6111111111111112,0.0,0.0,0.6111111111111112,0.18333333333333335,2798
women |  meghalaya |  dress,1.0,1.0,64.0,100.0,2026-10-08 04:48:27,1.9009867266666667,,,,,,,,,,,1,0,0,1,1,0,0,0.6111111111111112,0.0,0.0,0.6111111111111112,0.18333333333333335,2798
wonderful| family| suprith| kaati| arya| swaroop| sneha| shriya,,,,,,,,,,1.0,66542.0,66542.0,1680.0,27.0,2026-10-01,0.025652971055874486,0,0,1,1,0,0,1,0.0,0.0,1.0256529710558744,1.0256529710558744,0.3076958913167623,881
world |  first |  fully,1.0,1.0,61.0,61.0,2026-10-01 06:33:17,168.15376450444447,,,,,,,,,,,1,0,0,1,0,0,0,0.6111111111111112,0.0,0.0,0.6111111111111112,0.18333333333333335,2798
world |  junior |  mixed,1.0,1.0,103.0,103.0,2026-10-05 06:12:26,72.50126450444445,,,,,,,,,,,1,0,0,1,0,0,0,0.6111111111111112,0.0,0.0,0.6111111111111112,0.18333333333333335,2798
worlds| first| divine| ritual| egg| steal| roblox,,,,,,,,,,1.0,186338.0,186338.0,3152.0,2048.0,2026-09-22,0.02790627783919544,0,0,1,1,0,0,1,0.0,0.0,1.0279062778391954,1.0279062778391954,0.30837188335175864,817
world| baththa| vijay| sethupathi| lijo| mol| atlee| saiabhyankkar,,,,,,,,,,1.0,1713649.0,1713649.0,14710.0,1860.0,2026-09-16,0.009669424718830985,0,0,1,1,0,0,0,0.0,0.0,1.009669424718831,1.009669424718831,0.3029008274156493,1665
world| biggest| mega| ramp| challenge| motu| patlu| indian,,,,,,,,,,1.0,37908.0,37908.0,85.0,1.0,2026-10-02,0.002268650416798565,0,0,1,1,0,0,0,0.0,0.0,1.0022686504167986,1.0022686504167986,0.3006805951250396,2583
worst |  october |  since,1.0,1.0,58.0,54.0,2026-10-05 04:55:20,73.78626450444445,,,,,,,,,,,1,0,0,1,0,0,0,0.6111111111111112,0.0,0.0,0.6111111111111112,0.18333333333333335,2798
worst| dentist,,,,,,,,,,1.0,1962633.0,1962633.0,40522.0,2639.0,2026-09-25,0.021991375871087463,0,0,1,1,0,0,1,0.0,0.0,1.0219913758710875,1.0219913758710875,0.30659741276132624,1011
worst| indian| game| ever,,,,,,,,,,1.0,340796.0,340796.0,4588.0,541.0,2026-09-27,0.015050059272996161,0,0,1,1,0,0,1,0.0,0.0,1.015050059272996,1.015050059272996,0.3045150177818988,1300
writing |  retreat |  book,1.0,1.0,35.0,73.0,2026-10-04 06:55:38,95.78126450444444,,,,,,,,,,,1,0,0,1,0,0,0,0.6111111111111112,0.0,0.0,0.6111111111111112,0.18333333333333335,2798
wwe| 2k25| championship| match| who| wins| wrestling| wwe2k25,,,,,,,,,,7.0,4349629.857142857,30447409.0,4550.857142857143,0.14285714285714285,2026-10-05,0.0010462959261985148,0,0,1,1,0,0,0,0.0,0.0,7.001046295926199,7.001046295926199,2.1003138887778596,38
wwe| 2k25| live| unbelievable| finish| best| matches| ever,,,,,,,,,,4.0,1440664.75,5762659.0,3171.5,0.25,2026-10-06,0.0022015878433896572,0,0,1,1,0,0,0,0.0,0.0,4.002201587843389,4.002201587843389,1.2006604763530169,68
wwe| 2k25| live| unbelievable| finish| best| match| ever,,,,,,,,,,16.0,2224333.3125,35589333.0,5803.9375,0.25,2026-09-26,0.0026094054642721177,0,0,1,1,0,0,0,0.0,0.0,16.002609405464273,16.002609405464273,4.800782821639282,13
wwe| 2k26| funniest| craziest| matches| ever| shorts| live,,,,,,,,,,2.0,872639.0,1745278.0,789.5,0.0,2026-10-07,0.0009047269260255386,0,0,1,1,0,0,0,0.0,0.0,2.0009047269260254,2.0009047269260254,0.6002714180778076,169
xiaomi 18 fold,,,,,,,100.0,1.0,1.0,,,,,,,,0,1,0,1,0,1,0,0.0,1.5,0.0,1.5,0.6000000000000001,174
xyz,,,,,,,,,,1.0,96919.0,96919.0,3122.0,154.0,2026-10-04,0.03380142180583787,0,0,1,1,0,0,1,0.0,0.0,1.0338014218058378,1.0338014218058378,0.31014042654175134,659
yaad| hai| raaz| reboot| arijit| singh| emraan| hashmi,,,,,,,,,,1.0,1110321.0,1110321.0,4301.0,84.0,2026-09-23,0.003949308353169939,0,0,1,1,0,0,0,0.0,0.0,1.0039493083531699,1.0039493083531699,0.3011847925059509,2283
yaalalo| irumudi| ravi| teja| prakash| hesham| shiva| nirvana,,,,,,,,,,1.0,1822344.0,1822344.0,11003.0,161.0,2026-09-13,0.006126175957996954,0,0,1,1,0,0,0,0.0,0.0,1.006126175957997,1.006126175957997,0.30183785278739905,1964
yaar| zubaan| masoom| sharma| kirti| kumar| satta| mahi,,,,,,,,,,1.0,1972846.0,1972846.0,23200.0,1168.0,2026-10-06,0.012351699017561432,0,0,1,1,0,0,1,0.0,0.0,1.0123516990175614,1.0123516990175614,0.3037055097052684,1444
yashasvi jaiswal,,,,,,,100.0,1.0,1.0,,,,,,,,0,1,0,1,0,1,0,0.0,1.5,0.0,1.5,0.6000000000000001,174
yavanakathayil| bethlehem| kudumba| unit| version| nivin| pauly| mamithabaiju,,,,,,,,,,1.0,1512381.0,1512381.0,16167.0,597.0,2026-09-05,0.011084508467112454,0,0,1,1,0,0,1,0.0,0.0,1.0110845084671125,1.0110845084671125,0.30332535254013376,1544
year |  claims |  name,1.0,1.0,84.0,112.0,2026-10-06 02:37:08,52.08959783777778,,,,,,,,,,,1,0,0,1,0,0,0,0.6111111111111112,0.0,0.0,0.6111111111111112,0.18333333333333335,2798
year |  iims |  submit,1.0,1.0,53.0,303.0,2026-10-05 02:22:10,76.33904228222222,,,,,,,,,,,1,0,0,1,0,0,0,0.6111111111111112,0.0,0.0,0.6111111111111112,0.18333333333333335,2798
year |  indian |  navy,1.0,1.0,101.0,153.0,2026-10-04 09:32:40,93.16404228222221,,,,,,,,,,,1,0,0,1,0,0,0,0.6111111111111112,0.0,0.0,0.6111111111111112,0.18333333333333335,2798
years |  entertaining |  india,1.0,1.0,157.0,157.0,2026-10-03 05:44:55,120.95987561555555,,,,,,,,,,,1,0,0,1,0,0,0,0.6111111111111112,0.0,0.0,0.6111111111111112,0.18333333333333335,2798
years |  many |  slogans,1.0,1.0,67.0,137.0,2026-10-08 02:30:34,4.199042282222222,,,,,,,,,,,1,0,0,1,1,0,0,0.6111111111111112,0.0,0.0,0.6111111111111112,0.18333333333333335,2798
years |  october |  israel,1.0,1.0,68.0,87.0,2026-10-07 02:35:21,28.11932006,,,,,,,,,,,1,0,0,1,0,0,0,0.6111111111111112,0.0,0.0,0.6111111111111112,0.18333333333333335,2798
yeddulache| mudduvette| trending| folk| 2026| singer| prabha| nagavva,,,,,,,,,,1.0,625218.0,625218.0,7485.0,124.0,2026-09-19,0.012170155049918589,0,0,1,1,0,0,1,0.0,0.0,1.0121701550499187,1.0121701550499187,0.3036510465149756,1456
yeh| prem| mol| liya| title| track| ayushmann| sharvari,,,,,,,,,,1.0,19002111.0,19002111.0,132238.0,18389.0,2026-09-20,0.007926856126669294,0,0,1,1,0,0,0,0.0,0.0,1.0079268561266692,1.0079268561266692,0.30237805683800073,1804
yena| pori| kiran| vartha| sanjana| ravte| marathi| gavthi,,,,,,,,,,1.0,35372.0,35372.0,303.0,5.0,2026-09-27,0.008707452222096573,0,0,1,1,0,0,0,0.0,0.0,1.0087074522220967,1.0087074522220967,0.302612235666629,1742
yes bank share price,,,,,,,100.0,1.0,1.0,,,,,,,,0,1,0,1,0,1,0,0.0,1.5,0.0,1.5,0.6000000000000001,174
yezhu| kadal| malai| release| ram| nivin| anjali| soori,,,,,,,,,,1.0,2625263.0,2625263.0,42849.0,594.0,2026-09-23,0.01654805632807075,0,0,1,1,0,0,1,0.0,0.0,1.0165480563280707,1.0165480563280707,0.3049644168984212,1230
yogesh |  bcom |  student,1.0,1.0,77.0,428.0,2026-10-04 02:45:25,99.95154228222222,,,,,,,,,,,1,0,0,1,0,0,0,0.6111111111111112,0.0,0.0,0.6111111111111112,0.18333333333333335,2798
youtuber |  anurag |  dobhal,1.0,1.0,83.0,169.0,2026-10-06 13:07:23,41.58543117111111,,,,,,,,,,,1,0,0,1,0,0,0,0.6111111111111112,0.0,0.0,0.6111111111111112,0.18333333333333335,2798
youtubers| one| block| minecraft,,,,,,,,,,1.0,1171349.0,1171349.0,36906.0,2151.0,2026-09-16,0.033343606388873,0,0,1,1,0,0,1,0.0,0.0,1.033343606388873,1.033343606388873,0.31000308191666187,668
you| can| script| last| match| wwcd| sends| tag,,,,,,,,,,1.0,586981.0,586981.0,42884.0,960.0,2026-10-05,0.07469407016581457,0,0,1,1,0,0,1,0.0,0.0,1.0746940701658145,1.0746940701658145,0.32240822104974437,286
zaalima,,,,,,,,,,1.0,378517.0,378517.0,1786.0,20.0,2026-09-25,0.004771252017742928,0,0,1,1,0,0,0,0.0,0.0,1.004771252017743,1.004771252017743,0.3014313756053229,2140
zelensky |  wants |  round,1.0,1.0,67.0,69.0,2026-10-04 18:47:42,83.91348672666666,,,,,,,,,,,1,0,0,1,0,0,0,0.6111111111111112,0.0,0.0,0.6111111111111112,0.18333333333333335,2798
zero| hulk| 100000000| super| god| gta,,,,,,,,,,1.0,103704.0,103704.0,995.0,13.0,2026-09-27,0.009719972228650776,0,0,1,1,0,0,0,0.0,0.0,1.0097199722286507,1.0097199722286507,0.30291599166859523,1661
zila,,,,,,,,,,1.0,140028.0,140028.0,9383.0,866.0,2026-09-11,0.0731925043562716,0,0,1,1,0,0,1,0.0,0.0,1.0731925043562716,1.0731925043562716,0.3219577513068815,291
zindagi| talash| hum| kumar| sanu| evergreen| 90s,,,,,,,,,,1.0,289371.0,289371.0,831.0,0.0,2026-09-08,0.0028717459593393946,0,0,1,1,0,0,0,0.0,0.0,1.0028717459593395,1.0028717459593395,0.30086152378780184,2490
zinda| dil| udit| narayan| songs| abbas| ashima| bhalla,,,,,,,,,,1.0,59595.0,59595.0,101.0,0.0,2026-09-12,0.001694773051430489,0,0,1,1,0,0,0,0.0,0.0,1.0016947730514305,1.0016947730514305,0.30050843191542914,2651
zombie| bites| franklin| michael,,,,,,,,,,1.0,113424.0,113424.0,3307.0,77.0,2026-09-05,0.029834955564959798,0,0,1,1,0,0,1,0.0,0.0,1.0298349555649597,1.0298349555649597,0.30895048666948793,756
zonepusher| solo| custom| who| won,,,,,,,,,,1.0,647002.0,647002.0,25905.0,1267.0,2026-10-04,0.041996778989864016,0,0,1,1,0,0,1,0.0,0.0,1.041996778989864,1.041996778989864,0.31259903369695924,475
अनवर इब्राहिम,,,,,,,100.0,1.0,1.0,,,,,,,,0,1,0,1,0,1,0,0.0,1.5,0.0,1.5,0.6000000000000001,174
अनिल अंबानी,,,,,,,48.0,1.0,0.48,,,,,,,,0,1,0,1,0,0,0,0.0,0.98,0.0,0.98,0.392,218
आवास,,,,,,,56.0,1.0,0.56,,,,,,,,0,1,0,1,0,0,0,0.0,1.06,0.0,1.06,0.42400000000000004,210
ईशान किशन,,,,,,,91.0,1.0,0.91,,,,,,,,0,1,0,1,0,1,0,0.0,1.4100000000000001,0.0,1.4100000000000001,0.5640000000000001,183
एसियन गेम्स,,,,,,,100.0,1.0,1.0,,,,,,,,0,1,0,1,0,1,0,0.0,1.5,0.0,1.5,0.6000000000000001,174
कन्या राशि,,,,,,,95.0,1.0,0.95,,,,,,,,0,1,0,1,0,1,0,0.0,1.45,0.0,1.45,0.58,180
कुंभ,,,,,,,72.0,1.0,0.72,,,,,,,,0,1,0,1,0,1,0,0.0,1.22,0.0,1.22,0.488,198
क्राउन प्रिंस,,,,,,,100.0,1.0,1.0,,,,,,,,0,1,0,1,0,1,0,0.0,1.5,0.0,1.5,0.6000000000000001,174
क्षेपणास्त्र,,,,,,,100.0,1.0,1.0,,,,,,,,0,1,0,1,0,1,0,0.0,1.5,0.0,1.5,0.6000000000000001,174
गांधी जयंती,,,,,,,100.0,1.0,1.0,,,,,,,,0,1,0,1,0,1,0,0.0,1.5,0.0,1.5,0.6000000000000001,174
चुनाव,,,,,,,99.0,2.0,0.99,,,,,,,,0,1,0,1,0,1,0,0.0,1.99,0.0,1.99,0.796,87
जिलाधिकारी,,,,,,,100.0,2.0,1.0,,,,,,,,0,1,0,1,0,1,0,0.0,2.0,0.0,2.0,0.8,86
जीएसटी परिषद,,,,,,,100.0,1.0,1.0,,,,,,,,0,1,0,1,0,1,0,0.0,1.5,0.0,1.5,0.6000000000000001,174
नक्षत्र,,,,,,,100.0,1.0,1.0,,,,,,,,0,1,0,1,0,1,0,0.0,1.5,0.0,1.5,0.6000000000000001,174
न्यायाधीश,,,,,,,20.0,1.0,0.2,,,,,,,,0,1,0,1,0,0,0,0.0,0.7,0.0,0.7,0.27999999999999997,2792
पंजाब प्रदेश कांग्रेस समिति,,,,,,,35.0,1.0,0.35,,,,,,,,0,1,0,1,0,0,0,0.0,0.85,0.0,0.85,0.34,236
पितृपक्ष,,,,,,,86.0,1.0,0.86,,,,,,,,0,1,0,1,0,1,0,0.0,1.3599999999999999,0.0,1.3599999999999999,0.5439999999999999,187
प्रधानमंत्री आवास योजना,,,,,,,50.0,1.0,0.5,,,,,,,,0,1,0,1,0,0,0,0.0,1.0,0.0,1.0,0.4,216
प्रधानमंत्री ग्रामीण आवास योजना,,,,,,,100.0,1.0,1.0,,,,,,,,0,1,0,1,0,1,0,0.0,1.5,0.0,1.5,0.6000000000000001,174
प्रेमानंद महाराज,,,,,,,100.0,1.0,1.0,,,,,,,,0,1,0,1,0,1,0,0.0,1.5,0.0,1.5,0.6000000000000001,174
बिपाशा बसु,,,,,,,95.0,1.0,0.95,,,,,,,,0,1,0,1,0,1,0,0.0,1.45,0.0,1.45,0.58,180
बुध,,,,,,,100.0,1.0,1.0,,,,,,,,0,1,0,1,0,1,0,0.0,1.5,0.0,1.5,0.6000000000000001,174
भविष्य,,,,,,,39.0,1.0,0.39,,,,,,,,0,1,0,1,0,0,0,0.0,0.89,0.0,0.89,0.35600000000000004,226
भारत बनाम श्रीलंका,,,,,,,100.0,1.0,1.0,,,,,,,,0,1,0,1,0,1,0,0.0,1.5,0.0,1.5,0.6000000000000001,174
भारत मौसम विज्ञान विभाग,,,,,,,100.0,1.0,1.0,,,,,,,,0,1,0,1,0,1,0,0.0,1.5,0.0,1.5,0.6000000000000001,174
भारत राष्ट्रीय क्रिकेट संघ,,,,,,,60.0,1.0,0.6,,,,,,,,0,1,0,1,0,0,0,0.0,1.1,0.0,1.1,0.44000000000000006,208
रेल,,,,,,,46.0,1.0,0.46,,,,,,,,0,1,0,1,0,0,0,0.0,0.96,0.0,0.96,0.384,220
लाल बहादुर शास्त्री,,,,,,,100.0,1.0,1.0,,,,,,,,0,1,0,1,0,1,0,0.0,1.5,0.0,1.5,0.6000000000000001,174
विनोद कांबळी,,,,,,,100.0,1.0,1.0,,,,,,,,0,1,0,1,0,1,0,0.0,1.5,0.0,1.5,0.6000000000000001,174
शेफाली वर्मा,,,,,,,100.0,1.0,1.0,,,,,,,,0,1,0,1,0,1,0,0.0,1.5,0.0,1.5,0.6000000000000001,174
सीमापुरी,,,,,,,100.0,1.0,1.0,,,,,,,,0,1,0,1,0,1,0,0.0,1.5,0.0,1.5,0.6000000000000001,174
स्मृति ईरानी,,,,,,,27.0,1.0,0.27,,,,,,,,0,1,0,1,0,0,0,0.0,0.77,0.0,0.77,0.30800000000000005,850
हनुमान चालीसा,,,,,,,100.0,1.0,1.0,,,,,,,,0,1,0,1,0,1,0,0.0,1.5,0.0,1.5,0.6000000000000001,174
हरमनप्रीत कौर,,,,,,,34.0,1.0,0.34,,,,,,,,0,1,0,1,0,0,0,0.0,0.8400000000000001,0.0,0.8400000000000001,0.3360000000000001,240
हरीश रावत,,,,,,,100.0,1.0,1.0,,,,,,,,0,1,0,1,0,1,0,0.0,1.5,0.0,1.5,0.6000000000000001,174
हार्दिक पांड्या,,,,,,,100.0,1.0,1.0,,,,,,,,0,1,0,1,0,1,0,0.0,1.5,0.0,1.5,0.6000000000000001,174
२४ सितम्बर,,,,,,,100.0,1.0,1.0,,,,,,,,0,1,0,1,0,1,0,0.0,1.5,0.0,1.5,0.6000000000000001,174
२७ सितम्बर,,,,,,,100.0,1.0,1.0,,,,,,,,0,1,0,1,0,1,0,0.0,1.5,0.0,1.5,0.6000000000000001,174
আবহাওয়া,,,,,,,100.0,1.0,1.0,,,,,,,,0,1,0,1,0,1,0,0.0,1.5,0.0,1.5,0.6000000000000001,174
মালদা,,,,,,,100.0,1.0,1.0,,,,,,,,0,1,0,1,0,1,0,0.0,1.5,0.0,1.5,0.6000000000000001,174
রেল পরিবহন,,,,,,,13.0,1.0,0.13,,,,,,,,0,1,0,1,0,0,0,0.0,0.63,0.0,0.63,0.252,2794
ફાતિમા સના,,,,,,,100.0,1.0,1.0,,,,,,,,0,1,0,1,0,1,0,0.0,1.5,0.0,1.5,0.6000000000000001,174
ભાવ,,,,,,,97.0,1.0,0.97,,,,,,,,0,1,0,1,0,1,0,0.0,1.47,0.0,1.47,0.588,178
ஆ. ராசா,,,,,,,100.0,1.0,1.0,,,,,,,,0,1,0,1,0,1,0,0.0,1.5,0.0,1.5,0.6000000000000001,174
ஆர். எஸ். பாரதி,,,,,,,100.0,1.0,1.0,,,,,,,,0,1,0,1,0,1,0,0.0,1.5,0.0,1.5,0.6000000000000001,174
இந்தியா தேசிய கிரிக்கெட் அணி,,,,,,,85.0,1.0,0.85,,,,,,,,0,1,0,1,0,1,0,0.0,1.35,0.0,1.35,0.54,188
இலங்கை,,,,,,,82.0,1.0,0.82,,,,,,,,0,1,0,1,0,1,0,0.0,1.3199999999999998,0.0,1.3199999999999998,0.5279999999999999,190
ஓய்வூதியம்,,,,,,,39.0,1.0,0.39,,,,,,,,0,1,0,1,0,0,0,0.0,0.89,0.0,0.89,0.35600000000000004,226
சிங்கீதம் சீனிவாசராவ்,,,,,,,100.0,1.0,1.0,,,,,,,,0,1,0,1,0,1,0,0.0,1.5,0.0,1.5,0.6000000000000001,174
தமிழ்நாடு அரசு பணியாளர் தேர்வாணையம்,,,,,,,100.0,1.0,1.0,,,,,,,,0,1,0,1,0,1,0,0.0,1.5,0.0,1.5,0.6000000000000001,174
நாம் தமிழர் கட்சி,,,,,,,100.0,1.0,1.0,,,,,,,,0,1,0,1,0,1,0,0.0,1.5,0.0,1.5,0.6000000000000001,174
நீர்,,,,,,,100.0,1.0,1.0,,,,,,,,0,1,0,1,0,1,0,0.0,1.5,0.0,1.5,0.6000000000000001,174
மின் தடை,,,,,,,100.0,1.0,1.0,,,,,,,,0,1,0,1,0,1,0,0.0,1.5,0.0,1.5,0.6000000000000001,174
மு. க. ஸ்டாலின்,,,,,,,78.0,1.0,0.78,,,,,,,,0,1,0,1,0,1,0,0.0,1.28,0.0,1.28,0.512,194
விஜய் சேதுபதி,,,,,,,100.0,1.0,1.0,,,,,,,,0,1,0,1,0,1,0,0.0,1.5,0.0,1.5,0.6000000000000001,174
ఆంధ్ర ప్రదేశ్,,,,,,,100.0,1.0,1.0,,,,,,,,0,1,0,1,0,1,0,0.0,1.5,0.0,1.5,0.6000000000000001,174
ఆధార్,,,,,,,100.0,1.0,1.0,,,,,,,,0,1,0,1,0,1,0,0.0,1.5,0.0,1.5,0.6000000000000001,174
ఇరాన్,,,,,,,100.0,1.0,1.0,,,,,,,,0,1,0,1,0,1,0,0.0,1.5,0.0,1.5,0.6000000000000001,174
ఎన్నికల పోటీ,,,,,,,100.0,1.0,1.0,,,,,,,,0,1,0,1,0,1,0,0.0,1.5,0.0,1.5,0.6000000000000001,174
ఎలన్ మస్క్,,,,,,,100.0,1.0,1.0,,,,,,,,0,1,0,1,0,1,0,0.0,1.5,0.0,1.5,0.6000000000000001,174
కత్రినా కైఫ్,,,,,,,100.0,1.0,1.0,,,,,,,,0,1,0,1,0,1,0,0.0,1.5,0.0,1.5,0.6000000000000001,174
టీవీ9 - తెలుగు,,,,,,,71.0,1.0,0.71,,,,,,,,0,1,0,1,0,1,0,0.0,1.21,0.0,1.21,0.484,199
ధర,,,,,,,100.0,1.0,1.0,,,,,,,,0,1,0,1,0,1,0,0.0,1.5,0.0,1.5,0.6000000000000001,174
నందమూరి బాలకృష్ణ,,,,,,,100.0,1.0,1.0,,,,,,,,0,1,0,1,0,1,0,0.0,1.5,0.0,1.5,0.6000000000000001,174
నాని,,,,,,,51.0,1.0,0.51,,,,,,,,0,1,0,1,0,0,0,0.0,1.01,0.0,1.01,0.404,215
పంట,,,,,,,100.0,1.0,1.0,,,,,,,,0,1,0,1,0,1,0,0.0,1.5,0.0,1.5,0.6000000000000001,174
పండుగ,,,,,,,83.0,1.0,0.83,,,,,,,,0,1,0,1,0,1,0,0.0,1.33,0.0,1.33,0.532,189
భోగాపురం,,,,,,,100.0,1.0,1.0,,,,,,,,0,1,0,1,0,1,0,0.0,1.5,0.0,1.5,0.6000000000000001,174
వాతావరణ సూచన,,,,,,,100.0,1.0,1.0,,,,,,,,0,1,0,1,0,1,0,0.0,1.5,0.0,1.5,0.6000000000000001,174
వాతావరణం,,,,,,,100.0,2.0,1.0,,,,,,,,0,1,0,1,0,1,0,0.0,2.0,0.0,2.0,0.8,86
వార్త,,,,,,,37.0,1.0,0.37,,,,,,,,0,1,0,1,0,0,0,0.0,0.87,0.0,0.87,0.34800000000000003,231
వీరమాచనేని రామకృష్ణ,,,,,,,100.0,1.0,1.0,,,,,,,,0,1,0,1,0,1,0,0.0,1.5,0.0,1.5,0.6000000000000001,174
శుక్రవారం,,,,,,,100.0,1.0,1.0,,,,,,,,0,1,0,1,0,1,0,0.0,1.5,0.0,1.5,0.6000000000000001,174
సముద్రం,,,,,,,100.0,1.0,1.0,,,,,,,,0,1,0,1,0,1,0,0.0,1.5,0.0,1.5,0.6000000000000001,174
సాక్షి,,,,,,,96.0,1.0,0.96,,,,,,,,0,1,0,1,0,1,0,0.0,1.46,0.0,1.46,0.584,179
సింగీతం శ్రీనివాసరావు,,,,,,,100.0,1.0,1.0,,,,,,,,0,1,0,1,0,1,0,0.0,1.5,0.0,1.5,0.6000000000000001,174
సిద్ధార్థ్ మల్హోత్రా,,,,,,,100.0,1.0,1.0,,,,,,,,0,1,0,1,0,1,0,0.0,1.5,0.0,1.5,0.6000000000000001,174
సౌదీ అరేబియా,,,,,,,100.0,1.0,1.0,,,,,,,,0,1,0,1,0,1,0,0.0,1.5,0.0,1.5,0.6000000000000001,174
హర్లీన్ డియోల్,,,,,,,100.0,1.0,1.0,,,,,,,,0,1,0,1,0,1,0,0.0,1.5,0.0,1.5,0.6000000000000001,174
ಅಮಿತ್ ಶಾ,,,,,,,100.0,1.0,1.0,,,,,,,,0,1,0,1,0,1,0,0.0,1.5,0.0,1.5,0.6000000000000001,174
ಆಸ್ತಿ,,,,,,,73.0,1.0,0.73,,,,,,,,0,1,0,1,0,1,0,0.0,1.23,0.0,1.23,0.492,197
ಗಣೇಶ,,,,,,,40.0,1.0,0.4,,,,,,,,0,1,0,1,0,0,0,0.0,0.9,0.0,0.9,0.36000000000000004,224
ಡಿ ಕೆ ಶಿವಕುಮಾರ್,,,,,,,100.0,1.0,1.0,,,,,,,,0,1,0,1,0,1,0,0.0,1.5,0.0,1.5,0.6000000000000001,174
ದ್ರೌಪದಿ ಮುರ್ಮು,,,,,,,100.0,1.0,1.0,,,,,,,,0,1,0,1,0,1,0,0.0,1.5,0.0,1.5,0.6000000000000001,174
ಭಾರತದ ಚುನಾವಣಾ ಆಯೋಗ,,,,,,,100.0,1.0,1.0,,,,,,,,0,1,0,1,0,1,0,0.0,1.5,0.0,1.5,0.6000000000000001,174
ಮಳೆ,,,,,,,100.0,1.0,1.0,,,,,,,,0,1,0,1,0,1,0,0.0,1.5,0.0,1.5,0.6000000000000001,174
ವಾಯುಭಾರ ಕುಸಿತ,,,,,,,96.0,1.0,0.96,,,,,,,,0,1,0,1,0,1,0,0.0,1.46,0.0,1.46,0.584,179
ಸುವರ್ಣ ನ್ಯೂಸ್,,,,,,,100.0,1.0,1.0,,,,,,,,0,1,0,1,0,1,0,0.0,1.5,0.0,1.5,0.6000000000000001,174
തട്ടിപ്പ്,,,,,,,100.0,1.0,1.0,,,,,,,,0,1,0,1,0,1,0,0.0,1.5,0.0,1.5,0.6000000000000001,174
നിവിന് പോളി,,,,,,,100.0,1.0,1.0,,,,,,,,0,1,0,1,0,1,0,0.0,1.5,0.0,1.5,0.6000000000000001,174
ബാങ്ക്,,,,,,,100.0,1.0,1.0,,,,,,,,0,1,0,1,0,1,0,0.0,1.5,0.0,1.5,0.6000000000000001,174
ബിനോയ് വിശ്വം,,,,,,,56.0,1.0,0.56,,,,,,,,0,1,0,1,0,0,0,0.0,1.06,0.0,1.06,0.42400000000000004,210
മൊഹ്സിന് നഖ്വി,,,,,,,100.0,1.0,1.0,,,,,,,,0,1,0,1,0,1,0,0.0,1.5,0.0,1.5,0.6000000000000001,174
ഷാര്ജ,,,,,,,46.0,1.0,0.46,,,,,,,,0,1,0,1,0,0,0,0.0,0.96,0.0,0.96,0.384,220
